customer_id,industry,segment,signup_date,subscription_id,plan_tier,mrr,start_date,end_date,status,logins_last_30_days,reports_generated,api_calls,ticket_count,avg_resolution_time,avg_csat,is_churned,engagement_risk_tier,tenure_days
CUST_00001,EdTech,SMB,2023-11-22,SUB_00001,Pro,199,2023-11-22,,Active,33,13,816,5.0,52.4,3.2,0,Healthy (16+ logins),40.0
CUST_00002,Logistics,SMB,2023-07-30,SUB_00002,Pro,199,2023-07-30,,Active,20,1,823,2.0,64.5,2.5,0,Healthy (16+ logins),155.0
CUST_00003,E-commerce,Mid-Market,2023-05-24,SUB_00003,Starter,49,2023-05-24,,Active,42,9,89,0.0,0.0,5.0,0,Healthy (16+ logins),222.0
CUST_00004,Logistics,SMB,2022-05-12,SUB_00004,Pro,199,2022-05-12,2023-03-09,Churned,2,0,143,1.0,13.0,5.0,1,High Risk (≤5 logins),301.0
CUST_00005,Logistics,SMB,2022-11-15,SUB_00005,Enterprise,999,2022-11-15,,Active,42,13,44995,4.0,49.25,4.0,0,Healthy (16+ logins),412.0
CUST_00006,Healthcare,SMB,2023-09-13,SUB_00006,Starter,49,2023-09-13,2023-11-18,Churned,2,0,620,2.0,61.5,3.0,1,High Risk (≤5 logins),66.0
CUST_00007,E-commerce,SMB,2022-06-17,SUB_00007,Starter,49,2022-06-17,2022-08-01,Churned,0,1,863,4.0,30.75,2.5,1,High Risk (≤5 logins),45.0
CUST_00008,E-commerce,SMB,2023-02-01,SUB_00008,Starter,49,2023-02-01,,Active,33,10,203,4.0,26.0,3.0,0,Healthy (16+ logins),334.0
CUST_00009,E-commerce,SMB,2022-06-29,SUB_00009,Pro,199,2022-06-29,,Active,21,4,555,3.0,35.0,3.6666666666666665,0,Healthy (16+ logins),551.0
CUST_00010,Logistics,SMB,2022-02-27,SUB_00010,Pro,199,2022-02-27,2022-12-07,Churned,3,1,519,2.0,41.5,3.5,1,High Risk (≤5 logins),283.0
CUST_00011,EdTech,SMB,2023-04-25,SUB_00011,Starter,49,2023-04-25,,Active,10,7,391,0.0,0.0,5.0,0,Medium Risk (6-15 logins),251.0
CUST_00012,E-commerce,Mid-Market,2023-08-14,SUB_00012,Pro,199,2023-08-14,2023-10-09,Churned,2,1,300,3.0,39.666666666666664,5.0,1,High Risk (≤5 logins),56.0
CUST_00013,Logistics,Mid-Market,2023-04-05,SUB_00013,Starter,49,2023-04-05,,Active,12,1,906,3.0,34.333333333333336,4.333333333333333,0,Medium Risk (6-15 logins),271.0
CUST_00014,Healthcare,SMB,2022-03-02,SUB_00014,Pro,199,2022-03-02,,Active,36,11,504,4.0,37.75,3.25,0,Healthy (16+ logins),670.0
CUST_00015,EdTech,SMB,2023-01-04,SUB_00015,Starter,49,2023-01-04,2023-05-24,Churned,2,0,864,0.0,0.0,5.0,1,High Risk (≤5 logins),140.0
CUST_00016,Healthcare,SMB,2022-05-01,SUB_00016,Starter,49,2022-05-01,,Active,13,9,152,3.0,13.666666666666666,4.0,0,Medium Risk (6-15 logins),610.0
CUST_00017,EdTech,SMB,2023-06-30,SUB_00017,Starter,49,2023-06-30,,Active,27,2,528,3.0,53.666666666666664,3.6666666666666665,0,Healthy (16+ logins),185.0
CUST_00018,Logistics,SMB,2023-08-05,SUB_00018,Starter,49,2023-08-05,2024-04-23,Churned,3,0,990,2.0,28.5,3.5,1,High Risk (≤5 logins),262.0
CUST_00019,FinTech,Mid-Market,2022-01-17,SUB_00019,Pro,199,2022-01-17,2022-04-20,Churned,4,1,338,3.0,53.0,3.3333333333333335,1,High Risk (≤5 logins),93.0
CUST_00020,EdTech,SMB,2023-05-11,SUB_00020,Pro,199,2023-05-11,,Active,25,8,748,0.0,0.0,5.0,0,Healthy (16+ logins),235.0
CUST_00021,Healthcare,SMB,2023-05-12,SUB_00021,Starter,49,2023-05-12,,Active,5,6,511,2.0,34.0,4.0,0,High Risk (≤5 logins),234.0
CUST_00022,Logistics,SMB,2023-05-20,SUB_00022,Starter,49,2023-05-20,,Active,6,7,950,1.0,49.0,5.0,0,Medium Risk (6-15 logins),226.0
CUST_00023,EdTech,Mid-Market,2023-06-16,SUB_00023,Starter,49,2023-06-16,,Active,44,2,334,3.0,46.666666666666664,4.666666666666667,0,Healthy (16+ logins),199.0
CUST_00024,FinTech,SMB,2022-11-11,SUB_00024,Pro,199,2022-11-11,,Active,15,4,508,2.0,46.5,3.5,0,Medium Risk (6-15 logins),416.0
CUST_00025,FinTech,Mid-Market,2022-03-10,SUB_00025,Pro,199,2022-03-10,,Active,41,14,55,3.0,41.666666666666664,3.6666666666666665,0,Healthy (16+ logins),662.0
CUST_00026,E-commerce,SMB,2022-06-10,SUB_00026,Starter,49,2022-06-10,,Active,22,4,555,1.0,71.0,4.0,0,Healthy (16+ logins),570.0
CUST_00027,E-commerce,Mid-Market,2023-09-06,SUB_00027,Pro,199,2023-09-06,2024-01-10,Churned,4,1,820,3.0,38.666666666666664,5.0,1,High Risk (≤5 logins),126.0
CUST_00028,Healthcare,Mid-Market,2022-05-25,SUB_00028,Starter,49,2022-05-25,,Active,28,13,752,2.0,25.0,5.0,0,Healthy (16+ logins),586.0
CUST_00029,EdTech,SMB,2023-07-23,SUB_00029,Enterprise,999,2023-07-23,,Active,23,2,47682,4.0,51.0,4.25,0,Healthy (16+ logins),162.0
CUST_00030,EdTech,SMB,2023-08-18,SUB_00030,Enterprise,999,2023-08-18,2024-06-09,Churned,2,1,6375,1.0,22.0,3.0,1,High Risk (≤5 logins),296.0
CUST_00031,E-commerce,SMB,2023-01-20,SUB_00031,Pro,199,2023-01-20,2024-01-10,Churned,2,1,129,0.0,0.0,5.0,1,High Risk (≤5 logins),355.0
CUST_00032,EdTech,SMB,2022-09-26,SUB_00032,Enterprise,999,2022-09-26,2023-06-14,Churned,2,1,19610,1.0,64.0,1.0,1,High Risk (≤5 logins),261.0
CUST_00033,EdTech,Mid-Market,2023-03-30,SUB_00033,Pro,199,2023-03-30,,Active,6,8,792,2.0,56.0,4.0,0,Medium Risk (6-15 logins),277.0
CUST_00034,FinTech,Mid-Market,2023-11-30,SUB_00034,Pro,199,2023-11-30,,Active,21,11,421,2.0,51.0,5.0,0,Healthy (16+ logins),32.0
CUST_00035,E-commerce,Mid-Market,2023-06-02,SUB_00035,Pro,199,2023-06-02,,Active,49,14,963,4.0,58.0,3.25,0,Healthy (16+ logins),213.0
CUST_00036,Logistics,Mid-Market,2022-12-16,SUB_00036,Starter,49,2022-12-16,,Active,15,1,79,4.0,44.0,3.5,0,Medium Risk (6-15 logins),381.0
CUST_00037,E-commerce,SMB,2022-04-20,SUB_00037,Starter,49,2022-04-20,,Active,41,13,287,2.0,60.5,4.5,0,Healthy (16+ logins),621.0
CUST_00038,Logistics,SMB,2023-04-28,SUB_00038,Starter,49,2023-04-28,,Active,17,8,846,3.0,39.333333333333336,3.6666666666666665,0,Healthy (16+ logins),248.0
CUST_00039,FinTech,Mid-Market,2023-02-11,SUB_00039,Pro,199,2023-02-11,,Active,33,14,745,2.0,32.5,5.0,0,Healthy (16+ logins),324.0
CUST_00040,Healthcare,SMB,2023-10-12,SUB_00040,Starter,49,2023-10-12,,Active,36,11,845,2.0,36.0,3.0,0,Healthy (16+ logins),81.0
CUST_00041,EdTech,Mid-Market,2022-02-20,SUB_00041,Starter,49,2022-02-20,,Active,49,9,168,4.0,36.5,4.25,0,Healthy (16+ logins),680.0
CUST_00042,FinTech,SMB,2023-02-07,SUB_00042,Starter,49,2023-02-07,,Active,44,8,78,2.0,29.0,3.5,0,Healthy (16+ logins),328.0
CUST_00043,EdTech,SMB,2023-07-17,SUB_00043,Starter,49,2023-07-17,2023-10-02,Churned,2,1,70,1.0,31.0,4.0,1,High Risk (≤5 logins),77.0
CUST_00044,Healthcare,Enterprise,2023-04-21,SUB_00044,Pro,199,2023-04-21,,Active,12,10,262,0.0,0.0,5.0,0,Medium Risk (6-15 logins),255.0
CUST_00045,Healthcare,SMB,2022-03-28,SUB_00045,Enterprise,999,2022-03-28,,Active,14,1,47661,2.0,38.0,3.0,0,Medium Risk (6-15 logins),644.0
CUST_00046,FinTech,Enterprise,2022-03-09,SUB_00046,Pro,199,2022-03-09,,Active,29,8,722,3.0,18.333333333333332,3.0,0,Healthy (16+ logins),663.0
CUST_00047,Healthcare,Enterprise,2023-08-19,SUB_00047,Pro,199,2023-08-19,,Active,15,12,529,3.0,45.0,3.3333333333333335,0,Medium Risk (6-15 logins),135.0
CUST_00048,Logistics,Mid-Market,2022-02-11,SUB_00048,Pro,199,2022-02-11,,Active,32,5,784,2.0,30.5,3.5,0,Healthy (16+ logins),689.0
CUST_00049,Healthcare,Mid-Market,2022-02-26,SUB_00049,Starter,49,2022-02-26,,Active,37,9,209,0.0,0.0,5.0,0,Healthy (16+ logins),674.0
CUST_00050,EdTech,SMB,2022-07-15,SUB_00050,Starter,49,2022-07-15,2023-03-11,Churned,3,0,978,3.0,20.666666666666668,3.3333333333333335,1,High Risk (≤5 logins),239.0
CUST_00051,EdTech,Mid-Market,2023-11-09,SUB_00051,Pro,199,2023-11-09,,Active,30,9,116,1.0,63.0,1.0,0,Healthy (16+ logins),53.0
CUST_00052,EdTech,SMB,2022-03-03,SUB_00052,Starter,49,2022-03-03,,Active,12,6,615,2.0,52.5,3.5,0,Medium Risk (6-15 logins),669.0
CUST_00053,EdTech,SMB,2022-09-20,SUB_00053,Starter,49,2022-09-20,2023-01-03,Churned,1,0,76,2.0,63.0,4.5,1,High Risk (≤5 logins),105.0
CUST_00054,Logistics,Mid-Market,2022-04-22,SUB_00054,Pro,199,2022-04-22,,Active,30,12,314,6.0,41.0,3.3333333333333335,0,Healthy (16+ logins),619.0
CUST_00055,E-commerce,SMB,2022-06-27,SUB_00055,Starter,49,2022-06-27,,Active,36,7,10,3.0,45.0,3.6666666666666665,0,Healthy (16+ logins),553.0
CUST_00056,FinTech,SMB,2022-01-26,SUB_00056,Starter,49,2022-01-26,,Active,32,3,892,1.0,47.0,3.0,0,Healthy (16+ logins),705.0
CUST_00057,EdTech,SMB,2023-02-14,SUB_00057,Starter,49,2023-02-14,2023-11-17,Churned,3,0,50,0.0,0.0,5.0,1,High Risk (≤5 logins),276.0
CUST_00058,Healthcare,SMB,2023-06-15,SUB_00058,Starter,49,2023-06-15,,Active,39,8,6,2.0,47.0,3.0,0,Healthy (16+ logins),200.0
CUST_00059,EdTech,Mid-Market,2022-11-13,SUB_00059,Starter,49,2022-11-13,,Active,6,5,922,1.0,3.0,4.0,0,Medium Risk (6-15 logins),414.0
CUST_00060,Healthcare,SMB,2023-06-16,SUB_00060,Starter,49,2023-06-16,,Active,26,5,954,2.0,38.5,3.0,0,Healthy (16+ logins),199.0
CUST_00061,Healthcare,Enterprise,2022-04-16,SUB_00061,Pro,199,2022-04-16,,Active,26,14,548,4.0,60.5,1.5,0,Healthy (16+ logins),625.0
CUST_00062,EdTech,Mid-Market,2023-04-09,SUB_00062,Pro,199,2023-04-09,,Active,7,4,260,3.0,54.0,3.6666666666666665,0,Medium Risk (6-15 logins),267.0
CUST_00063,Logistics,Mid-Market,2022-09-03,SUB_00063,Starter,49,2022-09-03,,Active,49,3,573,2.0,40.0,4.5,0,Healthy (16+ logins),485.0
CUST_00064,Healthcare,SMB,2022-03-22,SUB_00064,Pro,199,2022-03-22,,Active,12,12,511,3.0,47.666666666666664,4.0,0,Medium Risk (6-15 logins),650.0
CUST_00065,Healthcare,Mid-Market,2023-10-24,SUB_00065,Starter,49,2023-10-24,,Active,8,8,199,1.0,45.0,4.0,0,Medium Risk (6-15 logins),69.0
CUST_00066,EdTech,SMB,2023-01-31,SUB_00066,Starter,49,2023-01-31,,Active,19,11,329,0.0,0.0,5.0,0,Healthy (16+ logins),335.0
CUST_00067,Healthcare,Mid-Market,2023-06-06,SUB_00067,Starter,49,2023-06-06,,Active,48,6,996,1.0,62.0,5.0,0,Healthy (16+ logins),209.0
CUST_00068,Healthcare,SMB,2022-09-21,SUB_00068,Pro,199,2022-09-21,2023-09-01,Churned,2,1,89,1.0,18.0,5.0,1,High Risk (≤5 logins),345.0
CUST_00069,EdTech,Mid-Market,2023-10-23,SUB_00069,Starter,49,2023-10-23,,Active,16,6,590,2.0,9.0,2.0,0,Healthy (16+ logins),70.0
CUST_00070,EdTech,Enterprise,2022-10-01,SUB_00070,Pro,199,2022-10-01,,Active,33,2,54,3.0,30.0,1.6666666666666667,0,Healthy (16+ logins),457.0
CUST_00071,FinTech,SMB,2022-06-21,SUB_00071,Pro,199,2022-06-21,,Active,13,4,911,4.0,21.75,3.25,0,Medium Risk (6-15 logins),559.0
CUST_00072,Logistics,SMB,2022-09-22,SUB_00072,Pro,199,2022-09-22,,Active,46,5,220,1.0,70.0,3.0,0,Healthy (16+ logins),466.0
CUST_00073,Logistics,Mid-Market,2022-01-26,SUB_00073,Pro,199,2022-01-26,,Active,44,11,91,3.0,36.666666666666664,2.6666666666666665,0,Healthy (16+ logins),705.0
CUST_00074,Healthcare,SMB,2023-04-14,SUB_00074,Enterprise,999,2023-04-14,2023-07-20,Churned,1,1,19921,3.0,38.333333333333336,3.3333333333333335,1,High Risk (≤5 logins),97.0
CUST_00075,Logistics,Mid-Market,2023-04-21,SUB_00075,Starter,49,2023-04-21,,Active,38,5,55,3.0,53.333333333333336,3.6666666666666665,0,Healthy (16+ logins),255.0
CUST_00076,Healthcare,SMB,2022-12-22,SUB_00076,Starter,49,2022-12-22,2023-11-29,Churned,0,1,743,1.0,30.0,4.0,1,High Risk (≤5 logins),342.0
CUST_00077,FinTech,SMB,2022-01-26,SUB_00077,Pro,199,2022-01-26,2022-04-29,Churned,2,1,178,1.0,70.0,5.0,1,High Risk (≤5 logins),93.0
CUST_00078,EdTech,Enterprise,2022-02-03,SUB_00078,Pro,199,2022-02-03,,Active,27,5,963,1.0,48.0,5.0,0,Healthy (16+ logins),697.0
CUST_00079,EdTech,Mid-Market,2022-09-21,SUB_00079,Starter,49,2022-09-21,,Active,22,5,941,1.0,38.0,4.0,0,Healthy (16+ logins),467.0
CUST_00080,EdTech,Mid-Market,2022-05-18,SUB_00080,Starter,49,2022-05-18,,Active,28,2,60,3.0,38.0,5.0,0,Healthy (16+ logins),593.0
CUST_00081,Logistics,SMB,2023-11-26,SUB_00081,Starter,49,2023-11-26,2024-06-24,Churned,1,1,871,4.0,31.25,3.75,1,High Risk (≤5 logins),211.0
CUST_00082,FinTech,Mid-Market,2023-07-20,SUB_00082,Starter,49,2023-07-20,,Active,33,3,116,2.0,20.5,4.0,0,Healthy (16+ logins),165.0
CUST_00083,Logistics,SMB,2023-04-07,SUB_00083,Starter,49,2023-04-07,2023-07-25,Churned,4,0,589,3.0,46.666666666666664,4.0,1,High Risk (≤5 logins),109.0
CUST_00084,Logistics,Mid-Market,2022-06-17,SUB_00084,Enterprise,999,2022-06-17,,Active,42,5,19549,2.0,55.5,4.0,0,Healthy (16+ logins),563.0
CUST_00085,FinTech,Mid-Market,2023-09-23,SUB_00085,Pro,199,2023-09-23,,Active,17,9,32,1.0,14.0,5.0,0,Healthy (16+ logins),100.0
CUST_00086,FinTech,SMB,2023-10-17,SUB_00086,Starter,49,2023-10-17,2024-06-05,Churned,3,1,566,1.0,38.0,3.0,1,High Risk (≤5 logins),232.0
CUST_00087,FinTech,SMB,2022-03-22,SUB_00087,Pro,199,2022-03-22,,Active,23,2,242,4.0,34.25,3.5,0,Healthy (16+ logins),650.0
CUST_00088,FinTech,SMB,2023-02-11,SUB_00088,Pro,199,2023-02-11,,Active,21,9,785,2.0,22.0,4.5,0,Healthy (16+ logins),324.0
CUST_00089,EdTech,Mid-Market,2023-07-28,SUB_00089,Starter,49,2023-07-28,,Active,6,3,907,1.0,54.0,3.0,0,Medium Risk (6-15 logins),157.0
CUST_00090,E-commerce,SMB,2022-02-15,SUB_00090,Starter,49,2022-02-15,,Active,22,13,73,4.0,40.5,3.75,0,Healthy (16+ logins),685.0
CUST_00091,E-commerce,Mid-Market,2023-08-22,SUB_00091,Pro,199,2023-08-22,,Active,43,12,20,1.0,67.0,5.0,0,Healthy (16+ logins),132.0
CUST_00092,FinTech,SMB,2023-09-03,SUB_00092,Pro,199,2023-09-03,,Active,31,7,864,3.0,18.0,4.333333333333333,0,Healthy (16+ logins),120.0
CUST_00093,E-commerce,Mid-Market,2022-02-22,SUB_00093,Starter,49,2022-02-22,,Active,18,12,973,0.0,0.0,5.0,0,Healthy (16+ logins),678.0
CUST_00094,E-commerce,Mid-Market,2023-04-21,SUB_00094,Enterprise,999,2023-04-21,,Active,19,14,49201,2.0,45.0,2.5,0,Healthy (16+ logins),255.0
CUST_00095,FinTech,SMB,2023-08-15,SUB_00095,Starter,49,2023-08-15,,Active,12,1,153,2.0,31.5,4.0,0,Medium Risk (6-15 logins),139.0
CUST_00096,E-commerce,SMB,2022-01-16,SUB_00096,Starter,49,2022-01-16,,Active,13,1,253,2.0,33.5,3.5,0,Medium Risk (6-15 logins),715.0
CUST_00097,Logistics,SMB,2022-12-26,SUB_00097,Starter,49,2022-12-26,2023-07-25,Churned,4,1,206,0.0,0.0,5.0,1,High Risk (≤5 logins),211.0
CUST_00098,Healthcare,Mid-Market,2023-05-02,SUB_00098,Starter,49,2023-05-02,,Active,47,9,148,2.0,55.5,4.0,0,Healthy (16+ logins),244.0
CUST_00099,Healthcare,Mid-Market,2023-05-17,SUB_00099,Pro,199,2023-05-17,,Active,39,3,917,3.0,56.333333333333336,2.6666666666666665,0,Healthy (16+ logins),229.0
CUST_00100,FinTech,SMB,2022-05-21,SUB_00100,Enterprise,999,2022-05-21,2023-01-19,Churned,3,0,5400,2.0,40.0,5.0,1,High Risk (≤5 logins),243.0
CUST_00101,EdTech,Mid-Market,2023-09-12,SUB_00101,Starter,49,2023-09-12,2024-02-08,Churned,0,1,301,5.0,46.0,4.6,1,High Risk (≤5 logins),149.0
CUST_00102,FinTech,SMB,2023-03-23,SUB_00102,Enterprise,999,2023-03-23,,Active,12,3,26344,1.0,49.0,3.0,0,Medium Risk (6-15 logins),284.0
CUST_00103,EdTech,SMB,2022-10-17,SUB_00103,Pro,199,2022-10-17,,Active,39,6,490,1.0,35.0,5.0,0,Healthy (16+ logins),441.0
CUST_00104,Healthcare,Enterprise,2022-07-28,SUB_00104,Starter,49,2022-07-28,,Active,22,7,772,3.0,40.666666666666664,3.6666666666666665,0,Healthy (16+ logins),522.0
CUST_00105,FinTech,SMB,2023-04-20,SUB_00105,Pro,199,2023-04-20,,Active,18,5,43,3.0,31.333333333333332,4.0,0,Healthy (16+ logins),256.0
CUST_00106,Logistics,SMB,2023-02-17,SUB_00106,Starter,49,2023-02-17,2023-11-14,Churned,0,0,143,0.0,0.0,5.0,1,High Risk (≤5 logins),270.0
CUST_00107,E-commerce,SMB,2023-11-08,SUB_00107,Pro,199,2023-11-08,2024-11-06,Churned,1,0,243,4.0,53.25,3.0,1,High Risk (≤5 logins),364.0
CUST_00108,EdTech,SMB,2023-03-03,SUB_00108,Starter,49,2023-03-03,2023-10-20,Churned,1,0,418,0.0,0.0,5.0,1,High Risk (≤5 logins),231.0
CUST_00109,E-commerce,SMB,2023-01-06,SUB_00109,Pro,199,2023-01-06,,Active,48,5,516,4.0,41.25,3.5,0,Healthy (16+ logins),360.0
CUST_00110,E-commerce,SMB,2023-10-26,SUB_00110,Starter,49,2023-10-26,,Active,6,1,61,4.0,36.25,3.25,0,Medium Risk (6-15 logins),67.0
CUST_00111,FinTech,Mid-Market,2022-10-17,SUB_00111,Pro,199,2022-10-17,2023-09-03,Churned,1,0,857,2.0,40.0,3.5,1,High Risk (≤5 logins),321.0
CUST_00112,E-commerce,SMB,2023-03-08,SUB_00112,Pro,199,2023-03-08,,Active,17,9,537,3.0,21.0,4.0,0,Healthy (16+ logins),299.0
CUST_00113,Logistics,SMB,2022-09-25,SUB_00113,Starter,49,2022-09-25,,Active,18,3,316,1.0,33.0,4.0,0,Healthy (16+ logins),463.0
CUST_00114,E-commerce,SMB,2022-05-31,SUB_00114,Starter,49,2022-05-31,2022-08-22,Churned,1,0,434,1.0,45.0,3.0,1,High Risk (≤5 logins),83.0
CUST_00115,FinTech,SMB,2022-09-12,SUB_00115,Starter,49,2022-09-12,,Active,45,3,836,0.0,0.0,5.0,0,Healthy (16+ logins),476.0
CUST_00116,Logistics,Mid-Market,2022-12-19,SUB_00116,Pro,199,2022-12-19,,Active,13,7,695,2.0,48.0,4.5,0,Medium Risk (6-15 logins),378.0
CUST_00117,Healthcare,Enterprise,2023-01-12,SUB_00117,Starter,49,2023-01-12,,Active,31,12,817,1.0,15.0,1.0,0,Healthy (16+ logins),354.0
CUST_00118,E-commerce,SMB,2023-10-15,SUB_00118,Pro,199,2023-10-15,,Active,24,11,380,3.0,19.666666666666668,3.3333333333333335,0,Healthy (16+ logins),78.0
CUST_00119,FinTech,Mid-Market,2022-12-24,SUB_00119,Starter,49,2022-12-24,,Active,42,12,35,0.0,0.0,5.0,0,Healthy (16+ logins),373.0
CUST_00120,Healthcare,SMB,2023-08-31,SUB_00120,Starter,49,2023-08-31,,Active,16,10,919,2.0,35.0,5.0,0,Healthy (16+ logins),123.0
CUST_00121,Healthcare,SMB,2023-01-05,SUB_00121,Starter,49,2023-01-05,,Active,46,8,974,3.0,27.333333333333332,3.0,0,Healthy (16+ logins),361.0
CUST_00122,EdTech,SMB,2022-08-15,SUB_00122,Starter,49,2022-08-15,,Active,26,2,541,2.0,29.0,4.5,0,Healthy (16+ logins),504.0
CUST_00123,Logistics,SMB,2022-10-30,SUB_00123,Pro,199,2022-10-30,,Active,41,14,580,2.0,48.5,2.0,0,Healthy (16+ logins),428.0
CUST_00124,E-commerce,SMB,2023-01-24,SUB_00124,Enterprise,999,2023-01-24,,Active,43,13,29979,4.0,37.0,4.25,0,Healthy (16+ logins),342.0
CUST_00125,FinTech,Mid-Market,2023-01-12,SUB_00125,Starter,49,2023-01-12,2023-07-05,Churned,3,1,687,2.0,8.0,4.5,1,High Risk (≤5 logins),174.0
CUST_00126,EdTech,SMB,2022-04-28,SUB_00126,Pro,199,2022-04-28,,Active,17,11,789,0.0,0.0,5.0,0,Healthy (16+ logins),613.0
CUST_00127,Logistics,Enterprise,2022-01-05,SUB_00127,Starter,49,2022-01-05,,Active,5,5,32,2.0,36.5,4.5,0,High Risk (≤5 logins),726.0
CUST_00128,EdTech,SMB,2023-03-20,SUB_00128,Pro,199,2023-03-20,,Active,42,9,580,0.0,0.0,5.0,0,Healthy (16+ logins),287.0
CUST_00129,Logistics,SMB,2022-12-18,SUB_00129,Starter,49,2022-12-18,2023-04-12,Churned,3,1,351,0.0,0.0,5.0,1,High Risk (≤5 logins),115.0
CUST_00130,Logistics,Mid-Market,2023-06-17,SUB_00130,Pro,199,2023-06-17,,Active,13,1,254,0.0,0.0,5.0,0,Medium Risk (6-15 logins),198.0
CUST_00131,E-commerce,SMB,2023-10-26,SUB_00131,Enterprise,999,2023-10-26,,Active,43,1,49385,2.0,48.5,3.0,0,Healthy (16+ logins),67.0
CUST_00132,Logistics,SMB,2023-10-02,SUB_00132,Starter,49,2023-10-02,2023-11-22,Churned,2,0,22,4.0,28.0,4.5,1,High Risk (≤5 logins),51.0
CUST_00133,EdTech,Mid-Market,2022-05-04,SUB_00133,Pro,199,2022-05-04,,Active,33,9,253,1.0,34.0,5.0,0,Healthy (16+ logins),607.0
CUST_00134,Logistics,Enterprise,2023-10-20,SUB_00134,Starter,49,2023-10-20,,Active,44,1,393,3.0,40.666666666666664,4.666666666666667,0,Healthy (16+ logins),73.0
CUST_00135,E-commerce,Mid-Market,2022-10-04,SUB_00135,Starter,49,2022-10-04,,Active,34,3,675,1.0,69.0,4.0,0,Healthy (16+ logins),454.0
CUST_00136,E-commerce,Mid-Market,2023-01-29,SUB_00136,Starter,49,2023-01-29,,Active,6,13,881,2.0,40.0,2.5,0,Medium Risk (6-15 logins),337.0
CUST_00137,EdTech,Mid-Market,2023-10-26,SUB_00137,Starter,49,2023-10-26,,Active,22,5,272,2.0,38.5,3.5,0,Healthy (16+ logins),67.0
CUST_00138,Healthcare,Enterprise,2022-12-26,SUB_00138,Starter,49,2022-12-26,,Active,32,4,692,2.0,48.0,3.0,0,Healthy (16+ logins),371.0
CUST_00139,Healthcare,SMB,2023-09-15,SUB_00139,Starter,49,2023-09-15,,Active,36,1,858,1.0,38.0,3.0,0,Healthy (16+ logins),108.0
CUST_00140,Logistics,SMB,2023-04-14,SUB_00140,Starter,49,2023-04-14,,Active,28,10,249,2.0,14.0,3.0,0,Healthy (16+ logins),262.0
CUST_00141,FinTech,SMB,2023-09-20,SUB_00141,Starter,49,2023-09-20,,Active,42,4,236,1.0,19.0,3.0,0,Healthy (16+ logins),103.0
CUST_00142,Logistics,SMB,2023-12-01,SUB_00142,Pro,199,2023-12-01,,Active,18,4,903,1.0,15.0,3.0,0,Healthy (16+ logins),31.0
CUST_00143,EdTech,Mid-Market,2022-02-26,SUB_00143,Enterprise,999,2022-02-26,,Active,29,11,10747,2.0,41.5,4.0,0,Healthy (16+ logins),674.0
CUST_00144,EdTech,Mid-Market,2022-09-08,SUB_00144,Starter,49,2022-09-08,,Active,29,12,427,2.0,46.5,3.0,0,Healthy (16+ logins),480.0
CUST_00145,EdTech,SMB,2022-05-30,SUB_00145,Starter,49,2022-05-30,2023-05-25,Churned,4,1,956,3.0,44.0,4.0,1,High Risk (≤5 logins),360.0
CUST_00146,EdTech,SMB,2023-03-28,SUB_00146,Starter,49,2023-03-28,2024-02-12,Churned,0,0,633,2.0,55.5,3.5,1,High Risk (≤5 logins),321.0
CUST_00147,EdTech,Mid-Market,2022-06-11,SUB_00147,Pro,199,2022-06-11,2023-03-03,Churned,0,1,241,0.0,0.0,5.0,1,High Risk (≤5 logins),265.0
CUST_00148,E-commerce,SMB,2022-04-30,SUB_00148,Pro,199,2022-04-30,,Active,35,3,133,1.0,30.0,3.0,0,Healthy (16+ logins),611.0
CUST_00149,Healthcare,Mid-Market,2023-08-05,SUB_00149,Starter,49,2023-08-05,2023-10-02,Churned,3,0,70,2.0,35.5,4.0,1,High Risk (≤5 logins),58.0
CUST_00150,EdTech,SMB,2022-12-17,SUB_00150,Starter,49,2022-12-17,,Active,39,1,857,1.0,54.0,5.0,0,Healthy (16+ logins),380.0
CUST_00151,FinTech,SMB,2022-04-09,SUB_00151,Starter,49,2022-04-09,2022-11-07,Churned,4,0,464,3.0,37.0,3.0,1,High Risk (≤5 logins),212.0
CUST_00152,FinTech,SMB,2022-06-16,SUB_00152,Starter,49,2022-06-16,,Active,37,1,420,2.0,54.5,4.5,0,Healthy (16+ logins),564.0
CUST_00153,FinTech,SMB,2023-10-25,SUB_00153,Enterprise,999,2023-10-25,,Active,37,14,11341,1.0,67.0,4.0,0,Healthy (16+ logins),68.0
CUST_00154,FinTech,Mid-Market,2023-05-29,SUB_00154,Pro,199,2023-05-29,,Active,31,4,278,1.0,55.0,3.0,0,Healthy (16+ logins),217.0
CUST_00155,E-commerce,Enterprise,2023-10-26,SUB_00155,Starter,49,2023-10-26,,Active,37,5,218,3.0,56.0,2.3333333333333335,0,Healthy (16+ logins),67.0
CUST_00156,FinTech,Mid-Market,2023-02-05,SUB_00156,Pro,199,2023-02-05,2023-08-13,Churned,3,1,696,4.0,44.5,4.25,1,High Risk (≤5 logins),189.0
CUST_00157,EdTech,SMB,2022-12-31,SUB_00157,Starter,49,2022-12-31,2023-02-16,Churned,1,1,306,2.0,22.5,5.0,1,High Risk (≤5 logins),47.0
CUST_00158,Logistics,SMB,2023-07-31,SUB_00158,Starter,49,2023-07-31,2023-10-06,Churned,3,0,999,2.0,30.5,3.5,1,High Risk (≤5 logins),67.0
CUST_00159,FinTech,Mid-Market,2022-11-22,SUB_00159,Pro,199,2022-11-22,,Active,48,2,313,4.0,37.75,4.0,0,Healthy (16+ logins),405.0
CUST_00160,E-commerce,Mid-Market,2023-08-04,SUB_00160,Pro,199,2023-08-04,,Active,19,11,402,2.0,54.5,1.0,0,Healthy (16+ logins),150.0
CUST_00161,E-commerce,SMB,2023-09-25,SUB_00161,Starter,49,2023-09-25,,Active,33,3,922,4.0,47.0,3.0,0,Healthy (16+ logins),98.0
CUST_00162,FinTech,SMB,2023-09-13,SUB_00162,Starter,49,2023-09-13,2024-01-21,Churned,1,1,728,2.0,42.5,3.5,1,High Risk (≤5 logins),130.0
CUST_00163,Logistics,Mid-Market,2022-09-04,SUB_00163,Pro,199,2022-09-04,,Active,36,10,487,2.0,22.0,5.0,0,Healthy (16+ logins),484.0
CUST_00164,FinTech,SMB,2023-03-10,SUB_00164,Pro,199,2023-03-10,2024-01-23,Churned,0,0,792,1.0,30.0,2.0,1,High Risk (≤5 logins),319.0
CUST_00165,E-commerce,SMB,2022-04-03,SUB_00165,Starter,49,2022-04-03,,Active,34,6,404,5.0,50.8,3.0,0,Healthy (16+ logins),638.0
CUST_00166,Healthcare,SMB,2022-09-25,SUB_00166,Starter,49,2022-09-25,,Active,46,12,378,3.0,40.333333333333336,2.6666666666666665,0,Healthy (16+ logins),463.0
CUST_00167,EdTech,SMB,2023-09-07,SUB_00167,Starter,49,2023-09-07,2024-03-27,Churned,0,1,280,2.0,38.0,3.0,1,High Risk (≤5 logins),202.0
CUST_00168,E-commerce,Mid-Market,2023-09-16,SUB_00168,Enterprise,999,2023-09-16,,Active,42,2,4044,6.0,36.0,3.3333333333333335,0,Healthy (16+ logins),107.0
CUST_00169,FinTech,Enterprise,2022-11-17,SUB_00169,Pro,199,2022-11-17,,Active,46,9,690,3.0,45.333333333333336,4.666666666666667,0,Healthy (16+ logins),410.0
CUST_00170,EdTech,SMB,2022-03-03,SUB_00170,Starter,49,2022-03-03,,Active,16,12,326,1.0,30.0,5.0,0,Healthy (16+ logins),669.0
CUST_00171,FinTech,SMB,2022-10-27,SUB_00171,Pro,199,2022-10-27,2023-01-31,Churned,2,1,34,3.0,46.333333333333336,4.0,1,High Risk (≤5 logins),96.0
CUST_00172,FinTech,SMB,2023-02-07,SUB_00172,Pro,199,2023-02-07,,Active,19,2,69,4.0,51.25,3.75,0,Healthy (16+ logins),328.0
CUST_00173,Healthcare,SMB,2023-10-10,SUB_00173,Starter,49,2023-10-10,,Active,14,3,359,3.0,28.666666666666668,4.0,0,Medium Risk (6-15 logins),83.0
CUST_00174,EdTech,SMB,2023-07-21,SUB_00174,Starter,49,2023-07-21,,Active,26,9,689,3.0,30.666666666666668,2.6666666666666665,0,Healthy (16+ logins),164.0
CUST_00175,EdTech,Mid-Market,2023-09-12,SUB_00175,Pro,199,2023-09-12,,Active,27,14,910,0.0,0.0,5.0,0,Healthy (16+ logins),111.0
CUST_00176,Healthcare,SMB,2022-10-30,SUB_00176,Pro,199,2022-10-30,,Active,15,6,407,3.0,32.0,3.3333333333333335,0,Medium Risk (6-15 logins),428.0
CUST_00177,E-commerce,SMB,2022-09-10,SUB_00177,Pro,199,2022-09-10,,Active,20,11,560,1.0,15.0,4.0,0,Healthy (16+ logins),478.0
CUST_00178,FinTech,SMB,2023-04-23,SUB_00178,Pro,199,2023-04-23,2023-11-29,Churned,0,1,579,1.0,43.0,3.0,1,High Risk (≤5 logins),220.0
CUST_00179,Logistics,SMB,2023-01-04,SUB_00179,Starter,49,2023-01-04,2023-03-17,Churned,0,0,518,6.0,42.0,3.3333333333333335,1,High Risk (≤5 logins),72.0
CUST_00180,FinTech,SMB,2023-11-10,SUB_00180,Starter,49,2023-11-10,,Active,10,12,605,2.0,42.0,3.5,0,Medium Risk (6-15 logins),52.0
CUST_00181,FinTech,SMB,2022-06-09,SUB_00181,Enterprise,999,2022-06-09,2022-11-08,Churned,3,1,14024,4.0,32.5,4.25,1,High Risk (≤5 logins),152.0
CUST_00182,E-commerce,Enterprise,2022-06-15,SUB_00182,Starter,49,2022-06-15,,Active,21,5,80,2.0,60.0,4.0,0,Healthy (16+ logins),565.0
CUST_00183,FinTech,SMB,2022-07-24,SUB_00183,Pro,199,2022-07-24,,Active,35,7,437,6.0,41.5,4.666666666666667,0,Healthy (16+ logins),526.0
CUST_00184,Healthcare,SMB,2022-09-24,SUB_00184,Pro,199,2022-09-24,,Active,46,11,249,3.0,56.666666666666664,4.0,0,Healthy (16+ logins),464.0
CUST_00185,Healthcare,Mid-Market,2022-05-18,SUB_00185,Pro,199,2022-05-18,,Active,14,4,37,4.0,45.0,2.75,0,Medium Risk (6-15 logins),593.0
CUST_00186,EdTech,Enterprise,2023-01-03,SUB_00186,Starter,49,2023-01-03,,Active,24,10,861,4.0,43.5,4.25,0,Healthy (16+ logins),363.0
CUST_00187,Logistics,SMB,2023-03-19,SUB_00187,Pro,199,2023-03-19,,Active,13,10,44,2.0,39.0,4.0,0,Medium Risk (6-15 logins),288.0
CUST_00188,FinTech,Mid-Market,2023-07-21,SUB_00188,Pro,199,2023-07-21,2024-05-23,Churned,3,1,358,3.0,46.0,3.6666666666666665,1,High Risk (≤5 logins),307.0
CUST_00189,FinTech,SMB,2022-01-17,SUB_00189,Pro,199,2022-01-17,,Active,43,7,136,1.0,70.0,4.0,0,Healthy (16+ logins),714.0
CUST_00190,E-commerce,SMB,2022-03-09,SUB_00190,Starter,49,2022-03-09,2022-10-20,Churned,4,1,822,2.0,53.5,5.0,1,High Risk (≤5 logins),225.0
CUST_00191,Healthcare,SMB,2022-05-13,SUB_00191,Starter,49,2022-05-13,,Active,8,10,978,2.0,33.5,5.0,0,Medium Risk (6-15 logins),598.0
CUST_00192,Logistics,Mid-Market,2023-12-01,SUB_00192,Starter,49,2023-12-01,,Active,28,1,819,1.0,27.0,4.0,0,Healthy (16+ logins),31.0
CUST_00193,EdTech,Mid-Market,2023-03-06,SUB_00193,Starter,49,2023-03-06,,Active,22,6,460,0.0,0.0,5.0,0,Healthy (16+ logins),301.0
CUST_00194,Healthcare,SMB,2022-11-04,SUB_00194,Starter,49,2022-11-04,,Active,15,13,366,5.0,26.2,3.8,0,Medium Risk (6-15 logins),423.0
CUST_00195,EdTech,SMB,2023-10-12,SUB_00195,Enterprise,999,2023-10-12,2024-10-08,Churned,1,1,18349,3.0,33.666666666666664,4.333333333333333,1,High Risk (≤5 logins),362.0
CUST_00196,E-commerce,Mid-Market,2022-06-23,SUB_00196,Pro,199,2022-06-23,,Active,30,11,228,4.0,25.25,2.5,0,Healthy (16+ logins),557.0
CUST_00197,E-commerce,SMB,2023-02-16,SUB_00197,Pro,199,2023-02-16,,Active,12,11,182,0.0,0.0,5.0,0,Medium Risk (6-15 logins),319.0
CUST_00198,FinTech,SMB,2022-04-07,SUB_00198,Pro,199,2022-04-07,2022-09-08,Churned,1,1,466,5.0,46.4,3.8,1,High Risk (≤5 logins),154.0
CUST_00199,Logistics,Mid-Market,2023-11-14,SUB_00199,Starter,49,2023-11-14,2024-03-18,Churned,3,0,837,3.0,27.0,3.6666666666666665,1,High Risk (≤5 logins),125.0
CUST_00200,EdTech,Mid-Market,2022-06-03,SUB_00200,Enterprise,999,2022-06-03,,Active,6,11,31432,4.0,32.25,5.0,0,Medium Risk (6-15 logins),577.0
CUST_00201,Healthcare,Mid-Market,2023-11-26,SUB_00201,Starter,49,2023-11-26,,Active,9,8,974,3.0,42.666666666666664,3.6666666666666665,0,Medium Risk (6-15 logins),36.0
CUST_00202,E-commerce,Mid-Market,2022-08-30,SUB_00202,Starter,49,2022-08-30,,Active,39,3,622,0.0,0.0,5.0,0,Healthy (16+ logins),489.0
CUST_00203,FinTech,SMB,2022-10-31,SUB_00203,Starter,49,2022-10-31,,Active,36,9,898,1.0,22.0,3.0,0,Healthy (16+ logins),427.0
CUST_00204,FinTech,Mid-Market,2022-10-12,SUB_00204,Pro,199,2022-10-12,2023-04-16,Churned,4,0,67,3.0,35.333333333333336,3.6666666666666665,1,High Risk (≤5 logins),186.0
CUST_00205,EdTech,Mid-Market,2022-01-27,SUB_00205,Pro,199,2022-01-27,,Active,23,14,868,0.0,0.0,5.0,0,Healthy (16+ logins),704.0
CUST_00206,E-commerce,SMB,2023-02-06,SUB_00206,Starter,49,2023-02-06,,Active,43,6,549,3.0,40.333333333333336,2.6666666666666665,0,Healthy (16+ logins),329.0
CUST_00207,Logistics,SMB,2022-12-26,SUB_00207,Pro,199,2022-12-26,,Active,8,1,709,2.0,36.0,4.5,0,Medium Risk (6-15 logins),371.0
CUST_00208,E-commerce,SMB,2022-03-01,SUB_00208,Starter,49,2022-03-01,,Active,27,11,304,7.0,33.714285714285715,3.2857142857142856,0,Healthy (16+ logins),671.0
CUST_00209,EdTech,SMB,2022-07-21,SUB_00209,Starter,49,2022-07-21,2022-09-28,Churned,0,0,603,4.0,28.0,4.0,1,High Risk (≤5 logins),69.0
CUST_00210,EdTech,Mid-Market,2023-08-04,SUB_00210,Pro,199,2023-08-04,,Active,30,10,775,4.0,36.5,3.0,0,Healthy (16+ logins),150.0
CUST_00211,E-commerce,Mid-Market,2023-01-05,SUB_00211,Pro,199,2023-01-05,,Active,30,3,754,4.0,38.75,4.5,0,Healthy (16+ logins),361.0
CUST_00212,EdTech,SMB,2023-06-17,SUB_00212,Pro,199,2023-06-17,2024-01-05,Churned,2,0,627,4.0,24.75,4.0,1,High Risk (≤5 logins),202.0
CUST_00213,E-commerce,SMB,2022-06-01,SUB_00213,Pro,199,2022-06-01,,Active,36,5,94,1.0,45.0,3.0,0,Healthy (16+ logins),579.0
CUST_00214,Healthcare,Enterprise,2022-04-12,SUB_00214,Pro,199,2022-04-12,,Active,37,13,724,2.0,28.5,2.5,0,Healthy (16+ logins),629.0
CUST_00215,E-commerce,SMB,2023-08-30,SUB_00215,Pro,199,2023-08-30,,Active,48,1,245,1.0,17.0,5.0,0,Healthy (16+ logins),124.0
CUST_00216,E-commerce,SMB,2023-03-22,SUB_00216,Pro,199,2023-03-22,,Active,30,14,684,1.0,22.0,2.0,0,Healthy (16+ logins),285.0
CUST_00217,EdTech,SMB,2022-08-17,SUB_00217,Pro,199,2022-08-17,,Active,28,4,796,2.0,34.0,4.5,0,Healthy (16+ logins),502.0
CUST_00218,EdTech,SMB,2022-05-05,SUB_00218,Enterprise,999,2022-05-05,,Active,27,5,14521,1.0,20.0,5.0,0,Healthy (16+ logins),606.0
CUST_00219,FinTech,SMB,2022-08-24,SUB_00219,Enterprise,999,2022-08-24,,Active,42,4,8292,1.0,30.0,4.0,0,Healthy (16+ logins),495.0
CUST_00220,FinTech,SMB,2022-06-11,SUB_00220,Starter,49,2022-06-11,2022-12-30,Churned,1,0,279,3.0,48.333333333333336,3.6666666666666665,1,High Risk (≤5 logins),202.0
CUST_00221,Healthcare,SMB,2023-07-08,SUB_00221,Pro,199,2023-07-08,,Active,49,10,660,2.0,40.0,4.5,0,Healthy (16+ logins),177.0
CUST_00222,FinTech,SMB,2022-12-19,SUB_00222,Starter,49,2022-12-19,,Active,35,7,368,2.0,60.5,2.5,0,Healthy (16+ logins),378.0
CUST_00223,E-commerce,SMB,2022-03-09,SUB_00223,Starter,49,2022-03-09,,Active,10,8,278,3.0,44.0,2.6666666666666665,0,Medium Risk (6-15 logins),663.0
CUST_00224,EdTech,SMB,2022-06-22,SUB_00224,Pro,199,2022-06-22,2022-11-18,Churned,3,1,350,4.0,50.75,3.5,1,High Risk (≤5 logins),149.0
CUST_00225,FinTech,Mid-Market,2023-09-29,SUB_00225,Starter,49,2023-09-29,,Active,35,8,225,6.0,44.833333333333336,4.0,0,Healthy (16+ logins),94.0
CUST_00226,FinTech,Mid-Market,2023-11-13,SUB_00226,Pro,199,2023-11-13,2024-09-10,Churned,1,1,923,3.0,41.333333333333336,4.333333333333333,1,High Risk (≤5 logins),302.0
CUST_00227,Healthcare,SMB,2023-07-13,SUB_00227,Pro,199,2023-07-13,,Active,49,13,927,1.0,63.0,3.0,0,Healthy (16+ logins),172.0
CUST_00228,Healthcare,SMB,2022-09-18,SUB_00228,Starter,49,2022-09-18,2023-09-01,Churned,2,0,405,5.0,42.8,3.8,1,High Risk (≤5 logins),348.0
CUST_00229,E-commerce,Mid-Market,2022-08-05,SUB_00229,Starter,49,2022-08-05,,Active,16,10,445,2.0,32.0,2.5,0,Healthy (16+ logins),514.0
CUST_00230,EdTech,SMB,2022-05-04,SUB_00230,Enterprise,999,2022-05-04,2023-02-18,Churned,0,1,40616,5.0,51.2,3.2,1,High Risk (≤5 logins),290.0
CUST_00231,Healthcare,SMB,2022-06-11,SUB_00231,Starter,49,2022-06-11,,Active,30,7,629,3.0,49.333333333333336,3.6666666666666665,0,Healthy (16+ logins),569.0
CUST_00232,FinTech,Mid-Market,2022-07-20,SUB_00232,Starter,49,2022-07-20,,Active,7,14,72,2.0,45.5,3.5,0,Medium Risk (6-15 logins),530.0
CUST_00233,EdTech,Mid-Market,2023-03-30,SUB_00233,Starter,49,2023-03-30,,Active,19,9,517,2.0,52.5,4.0,0,Healthy (16+ logins),277.0
CUST_00234,EdTech,Mid-Market,2023-02-06,SUB_00234,Pro,199,2023-02-06,,Active,42,13,320,3.0,30.0,1.6666666666666667,0,Healthy (16+ logins),329.0
CUST_00235,FinTech,SMB,2023-04-07,SUB_00235,Pro,199,2023-04-07,,Active,28,10,21,2.0,41.5,2.5,0,Healthy (16+ logins),269.0
CUST_00236,Healthcare,Mid-Market,2022-10-02,SUB_00236,Pro,199,2022-10-02,2023-08-08,Churned,4,1,178,5.0,39.0,2.8,1,High Risk (≤5 logins),310.0
CUST_00237,FinTech,SMB,2022-07-25,SUB_00237,Starter,49,2022-07-25,2023-07-18,Churned,2,0,707,1.0,55.0,2.0,1,High Risk (≤5 logins),358.0
CUST_00238,EdTech,Mid-Market,2022-02-09,SUB_00238,Pro,199,2022-02-09,,Active,40,4,108,4.0,53.5,3.75,0,Healthy (16+ logins),691.0
CUST_00239,Logistics,SMB,2022-09-30,SUB_00239,Pro,199,2022-09-30,,Active,48,12,371,3.0,31.0,2.6666666666666665,0,Healthy (16+ logins),458.0
CUST_00240,Logistics,SMB,2023-12-01,SUB_00240,Starter,49,2023-12-01,,Active,31,14,696,2.0,41.0,3.0,0,Healthy (16+ logins),31.0
CUST_00241,E-commerce,Mid-Market,2022-04-03,SUB_00241,Pro,199,2022-04-03,2022-09-03,Churned,3,0,455,5.0,37.0,4.4,1,High Risk (≤5 logins),153.0
CUST_00242,FinTech,SMB,2022-02-11,SUB_00242,Pro,199,2022-02-11,2022-12-15,Churned,1,0,566,2.0,20.5,4.0,1,High Risk (≤5 logins),307.0
CUST_00243,FinTech,SMB,2023-04-10,SUB_00243,Pro,199,2023-04-10,2023-08-10,Churned,1,0,228,1.0,69.0,3.0,1,High Risk (≤5 logins),122.0
CUST_00244,E-commerce,Enterprise,2023-01-14,SUB_00244,Starter,49,2023-01-14,,Active,20,7,937,2.0,35.0,4.0,0,Healthy (16+ logins),352.0
CUST_00245,E-commerce,SMB,2022-04-17,SUB_00245,Starter,49,2022-04-17,2022-06-20,Churned,3,1,947,4.0,46.0,3.75,1,High Risk (≤5 logins),64.0
CUST_00246,E-commerce,SMB,2022-11-24,SUB_00246,Starter,49,2022-11-24,2023-10-30,Churned,1,1,956,7.0,39.42857142857143,4.0,1,High Risk (≤5 logins),340.0
CUST_00247,EdTech,SMB,2022-03-06,SUB_00247,Starter,49,2022-03-06,,Active,48,9,530,5.0,29.2,3.8,0,Healthy (16+ logins),666.0
CUST_00248,FinTech,Mid-Market,2022-12-31,SUB_00248,Pro,199,2022-12-31,,Active,5,12,363,4.0,26.5,3.0,0,High Risk (≤5 logins),366.0
CUST_00249,EdTech,Mid-Market,2023-04-29,SUB_00249,Starter,49,2023-04-29,,Active,31,6,896,1.0,47.0,5.0,0,Healthy (16+ logins),247.0
CUST_00250,E-commerce,SMB,2023-10-09,SUB_00250,Pro,199,2023-10-09,,Active,13,2,424,2.0,62.0,3.5,0,Medium Risk (6-15 logins),84.0
CUST_00251,FinTech,Mid-Market,2022-01-24,SUB_00251,Starter,49,2022-01-24,,Active,11,11,958,1.0,19.0,5.0,0,Medium Risk (6-15 logins),707.0
CUST_00252,EdTech,SMB,2023-06-24,SUB_00252,Starter,49,2023-06-24,,Active,9,10,215,3.0,44.333333333333336,4.666666666666667,0,Medium Risk (6-15 logins),191.0
CUST_00253,EdTech,Mid-Market,2022-03-03,SUB_00253,Pro,199,2022-03-03,,Active,34,10,47,0.0,0.0,5.0,0,Healthy (16+ logins),669.0
CUST_00254,E-commerce,SMB,2023-05-06,SUB_00254,Starter,49,2023-05-06,,Active,46,2,464,0.0,0.0,5.0,0,Healthy (16+ logins),240.0
CUST_00255,FinTech,SMB,2022-09-30,SUB_00255,Pro,199,2022-09-30,,Active,31,10,671,0.0,0.0,5.0,0,Healthy (16+ logins),458.0
CUST_00256,E-commerce,Enterprise,2022-08-17,SUB_00256,Starter,49,2022-08-17,,Active,14,1,945,1.0,69.0,3.0,0,Medium Risk (6-15 logins),502.0
CUST_00257,FinTech,SMB,2022-01-20,SUB_00257,Starter,49,2022-01-20,2022-06-26,Churned,2,0,909,4.0,25.25,4.0,1,High Risk (≤5 logins),157.0
CUST_00258,Logistics,SMB,2022-01-03,SUB_00258,Pro,199,2022-01-03,,Active,22,4,272,1.0,46.0,3.0,0,Healthy (16+ logins),728.0
CUST_00259,Healthcare,SMB,2023-02-25,SUB_00259,Pro,199,2023-02-25,,Active,11,10,607,2.0,63.0,4.5,0,Medium Risk (6-15 logins),310.0
CUST_00260,Healthcare,Enterprise,2022-11-03,SUB_00260,Starter,49,2022-11-03,,Active,35,11,992,1.0,21.0,2.0,0,Healthy (16+ logins),424.0
CUST_00261,Healthcare,SMB,2023-03-08,SUB_00261,Starter,49,2023-03-08,2023-04-26,Churned,0,0,29,3.0,45.666666666666664,3.3333333333333335,1,High Risk (≤5 logins),49.0
CUST_00262,E-commerce,SMB,2022-05-16,SUB_00262,Pro,199,2022-05-16,2023-03-02,Churned,2,1,632,4.0,37.0,3.5,1,High Risk (≤5 logins),290.0
CUST_00263,Logistics,SMB,2023-05-30,SUB_00263,Enterprise,999,2023-05-30,,Active,15,10,36010,1.0,62.0,5.0,0,Medium Risk (6-15 logins),216.0
CUST_00264,FinTech,SMB,2022-07-12,SUB_00264,Pro,199,2022-07-12,2023-01-24,Churned,3,0,946,4.0,43.0,2.75,1,High Risk (≤5 logins),196.0
CUST_00265,EdTech,SMB,2023-08-08,SUB_00265,Starter,49,2023-08-08,,Active,26,9,865,1.0,37.0,3.0,0,Healthy (16+ logins),146.0
CUST_00266,FinTech,Mid-Market,2023-02-19,SUB_00266,Enterprise,999,2023-02-19,2024-02-02,Churned,4,0,17511,2.0,31.0,3.0,1,High Risk (≤5 logins),348.0
CUST_00267,EdTech,Enterprise,2022-04-28,SUB_00267,Starter,49,2022-04-28,,Active,45,11,189,3.0,63.0,3.3333333333333335,0,Healthy (16+ logins),613.0
CUST_00268,FinTech,SMB,2023-10-28,SUB_00268,Starter,49,2023-10-28,,Active,18,9,151,0.0,0.0,5.0,0,Healthy (16+ logins),65.0
CUST_00269,Logistics,SMB,2022-07-28,SUB_00269,Pro,199,2022-07-28,,Active,7,1,375,3.0,40.0,2.6666666666666665,0,Medium Risk (6-15 logins),522.0
CUST_00270,EdTech,SMB,2022-02-03,SUB_00270,Starter,49,2022-02-03,,Active,28,14,254,2.0,57.0,3.5,0,Healthy (16+ logins),697.0
CUST_00271,E-commerce,SMB,2023-10-11,SUB_00271,Starter,49,2023-10-11,,Active,18,7,702,1.0,66.0,4.0,0,Healthy (16+ logins),82.0
CUST_00272,FinTech,Mid-Market,2022-11-14,SUB_00272,Starter,49,2022-11-14,,Active,20,6,653,2.0,43.0,3.5,0,Healthy (16+ logins),413.0
CUST_00273,FinTech,SMB,2022-04-30,SUB_00273,Starter,49,2022-04-30,2023-01-20,Churned,3,0,757,4.0,39.0,3.25,1,High Risk (≤5 logins),265.0
CUST_00274,EdTech,SMB,2023-09-19,SUB_00274,Pro,199,2023-09-19,,Active,39,2,33,1.0,32.0,5.0,0,Healthy (16+ logins),104.0
CUST_00275,E-commerce,Mid-Market,2023-06-09,SUB_00275,Pro,199,2023-06-09,,Active,44,1,186,1.0,56.0,4.0,0,Healthy (16+ logins),206.0
CUST_00276,E-commerce,SMB,2023-08-04,SUB_00276,Starter,49,2023-08-04,,Active,6,10,878,2.0,58.0,5.0,0,Medium Risk (6-15 logins),150.0
CUST_00277,Logistics,Mid-Market,2022-03-30,SUB_00277,Pro,199,2022-03-30,,Active,38,8,448,1.0,38.0,5.0,0,Healthy (16+ logins),642.0
CUST_00278,E-commerce,SMB,2023-05-27,SUB_00278,Enterprise,999,2023-05-27,,Active,22,8,10192,3.0,35.333333333333336,4.0,0,Healthy (16+ logins),219.0
CUST_00279,E-commerce,Mid-Market,2022-02-16,SUB_00279,Pro,199,2022-02-16,,Active,11,2,672,2.0,31.0,3.5,0,Medium Risk (6-15 logins),684.0
CUST_00280,E-commerce,Enterprise,2023-11-23,SUB_00280,Starter,49,2023-11-23,,Active,42,4,875,2.0,58.0,2.5,0,Healthy (16+ logins),39.0
CUST_00281,Healthcare,Mid-Market,2023-06-06,SUB_00281,Enterprise,999,2023-06-06,,Active,46,13,13671,3.0,40.0,2.6666666666666665,0,Healthy (16+ logins),209.0
CUST_00282,Logistics,Enterprise,2022-10-11,SUB_00282,Pro,199,2022-10-11,,Active,11,13,622,4.0,24.0,4.0,0,Medium Risk (6-15 logins),447.0
CUST_00283,FinTech,SMB,2023-01-12,SUB_00283,Starter,49,2023-01-12,,Active,8,4,57,3.0,25.0,4.333333333333333,0,Medium Risk (6-15 logins),354.0
CUST_00284,EdTech,SMB,2023-09-30,SUB_00284,Starter,49,2023-09-30,,Active,47,2,17,2.0,43.5,3.0,0,Healthy (16+ logins),93.0
CUST_00285,FinTech,Mid-Market,2022-05-14,SUB_00285,Starter,49,2022-05-14,,Active,20,11,878,1.0,30.0,4.0,0,Healthy (16+ logins),597.0
CUST_00286,Logistics,SMB,2023-10-29,SUB_00286,Pro,199,2023-10-29,2023-12-29,Churned,4,1,870,3.0,25.333333333333332,5.0,1,High Risk (≤5 logins),61.0
CUST_00287,EdTech,SMB,2022-09-05,SUB_00287,Starter,49,2022-09-05,,Active,24,12,139,2.0,63.5,3.0,0,Healthy (16+ logins),483.0
CUST_00288,Logistics,SMB,2023-10-14,SUB_00288,Pro,199,2023-10-14,,Active,35,14,457,4.0,30.5,2.5,0,Healthy (16+ logins),79.0
CUST_00289,E-commerce,SMB,2022-11-14,SUB_00289,Starter,49,2022-11-14,2023-08-01,Churned,1,0,705,4.0,34.0,3.75,1,High Risk (≤5 logins),260.0
CUST_00290,EdTech,SMB,2023-03-12,SUB_00290,Enterprise,999,2023-03-12,,Active,26,4,48004,3.0,42.333333333333336,3.6666666666666665,0,Healthy (16+ logins),295.0
CUST_00291,E-commerce,SMB,2022-06-25,SUB_00291,Starter,49,2022-06-25,2023-01-31,Churned,2,1,965,5.0,52.0,3.8,1,High Risk (≤5 logins),220.0
CUST_00292,FinTech,Mid-Market,2023-11-17,SUB_00292,Enterprise,999,2023-11-17,,Active,22,5,38307,2.0,22.5,3.0,0,Healthy (16+ logins),45.0
CUST_00293,FinTech,SMB,2023-08-09,SUB_00293,Enterprise,999,2023-08-09,,Active,36,10,33057,2.0,52.5,4.0,0,Healthy (16+ logins),145.0
CUST_00294,EdTech,SMB,2022-12-17,SUB_00294,Starter,49,2022-12-17,2023-12-11,Churned,2,0,795,1.0,66.0,5.0,1,High Risk (≤5 logins),359.0
CUST_00295,EdTech,SMB,2022-05-23,SUB_00295,Starter,49,2022-05-23,2022-11-13,Churned,4,1,119,0.0,0.0,5.0,1,High Risk (≤5 logins),174.0
CUST_00296,Logistics,SMB,2023-02-02,SUB_00296,Starter,49,2023-02-02,,Active,42,8,890,2.0,30.0,4.5,0,Healthy (16+ logins),333.0
CUST_00297,Logistics,Mid-Market,2023-09-16,SUB_00297,Enterprise,999,2023-09-16,,Active,48,4,2393,3.0,30.666666666666668,4.0,0,Healthy (16+ logins),107.0
CUST_00298,E-commerce,SMB,2023-10-05,SUB_00298,Pro,199,2023-10-05,2024-02-12,Churned,1,1,2,3.0,45.333333333333336,4.0,1,High Risk (≤5 logins),130.0
CUST_00299,EdTech,SMB,2023-01-04,SUB_00299,Starter,49,2023-01-04,,Active,37,11,943,2.0,46.5,3.5,0,Healthy (16+ logins),362.0
CUST_00300,FinTech,Mid-Market,2023-05-16,SUB_00300,Starter,49,2023-05-16,,Active,31,1,228,3.0,47.333333333333336,2.6666666666666665,0,Healthy (16+ logins),230.0
CUST_00301,Logistics,SMB,2023-09-14,SUB_00301,Starter,49,2023-09-14,2023-12-31,Churned,3,0,228,4.0,49.0,4.5,1,High Risk (≤5 logins),108.0
CUST_00302,Logistics,SMB,2023-01-05,SUB_00302,Enterprise,999,2023-01-05,,Active,47,4,4597,1.0,69.0,4.0,0,Healthy (16+ logins),361.0
CUST_00303,FinTech,SMB,2023-08-02,SUB_00303,Pro,199,2023-08-02,2024-02-07,Churned,2,1,342,3.0,35.666666666666664,4.333333333333333,1,High Risk (≤5 logins),189.0
CUST_00304,Logistics,Enterprise,2023-01-17,SUB_00304,Pro,199,2023-01-17,,Active,35,14,140,7.0,29.285714285714285,3.857142857142857,0,Healthy (16+ logins),349.0
CUST_00305,E-commerce,SMB,2022-03-27,SUB_00305,Starter,49,2022-03-27,2023-01-05,Churned,1,1,56,2.0,42.0,3.5,1,High Risk (≤5 logins),284.0
CUST_00306,EdTech,SMB,2023-04-05,SUB_00306,Starter,49,2023-04-05,2024-02-07,Churned,1,0,215,1.0,71.0,5.0,1,High Risk (≤5 logins),308.0
CUST_00307,FinTech,SMB,2022-11-21,SUB_00307,Enterprise,999,2022-11-21,,Active,42,6,4880,1.0,31.0,5.0,0,Healthy (16+ logins),406.0
CUST_00308,EdTech,SMB,2023-06-06,SUB_00308,Starter,49,2023-06-06,,Active,44,10,113,2.0,25.5,4.0,0,Healthy (16+ logins),209.0
CUST_00309,Logistics,SMB,2023-05-04,SUB_00309,Enterprise,999,2023-05-04,,Active,26,3,22248,3.0,28.333333333333332,4.666666666666667,0,Healthy (16+ logins),242.0
CUST_00310,Logistics,SMB,2023-02-01,SUB_00310,Starter,49,2023-02-01,2023-09-06,Churned,0,1,754,2.0,45.5,4.0,1,High Risk (≤5 logins),217.0
CUST_00311,FinTech,SMB,2022-12-21,SUB_00311,Starter,49,2022-12-21,2023-08-17,Churned,2,0,293,1.0,28.0,3.0,1,High Risk (≤5 logins),239.0
CUST_00312,E-commerce,Enterprise,2022-10-15,SUB_00312,Pro,199,2022-10-15,,Active,14,14,826,1.0,33.0,4.0,0,Medium Risk (6-15 logins),443.0
CUST_00313,Healthcare,Mid-Market,2023-04-04,SUB_00313,Enterprise,999,2023-04-04,,Active,14,10,47297,2.0,68.5,3.0,0,Medium Risk (6-15 logins),272.0
CUST_00314,FinTech,SMB,2023-09-16,SUB_00314,Enterprise,999,2023-09-16,2024-06-12,Churned,0,0,33700,2.0,28.5,4.5,1,High Risk (≤5 logins),270.0
CUST_00315,Healthcare,Mid-Market,2023-06-20,SUB_00315,Starter,49,2023-06-20,,Active,14,1,595,2.0,30.0,2.5,0,Medium Risk (6-15 logins),195.0
CUST_00316,Healthcare,SMB,2022-10-18,SUB_00316,Starter,49,2022-10-18,,Active,40,2,858,1.0,68.0,4.0,0,Healthy (16+ logins),440.0
CUST_00317,E-commerce,SMB,2022-06-17,SUB_00317,Pro,199,2022-06-17,2022-09-10,Churned,0,1,320,3.0,27.0,2.6666666666666665,1,High Risk (≤5 logins),85.0
CUST_00318,Healthcare,Mid-Market,2023-09-13,SUB_00318,Pro,199,2023-09-13,2024-02-26,Churned,3,1,841,1.0,62.0,2.0,1,High Risk (≤5 logins),166.0
CUST_00319,Healthcare,Mid-Market,2023-03-04,SUB_00319,Pro,199,2023-03-04,2023-07-17,Churned,4,1,713,3.0,45.0,4.0,1,High Risk (≤5 logins),135.0
CUST_00320,E-commerce,Mid-Market,2023-05-05,SUB_00320,Starter,49,2023-05-05,,Active,23,10,572,4.0,54.25,3.0,0,Healthy (16+ logins),241.0
CUST_00321,Healthcare,SMB,2022-12-21,SUB_00321,Enterprise,999,2022-12-21,,Active,47,6,40013,0.0,0.0,5.0,0,Healthy (16+ logins),376.0
CUST_00322,Healthcare,Enterprise,2022-07-15,SUB_00322,Pro,199,2022-07-15,,Active,27,6,757,1.0,40.0,5.0,0,Healthy (16+ logins),535.0
CUST_00323,Healthcare,SMB,2023-06-29,SUB_00323,Pro,199,2023-06-29,,Active,8,3,512,3.0,40.333333333333336,2.3333333333333335,0,Medium Risk (6-15 logins),186.0
CUST_00324,FinTech,Mid-Market,2023-11-25,SUB_00324,Pro,199,2023-11-25,2024-03-02,Churned,3,0,927,1.0,66.0,1.0,1,High Risk (≤5 logins),98.0
CUST_00325,FinTech,Enterprise,2023-10-21,SUB_00325,Starter,49,2023-10-21,,Active,28,10,754,1.0,38.0,4.0,0,Healthy (16+ logins),72.0
CUST_00326,FinTech,SMB,2022-01-11,SUB_00326,Enterprise,999,2022-01-11,,Active,17,9,44418,2.0,31.5,3.5,0,Healthy (16+ logins),720.0
CUST_00327,E-commerce,Mid-Market,2023-08-05,SUB_00327,Pro,199,2023-08-05,,Active,8,4,746,1.0,13.0,5.0,0,Medium Risk (6-15 logins),149.0
CUST_00328,Logistics,SMB,2022-09-13,SUB_00328,Pro,199,2022-09-13,,Active,31,9,410,1.0,47.0,3.0,0,Healthy (16+ logins),475.0
CUST_00329,Healthcare,SMB,2023-01-31,SUB_00329,Enterprise,999,2023-01-31,2023-09-07,Churned,0,1,44639,4.0,38.25,3.5,1,High Risk (≤5 logins),219.0
CUST_00330,Healthcare,SMB,2023-02-13,SUB_00330,Pro,199,2023-02-13,2023-09-22,Churned,0,0,16,4.0,45.5,3.25,1,High Risk (≤5 logins),221.0
CUST_00331,E-commerce,SMB,2022-12-28,SUB_00331,Pro,199,2022-12-28,2023-10-31,Churned,4,1,923,1.0,52.0,5.0,1,High Risk (≤5 logins),307.0
CUST_00332,Healthcare,Enterprise,2022-09-16,SUB_00332,Starter,49,2022-09-16,,Active,30,3,600,4.0,47.25,4.25,0,Healthy (16+ logins),472.0
CUST_00333,FinTech,Mid-Market,2022-01-03,SUB_00333,Starter,49,2022-01-03,,Active,38,8,51,1.0,58.0,4.0,0,Healthy (16+ logins),728.0
CUST_00334,Logistics,SMB,2022-03-25,SUB_00334,Starter,49,2022-03-25,2022-05-25,Churned,2,1,369,1.0,60.0,2.0,1,High Risk (≤5 logins),61.0
CUST_00335,EdTech,Mid-Market,2022-06-05,SUB_00335,Starter,49,2022-06-05,2022-12-26,Churned,0,1,163,6.0,39.333333333333336,4.166666666666667,1,High Risk (≤5 logins),204.0
CUST_00336,Healthcare,Enterprise,2023-10-25,SUB_00336,Starter,49,2023-10-25,,Active,5,8,302,3.0,56.333333333333336,3.3333333333333335,0,High Risk (≤5 logins),68.0
CUST_00337,FinTech,SMB,2022-06-25,SUB_00337,Starter,49,2022-06-25,,Active,12,3,449,2.0,35.5,3.5,0,Medium Risk (6-15 logins),555.0
CUST_00338,EdTech,Enterprise,2023-04-17,SUB_00338,Starter,49,2023-04-17,,Active,14,1,927,1.0,59.0,1.0,0,Medium Risk (6-15 logins),259.0
CUST_00339,Logistics,SMB,2023-09-11,SUB_00339,Starter,49,2023-09-11,2024-06-24,Churned,2,0,543,5.0,38.8,3.8,1,High Risk (≤5 logins),287.0
CUST_00340,EdTech,Mid-Market,2023-02-28,SUB_00340,Starter,49,2023-02-28,,Active,29,4,709,5.0,50.2,4.4,0,Healthy (16+ logins),307.0
CUST_00341,FinTech,SMB,2022-05-14,SUB_00341,Starter,49,2022-05-14,2022-10-13,Churned,1,0,501,1.0,53.0,4.0,1,High Risk (≤5 logins),152.0
CUST_00342,EdTech,SMB,2023-01-15,SUB_00342,Pro,199,2023-01-15,2023-05-09,Churned,2,1,350,2.0,35.0,5.0,1,High Risk (≤5 logins),114.0
CUST_00343,E-commerce,SMB,2023-10-29,SUB_00343,Pro,199,2023-10-29,,Active,7,3,378,3.0,24.0,2.0,0,Medium Risk (6-15 logins),64.0
CUST_00344,EdTech,Mid-Market,2022-10-04,SUB_00344,Starter,49,2022-10-04,,Active,43,5,438,2.0,32.0,3.5,0,Healthy (16+ logins),454.0
CUST_00345,Healthcare,SMB,2022-08-24,SUB_00345,Pro,199,2022-08-24,2023-04-26,Churned,2,1,200,7.0,46.285714285714285,3.2857142857142856,1,High Risk (≤5 logins),245.0
CUST_00346,Healthcare,SMB,2022-01-13,SUB_00346,Pro,199,2022-01-13,2022-09-15,Churned,2,1,106,3.0,35.0,4.0,1,High Risk (≤5 logins),245.0
CUST_00347,E-commerce,SMB,2022-12-08,SUB_00347,Starter,49,2022-12-08,,Active,12,13,504,2.0,38.5,4.0,0,Medium Risk (6-15 logins),389.0
CUST_00348,FinTech,Enterprise,2022-02-04,SUB_00348,Pro,199,2022-02-04,,Active,5,3,383,0.0,0.0,5.0,0,High Risk (≤5 logins),696.0
CUST_00349,Healthcare,SMB,2023-07-13,SUB_00349,Enterprise,999,2023-07-13,,Active,9,5,5892,1.0,49.0,4.0,0,Medium Risk (6-15 logins),172.0
CUST_00350,Logistics,SMB,2022-08-02,SUB_00350,Pro,199,2022-08-02,,Active,31,11,856,2.0,26.0,1.0,0,Healthy (16+ logins),517.0
CUST_00351,Healthcare,SMB,2023-02-16,SUB_00351,Starter,49,2023-02-16,2023-03-31,Churned,2,1,295,1.0,66.0,2.0,1,High Risk (≤5 logins),43.0
CUST_00352,Healthcare,SMB,2023-02-09,SUB_00352,Pro,199,2023-02-09,2023-04-16,Churned,0,0,27,0.0,0.0,5.0,1,High Risk (≤5 logins),66.0
CUST_00353,FinTech,Mid-Market,2023-05-09,SUB_00353,Starter,49,2023-05-09,2023-07-04,Churned,2,1,336,2.0,37.0,3.5,1,High Risk (≤5 logins),56.0
CUST_00354,EdTech,Mid-Market,2023-10-20,SUB_00354,Pro,199,2023-10-20,,Active,30,2,286,3.0,39.0,3.6666666666666665,0,Healthy (16+ logins),73.0
CUST_00355,Healthcare,SMB,2022-06-08,SUB_00355,Enterprise,999,2022-06-08,,Active,15,3,42569,1.0,17.0,5.0,0,Medium Risk (6-15 logins),572.0
CUST_00356,E-commerce,SMB,2023-09-29,SUB_00356,Pro,199,2023-09-29,2024-03-28,Churned,2,1,342,3.0,24.0,2.6666666666666665,1,High Risk (≤5 logins),181.0
CUST_00357,EdTech,Mid-Market,2022-04-20,SUB_00357,Enterprise,999,2022-04-20,,Active,45,9,35326,3.0,37.0,4.0,0,Healthy (16+ logins),621.0
CUST_00358,Logistics,SMB,2023-07-03,SUB_00358,Starter,49,2023-07-03,2023-10-04,Churned,0,1,665,0.0,0.0,5.0,1,High Risk (≤5 logins),93.0
CUST_00359,FinTech,Mid-Market,2023-06-10,SUB_00359,Enterprise,999,2023-06-10,2023-09-17,Churned,4,1,39025,1.0,48.0,5.0,1,High Risk (≤5 logins),99.0
CUST_00360,Logistics,Mid-Market,2022-12-13,SUB_00360,Pro,199,2022-12-13,,Active,30,6,486,2.0,32.5,2.5,0,Healthy (16+ logins),384.0
CUST_00361,EdTech,Mid-Market,2023-09-28,SUB_00361,Starter,49,2023-09-28,,Active,16,4,618,2.0,29.5,3.5,0,Healthy (16+ logins),95.0
CUST_00362,EdTech,SMB,2022-10-06,SUB_00362,Pro,199,2022-10-06,2023-04-07,Churned,1,1,250,6.0,28.833333333333332,2.5,1,High Risk (≤5 logins),183.0
CUST_00363,EdTech,SMB,2023-04-24,SUB_00363,Starter,49,2023-04-24,2024-01-31,Churned,2,0,362,2.0,53.0,3.0,1,High Risk (≤5 logins),282.0
CUST_00364,Logistics,Enterprise,2022-04-21,SUB_00364,Starter,49,2022-04-21,,Active,27,13,106,3.0,30.333333333333332,3.6666666666666665,0,Healthy (16+ logins),620.0
CUST_00365,EdTech,SMB,2023-09-28,SUB_00365,Pro,199,2023-09-28,,Active,46,10,505,4.0,24.75,4.5,0,Healthy (16+ logins),95.0
CUST_00366,Logistics,Mid-Market,2023-03-07,SUB_00366,Starter,49,2023-03-07,,Active,9,10,441,3.0,25.666666666666668,2.6666666666666665,0,Medium Risk (6-15 logins),300.0
CUST_00367,EdTech,SMB,2023-06-26,SUB_00367,Pro,199,2023-06-26,,Active,13,13,116,1.0,65.0,3.0,0,Medium Risk (6-15 logins),189.0
CUST_00368,E-commerce,Mid-Market,2022-04-25,SUB_00368,Starter,49,2022-04-25,2023-02-19,Churned,2,1,244,4.0,41.0,3.5,1,High Risk (≤5 logins),300.0
CUST_00369,EdTech,SMB,2022-03-31,SUB_00369,Starter,49,2022-03-31,2022-05-28,Churned,1,1,78,3.0,58.0,4.0,1,High Risk (≤5 logins),58.0
CUST_00370,Logistics,SMB,2022-07-31,SUB_00370,Enterprise,999,2022-07-31,2022-11-11,Churned,4,1,12261,4.0,43.75,3.25,1,High Risk (≤5 logins),103.0
CUST_00371,Healthcare,SMB,2023-07-04,SUB_00371,Starter,49,2023-07-04,,Active,40,11,485,3.0,30.0,4.666666666666667,0,Healthy (16+ logins),181.0
CUST_00372,EdTech,Mid-Market,2023-08-18,SUB_00372,Pro,199,2023-08-18,,Active,14,14,22,1.0,64.0,4.0,0,Medium Risk (6-15 logins),136.0
CUST_00373,Healthcare,Mid-Market,2023-06-23,SUB_00373,Pro,199,2023-06-23,,Active,41,4,196,0.0,0.0,5.0,0,Healthy (16+ logins),192.0
CUST_00374,E-commerce,SMB,2022-12-26,SUB_00374,Pro,199,2022-12-26,2023-11-04,Churned,1,0,360,3.0,53.333333333333336,4.0,1,High Risk (≤5 logins),313.0
CUST_00375,FinTech,SMB,2023-05-01,SUB_00375,Enterprise,999,2023-05-01,,Active,42,12,40534,3.0,43.333333333333336,3.6666666666666665,0,Healthy (16+ logins),245.0
CUST_00376,E-commerce,Mid-Market,2023-01-07,SUB_00376,Pro,199,2023-01-07,2023-04-05,Churned,2,1,426,7.0,44.285714285714285,3.4285714285714284,1,High Risk (≤5 logins),88.0
CUST_00377,EdTech,SMB,2022-08-03,SUB_00377,Starter,49,2022-08-03,2023-05-02,Churned,3,1,216,4.0,54.25,4.5,1,High Risk (≤5 logins),272.0
CUST_00378,Healthcare,SMB,2022-01-15,SUB_00378,Pro,199,2022-01-15,2023-01-08,Churned,2,1,989,2.0,63.5,3.0,1,High Risk (≤5 logins),358.0
CUST_00379,Healthcare,SMB,2022-09-16,SUB_00379,Starter,49,2022-09-16,2023-03-13,Churned,1,1,758,2.0,54.0,3.5,1,High Risk (≤5 logins),178.0
CUST_00380,Logistics,SMB,2023-04-08,SUB_00380,Pro,199,2023-04-08,2023-05-17,Churned,3,1,665,2.0,36.0,4.5,1,High Risk (≤5 logins),39.0
CUST_00381,Healthcare,SMB,2022-04-30,SUB_00381,Enterprise,999,2022-04-30,,Active,24,3,38401,1.0,16.0,4.0,0,Healthy (16+ logins),611.0
CUST_00382,Logistics,SMB,2022-05-08,SUB_00382,Pro,199,2022-05-08,2022-10-16,Churned,0,1,627,1.0,24.0,2.0,1,High Risk (≤5 logins),161.0
CUST_00383,FinTech,SMB,2023-06-07,SUB_00383,Pro,199,2023-06-07,,Active,45,12,195,3.0,40.0,2.3333333333333335,0,Healthy (16+ logins),208.0
CUST_00384,EdTech,SMB,2023-11-19,SUB_00384,Pro,199,2023-11-19,,Active,9,1,566,5.0,43.6,3.4,0,Medium Risk (6-15 logins),43.0
CUST_00385,Logistics,SMB,2023-10-07,SUB_00385,Pro,199,2023-10-07,,Active,40,4,686,3.0,48.0,3.3333333333333335,0,Healthy (16+ logins),86.0
CUST_00386,FinTech,SMB,2022-11-21,SUB_00386,Enterprise,999,2022-11-21,2023-02-20,Churned,2,0,25211,3.0,34.0,4.0,1,High Risk (≤5 logins),91.0
CUST_00387,Healthcare,SMB,2022-11-16,SUB_00387,Starter,49,2022-11-16,,Active,21,14,442,5.0,41.8,4.2,0,Healthy (16+ logins),411.0
CUST_00388,Healthcare,Mid-Market,2023-05-21,SUB_00388,Starter,49,2023-05-21,,Active,30,14,996,2.0,42.5,4.0,0,Healthy (16+ logins),225.0
CUST_00389,FinTech,SMB,2023-06-10,SUB_00389,Starter,49,2023-06-10,2024-03-27,Churned,2,1,458,1.0,25.0,5.0,1,High Risk (≤5 logins),291.0
CUST_00390,Healthcare,SMB,2022-02-19,SUB_00390,Pro,199,2022-02-19,2022-10-24,Churned,4,1,458,6.0,31.666666666666668,3.3333333333333335,1,High Risk (≤5 logins),247.0
CUST_00391,FinTech,SMB,2023-08-07,SUB_00391,Starter,49,2023-08-07,2024-04-24,Churned,4,0,483,0.0,0.0,5.0,1,High Risk (≤5 logins),261.0
CUST_00392,Logistics,SMB,2022-03-10,SUB_00392,Starter,49,2022-03-10,,Active,37,1,143,1.0,65.0,4.0,0,Healthy (16+ logins),662.0
CUST_00393,Logistics,SMB,2023-01-26,SUB_00393,Starter,49,2023-01-26,,Active,34,14,313,6.0,30.333333333333332,3.3333333333333335,0,Healthy (16+ logins),340.0
CUST_00394,FinTech,SMB,2023-01-18,SUB_00394,Enterprise,999,2023-01-18,,Active,20,13,27150,3.0,35.333333333333336,4.666666666666667,0,Healthy (16+ logins),348.0
CUST_00395,Logistics,Mid-Market,2022-01-16,SUB_00395,Pro,199,2022-01-16,,Active,11,12,728,3.0,47.666666666666664,4.666666666666667,0,Medium Risk (6-15 logins),715.0
CUST_00396,Logistics,SMB,2023-03-15,SUB_00396,Starter,49,2023-03-15,,Active,34,3,256,3.0,39.666666666666664,4.333333333333333,0,Healthy (16+ logins),292.0
CUST_00397,Logistics,Enterprise,2023-07-22,SUB_00397,Starter,49,2023-07-22,2023-10-31,Churned,3,0,638,3.0,37.0,3.3333333333333335,1,High Risk (≤5 logins),101.0
CUST_00398,E-commerce,SMB,2023-09-09,SUB_00398,Starter,49,2023-09-09,,Active,16,14,473,1.0,47.0,3.0,0,Healthy (16+ logins),114.0
CUST_00399,EdTech,SMB,2022-05-12,SUB_00399,Starter,49,2022-05-12,,Active,47,3,684,3.0,43.333333333333336,2.6666666666666665,0,Healthy (16+ logins),599.0
CUST_00400,Healthcare,SMB,2023-07-14,SUB_00400,Starter,49,2023-07-14,,Active,44,11,605,4.0,41.0,3.75,0,Healthy (16+ logins),171.0
CUST_00401,E-commerce,SMB,2022-09-05,SUB_00401,Enterprise,999,2022-09-05,,Active,5,6,18736,0.0,0.0,5.0,0,High Risk (≤5 logins),483.0
CUST_00402,Logistics,SMB,2022-09-30,SUB_00402,Enterprise,999,2022-09-30,,Active,7,4,4734,5.0,53.8,3.6,0,Medium Risk (6-15 logins),458.0
CUST_00403,FinTech,Mid-Market,2023-09-15,SUB_00403,Starter,49,2023-09-15,,Active,12,4,218,5.0,52.4,3.8,0,Medium Risk (6-15 logins),108.0
CUST_00404,Logistics,SMB,2022-12-15,SUB_00404,Starter,49,2022-12-15,2023-01-29,Churned,0,1,563,1.0,51.0,5.0,1,High Risk (≤5 logins),45.0
CUST_00405,EdTech,Enterprise,2023-04-29,SUB_00405,Starter,49,2023-04-29,,Active,44,12,530,5.0,45.4,3.6,0,Healthy (16+ logins),247.0
CUST_00406,Logistics,Mid-Market,2023-07-04,SUB_00406,Starter,49,2023-07-04,,Active,15,10,357,1.0,32.0,4.0,0,Medium Risk (6-15 logins),181.0
CUST_00407,FinTech,SMB,2022-12-23,SUB_00407,Starter,49,2022-12-23,,Active,25,13,236,4.0,42.0,3.5,0,Healthy (16+ logins),374.0
CUST_00408,EdTech,SMB,2022-11-14,SUB_00408,Starter,49,2022-11-14,,Active,9,12,682,2.0,21.0,4.5,0,Medium Risk (6-15 logins),413.0
CUST_00409,Logistics,SMB,2023-09-25,SUB_00409,Starter,49,2023-09-25,,Active,44,11,274,5.0,41.0,4.2,0,Healthy (16+ logins),98.0
CUST_00410,EdTech,SMB,2022-02-17,SUB_00410,Pro,199,2022-02-17,,Active,30,4,806,2.0,42.0,4.0,0,Healthy (16+ logins),683.0
CUST_00411,Healthcare,SMB,2022-01-10,SUB_00411,Pro,199,2022-01-10,,Active,25,1,875,1.0,36.0,5.0,0,Healthy (16+ logins),721.0
CUST_00412,Healthcare,SMB,2022-08-21,SUB_00412,Pro,199,2022-08-21,,Active,13,5,671,7.0,49.142857142857146,3.142857142857143,0,Medium Risk (6-15 logins),498.0
CUST_00413,Logistics,SMB,2022-02-05,SUB_00413,Starter,49,2022-02-05,,Active,21,13,751,3.0,20.0,2.3333333333333335,0,Healthy (16+ logins),695.0
CUST_00414,EdTech,SMB,2023-02-17,SUB_00414,Enterprise,999,2023-02-17,,Active,41,3,10096,1.0,41.0,3.0,0,Healthy (16+ logins),318.0
CUST_00415,FinTech,Enterprise,2023-04-07,SUB_00415,Enterprise,999,2023-04-07,,Active,6,13,35994,0.0,0.0,5.0,0,Medium Risk (6-15 logins),269.0
CUST_00416,Logistics,Mid-Market,2022-01-04,SUB_00416,Starter,49,2022-01-04,,Active,44,10,558,3.0,46.333333333333336,2.3333333333333335,0,Healthy (16+ logins),727.0
CUST_00417,Healthcare,Enterprise,2022-02-13,SUB_00417,Starter,49,2022-02-13,,Active,32,5,396,3.0,37.333333333333336,4.666666666666667,0,Healthy (16+ logins),687.0
CUST_00418,Healthcare,SMB,2023-07-22,SUB_00418,Pro,199,2023-07-22,,Active,31,14,73,1.0,46.0,5.0,0,Healthy (16+ logins),163.0
CUST_00419,Logistics,SMB,2023-07-08,SUB_00419,Starter,49,2023-07-08,,Active,44,3,977,2.0,53.0,3.5,0,Healthy (16+ logins),177.0
CUST_00420,EdTech,SMB,2022-09-12,SUB_00420,Starter,49,2022-09-12,,Active,5,5,675,0.0,0.0,5.0,0,High Risk (≤5 logins),476.0
CUST_00421,Healthcare,SMB,2022-04-24,SUB_00421,Pro,199,2022-04-24,,Active,15,4,981,6.0,35.333333333333336,4.166666666666667,0,Medium Risk (6-15 logins),617.0
CUST_00422,EdTech,SMB,2023-02-01,SUB_00422,Pro,199,2023-02-01,,Active,43,9,709,4.0,39.25,4.0,0,Healthy (16+ logins),334.0
CUST_00423,Healthcare,Mid-Market,2022-06-23,SUB_00423,Starter,49,2022-06-23,,Active,22,14,922,1.0,52.0,5.0,0,Healthy (16+ logins),557.0
CUST_00424,Healthcare,Mid-Market,2022-09-12,SUB_00424,Pro,199,2022-09-12,2022-11-18,Churned,3,1,327,1.0,6.0,3.0,1,High Risk (≤5 logins),67.0
CUST_00425,E-commerce,SMB,2023-04-11,SUB_00425,Enterprise,999,2023-04-11,2023-11-03,Churned,2,0,12671,4.0,42.25,3.5,1,High Risk (≤5 logins),206.0
CUST_00426,Healthcare,SMB,2022-10-04,SUB_00426,Starter,49,2022-10-04,2023-09-19,Churned,0,0,147,3.0,29.0,4.0,1,High Risk (≤5 logins),350.0
CUST_00427,FinTech,SMB,2023-04-09,SUB_00427,Pro,199,2023-04-09,2023-07-30,Churned,2,1,85,4.0,45.0,3.75,1,High Risk (≤5 logins),112.0
CUST_00428,Logistics,SMB,2023-05-17,SUB_00428,Starter,49,2023-05-17,2023-07-02,Churned,3,1,520,0.0,0.0,5.0,1,High Risk (≤5 logins),46.0
CUST_00429,Logistics,SMB,2023-03-17,SUB_00429,Starter,49,2023-03-17,2023-09-18,Churned,0,1,502,3.0,33.333333333333336,3.6666666666666665,1,High Risk (≤5 logins),185.0
CUST_00430,EdTech,SMB,2022-03-10,SUB_00430,Pro,199,2022-03-10,,Active,18,1,764,2.0,40.5,2.0,0,Healthy (16+ logins),662.0
CUST_00431,Healthcare,SMB,2023-05-24,SUB_00431,Starter,49,2023-05-24,,Active,24,1,231,3.0,49.0,3.6666666666666665,0,Healthy (16+ logins),222.0
CUST_00432,FinTech,Enterprise,2022-11-22,SUB_00432,Starter,49,2022-11-22,,Active,13,9,887,1.0,15.0,5.0,0,Medium Risk (6-15 logins),405.0
CUST_00433,EdTech,SMB,2022-03-08,SUB_00433,Starter,49,2022-03-08,2022-09-25,Churned,1,0,497,6.0,40.166666666666664,3.8333333333333335,1,High Risk (≤5 logins),201.0
CUST_00434,E-commerce,Mid-Market,2022-10-31,SUB_00434,Pro,199,2022-10-31,2023-02-07,Churned,2,0,422,3.0,41.0,4.0,1,High Risk (≤5 logins),99.0
CUST_00435,EdTech,SMB,2023-04-29,SUB_00435,Pro,199,2023-04-29,,Active,8,4,466,2.0,51.0,4.0,0,Medium Risk (6-15 logins),247.0
CUST_00436,EdTech,SMB,2023-07-02,SUB_00436,Starter,49,2023-07-02,2023-10-10,Churned,2,0,246,4.0,49.25,3.75,1,High Risk (≤5 logins),100.0
CUST_00437,Healthcare,SMB,2023-02-21,SUB_00437,Pro,199,2023-02-21,,Active,22,5,369,3.0,26.333333333333332,3.3333333333333335,0,Healthy (16+ logins),314.0
CUST_00438,E-commerce,SMB,2022-06-08,SUB_00438,Starter,49,2022-06-08,,Active,35,9,512,1.0,24.0,2.0,0,Healthy (16+ logins),572.0
CUST_00439,EdTech,SMB,2022-05-29,SUB_00439,Pro,199,2022-05-29,,Active,43,3,778,3.0,24.666666666666668,4.333333333333333,0,Healthy (16+ logins),582.0
CUST_00440,FinTech,Mid-Market,2022-01-27,SUB_00440,Starter,49,2022-01-27,,Active,14,3,104,4.0,30.5,3.75,0,Medium Risk (6-15 logins),704.0
CUST_00441,FinTech,Mid-Market,2023-08-07,SUB_00441,Pro,199,2023-08-07,,Active,13,12,233,6.0,41.166666666666664,3.8333333333333335,0,Medium Risk (6-15 logins),147.0
CUST_00442,Logistics,SMB,2022-09-05,SUB_00442,Enterprise,999,2022-09-05,2023-06-16,Churned,0,0,10899,1.0,28.0,1.0,1,High Risk (≤5 logins),284.0
CUST_00443,E-commerce,SMB,2022-04-11,SUB_00443,Enterprise,999,2022-04-11,2022-09-18,Churned,0,1,4455,2.0,43.5,4.5,1,High Risk (≤5 logins),160.0
CUST_00444,E-commerce,Enterprise,2022-04-06,SUB_00444,Starter,49,2022-04-06,,Active,17,7,474,2.0,66.0,4.5,0,Healthy (16+ logins),635.0
CUST_00445,Logistics,SMB,2023-01-19,SUB_00445,Pro,199,2023-01-19,,Active,22,2,592,2.0,32.0,4.5,0,Healthy (16+ logins),347.0
CUST_00446,EdTech,SMB,2022-10-09,SUB_00446,Starter,49,2022-10-09,2022-12-26,Churned,2,1,634,2.0,66.5,4.0,1,High Risk (≤5 logins),78.0
CUST_00447,E-commerce,SMB,2022-11-18,SUB_00447,Enterprise,999,2022-11-18,,Active,12,7,17964,0.0,0.0,5.0,0,Medium Risk (6-15 logins),409.0
CUST_00448,FinTech,Mid-Market,2023-01-31,SUB_00448,Starter,49,2023-01-31,,Active,27,1,818,1.0,50.0,3.0,0,Healthy (16+ logins),335.0
CUST_00449,FinTech,Enterprise,2022-10-05,SUB_00449,Starter,49,2022-10-05,,Active,9,1,272,2.0,37.0,4.5,0,Medium Risk (6-15 logins),453.0
CUST_00450,Healthcare,SMB,2023-06-13,SUB_00450,Starter,49,2023-06-13,,Active,11,8,870,6.0,31.333333333333332,3.3333333333333335,0,Medium Risk (6-15 logins),202.0
CUST_00451,E-commerce,Mid-Market,2022-09-20,SUB_00451,Starter,49,2022-09-20,,Active,19,6,758,3.0,49.666666666666664,4.333333333333333,0,Healthy (16+ logins),468.0
CUST_00452,EdTech,Mid-Market,2023-09-11,SUB_00452,Pro,199,2023-09-11,,Active,7,2,874,1.0,63.0,2.0,0,Medium Risk (6-15 logins),112.0
CUST_00453,Logistics,SMB,2023-08-03,SUB_00453,Enterprise,999,2023-08-03,2023-09-22,Churned,1,0,12876,3.0,44.333333333333336,5.0,1,High Risk (≤5 logins),50.0
CUST_00454,Logistics,SMB,2023-10-02,SUB_00454,Pro,199,2023-10-02,,Active,42,10,193,4.0,48.75,2.5,0,Healthy (16+ logins),91.0
CUST_00455,EdTech,SMB,2022-10-20,SUB_00455,Pro,199,2022-10-20,,Active,30,1,111,0.0,0.0,5.0,0,Healthy (16+ logins),438.0
CUST_00456,Healthcare,Enterprise,2022-10-21,SUB_00456,Pro,199,2022-10-21,,Active,42,3,22,3.0,42.0,4.0,0,Healthy (16+ logins),437.0
CUST_00457,Logistics,SMB,2023-08-31,SUB_00457,Starter,49,2023-08-31,2024-08-14,Churned,2,0,936,3.0,22.333333333333332,4.333333333333333,1,High Risk (≤5 logins),349.0
CUST_00458,E-commerce,Mid-Market,2023-01-30,SUB_00458,Starter,49,2023-01-30,2023-10-06,Churned,0,0,893,2.0,32.0,3.5,1,High Risk (≤5 logins),249.0
CUST_00459,Healthcare,SMB,2023-05-28,SUB_00459,Starter,49,2023-05-28,,Active,21,13,314,1.0,36.0,5.0,0,Healthy (16+ logins),218.0
CUST_00460,E-commerce,Mid-Market,2022-06-29,SUB_00460,Starter,49,2022-06-29,,Active,47,5,201,2.0,39.5,3.5,0,Healthy (16+ logins),551.0
CUST_00461,FinTech,SMB,2023-11-24,SUB_00461,Starter,49,2023-11-24,,Active,6,11,500,1.0,58.0,5.0,0,Medium Risk (6-15 logins),38.0
CUST_00462,Healthcare,SMB,2022-08-23,SUB_00462,Starter,49,2022-08-23,,Active,29,10,617,2.0,43.0,4.0,0,Healthy (16+ logins),496.0
CUST_00463,Logistics,Mid-Market,2022-12-03,SUB_00463,Starter,49,2022-12-03,,Active,45,3,605,3.0,47.666666666666664,3.3333333333333335,0,Healthy (16+ logins),394.0
CUST_00464,Healthcare,Mid-Market,2022-01-08,SUB_00464,Starter,49,2022-01-08,,Active,23,13,994,4.0,57.25,3.5,0,Healthy (16+ logins),723.0
CUST_00465,Healthcare,Mid-Market,2023-03-19,SUB_00465,Enterprise,999,2023-03-19,,Active,42,14,9471,3.0,52.666666666666664,3.0,0,Healthy (16+ logins),288.0
CUST_00466,Healthcare,SMB,2023-06-23,SUB_00466,Starter,49,2023-06-23,2024-01-25,Churned,2,0,656,3.0,55.333333333333336,3.6666666666666665,1,High Risk (≤5 logins),216.0
CUST_00467,Healthcare,Mid-Market,2023-10-20,SUB_00467,Pro,199,2023-10-20,,Active,43,12,507,2.0,66.0,4.0,0,Healthy (16+ logins),73.0
CUST_00468,E-commerce,SMB,2022-04-01,SUB_00468,Pro,199,2022-04-01,2022-06-01,Churned,3,0,365,2.0,36.0,3.5,1,High Risk (≤5 logins),61.0
CUST_00469,FinTech,SMB,2022-09-29,SUB_00469,Pro,199,2022-09-29,2023-05-19,Churned,3,0,530,3.0,19.0,3.6666666666666665,1,High Risk (≤5 logins),232.0
CUST_00470,EdTech,SMB,2022-01-05,SUB_00470,Starter,49,2022-01-05,2022-11-06,Churned,2,0,721,3.0,47.666666666666664,4.333333333333333,1,High Risk (≤5 logins),305.0
CUST_00471,Healthcare,SMB,2023-08-17,SUB_00471,Starter,49,2023-08-17,2024-05-14,Churned,1,1,593,4.0,50.5,3.5,1,High Risk (≤5 logins),271.0
CUST_00472,Logistics,SMB,2022-08-07,SUB_00472,Starter,49,2022-08-07,,Active,14,4,45,3.0,38.666666666666664,2.0,0,Medium Risk (6-15 logins),512.0
CUST_00473,Healthcare,Enterprise,2022-04-28,SUB_00473,Starter,49,2022-04-28,2022-06-12,Churned,2,1,34,5.0,51.2,4.8,1,High Risk (≤5 logins),45.0
CUST_00474,Logistics,SMB,2023-08-16,SUB_00474,Starter,49,2023-08-16,,Active,30,11,201,3.0,40.333333333333336,4.0,0,Healthy (16+ logins),138.0
CUST_00475,E-commerce,Mid-Market,2023-08-05,SUB_00475,Pro,199,2023-08-05,,Active,31,13,534,2.0,39.0,4.0,0,Healthy (16+ logins),149.0
CUST_00476,Logistics,SMB,2022-04-25,SUB_00476,Pro,199,2022-04-25,,Active,5,9,364,1.0,55.0,4.0,0,High Risk (≤5 logins),616.0
CUST_00477,EdTech,SMB,2022-09-20,SUB_00477,Pro,199,2022-09-20,2023-08-31,Churned,0,0,469,1.0,14.0,4.0,1,High Risk (≤5 logins),345.0
CUST_00478,FinTech,SMB,2022-11-02,SUB_00478,Starter,49,2022-11-02,2023-05-23,Churned,1,1,299,1.0,18.0,4.0,1,High Risk (≤5 logins),202.0
CUST_00479,Logistics,Enterprise,2023-10-16,SUB_00479,Starter,49,2023-10-16,,Active,29,9,776,1.0,45.0,4.0,0,Healthy (16+ logins),77.0
CUST_00480,Logistics,Mid-Market,2023-02-26,SUB_00480,Pro,199,2023-02-26,,Active,14,11,415,5.0,26.2,2.8,0,Medium Risk (6-15 logins),309.0
CUST_00481,FinTech,Enterprise,2022-07-26,SUB_00481,Starter,49,2022-07-26,,Active,5,14,345,2.0,38.0,4.0,0,High Risk (≤5 logins),524.0
CUST_00482,EdTech,Enterprise,2023-09-15,SUB_00482,Pro,199,2023-09-15,2024-02-28,Churned,0,0,348,3.0,35.333333333333336,3.3333333333333335,1,High Risk (≤5 logins),166.0
CUST_00483,Healthcare,SMB,2022-10-30,SUB_00483,Pro,199,2022-10-30,,Active,15,1,698,3.0,43.666666666666664,3.6666666666666665,0,Medium Risk (6-15 logins),428.0
CUST_00484,Logistics,SMB,2022-04-22,SUB_00484,Starter,49,2022-04-22,,Active,8,12,809,4.0,47.5,3.75,0,Medium Risk (6-15 logins),619.0
CUST_00485,FinTech,Mid-Market,2023-02-21,SUB_00485,Starter,49,2023-02-21,,Active,39,6,189,0.0,0.0,5.0,0,Healthy (16+ logins),314.0
CUST_00486,E-commerce,SMB,2023-07-09,SUB_00486,Starter,49,2023-07-09,,Active,17,11,402,1.0,21.0,5.0,0,Healthy (16+ logins),176.0
CUST_00487,FinTech,SMB,2022-10-12,SUB_00487,Starter,49,2022-10-12,2023-05-08,Churned,3,0,751,2.0,36.5,2.5,1,High Risk (≤5 logins),208.0
CUST_00488,E-commerce,SMB,2023-10-02,SUB_00488,Starter,49,2023-10-02,,Active,19,6,348,0.0,0.0,5.0,0,Healthy (16+ logins),91.0
CUST_00489,EdTech,SMB,2022-07-04,SUB_00489,Starter,49,2022-07-04,,Active,14,10,372,7.0,44.142857142857146,3.857142857142857,0,Medium Risk (6-15 logins),546.0
CUST_00490,Healthcare,SMB,2022-08-09,SUB_00490,Starter,49,2022-08-09,,Active,42,3,638,2.0,33.5,3.5,0,Healthy (16+ logins),510.0
CUST_00491,FinTech,SMB,2023-03-20,SUB_00491,Pro,199,2023-03-20,,Active,15,14,504,4.0,35.5,2.5,0,Medium Risk (6-15 logins),287.0
CUST_00492,Logistics,SMB,2022-04-27,SUB_00492,Pro,199,2022-04-27,,Active,36,3,290,3.0,36.666666666666664,5.0,0,Healthy (16+ logins),614.0
CUST_00493,EdTech,SMB,2022-03-11,SUB_00493,Starter,49,2022-03-11,,Active,37,10,971,2.0,49.0,2.5,0,Healthy (16+ logins),661.0
CUST_00494,FinTech,SMB,2022-03-11,SUB_00494,Enterprise,999,2022-03-11,2022-06-09,Churned,0,1,6701,2.0,24.5,5.0,1,High Risk (≤5 logins),90.0
CUST_00495,Logistics,SMB,2023-09-14,SUB_00495,Enterprise,999,2023-09-14,,Active,40,7,17964,0.0,0.0,5.0,0,Healthy (16+ logins),109.0
CUST_00496,FinTech,Mid-Market,2023-03-03,SUB_00496,Enterprise,999,2023-03-03,2023-07-14,Churned,3,0,30093,3.0,28.333333333333332,4.333333333333333,1,High Risk (≤5 logins),133.0
CUST_00497,E-commerce,SMB,2023-10-06,SUB_00497,Pro,199,2023-10-06,,Active,14,6,110,0.0,0.0,5.0,0,Medium Risk (6-15 logins),87.0
CUST_00498,FinTech,SMB,2023-07-22,SUB_00498,Starter,49,2023-07-22,2024-07-02,Churned,1,0,554,6.0,43.333333333333336,3.0,1,High Risk (≤5 logins),346.0
CUST_00499,FinTech,Mid-Market,2023-03-19,SUB_00499,Starter,49,2023-03-19,,Active,33,2,502,2.0,41.5,3.5,0,Healthy (16+ logins),288.0
CUST_00500,FinTech,SMB,2023-08-24,SUB_00500,Pro,199,2023-08-24,,Active,5,13,300,4.0,55.5,4.0,0,High Risk (≤5 logins),130.0
CUST_00501,EdTech,SMB,2022-05-17,SUB_00501,Pro,199,2022-05-17,,Active,25,11,645,1.0,23.0,2.0,0,Healthy (16+ logins),594.0
CUST_00502,FinTech,Mid-Market,2023-05-19,SUB_00502,Pro,199,2023-05-19,,Active,19,12,12,1.0,39.0,3.0,0,Healthy (16+ logins),227.0
CUST_00503,Logistics,SMB,2022-05-11,SUB_00503,Enterprise,999,2022-05-11,2022-12-21,Churned,4,1,11487,3.0,41.666666666666664,3.3333333333333335,1,High Risk (≤5 logins),224.0
CUST_00504,E-commerce,Mid-Market,2022-08-06,SUB_00504,Pro,199,2022-08-06,,Active,37,6,101,0.0,0.0,5.0,0,Healthy (16+ logins),513.0
CUST_00505,E-commerce,Mid-Market,2023-11-19,SUB_00505,Starter,49,2023-11-19,,Active,42,5,965,2.0,18.5,3.0,0,Healthy (16+ logins),43.0
CUST_00506,FinTech,Mid-Market,2022-06-20,SUB_00506,Starter,49,2022-06-20,,Active,23,9,196,2.0,25.0,2.5,0,Healthy (16+ logins),560.0
CUST_00507,EdTech,SMB,2023-04-20,SUB_00507,Starter,49,2023-04-20,2024-01-30,Churned,3,1,390,2.0,31.0,1.5,1,High Risk (≤5 logins),285.0
CUST_00508,EdTech,SMB,2023-09-04,SUB_00508,Pro,199,2023-09-04,,Active,16,7,54,1.0,28.0,3.0,0,Healthy (16+ logins),119.0
CUST_00509,Logistics,SMB,2022-05-09,SUB_00509,Pro,199,2022-05-09,2022-08-22,Churned,4,0,182,1.0,43.0,1.0,1,High Risk (≤5 logins),105.0
CUST_00510,FinTech,SMB,2022-02-26,SUB_00510,Pro,199,2022-02-26,2022-12-23,Churned,2,0,18,4.0,33.75,3.5,1,High Risk (≤5 logins),300.0
CUST_00511,E-commerce,SMB,2022-06-30,SUB_00511,Pro,199,2022-06-30,,Active,21,10,362,2.0,51.0,1.5,0,Healthy (16+ logins),550.0
CUST_00512,EdTech,SMB,2022-09-03,SUB_00512,Enterprise,999,2022-09-03,,Active,10,6,3119,0.0,0.0,5.0,0,Medium Risk (6-15 logins),485.0
CUST_00513,FinTech,SMB,2022-05-24,SUB_00513,Pro,199,2022-05-24,,Active,16,11,472,4.0,34.25,3.75,0,Healthy (16+ logins),587.0
CUST_00514,EdTech,SMB,2022-02-20,SUB_00514,Pro,199,2022-02-20,2022-09-18,Churned,3,0,8,4.0,58.25,3.5,1,High Risk (≤5 logins),210.0
CUST_00515,EdTech,SMB,2023-01-03,SUB_00515,Starter,49,2023-01-03,,Active,21,3,659,4.0,34.25,3.5,0,Healthy (16+ logins),363.0
CUST_00516,E-commerce,SMB,2023-04-04,SUB_00516,Pro,199,2023-04-04,2023-09-12,Churned,1,1,24,2.0,46.5,3.0,1,High Risk (≤5 logins),161.0
CUST_00517,Healthcare,Mid-Market,2022-08-06,SUB_00517,Pro,199,2022-08-06,,Active,18,9,305,4.0,38.25,3.25,0,Healthy (16+ logins),513.0
CUST_00518,Logistics,SMB,2023-09-08,SUB_00518,Starter,49,2023-09-08,,Active,6,11,583,2.0,30.0,3.5,0,Medium Risk (6-15 logins),115.0
CUST_00519,Logistics,SMB,2023-07-21,SUB_00519,Starter,49,2023-07-21,,Active,8,14,433,3.0,35.666666666666664,4.0,0,Medium Risk (6-15 logins),164.0
CUST_00520,E-commerce,Enterprise,2022-09-14,SUB_00520,Enterprise,999,2022-09-14,,Active,6,14,7546,1.0,62.0,4.0,0,Medium Risk (6-15 logins),474.0
CUST_00521,EdTech,SMB,2022-06-05,SUB_00521,Starter,49,2022-06-05,2022-12-02,Churned,3,0,421,2.0,57.0,2.0,1,High Risk (≤5 logins),180.0
CUST_00522,FinTech,SMB,2023-07-19,SUB_00522,Starter,49,2023-07-19,,Active,44,2,833,7.0,47.142857142857146,4.285714285714286,0,Healthy (16+ logins),166.0
CUST_00523,EdTech,SMB,2023-03-18,SUB_00523,Starter,49,2023-03-18,,Active,37,1,56,1.0,19.0,5.0,0,Healthy (16+ logins),289.0
CUST_00524,E-commerce,Mid-Market,2023-11-30,SUB_00524,Pro,199,2023-11-30,,Active,43,10,533,0.0,0.0,5.0,0,Healthy (16+ logins),32.0
CUST_00525,Logistics,SMB,2023-10-24,SUB_00525,Pro,199,2023-10-24,,Active,10,10,823,1.0,13.0,1.0,0,Medium Risk (6-15 logins),69.0
CUST_00526,EdTech,SMB,2022-01-25,SUB_00526,Starter,49,2022-01-25,2022-07-28,Churned,2,1,547,2.0,51.0,3.0,1,High Risk (≤5 logins),184.0
CUST_00527,Logistics,SMB,2023-10-26,SUB_00527,Starter,49,2023-10-26,,Active,26,9,178,1.0,69.0,5.0,0,Healthy (16+ logins),67.0
CUST_00528,FinTech,Mid-Market,2023-06-20,SUB_00528,Enterprise,999,2023-06-20,,Active,31,7,15220,2.0,61.5,5.0,0,Healthy (16+ logins),195.0
CUST_00529,Logistics,SMB,2022-03-01,SUB_00529,Pro,199,2022-03-01,2022-11-20,Churned,4,1,495,5.0,43.4,3.6,1,High Risk (≤5 logins),264.0
CUST_00530,Logistics,SMB,2023-04-12,SUB_00530,Pro,199,2023-04-12,2024-01-14,Churned,3,1,0,1.0,48.0,2.0,1,High Risk (≤5 logins),277.0
CUST_00531,Healthcare,Mid-Market,2023-03-10,SUB_00531,Starter,49,2023-03-10,,Active,10,11,47,4.0,31.75,2.75,0,Medium Risk (6-15 logins),297.0
CUST_00532,Healthcare,SMB,2022-03-07,SUB_00532,Starter,49,2022-03-07,,Active,30,1,416,1.0,31.0,5.0,0,Healthy (16+ logins),665.0
CUST_00533,Healthcare,Mid-Market,2023-07-19,SUB_00533,Starter,49,2023-07-19,,Active,46,4,663,5.0,39.4,3.0,0,Healthy (16+ logins),166.0
CUST_00534,Logistics,SMB,2022-04-16,SUB_00534,Pro,199,2022-04-16,2022-10-27,Churned,0,1,944,4.0,49.5,4.25,1,High Risk (≤5 logins),194.0
CUST_00535,E-commerce,Mid-Market,2022-04-06,SUB_00535,Starter,49,2022-04-06,,Active,7,13,196,2.0,45.5,4.5,0,Medium Risk (6-15 logins),635.0
CUST_00536,Logistics,SMB,2023-11-19,SUB_00536,Starter,49,2023-11-19,,Active,10,3,569,2.0,40.5,5.0,0,Medium Risk (6-15 logins),43.0
CUST_00537,E-commerce,Mid-Market,2023-07-05,SUB_00537,Starter,49,2023-07-05,,Active,14,11,47,4.0,53.25,3.0,0,Medium Risk (6-15 logins),180.0
CUST_00538,E-commerce,Enterprise,2022-06-17,SUB_00538,Starter,49,2022-06-17,,Active,42,7,952,0.0,0.0,5.0,0,Healthy (16+ logins),563.0
CUST_00539,Healthcare,SMB,2022-02-11,SUB_00539,Pro,199,2022-02-11,2022-10-03,Churned,3,1,959,2.0,36.0,2.5,1,High Risk (≤5 logins),234.0
CUST_00540,EdTech,SMB,2022-04-14,SUB_00540,Starter,49,2022-04-14,,Active,42,9,354,5.0,45.0,3.6,0,Healthy (16+ logins),627.0
CUST_00541,FinTech,SMB,2022-07-23,SUB_00541,Pro,199,2022-07-23,,Active,16,11,233,1.0,46.0,5.0,0,Healthy (16+ logins),527.0
CUST_00542,Healthcare,SMB,2023-06-04,SUB_00542,Enterprise,999,2023-06-04,2023-12-15,Churned,1,1,21618,3.0,56.0,3.3333333333333335,1,High Risk (≤5 logins),194.0
CUST_00543,Healthcare,SMB,2022-10-09,SUB_00543,Starter,49,2022-10-09,,Active,12,11,699,2.0,52.0,4.5,0,Medium Risk (6-15 logins),449.0
CUST_00544,EdTech,SMB,2022-02-12,SUB_00544,Pro,199,2022-02-12,,Active,9,6,893,2.0,56.0,2.5,0,Medium Risk (6-15 logins),688.0
CUST_00545,FinTech,SMB,2022-04-20,SUB_00545,Enterprise,999,2022-04-20,,Active,40,10,40577,2.0,52.0,3.5,0,Healthy (16+ logins),621.0
CUST_00546,Logistics,SMB,2022-07-29,SUB_00546,Enterprise,999,2022-07-29,,Active,42,2,36945,3.0,48.333333333333336,3.3333333333333335,0,Healthy (16+ logins),521.0
CUST_00547,Logistics,SMB,2022-02-18,SUB_00547,Starter,49,2022-02-18,,Active,47,3,368,3.0,42.333333333333336,3.3333333333333335,0,Healthy (16+ logins),682.0
CUST_00548,Healthcare,Mid-Market,2022-04-25,SUB_00548,Starter,49,2022-04-25,,Active,34,4,938,1.0,60.0,3.0,0,Healthy (16+ logins),616.0
CUST_00549,FinTech,SMB,2022-06-04,SUB_00549,Starter,49,2022-06-04,,Active,41,6,168,2.0,40.5,3.0,0,Healthy (16+ logins),576.0
CUST_00550,Healthcare,SMB,2023-10-11,SUB_00550,Pro,199,2023-10-11,,Active,33,11,362,1.0,2.0,3.0,0,Healthy (16+ logins),82.0
CUST_00551,E-commerce,SMB,2023-05-18,SUB_00551,Pro,199,2023-05-18,,Active,26,1,921,6.0,36.166666666666664,3.8333333333333335,0,Healthy (16+ logins),228.0
CUST_00552,Healthcare,SMB,2023-11-10,SUB_00552,Pro,199,2023-11-10,2024-07-09,Churned,2,0,954,0.0,0.0,5.0,1,High Risk (≤5 logins),242.0
CUST_00553,Healthcare,SMB,2022-03-12,SUB_00553,Starter,49,2022-03-12,,Active,14,4,872,2.0,40.0,2.5,0,Medium Risk (6-15 logins),660.0
CUST_00554,Logistics,SMB,2023-06-03,SUB_00554,Starter,49,2023-06-03,,Active,15,8,176,0.0,0.0,5.0,0,Medium Risk (6-15 logins),212.0
CUST_00555,Logistics,SMB,2022-12-02,SUB_00555,Pro,199,2022-12-02,,Active,39,9,499,2.0,37.5,4.0,0,Healthy (16+ logins),395.0
CUST_00556,Logistics,Mid-Market,2022-03-08,SUB_00556,Starter,49,2022-03-08,,Active,27,8,703,7.0,45.285714285714285,2.4285714285714284,0,Healthy (16+ logins),664.0
CUST_00557,E-commerce,SMB,2023-05-08,SUB_00557,Pro,199,2023-05-08,,Active,12,8,132,4.0,39.25,3.25,0,Medium Risk (6-15 logins),238.0
CUST_00558,Logistics,Mid-Market,2023-10-12,SUB_00558,Starter,49,2023-10-12,,Active,25,13,171,3.0,47.333333333333336,2.3333333333333335,0,Healthy (16+ logins),81.0
CUST_00559,FinTech,Mid-Market,2022-08-01,SUB_00559,Starter,49,2022-08-01,,Active,41,13,529,1.0,36.0,4.0,0,Healthy (16+ logins),518.0
CUST_00560,EdTech,Mid-Market,2022-06-30,SUB_00560,Starter,49,2022-06-30,,Active,32,2,762,1.0,26.0,5.0,0,Healthy (16+ logins),550.0
CUST_00561,FinTech,Enterprise,2023-09-05,SUB_00561,Starter,49,2023-09-05,,Active,35,14,440,2.0,34.0,3.0,0,Healthy (16+ logins),118.0
CUST_00562,FinTech,SMB,2023-08-22,SUB_00562,Starter,49,2023-08-22,,Active,32,10,984,3.0,42.333333333333336,3.3333333333333335,0,Healthy (16+ logins),132.0
CUST_00563,Logistics,SMB,2023-11-28,SUB_00563,Starter,49,2023-11-28,,Active,46,2,111,5.0,36.8,2.6,0,Healthy (16+ logins),34.0
CUST_00564,EdTech,Mid-Market,2023-08-26,SUB_00564,Starter,49,2023-08-26,,Active,31,6,39,3.0,37.333333333333336,3.3333333333333335,0,Healthy (16+ logins),128.0
CUST_00565,EdTech,SMB,2022-09-05,SUB_00565,Starter,49,2022-09-05,2023-06-15,Churned,1,0,101,0.0,0.0,5.0,1,High Risk (≤5 logins),283.0
CUST_00566,EdTech,SMB,2022-08-02,SUB_00566,Starter,49,2022-08-02,,Active,25,6,368,1.0,16.0,4.0,0,Healthy (16+ logins),517.0
CUST_00567,E-commerce,Mid-Market,2022-12-25,SUB_00567,Pro,199,2022-12-25,,Active,13,9,173,4.0,49.0,3.0,0,Medium Risk (6-15 logins),372.0
CUST_00568,Logistics,Mid-Market,2022-09-06,SUB_00568,Starter,49,2022-09-06,,Active,33,12,825,3.0,45.0,3.0,0,Healthy (16+ logins),482.0
CUST_00569,EdTech,Enterprise,2023-09-30,SUB_00569,Pro,199,2023-09-30,,Active,19,10,340,3.0,50.333333333333336,4.0,0,Healthy (16+ logins),93.0
CUST_00570,E-commerce,Enterprise,2023-05-31,SUB_00570,Pro,199,2023-05-31,2023-12-03,Churned,4,0,919,5.0,37.8,3.8,1,High Risk (≤5 logins),186.0
CUST_00571,Healthcare,Mid-Market,2022-03-29,SUB_00571,Pro,199,2022-03-29,,Active,41,5,923,2.0,28.0,4.5,0,Healthy (16+ logins),643.0
CUST_00572,Healthcare,SMB,2023-10-25,SUB_00572,Enterprise,999,2023-10-25,2024-05-18,Churned,1,0,17452,0.0,0.0,5.0,1,High Risk (≤5 logins),206.0
CUST_00573,E-commerce,Mid-Market,2022-06-25,SUB_00573,Starter,49,2022-06-25,,Active,32,7,195,0.0,0.0,5.0,0,Healthy (16+ logins),555.0
CUST_00574,E-commerce,SMB,2023-03-02,SUB_00574,Pro,199,2023-03-02,,Active,14,8,583,0.0,0.0,5.0,0,Medium Risk (6-15 logins),305.0
CUST_00575,Logistics,SMB,2023-08-26,SUB_00575,Enterprise,999,2023-08-26,,Active,27,11,4018,5.0,33.6,3.8,0,Healthy (16+ logins),128.0
CUST_00576,Logistics,Mid-Market,2022-03-22,SUB_00576,Pro,199,2022-03-22,,Active,32,12,752,1.0,54.0,4.0,0,Healthy (16+ logins),650.0
CUST_00577,Healthcare,SMB,2022-05-18,SUB_00577,Starter,49,2022-05-18,,Active,38,1,800,2.0,66.5,4.5,0,Healthy (16+ logins),593.0
CUST_00578,EdTech,SMB,2023-03-09,SUB_00578,Starter,49,2023-03-09,,Active,9,10,322,2.0,49.5,2.0,0,Medium Risk (6-15 logins),298.0
CUST_00579,Healthcare,SMB,2023-04-15,SUB_00579,Starter,49,2023-04-15,,Active,22,11,112,2.0,38.5,4.0,0,Healthy (16+ logins),261.0
CUST_00580,EdTech,Mid-Market,2022-12-16,SUB_00580,Pro,199,2022-12-16,,Active,10,11,851,2.0,47.0,2.5,0,Medium Risk (6-15 logins),381.0
CUST_00581,EdTech,SMB,2022-05-06,SUB_00581,Pro,199,2022-05-06,2022-08-18,Churned,4,0,674,2.0,38.5,3.5,1,High Risk (≤5 logins),104.0
CUST_00582,Logistics,Mid-Market,2022-11-05,SUB_00582,Starter,49,2022-11-05,,Active,27,4,550,1.0,12.0,1.0,0,Healthy (16+ logins),422.0
CUST_00583,FinTech,SMB,2022-08-18,SUB_00583,Pro,199,2022-08-18,,Active,32,5,234,1.0,60.0,5.0,0,Healthy (16+ logins),501.0
CUST_00584,FinTech,Mid-Market,2023-04-05,SUB_00584,Pro,199,2023-04-05,,Active,45,13,504,0.0,0.0,5.0,0,Healthy (16+ logins),271.0
CUST_00585,E-commerce,Mid-Market,2022-12-11,SUB_00585,Starter,49,2022-12-11,,Active,17,2,942,1.0,32.0,5.0,0,Healthy (16+ logins),386.0
CUST_00586,Logistics,SMB,2022-11-06,SUB_00586,Pro,199,2022-11-06,2023-06-01,Churned,0,1,70,2.0,66.0,3.5,1,High Risk (≤5 logins),207.0
CUST_00587,EdTech,SMB,2022-01-20,SUB_00587,Pro,199,2022-01-20,2022-11-29,Churned,0,0,218,4.0,31.25,2.75,1,High Risk (≤5 logins),313.0
CUST_00588,FinTech,SMB,2023-07-15,SUB_00588,Starter,49,2023-07-15,,Active,6,9,516,2.0,45.5,3.5,0,Medium Risk (6-15 logins),170.0
CUST_00589,EdTech,Enterprise,2023-10-09,SUB_00589,Pro,199,2023-10-09,,Active,20,1,752,1.0,32.0,5.0,0,Healthy (16+ logins),84.0
CUST_00590,FinTech,Mid-Market,2023-06-25,SUB_00590,Starter,49,2023-06-25,,Active,6,3,164,2.0,35.0,1.5,0,Medium Risk (6-15 logins),190.0
CUST_00591,FinTech,Enterprise,2023-07-14,SUB_00591,Pro,199,2023-07-14,,Active,40,4,512,2.0,23.0,4.0,0,Healthy (16+ logins),171.0
CUST_00592,FinTech,SMB,2023-04-22,SUB_00592,Enterprise,999,2023-04-22,,Active,6,9,41585,5.0,45.6,3.8,0,Medium Risk (6-15 logins),254.0
CUST_00593,Logistics,Mid-Market,2022-09-26,SUB_00593,Pro,199,2022-09-26,,Active,42,2,380,1.0,12.0,4.0,0,Healthy (16+ logins),462.0
CUST_00594,Healthcare,Mid-Market,2022-01-03,SUB_00594,Starter,49,2022-01-03,2022-12-28,Churned,2,0,183,5.0,42.0,3.2,1,High Risk (≤5 logins),359.0
CUST_00595,EdTech,Mid-Market,2022-01-16,SUB_00595,Starter,49,2022-01-16,2022-06-27,Churned,1,1,902,1.0,43.0,4.0,1,High Risk (≤5 logins),162.0
CUST_00596,Logistics,Enterprise,2023-08-29,SUB_00596,Starter,49,2023-08-29,,Active,31,12,368,0.0,0.0,5.0,0,Healthy (16+ logins),125.0
CUST_00597,Logistics,SMB,2022-12-24,SUB_00597,Pro,199,2022-12-24,2023-05-27,Churned,4,0,447,2.0,20.5,5.0,1,High Risk (≤5 logins),154.0
CUST_00598,Logistics,SMB,2023-10-08,SUB_00598,Starter,49,2023-10-08,,Active,25,4,7,3.0,45.333333333333336,4.666666666666667,0,Healthy (16+ logins),85.0
CUST_00599,Logistics,Mid-Market,2022-05-13,SUB_00599,Pro,199,2022-05-13,,Active,16,5,619,0.0,0.0,5.0,0,Healthy (16+ logins),598.0
CUST_00600,Logistics,Mid-Market,2022-11-08,SUB_00600,Starter,49,2022-11-08,,Active,47,12,381,1.0,19.0,5.0,0,Healthy (16+ logins),419.0
CUST_00601,E-commerce,SMB,2023-04-27,SUB_00601,Starter,49,2023-04-27,2024-04-02,Churned,1,0,381,2.0,25.5,4.5,1,High Risk (≤5 logins),341.0
CUST_00602,EdTech,SMB,2023-06-28,SUB_00602,Starter,49,2023-06-28,2024-06-11,Churned,2,0,989,6.0,48.333333333333336,3.5,1,High Risk (≤5 logins),349.0
CUST_00603,Logistics,SMB,2022-11-01,SUB_00603,Enterprise,999,2022-11-01,,Active,26,10,1131,2.0,51.5,3.0,0,Healthy (16+ logins),426.0
CUST_00604,EdTech,SMB,2022-09-26,SUB_00604,Pro,199,2022-09-26,2023-03-01,Churned,4,0,696,1.0,24.0,2.0,1,High Risk (≤5 logins),156.0
CUST_00605,E-commerce,SMB,2023-02-18,SUB_00605,Starter,49,2023-02-18,,Active,48,12,795,4.0,46.75,3.75,0,Healthy (16+ logins),317.0
CUST_00606,E-commerce,Mid-Market,2022-01-25,SUB_00606,Starter,49,2022-01-25,,Active,22,7,153,5.0,45.6,4.4,0,Healthy (16+ logins),706.0
CUST_00607,EdTech,Mid-Market,2022-11-12,SUB_00607,Pro,199,2022-11-12,,Active,48,8,33,4.0,49.25,1.75,0,Healthy (16+ logins),415.0
CUST_00608,FinTech,SMB,2023-07-25,SUB_00608,Starter,49,2023-07-25,,Active,6,8,496,1.0,43.0,5.0,0,Medium Risk (6-15 logins),160.0
CUST_00609,Healthcare,SMB,2023-10-30,SUB_00609,Pro,199,2023-10-30,,Active,33,14,863,4.0,51.5,3.25,0,Healthy (16+ logins),63.0
CUST_00610,FinTech,SMB,2022-10-03,SUB_00610,Pro,199,2022-10-03,2023-06-14,Churned,1,0,21,2.0,36.5,4.0,1,High Risk (≤5 logins),254.0
CUST_00611,FinTech,SMB,2023-01-24,SUB_00611,Pro,199,2023-01-24,,Active,35,3,379,4.0,35.75,3.25,0,Healthy (16+ logins),342.0
CUST_00612,FinTech,Mid-Market,2023-03-20,SUB_00612,Pro,199,2023-03-20,,Active,45,2,147,5.0,28.6,3.4,0,Healthy (16+ logins),287.0
CUST_00613,Logistics,Enterprise,2023-03-03,SUB_00613,Pro,199,2023-03-03,,Active,22,6,909,3.0,28.0,2.6666666666666665,0,Healthy (16+ logins),304.0
CUST_00614,E-commerce,SMB,2022-02-26,SUB_00614,Enterprise,999,2022-02-26,2022-04-13,Churned,1,0,6494,1.0,15.0,4.0,1,High Risk (≤5 logins),46.0
CUST_00615,FinTech,Mid-Market,2023-11-28,SUB_00615,Enterprise,999,2023-11-28,,Active,12,1,12563,4.0,54.25,3.75,0,Medium Risk (6-15 logins),34.0
CUST_00616,E-commerce,Mid-Market,2023-07-20,SUB_00616,Pro,199,2023-07-20,,Active,37,12,914,2.0,48.5,3.0,0,Healthy (16+ logins),165.0
CUST_00617,EdTech,Mid-Market,2023-01-03,SUB_00617,Starter,49,2023-01-03,,Active,9,9,589,3.0,47.0,4.0,0,Medium Risk (6-15 logins),363.0
CUST_00618,Healthcare,SMB,2022-12-08,SUB_00618,Starter,49,2022-12-08,2023-11-13,Churned,1,0,743,1.0,46.0,5.0,1,High Risk (≤5 logins),340.0
CUST_00619,EdTech,Enterprise,2022-10-31,SUB_00619,Starter,49,2022-10-31,,Active,17,8,550,1.0,52.0,5.0,0,Healthy (16+ logins),427.0
CUST_00620,EdTech,SMB,2023-01-09,SUB_00620,Pro,199,2023-01-09,,Active,15,7,676,3.0,42.333333333333336,3.6666666666666665,0,Medium Risk (6-15 logins),357.0
CUST_00621,Logistics,SMB,2022-04-22,SUB_00621,Pro,199,2022-04-22,2023-01-22,Churned,4,0,98,3.0,59.0,4.333333333333333,1,High Risk (≤5 logins),275.0
CUST_00622,Healthcare,SMB,2022-01-06,SUB_00622,Starter,49,2022-01-06,2022-06-21,Churned,4,0,640,2.0,20.5,4.5,1,High Risk (≤5 logins),166.0
CUST_00623,EdTech,SMB,2022-10-06,SUB_00623,Starter,49,2022-10-06,,Active,49,7,530,1.0,28.0,1.0,0,Healthy (16+ logins),452.0
CUST_00624,EdTech,SMB,2023-01-17,SUB_00624,Starter,49,2023-01-17,2023-09-20,Churned,2,1,270,3.0,43.666666666666664,4.0,1,High Risk (≤5 logins),246.0
CUST_00625,Healthcare,SMB,2022-01-13,SUB_00625,Pro,199,2022-01-13,2022-08-26,Churned,0,1,984,2.0,22.5,3.0,1,High Risk (≤5 logins),225.0
CUST_00626,Healthcare,SMB,2022-10-30,SUB_00626,Pro,199,2022-10-30,,Active,34,2,0,2.0,13.5,3.0,0,Healthy (16+ logins),428.0
CUST_00627,EdTech,Mid-Market,2023-07-10,SUB_00627,Pro,199,2023-07-10,,Active,20,7,286,5.0,45.0,3.8,0,Healthy (16+ logins),175.0
CUST_00628,Healthcare,Mid-Market,2023-09-09,SUB_00628,Starter,49,2023-09-09,,Active,49,5,996,2.0,13.0,2.0,0,Healthy (16+ logins),114.0
CUST_00629,EdTech,SMB,2022-06-09,SUB_00629,Pro,199,2022-06-09,2023-01-25,Churned,3,0,179,2.0,64.5,4.5,1,High Risk (≤5 logins),230.0
CUST_00630,EdTech,Mid-Market,2022-06-03,SUB_00630,Starter,49,2022-06-03,,Active,22,1,938,5.0,39.8,4.2,0,Healthy (16+ logins),577.0
CUST_00631,Logistics,Mid-Market,2022-06-30,SUB_00631,Pro,199,2022-06-30,,Active,46,9,255,0.0,0.0,5.0,0,Healthy (16+ logins),550.0
CUST_00632,FinTech,Mid-Market,2023-06-10,SUB_00632,Starter,49,2023-06-10,,Active,27,11,173,0.0,0.0,5.0,0,Healthy (16+ logins),205.0
CUST_00633,EdTech,SMB,2022-06-29,SUB_00633,Starter,49,2022-06-29,,Active,40,8,853,2.0,9.0,2.5,0,Healthy (16+ logins),551.0
CUST_00634,E-commerce,Mid-Market,2023-01-12,SUB_00634,Starter,49,2023-01-12,,Active,42,2,49,0.0,0.0,5.0,0,Healthy (16+ logins),354.0
CUST_00635,FinTech,Enterprise,2022-06-17,SUB_00635,Starter,49,2022-06-17,,Active,12,2,531,2.0,59.0,2.0,0,Medium Risk (6-15 logins),563.0
CUST_00636,FinTech,Mid-Market,2022-08-02,SUB_00636,Enterprise,999,2022-08-02,,Active,43,3,9924,0.0,0.0,5.0,0,Healthy (16+ logins),517.0
CUST_00637,FinTech,SMB,2022-05-30,SUB_00637,Starter,49,2022-05-30,2023-01-21,Churned,1,0,189,1.0,71.0,5.0,1,High Risk (≤5 logins),236.0
CUST_00638,Logistics,SMB,2022-01-16,SUB_00638,Starter,49,2022-01-16,,Active,16,9,750,3.0,19.0,1.6666666666666667,0,Healthy (16+ logins),715.0
CUST_00639,EdTech,Mid-Market,2022-04-01,SUB_00639,Pro,199,2022-04-01,,Active,22,12,42,3.0,56.333333333333336,4.333333333333333,0,Healthy (16+ logins),640.0
CUST_00640,Logistics,SMB,2022-04-30,SUB_00640,Pro,199,2022-04-30,,Active,23,6,516,1.0,33.0,5.0,0,Healthy (16+ logins),611.0
CUST_00641,EdTech,SMB,2022-09-10,SUB_00641,Starter,49,2022-09-10,,Active,40,3,974,5.0,33.8,3.8,0,Healthy (16+ logins),478.0
CUST_00642,Logistics,SMB,2022-03-01,SUB_00642,Pro,199,2022-03-01,2022-04-15,Churned,4,0,759,1.0,52.0,5.0,1,High Risk (≤5 logins),45.0
CUST_00643,Logistics,Mid-Market,2022-09-23,SUB_00643,Pro,199,2022-09-23,,Active,9,8,65,2.0,37.0,2.0,0,Medium Risk (6-15 logins),465.0
CUST_00644,E-commerce,Mid-Market,2023-02-13,SUB_00644,Starter,49,2023-02-13,,Active,43,6,395,0.0,0.0,5.0,0,Healthy (16+ logins),322.0
CUST_00645,Logistics,SMB,2022-01-31,SUB_00645,Starter,49,2022-01-31,,Active,32,8,250,2.0,68.0,2.0,0,Healthy (16+ logins),700.0
CUST_00646,Healthcare,Enterprise,2022-01-21,SUB_00646,Starter,49,2022-01-21,,Active,30,10,127,3.0,35.333333333333336,2.3333333333333335,0,Healthy (16+ logins),710.0
CUST_00647,E-commerce,SMB,2023-08-16,SUB_00647,Pro,199,2023-08-16,,Active,47,12,696,2.0,45.0,4.5,0,Healthy (16+ logins),138.0
CUST_00648,Logistics,Mid-Market,2022-10-16,SUB_00648,Starter,49,2022-10-16,,Active,25,2,187,2.0,57.5,3.5,0,Healthy (16+ logins),442.0
CUST_00649,FinTech,Mid-Market,2023-06-27,SUB_00649,Starter,49,2023-06-27,2023-08-08,Churned,2,1,182,1.0,67.0,1.0,1,High Risk (≤5 logins),42.0
CUST_00650,Healthcare,Mid-Market,2023-05-13,SUB_00650,Pro,199,2023-05-13,,Active,25,11,582,2.0,36.0,3.0,0,Healthy (16+ logins),233.0
CUST_00651,Healthcare,Enterprise,2023-04-19,SUB_00651,Pro,199,2023-04-19,,Active,15,5,577,0.0,0.0,5.0,0,Medium Risk (6-15 logins),257.0
CUST_00652,Healthcare,SMB,2023-02-09,SUB_00652,Starter,49,2023-02-09,2023-05-27,Churned,4,0,967,2.0,45.5,3.5,1,High Risk (≤5 logins),107.0
CUST_00653,E-commerce,Mid-Market,2023-07-02,SUB_00653,Pro,199,2023-07-02,,Active,43,14,840,0.0,0.0,5.0,0,Healthy (16+ logins),183.0
CUST_00654,Logistics,SMB,2022-05-12,SUB_00654,Starter,49,2022-05-12,2023-01-10,Churned,2,1,761,6.0,30.666666666666668,3.3333333333333335,1,High Risk (≤5 logins),243.0
CUST_00655,Logistics,Mid-Market,2022-11-20,SUB_00655,Starter,49,2022-11-20,2023-11-13,Churned,1,0,666,3.0,54.0,3.3333333333333335,1,High Risk (≤5 logins),358.0
CUST_00656,FinTech,Mid-Market,2022-05-12,SUB_00656,Pro,199,2022-05-12,,Active,31,4,411,0.0,0.0,5.0,0,Healthy (16+ logins),599.0
CUST_00657,FinTech,Mid-Market,2023-06-05,SUB_00657,Enterprise,999,2023-06-05,,Active,5,3,46440,4.0,28.5,2.75,0,High Risk (≤5 logins),210.0
CUST_00658,Healthcare,SMB,2022-01-30,SUB_00658,Starter,49,2022-01-30,2022-06-27,Churned,4,0,78,4.0,30.25,2.0,1,High Risk (≤5 logins),148.0
CUST_00659,FinTech,Mid-Market,2023-09-19,SUB_00659,Pro,199,2023-09-19,,Active,20,9,18,6.0,48.166666666666664,3.8333333333333335,0,Healthy (16+ logins),104.0
CUST_00660,E-commerce,SMB,2022-10-28,SUB_00660,Pro,199,2022-10-28,2023-05-26,Churned,2,0,477,4.0,39.75,2.75,1,High Risk (≤5 logins),210.0
CUST_00661,Logistics,SMB,2022-01-04,SUB_00661,Starter,49,2022-01-04,,Active,22,7,946,4.0,42.25,3.25,0,Healthy (16+ logins),727.0
CUST_00662,Healthcare,Mid-Market,2022-11-21,SUB_00662,Pro,199,2022-11-21,,Active,45,7,780,1.0,70.0,3.0,0,Healthy (16+ logins),406.0
CUST_00663,FinTech,SMB,2023-05-24,SUB_00663,Starter,49,2023-05-24,,Active,38,6,44,1.0,16.0,1.0,0,Healthy (16+ logins),222.0
CUST_00664,E-commerce,Mid-Market,2022-08-25,SUB_00664,Enterprise,999,2022-08-25,,Active,48,9,36176,1.0,60.0,1.0,0,Healthy (16+ logins),494.0
CUST_00665,E-commerce,SMB,2023-06-19,SUB_00665,Pro,199,2023-06-19,,Active,29,3,221,4.0,39.75,3.25,0,Healthy (16+ logins),196.0
CUST_00666,FinTech,SMB,2022-01-16,SUB_00666,Starter,49,2022-01-16,,Active,46,14,128,4.0,57.25,4.0,0,Healthy (16+ logins),715.0
CUST_00667,Logistics,Mid-Market,2023-06-18,SUB_00667,Starter,49,2023-06-18,,Active,38,1,617,2.0,47.0,4.5,0,Healthy (16+ logins),197.0
CUST_00668,FinTech,SMB,2023-08-07,SUB_00668,Starter,49,2023-08-07,,Active,19,7,762,5.0,22.6,3.4,0,Healthy (16+ logins),147.0
CUST_00669,Healthcare,SMB,2023-03-22,SUB_00669,Starter,49,2023-03-22,,Active,8,9,632,3.0,43.333333333333336,4.333333333333333,0,Medium Risk (6-15 logins),285.0
CUST_00670,FinTech,Mid-Market,2023-05-18,SUB_00670,Starter,49,2023-05-18,,Active,8,6,229,3.0,20.333333333333332,3.6666666666666665,0,Medium Risk (6-15 logins),228.0
CUST_00671,E-commerce,SMB,2022-08-18,SUB_00671,Starter,49,2022-08-18,,Active,29,10,792,1.0,23.0,4.0,0,Healthy (16+ logins),501.0
CUST_00672,FinTech,Mid-Market,2022-04-17,SUB_00672,Pro,199,2022-04-17,,Active,45,2,226,4.0,40.75,2.75,0,Healthy (16+ logins),624.0
CUST_00673,Logistics,SMB,2023-01-24,SUB_00673,Starter,49,2023-01-24,2024-01-12,Churned,1,0,921,1.0,42.0,4.0,1,High Risk (≤5 logins),353.0
CUST_00674,EdTech,Mid-Market,2022-09-20,SUB_00674,Pro,199,2022-09-20,,Active,46,8,396,2.0,49.0,1.5,0,Healthy (16+ logins),468.0
CUST_00675,FinTech,Mid-Market,2023-07-17,SUB_00675,Pro,199,2023-07-17,,Active,29,9,274,1.0,28.0,3.0,0,Healthy (16+ logins),168.0
CUST_00676,Logistics,Mid-Market,2022-03-06,SUB_00676,Starter,49,2022-03-06,2023-02-28,Churned,0,1,137,5.0,40.6,3.8,1,High Risk (≤5 logins),359.0
CUST_00677,Logistics,SMB,2022-09-22,SUB_00677,Pro,199,2022-09-22,,Active,39,8,172,4.0,53.75,3.5,0,Healthy (16+ logins),466.0
CUST_00678,E-commerce,Mid-Market,2022-12-04,SUB_00678,Starter,49,2022-12-04,,Active,13,9,326,2.0,58.0,4.5,0,Medium Risk (6-15 logins),393.0
CUST_00679,Logistics,Mid-Market,2022-10-28,SUB_00679,Starter,49,2022-10-28,,Active,18,1,782,5.0,35.2,3.0,0,Healthy (16+ logins),430.0
CUST_00680,Logistics,Mid-Market,2023-01-13,SUB_00680,Pro,199,2023-01-13,2023-06-28,Churned,0,0,214,0.0,0.0,5.0,1,High Risk (≤5 logins),166.0
CUST_00681,Logistics,SMB,2022-06-24,SUB_00681,Starter,49,2022-06-24,,Active,13,3,227,3.0,65.0,2.0,0,Medium Risk (6-15 logins),556.0
CUST_00682,Logistics,Mid-Market,2022-06-01,SUB_00682,Pro,199,2022-06-01,2022-12-26,Churned,4,0,106,3.0,51.666666666666664,3.6666666666666665,1,High Risk (≤5 logins),208.0
CUST_00683,Healthcare,Mid-Market,2023-04-21,SUB_00683,Pro,199,2023-04-21,2023-12-14,Churned,3,0,158,3.0,30.666666666666668,2.6666666666666665,1,High Risk (≤5 logins),237.0
CUST_00684,Healthcare,SMB,2022-09-23,SUB_00684,Enterprise,999,2022-09-23,,Active,41,3,4444,4.0,36.5,2.5,0,Healthy (16+ logins),465.0
CUST_00685,E-commerce,SMB,2022-11-25,SUB_00685,Pro,199,2022-11-25,2023-02-16,Churned,1,0,135,2.0,54.0,5.0,1,High Risk (≤5 logins),83.0
CUST_00686,FinTech,Mid-Market,2022-06-12,SUB_00686,Pro,199,2022-06-12,,Active,19,10,762,4.0,35.5,3.25,0,Healthy (16+ logins),568.0
CUST_00687,Logistics,SMB,2023-03-14,SUB_00687,Starter,49,2023-03-14,,Active,40,1,29,2.0,40.5,4.0,0,Healthy (16+ logins),293.0
CUST_00688,FinTech,Enterprise,2022-12-09,SUB_00688,Starter,49,2022-12-09,,Active,18,3,97,2.0,61.5,2.5,0,Healthy (16+ logins),388.0
CUST_00689,FinTech,Mid-Market,2023-01-02,SUB_00689,Pro,199,2023-01-02,2023-04-20,Churned,1,0,608,3.0,57.666666666666664,4.0,1,High Risk (≤5 logins),108.0
CUST_00690,E-commerce,Mid-Market,2023-04-10,SUB_00690,Starter,49,2023-04-10,,Active,43,9,768,2.0,52.5,3.0,0,Healthy (16+ logins),266.0
CUST_00691,Logistics,SMB,2022-07-18,SUB_00691,Starter,49,2022-07-18,,Active,40,14,783,3.0,23.666666666666668,3.6666666666666665,0,Healthy (16+ logins),532.0
CUST_00692,Logistics,SMB,2023-05-15,SUB_00692,Starter,49,2023-05-15,2024-03-10,Churned,4,1,881,3.0,26.666666666666668,4.0,1,High Risk (≤5 logins),300.0
CUST_00693,EdTech,Enterprise,2022-01-16,SUB_00693,Pro,199,2022-01-16,,Active,21,11,522,4.0,45.0,3.5,0,Healthy (16+ logins),715.0
CUST_00694,FinTech,SMB,2022-10-23,SUB_00694,Starter,49,2022-10-23,,Active,30,2,922,5.0,46.0,2.2,0,Healthy (16+ logins),435.0
CUST_00695,FinTech,Mid-Market,2023-05-26,SUB_00695,Pro,199,2023-05-26,,Active,45,1,341,1.0,64.0,3.0,0,Healthy (16+ logins),220.0
CUST_00696,Healthcare,SMB,2022-08-27,SUB_00696,Starter,49,2022-08-27,2023-01-21,Churned,1,1,167,0.0,0.0,5.0,1,High Risk (≤5 logins),147.0
CUST_00697,EdTech,SMB,2023-08-04,SUB_00697,Starter,49,2023-08-04,,Active,7,7,210,1.0,24.0,5.0,0,Medium Risk (6-15 logins),150.0
CUST_00698,Healthcare,SMB,2022-10-28,SUB_00698,Starter,49,2022-10-28,2023-03-12,Churned,4,1,683,6.0,32.0,4.5,1,High Risk (≤5 logins),135.0
CUST_00699,Healthcare,SMB,2022-01-06,SUB_00699,Starter,49,2022-01-06,,Active,45,13,837,0.0,0.0,5.0,0,Healthy (16+ logins),725.0
CUST_00700,Healthcare,Enterprise,2022-08-08,SUB_00700,Pro,199,2022-08-08,,Active,44,1,631,4.0,30.5,2.5,0,Healthy (16+ logins),511.0
CUST_00701,E-commerce,SMB,2023-03-29,SUB_00701,Starter,49,2023-03-29,,Active,43,13,184,1.0,54.0,5.0,0,Healthy (16+ logins),278.0
CUST_00702,E-commerce,SMB,2023-03-09,SUB_00702,Starter,49,2023-03-09,,Active,11,13,431,0.0,0.0,5.0,0,Medium Risk (6-15 logins),298.0
CUST_00703,Healthcare,SMB,2023-01-21,SUB_00703,Pro,199,2023-01-21,,Active,40,10,423,3.0,43.666666666666664,4.333333333333333,0,Healthy (16+ logins),345.0
CUST_00704,EdTech,SMB,2023-09-11,SUB_00704,Starter,49,2023-09-11,,Active,23,12,38,1.0,30.0,4.0,0,Healthy (16+ logins),112.0
CUST_00705,FinTech,SMB,2022-10-22,SUB_00705,Starter,49,2022-10-22,2023-03-05,Churned,4,1,979,2.0,32.0,3.5,1,High Risk (≤5 logins),134.0
CUST_00706,EdTech,Mid-Market,2022-04-28,SUB_00706,Starter,49,2022-04-28,,Active,24,5,386,4.0,43.5,4.25,0,Healthy (16+ logins),613.0
CUST_00707,Logistics,SMB,2023-02-09,SUB_00707,Enterprise,999,2023-02-09,2024-01-07,Churned,0,1,27964,1.0,57.0,5.0,1,High Risk (≤5 logins),332.0
CUST_00708,E-commerce,SMB,2023-11-11,SUB_00708,Pro,199,2023-11-11,,Active,16,14,768,3.0,31.666666666666668,2.3333333333333335,0,Healthy (16+ logins),51.0
CUST_00709,FinTech,SMB,2023-08-17,SUB_00709,Starter,49,2023-08-17,2024-01-11,Churned,3,0,790,1.0,60.0,2.0,1,High Risk (≤5 logins),147.0
CUST_00710,FinTech,Enterprise,2023-07-20,SUB_00710,Starter,49,2023-07-20,,Active,34,5,741,6.0,43.833333333333336,4.0,0,Healthy (16+ logins),165.0
CUST_00711,Logistics,SMB,2022-01-12,SUB_00711,Starter,49,2022-01-12,,Active,24,4,450,3.0,44.333333333333336,2.3333333333333335,0,Healthy (16+ logins),719.0
CUST_00712,Logistics,SMB,2022-07-28,SUB_00712,Starter,49,2022-07-28,,Active,8,3,957,1.0,33.0,2.0,0,Medium Risk (6-15 logins),522.0
CUST_00713,Healthcare,Mid-Market,2022-06-14,SUB_00713,Pro,199,2022-06-14,2023-02-27,Churned,0,1,114,3.0,23.333333333333332,3.6666666666666665,1,High Risk (≤5 logins),258.0
CUST_00714,E-commerce,SMB,2022-10-21,SUB_00714,Pro,199,2022-10-21,2023-04-16,Churned,1,0,929,3.0,42.0,4.333333333333333,1,High Risk (≤5 logins),177.0
CUST_00715,E-commerce,SMB,2023-06-03,SUB_00715,Starter,49,2023-06-03,,Active,27,8,400,3.0,33.333333333333336,4.0,0,Healthy (16+ logins),212.0
CUST_00716,EdTech,SMB,2022-03-19,SUB_00716,Pro,199,2022-03-19,,Active,10,7,303,3.0,56.666666666666664,4.333333333333333,0,Medium Risk (6-15 logins),653.0
CUST_00717,Healthcare,Mid-Market,2023-03-10,SUB_00717,Starter,49,2023-03-10,,Active,22,5,602,6.0,45.333333333333336,3.5,0,Healthy (16+ logins),297.0
CUST_00718,Healthcare,SMB,2023-07-31,SUB_00718,Starter,49,2023-07-31,2024-01-26,Churned,2,1,308,5.0,43.6,3.2,1,High Risk (≤5 logins),179.0
CUST_00719,Healthcare,Mid-Market,2023-09-06,SUB_00719,Starter,49,2023-09-06,2024-08-04,Churned,2,0,572,2.0,63.0,4.5,1,High Risk (≤5 logins),333.0
CUST_00720,Healthcare,Mid-Market,2023-11-14,SUB_00720,Starter,49,2023-11-14,2024-08-25,Churned,0,0,102,2.0,25.0,3.0,1,High Risk (≤5 logins),285.0
CUST_00721,E-commerce,SMB,2022-03-18,SUB_00721,Enterprise,999,2022-03-18,2022-07-07,Churned,2,0,24274,1.0,43.0,5.0,1,High Risk (≤5 logins),111.0
CUST_00722,E-commerce,SMB,2022-02-17,SUB_00722,Starter,49,2022-02-17,2022-04-03,Churned,1,1,101,1.0,34.0,4.0,1,High Risk (≤5 logins),45.0
CUST_00723,Healthcare,SMB,2022-03-23,SUB_00723,Starter,49,2022-03-23,,Active,45,2,906,2.0,49.0,3.0,0,Healthy (16+ logins),649.0
CUST_00724,EdTech,Mid-Market,2022-07-28,SUB_00724,Enterprise,999,2022-07-28,2023-03-07,Churned,0,0,39673,2.0,61.0,3.0,1,High Risk (≤5 logins),222.0
CUST_00725,FinTech,SMB,2023-03-21,SUB_00725,Pro,199,2023-03-21,2023-11-16,Churned,2,1,89,7.0,40.0,4.285714285714286,1,High Risk (≤5 logins),240.0
CUST_00726,FinTech,SMB,2023-08-19,SUB_00726,Pro,199,2023-08-19,2023-11-30,Churned,2,0,117,0.0,0.0,5.0,1,High Risk (≤5 logins),103.0
CUST_00727,EdTech,SMB,2023-06-06,SUB_00727,Enterprise,999,2023-06-06,,Active,13,12,12087,2.0,39.0,2.0,0,Medium Risk (6-15 logins),209.0
CUST_00728,Healthcare,Enterprise,2022-01-29,SUB_00728,Starter,49,2022-01-29,,Active,35,12,902,2.0,16.5,1.5,0,Healthy (16+ logins),702.0
CUST_00729,E-commerce,SMB,2022-10-31,SUB_00729,Pro,199,2022-10-31,,Active,46,8,302,2.0,29.5,5.0,0,Healthy (16+ logins),427.0
CUST_00730,FinTech,Enterprise,2023-04-10,SUB_00730,Pro,199,2023-04-10,,Active,36,4,751,3.0,47.333333333333336,3.0,0,Healthy (16+ logins),266.0
CUST_00731,Logistics,SMB,2023-05-17,SUB_00731,Pro,199,2023-05-17,,Active,47,7,647,3.0,46.333333333333336,4.333333333333333,0,Healthy (16+ logins),229.0
CUST_00732,Logistics,SMB,2023-03-22,SUB_00732,Pro,199,2023-03-22,,Active,39,4,516,2.0,65.0,3.0,0,Healthy (16+ logins),285.0
CUST_00733,EdTech,SMB,2023-09-20,SUB_00733,Starter,49,2023-09-20,,Active,15,13,208,1.0,34.0,4.0,0,Medium Risk (6-15 logins),103.0
CUST_00734,Healthcare,SMB,2023-05-05,SUB_00734,Pro,199,2023-05-05,,Active,21,8,86,3.0,28.333333333333332,4.0,0,Healthy (16+ logins),241.0
CUST_00735,FinTech,SMB,2023-03-04,SUB_00735,Starter,49,2023-03-04,,Active,40,14,961,1.0,60.0,3.0,0,Healthy (16+ logins),303.0
CUST_00736,Healthcare,SMB,2023-07-13,SUB_00736,Starter,49,2023-07-13,,Active,6,14,858,3.0,11.333333333333334,3.6666666666666665,0,Medium Risk (6-15 logins),172.0
CUST_00737,FinTech,Enterprise,2022-12-25,SUB_00737,Starter,49,2022-12-25,2023-10-27,Churned,2,1,318,4.0,54.5,4.5,1,High Risk (≤5 logins),306.0
CUST_00738,EdTech,Mid-Market,2022-04-01,SUB_00738,Enterprise,999,2022-04-01,,Active,19,2,45838,6.0,32.666666666666664,3.8333333333333335,0,Healthy (16+ logins),640.0
CUST_00739,EdTech,Mid-Market,2022-02-22,SUB_00739,Starter,49,2022-02-22,,Active,32,10,966,3.0,37.666666666666664,2.3333333333333335,0,Healthy (16+ logins),678.0
CUST_00740,Logistics,SMB,2023-08-12,SUB_00740,Pro,199,2023-08-12,2023-11-10,Churned,2,1,886,4.0,29.5,2.75,1,High Risk (≤5 logins),90.0
CUST_00741,Healthcare,SMB,2022-07-23,SUB_00741,Starter,49,2022-07-23,2022-09-14,Churned,3,1,632,4.0,47.75,3.5,1,High Risk (≤5 logins),53.0
CUST_00742,Logistics,SMB,2023-07-10,SUB_00742,Enterprise,999,2023-07-10,,Active,49,7,23280,4.0,60.75,4.25,0,Healthy (16+ logins),175.0
CUST_00743,Healthcare,Mid-Market,2022-06-05,SUB_00743,Starter,49,2022-06-05,,Active,17,6,869,4.0,44.5,2.25,0,Healthy (16+ logins),575.0
CUST_00744,Logistics,Enterprise,2022-01-02,SUB_00744,Pro,199,2022-01-02,,Active,26,11,89,5.0,38.6,3.2,0,Healthy (16+ logins),729.0
CUST_00745,E-commerce,SMB,2022-12-23,SUB_00745,Pro,199,2022-12-23,,Active,35,8,477,3.0,47.666666666666664,4.333333333333333,0,Healthy (16+ logins),374.0
CUST_00746,E-commerce,SMB,2023-07-23,SUB_00746,Starter,49,2023-07-23,2023-09-13,Churned,2,1,651,2.0,33.5,4.0,1,High Risk (≤5 logins),52.0
CUST_00747,E-commerce,SMB,2022-02-27,SUB_00747,Starter,49,2022-02-27,,Active,30,6,111,4.0,32.25,4.25,0,Healthy (16+ logins),673.0
CUST_00748,E-commerce,SMB,2022-09-11,SUB_00748,Pro,199,2022-09-11,,Active,35,6,906,1.0,18.0,3.0,0,Healthy (16+ logins),477.0
CUST_00749,FinTech,SMB,2022-06-29,SUB_00749,Enterprise,999,2022-06-29,2023-04-12,Churned,0,0,13697,2.0,30.0,4.0,1,High Risk (≤5 logins),287.0
CUST_00750,E-commerce,Mid-Market,2023-05-08,SUB_00750,Pro,199,2023-05-08,,Active,42,12,976,6.0,46.833333333333336,3.6666666666666665,0,Healthy (16+ logins),238.0
CUST_00751,EdTech,Mid-Market,2023-10-31,SUB_00751,Starter,49,2023-10-31,,Active,8,2,393,1.0,16.0,5.0,0,Medium Risk (6-15 logins),62.0
CUST_00752,EdTech,SMB,2022-02-04,SUB_00752,Pro,199,2022-02-04,,Active,39,7,886,2.0,46.5,3.5,0,Healthy (16+ logins),696.0
CUST_00753,FinTech,SMB,2022-03-16,SUB_00753,Starter,49,2022-03-16,,Active,37,6,239,2.0,35.0,4.0,0,Healthy (16+ logins),656.0
CUST_00754,E-commerce,Enterprise,2022-10-16,SUB_00754,Pro,199,2022-10-16,,Active,7,1,271,4.0,54.25,3.25,0,Medium Risk (6-15 logins),442.0
CUST_00755,E-commerce,SMB,2023-01-06,SUB_00755,Pro,199,2023-01-06,,Active,23,2,142,2.0,49.5,4.5,0,Healthy (16+ logins),360.0
CUST_00756,E-commerce,SMB,2023-08-10,SUB_00756,Starter,49,2023-08-10,,Active,13,2,953,3.0,39.0,4.0,0,Medium Risk (6-15 logins),144.0
CUST_00757,Logistics,SMB,2022-11-25,SUB_00757,Pro,199,2022-11-25,,Active,23,1,718,0.0,0.0,5.0,0,Healthy (16+ logins),402.0
CUST_00758,Healthcare,SMB,2023-08-13,SUB_00758,Pro,199,2023-08-13,,Active,23,3,118,7.0,32.142857142857146,3.7142857142857144,0,Healthy (16+ logins),141.0
CUST_00759,Logistics,SMB,2022-10-31,SUB_00759,Pro,199,2022-10-31,2023-06-15,Churned,4,1,595,1.0,58.0,5.0,1,High Risk (≤5 logins),227.0
CUST_00760,Healthcare,Mid-Market,2023-08-02,SUB_00760,Starter,49,2023-08-02,,Active,17,4,899,1.0,56.0,2.0,0,Healthy (16+ logins),152.0
CUST_00761,E-commerce,SMB,2022-08-09,SUB_00761,Starter,49,2022-08-09,2022-10-30,Churned,1,0,991,1.0,53.0,1.0,1,High Risk (≤5 logins),82.0
CUST_00762,E-commerce,SMB,2022-06-13,SUB_00762,Pro,199,2022-06-13,,Active,12,2,250,3.0,45.666666666666664,4.0,0,Medium Risk (6-15 logins),567.0
CUST_00763,Logistics,Mid-Market,2023-04-25,SUB_00763,Starter,49,2023-04-25,,Active,28,8,277,1.0,36.0,5.0,0,Healthy (16+ logins),251.0
CUST_00764,Logistics,SMB,2023-03-31,SUB_00764,Starter,49,2023-03-31,2023-09-15,Churned,2,1,162,2.0,28.0,4.0,1,High Risk (≤5 logins),168.0
CUST_00765,Healthcare,Mid-Market,2023-01-10,SUB_00765,Enterprise,999,2023-01-10,,Active,45,8,35852,2.0,26.0,3.0,0,Healthy (16+ logins),356.0
CUST_00766,EdTech,Mid-Market,2022-08-08,SUB_00766,Starter,49,2022-08-08,,Active,45,7,349,3.0,31.0,3.6666666666666665,0,Healthy (16+ logins),511.0
CUST_00767,Healthcare,SMB,2023-11-15,SUB_00767,Enterprise,999,2023-11-15,,Active,7,10,5973,4.0,45.0,4.25,0,Medium Risk (6-15 logins),47.0
CUST_00768,Logistics,Mid-Market,2022-09-11,SUB_00768,Starter,49,2022-09-11,2023-07-08,Churned,3,1,457,1.0,68.0,3.0,1,High Risk (≤5 logins),300.0
CUST_00769,Logistics,SMB,2022-07-07,SUB_00769,Starter,49,2022-07-07,,Active,6,6,837,1.0,25.0,5.0,0,Medium Risk (6-15 logins),543.0
CUST_00770,FinTech,Enterprise,2022-07-10,SUB_00770,Pro,199,2022-07-10,,Active,37,11,90,5.0,46.0,3.4,0,Healthy (16+ logins),540.0
CUST_00771,Logistics,SMB,2023-01-24,SUB_00771,Pro,199,2023-01-24,,Active,16,4,127,3.0,38.333333333333336,3.3333333333333335,0,Healthy (16+ logins),342.0
CUST_00772,FinTech,Enterprise,2022-08-03,SUB_00772,Pro,199,2022-08-03,,Active,16,5,778,4.0,48.25,4.25,0,Healthy (16+ logins),516.0
CUST_00773,EdTech,Mid-Market,2023-01-10,SUB_00773,Pro,199,2023-01-10,,Active,14,9,547,3.0,52.666666666666664,3.0,0,Medium Risk (6-15 logins),356.0
CUST_00774,Healthcare,SMB,2022-03-27,SUB_00774,Pro,199,2022-03-27,,Active,45,13,969,0.0,0.0,5.0,0,Healthy (16+ logins),645.0
CUST_00775,Healthcare,SMB,2023-04-19,SUB_00775,Starter,49,2023-04-19,,Active,31,9,847,1.0,13.0,2.0,0,Healthy (16+ logins),257.0
CUST_00776,FinTech,Enterprise,2023-09-10,SUB_00776,Starter,49,2023-09-10,,Active,22,4,791,3.0,36.666666666666664,4.333333333333333,0,Healthy (16+ logins),113.0
CUST_00777,Healthcare,Mid-Market,2023-06-15,SUB_00777,Starter,49,2023-06-15,,Active,8,8,724,2.0,34.0,3.5,0,Medium Risk (6-15 logins),200.0
CUST_00778,Logistics,SMB,2022-02-16,SUB_00778,Pro,199,2022-02-16,2022-10-04,Churned,2,0,508,4.0,35.0,3.5,1,High Risk (≤5 logins),230.0
CUST_00779,E-commerce,Mid-Market,2022-03-06,SUB_00779,Starter,49,2022-03-06,,Active,27,5,935,3.0,59.333333333333336,3.3333333333333335,0,Healthy (16+ logins),666.0
CUST_00780,FinTech,SMB,2023-04-20,SUB_00780,Starter,49,2023-04-20,,Active,25,9,744,1.0,38.0,2.0,0,Healthy (16+ logins),256.0
CUST_00781,Healthcare,SMB,2022-05-26,SUB_00781,Starter,49,2022-05-26,2022-12-05,Churned,4,1,739,1.0,45.0,3.0,1,High Risk (≤5 logins),193.0
CUST_00782,FinTech,SMB,2023-01-17,SUB_00782,Starter,49,2023-01-17,,Active,34,4,880,3.0,39.0,4.333333333333333,0,Healthy (16+ logins),349.0
CUST_00783,FinTech,SMB,2022-03-07,SUB_00783,Starter,49,2022-03-07,,Active,25,3,809,5.0,45.8,3.6,0,Healthy (16+ logins),665.0
CUST_00784,E-commerce,Mid-Market,2023-06-01,SUB_00784,Pro,199,2023-06-01,,Active,27,7,236,1.0,21.0,4.0,0,Healthy (16+ logins),214.0
CUST_00785,Logistics,SMB,2022-04-03,SUB_00785,Starter,49,2022-04-03,,Active,25,14,982,0.0,0.0,5.0,0,Healthy (16+ logins),638.0
CUST_00786,FinTech,Mid-Market,2023-03-02,SUB_00786,Pro,199,2023-03-02,,Active,12,2,532,4.0,45.5,2.5,0,Medium Risk (6-15 logins),305.0
CUST_00787,Healthcare,SMB,2023-04-13,SUB_00787,Pro,199,2023-04-13,,Active,43,3,607,3.0,22.666666666666668,3.0,0,Healthy (16+ logins),263.0
CUST_00788,EdTech,SMB,2022-04-04,SUB_00788,Starter,49,2022-04-04,2022-08-03,Churned,3,1,976,0.0,0.0,5.0,1,High Risk (≤5 logins),121.0
CUST_00789,FinTech,SMB,2023-09-10,SUB_00789,Pro,199,2023-09-10,2023-11-01,Churned,4,0,50,3.0,34.666666666666664,3.3333333333333335,1,High Risk (≤5 logins),52.0
CUST_00790,FinTech,SMB,2022-05-13,SUB_00790,Starter,49,2022-05-13,2022-09-07,Churned,4,1,848,6.0,35.5,3.5,1,High Risk (≤5 logins),117.0
CUST_00791,E-commerce,SMB,2023-03-10,SUB_00791,Pro,199,2023-03-10,,Active,11,6,822,1.0,51.0,1.0,0,Medium Risk (6-15 logins),297.0
CUST_00792,Logistics,SMB,2022-12-07,SUB_00792,Enterprise,999,2022-12-07,,Active,28,14,28073,3.0,31.0,4.666666666666667,0,Healthy (16+ logins),390.0
CUST_00793,EdTech,SMB,2022-11-10,SUB_00793,Pro,199,2022-11-10,,Active,9,3,891,2.0,43.5,2.5,0,Medium Risk (6-15 logins),417.0
CUST_00794,Healthcare,SMB,2023-08-14,SUB_00794,Pro,199,2023-08-14,,Active,30,12,387,2.0,51.5,4.0,0,Healthy (16+ logins),140.0
CUST_00795,EdTech,SMB,2022-07-31,SUB_00795,Starter,49,2022-07-31,2023-02-27,Churned,1,1,61,7.0,30.0,3.142857142857143,1,High Risk (≤5 logins),211.0
CUST_00796,Healthcare,SMB,2023-06-04,SUB_00796,Starter,49,2023-06-04,,Active,15,6,342,5.0,42.6,3.2,0,Medium Risk (6-15 logins),211.0
CUST_00797,Logistics,Mid-Market,2022-06-08,SUB_00797,Pro,199,2022-06-08,2023-04-16,Churned,4,1,152,1.0,41.0,4.0,1,High Risk (≤5 logins),312.0
CUST_00798,Healthcare,Enterprise,2022-09-25,SUB_00798,Starter,49,2022-09-25,,Active,42,5,735,4.0,38.5,3.5,0,Healthy (16+ logins),463.0
CUST_00799,E-commerce,SMB,2023-10-23,SUB_00799,Starter,49,2023-10-23,,Active,15,10,965,0.0,0.0,5.0,0,Medium Risk (6-15 logins),70.0
CUST_00800,E-commerce,SMB,2023-08-26,SUB_00800,Starter,49,2023-08-26,,Active,34,4,653,1.0,14.0,3.0,0,Healthy (16+ logins),128.0
CUST_00801,E-commerce,SMB,2023-04-19,SUB_00801,Pro,199,2023-04-19,,Active,8,12,40,4.0,45.75,4.5,0,Medium Risk (6-15 logins),257.0
CUST_00802,E-commerce,Enterprise,2023-02-14,SUB_00802,Starter,49,2023-02-14,,Active,6,7,485,1.0,14.0,3.0,0,Medium Risk (6-15 logins),321.0
CUST_00803,EdTech,SMB,2023-04-19,SUB_00803,Enterprise,999,2023-04-19,2023-06-08,Churned,0,1,37755,5.0,46.8,4.0,1,High Risk (≤5 logins),50.0
CUST_00804,Logistics,SMB,2022-12-22,SUB_00804,Starter,49,2022-12-22,,Active,43,10,677,5.0,32.2,4.2,0,Healthy (16+ logins),375.0
CUST_00805,Healthcare,SMB,2023-11-11,SUB_00805,Starter,49,2023-11-11,,Active,21,7,701,4.0,42.0,2.75,0,Healthy (16+ logins),51.0
CUST_00806,Healthcare,SMB,2022-07-12,SUB_00806,Pro,199,2022-07-12,,Active,27,4,808,0.0,0.0,5.0,0,Healthy (16+ logins),538.0
CUST_00807,E-commerce,SMB,2023-11-30,SUB_00807,Starter,49,2023-11-30,2024-02-16,Churned,2,1,556,2.0,50.0,4.0,1,High Risk (≤5 logins),78.0
CUST_00808,E-commerce,Mid-Market,2022-09-28,SUB_00808,Pro,199,2022-09-28,,Active,14,4,719,1.0,22.0,4.0,0,Medium Risk (6-15 logins),460.0
CUST_00809,FinTech,SMB,2022-04-24,SUB_00809,Starter,49,2022-04-24,2022-11-29,Churned,3,0,381,1.0,61.0,5.0,1,High Risk (≤5 logins),219.0
CUST_00810,Logistics,Mid-Market,2023-06-07,SUB_00810,Starter,49,2023-06-07,,Active,46,4,95,0.0,0.0,5.0,0,Healthy (16+ logins),208.0
CUST_00811,EdTech,SMB,2022-02-24,SUB_00811,Starter,49,2022-02-24,,Active,43,4,911,2.0,45.0,2.5,0,Healthy (16+ logins),676.0
CUST_00812,Healthcare,SMB,2022-03-06,SUB_00812,Enterprise,999,2022-03-06,2022-10-26,Churned,0,1,1620,3.0,40.666666666666664,3.0,1,High Risk (≤5 logins),234.0
CUST_00813,FinTech,Enterprise,2023-11-15,SUB_00813,Pro,199,2023-11-15,,Active,33,5,292,4.0,37.75,3.25,0,Healthy (16+ logins),47.0
CUST_00814,FinTech,SMB,2022-09-29,SUB_00814,Pro,199,2022-09-29,,Active,20,1,234,4.0,41.25,4.75,0,Healthy (16+ logins),459.0
CUST_00815,Healthcare,Mid-Market,2023-05-17,SUB_00815,Starter,49,2023-05-17,,Active,7,2,340,2.0,70.5,5.0,0,Medium Risk (6-15 logins),229.0
CUST_00816,EdTech,SMB,2023-10-24,SUB_00816,Pro,199,2023-10-24,,Active,40,8,718,3.0,40.333333333333336,3.6666666666666665,0,Healthy (16+ logins),69.0
CUST_00817,FinTech,SMB,2022-12-28,SUB_00817,Starter,49,2022-12-28,,Active,8,8,956,1.0,18.0,4.0,0,Medium Risk (6-15 logins),369.0
CUST_00818,FinTech,Enterprise,2022-05-26,SUB_00818,Enterprise,999,2022-05-26,,Active,40,8,9785,2.0,10.0,4.5,0,Healthy (16+ logins),585.0
CUST_00819,Logistics,SMB,2022-07-28,SUB_00819,Pro,199,2022-07-28,2022-10-09,Churned,0,0,349,1.0,56.0,4.0,1,High Risk (≤5 logins),73.0
CUST_00820,EdTech,Mid-Market,2022-10-13,SUB_00820,Pro,199,2022-10-13,2023-09-07,Churned,3,0,871,3.0,41.0,4.0,1,High Risk (≤5 logins),329.0
CUST_00821,FinTech,SMB,2022-01-10,SUB_00821,Starter,49,2022-01-10,2022-06-16,Churned,0,0,206,0.0,0.0,5.0,1,High Risk (≤5 logins),157.0
CUST_00822,EdTech,Mid-Market,2022-07-05,SUB_00822,Pro,199,2022-07-05,,Active,46,14,959,1.0,61.0,3.0,0,Healthy (16+ logins),545.0
CUST_00823,Healthcare,SMB,2023-07-28,SUB_00823,Starter,49,2023-07-28,2024-03-02,Churned,2,1,490,0.0,0.0,5.0,1,High Risk (≤5 logins),218.0
CUST_00824,E-commerce,SMB,2023-08-20,SUB_00824,Enterprise,999,2023-08-20,,Active,40,4,24687,1.0,53.0,3.0,0,Healthy (16+ logins),134.0
CUST_00825,FinTech,Mid-Market,2023-04-09,SUB_00825,Starter,49,2023-04-09,,Active,27,7,140,5.0,43.2,3.4,0,Healthy (16+ logins),267.0
CUST_00826,Logistics,Enterprise,2022-05-14,SUB_00826,Starter,49,2022-05-14,,Active,16,5,858,0.0,0.0,5.0,0,Healthy (16+ logins),597.0
CUST_00827,Healthcare,Enterprise,2022-06-20,SUB_00827,Starter,49,2022-06-20,,Active,46,11,598,4.0,42.0,4.5,0,Healthy (16+ logins),560.0
CUST_00828,EdTech,Mid-Market,2022-08-01,SUB_00828,Starter,49,2022-08-01,,Active,35,10,929,2.0,37.5,3.0,0,Healthy (16+ logins),518.0
CUST_00829,Healthcare,Mid-Market,2023-06-14,SUB_00829,Starter,49,2023-06-14,,Active,16,1,890,3.0,39.666666666666664,4.333333333333333,0,Healthy (16+ logins),201.0
CUST_00830,FinTech,SMB,2023-05-17,SUB_00830,Pro,199,2023-05-17,2023-12-02,Churned,2,1,609,3.0,35.333333333333336,3.3333333333333335,1,High Risk (≤5 logins),199.0
CUST_00831,EdTech,SMB,2023-07-26,SUB_00831,Pro,199,2023-07-26,,Active,29,4,22,1.0,38.0,4.0,0,Healthy (16+ logins),159.0
CUST_00832,E-commerce,SMB,2023-08-23,SUB_00832,Pro,199,2023-08-23,2024-06-26,Churned,1,1,761,0.0,0.0,5.0,1,High Risk (≤5 logins),308.0
CUST_00833,Healthcare,SMB,2022-01-27,SUB_00833,Pro,199,2022-01-27,,Active,23,2,363,0.0,0.0,5.0,0,Healthy (16+ logins),704.0
CUST_00834,FinTech,SMB,2022-03-09,SUB_00834,Starter,49,2022-03-09,,Active,26,12,761,1.0,41.0,5.0,0,Healthy (16+ logins),663.0
CUST_00835,Logistics,SMB,2023-02-12,SUB_00835,Pro,199,2023-02-12,,Active,28,12,147,2.0,29.5,2.5,0,Healthy (16+ logins),323.0
CUST_00836,EdTech,SMB,2023-07-06,SUB_00836,Starter,49,2023-07-06,2024-02-21,Churned,3,0,565,1.0,21.0,2.0,1,High Risk (≤5 logins),230.0
CUST_00837,Healthcare,Mid-Market,2022-04-19,SUB_00837,Enterprise,999,2022-04-19,,Active,40,2,31915,0.0,0.0,5.0,0,Healthy (16+ logins),622.0
CUST_00838,Healthcare,SMB,2022-03-15,SUB_00838,Starter,49,2022-03-15,,Active,49,5,953,0.0,0.0,5.0,0,Healthy (16+ logins),657.0
CUST_00839,E-commerce,SMB,2023-08-01,SUB_00839,Starter,49,2023-08-01,,Active,44,10,826,3.0,26.666666666666668,3.6666666666666665,0,Healthy (16+ logins),153.0
CUST_00840,E-commerce,SMB,2023-11-11,SUB_00840,Starter,49,2023-11-11,,Active,20,10,915,2.0,61.0,4.5,0,Healthy (16+ logins),51.0
CUST_00841,Logistics,Mid-Market,2022-09-19,SUB_00841,Starter,49,2022-09-19,,Active,6,14,550,2.0,20.5,3.5,0,Medium Risk (6-15 logins),469.0
CUST_00842,Logistics,Mid-Market,2023-01-03,SUB_00842,Starter,49,2023-01-03,,Active,12,8,504,0.0,0.0,5.0,0,Medium Risk (6-15 logins),363.0
CUST_00843,FinTech,Mid-Market,2022-08-25,SUB_00843,Starter,49,2022-08-25,,Active,17,11,845,1.0,10.0,1.0,0,Healthy (16+ logins),494.0
CUST_00844,FinTech,SMB,2023-01-01,SUB_00844,Pro,199,2023-01-01,2023-06-04,Churned,4,1,217,3.0,46.0,2.3333333333333335,1,High Risk (≤5 logins),154.0
CUST_00845,Logistics,SMB,2022-10-13,SUB_00845,Pro,199,2022-10-13,,Active,5,11,858,0.0,0.0,5.0,0,High Risk (≤5 logins),445.0
CUST_00846,Logistics,SMB,2023-01-13,SUB_00846,Starter,49,2023-01-13,2023-11-30,Churned,2,1,481,3.0,18.333333333333332,4.333333333333333,1,High Risk (≤5 logins),321.0
CUST_00847,EdTech,SMB,2023-10-23,SUB_00847,Starter,49,2023-10-23,2024-09-27,Churned,1,0,988,5.0,45.8,3.6,1,High Risk (≤5 logins),340.0
CUST_00848,E-commerce,SMB,2023-01-11,SUB_00848,Pro,199,2023-01-11,2023-02-25,Churned,3,0,415,3.0,37.666666666666664,3.3333333333333335,1,High Risk (≤5 logins),45.0
CUST_00849,FinTech,SMB,2023-09-11,SUB_00849,Starter,49,2023-09-11,,Active,46,5,936,7.0,45.42857142857143,4.0,0,Healthy (16+ logins),112.0
CUST_00850,E-commerce,SMB,2023-10-15,SUB_00850,Pro,199,2023-10-15,,Active,39,7,748,1.0,34.0,5.0,0,Healthy (16+ logins),78.0
CUST_00851,E-commerce,Enterprise,2022-03-17,SUB_00851,Starter,49,2022-03-17,,Active,32,4,324,2.0,22.0,4.0,0,Healthy (16+ logins),655.0
CUST_00852,Logistics,Enterprise,2022-01-09,SUB_00852,Pro,199,2022-01-09,,Active,16,4,835,4.0,37.0,2.75,0,Healthy (16+ logins),722.0
CUST_00853,EdTech,SMB,2022-07-15,SUB_00853,Pro,199,2022-07-15,,Active,44,10,854,1.0,60.0,1.0,0,Healthy (16+ logins),535.0
CUST_00854,Healthcare,SMB,2023-09-22,SUB_00854,Pro,199,2023-09-22,,Active,28,4,788,3.0,52.666666666666664,2.3333333333333335,0,Healthy (16+ logins),101.0
CUST_00855,EdTech,SMB,2022-10-17,SUB_00855,Pro,199,2022-10-17,2023-08-16,Churned,1,1,736,1.0,66.0,4.0,1,High Risk (≤5 logins),303.0
CUST_00856,EdTech,SMB,2022-03-02,SUB_00856,Starter,49,2022-03-02,,Active,21,8,488,2.0,58.0,4.0,0,Healthy (16+ logins),670.0
CUST_00857,E-commerce,Enterprise,2023-01-24,SUB_00857,Starter,49,2023-01-24,,Active,42,1,407,5.0,31.8,3.2,0,Healthy (16+ logins),342.0
CUST_00858,EdTech,SMB,2023-07-17,SUB_00858,Pro,199,2023-07-17,2024-06-04,Churned,2,1,143,2.0,32.0,5.0,1,High Risk (≤5 logins),323.0
CUST_00859,FinTech,Mid-Market,2023-07-18,SUB_00859,Pro,199,2023-07-18,,Active,37,5,799,2.0,16.5,4.5,0,Healthy (16+ logins),167.0
CUST_00860,E-commerce,SMB,2023-09-26,SUB_00860,Starter,49,2023-09-26,,Active,28,12,210,2.0,32.5,4.0,0,Healthy (16+ logins),97.0
CUST_00861,FinTech,Enterprise,2023-11-10,SUB_00861,Pro,199,2023-11-10,,Active,49,10,665,2.0,19.5,4.5,0,Healthy (16+ logins),52.0
CUST_00862,Healthcare,SMB,2022-01-08,SUB_00862,Starter,49,2022-01-08,2022-02-26,Churned,2,0,258,1.0,16.0,5.0,1,High Risk (≤5 logins),49.0
CUST_00863,E-commerce,Mid-Market,2023-01-04,SUB_00863,Starter,49,2023-01-04,,Active,25,10,226,1.0,19.0,4.0,0,Healthy (16+ logins),362.0
CUST_00864,Healthcare,SMB,2022-02-14,SUB_00864,Pro,199,2022-02-14,,Active,49,4,998,4.0,50.5,2.0,0,Healthy (16+ logins),686.0
CUST_00865,E-commerce,Mid-Market,2022-12-10,SUB_00865,Starter,49,2022-12-10,,Active,8,5,593,1.0,20.0,4.0,0,Medium Risk (6-15 logins),387.0
CUST_00866,Logistics,SMB,2023-01-10,SUB_00866,Pro,199,2023-01-10,2023-02-27,Churned,3,0,888,1.0,64.0,3.0,1,High Risk (≤5 logins),48.0
CUST_00867,EdTech,SMB,2023-09-11,SUB_00867,Starter,49,2023-09-11,2023-10-23,Churned,0,1,371,5.0,35.0,3.8,1,High Risk (≤5 logins),42.0
CUST_00868,Logistics,Enterprise,2022-01-27,SUB_00868,Starter,49,2022-01-27,,Active,40,2,390,3.0,43.666666666666664,3.3333333333333335,0,Healthy (16+ logins),704.0
CUST_00869,Healthcare,Enterprise,2022-07-12,SUB_00869,Pro,199,2022-07-12,,Active,17,2,991,1.0,49.0,5.0,0,Healthy (16+ logins),538.0
CUST_00870,EdTech,Mid-Market,2022-12-23,SUB_00870,Pro,199,2022-12-23,,Active,40,14,87,3.0,30.333333333333332,3.6666666666666665,0,Healthy (16+ logins),374.0
CUST_00871,E-commerce,Mid-Market,2022-03-03,SUB_00871,Starter,49,2022-03-03,,Active,13,8,399,3.0,54.333333333333336,4.666666666666667,0,Medium Risk (6-15 logins),669.0
CUST_00872,EdTech,Mid-Market,2022-03-03,SUB_00872,Starter,49,2022-03-03,2022-04-18,Churned,0,1,308,3.0,21.0,3.0,1,High Risk (≤5 logins),46.0
CUST_00873,FinTech,SMB,2023-02-26,SUB_00873,Starter,49,2023-02-26,2023-10-19,Churned,3,0,983,2.0,17.5,4.0,1,High Risk (≤5 logins),235.0
CUST_00874,EdTech,SMB,2023-09-25,SUB_00874,Starter,49,2023-09-25,2023-11-23,Churned,4,1,3,3.0,40.666666666666664,4.0,1,High Risk (≤5 logins),59.0
CUST_00875,FinTech,SMB,2023-07-05,SUB_00875,Enterprise,999,2023-07-05,2024-05-28,Churned,0,1,37941,5.0,55.0,3.2,1,High Risk (≤5 logins),328.0
CUST_00876,EdTech,Mid-Market,2023-01-15,SUB_00876,Pro,199,2023-01-15,,Active,31,2,543,3.0,41.0,4.333333333333333,0,Healthy (16+ logins),351.0
CUST_00877,FinTech,SMB,2022-10-04,SUB_00877,Starter,49,2022-10-04,,Active,40,6,745,2.0,37.0,3.0,0,Healthy (16+ logins),454.0
CUST_00878,Healthcare,SMB,2023-08-29,SUB_00878,Starter,49,2023-08-29,,Active,13,10,225,3.0,58.0,4.0,0,Medium Risk (6-15 logins),125.0
CUST_00879,Logistics,SMB,2023-03-07,SUB_00879,Enterprise,999,2023-03-07,,Active,47,6,14485,2.0,29.0,2.0,0,Healthy (16+ logins),300.0
CUST_00880,E-commerce,Mid-Market,2022-04-25,SUB_00880,Pro,199,2022-04-25,,Active,28,2,205,0.0,0.0,5.0,0,Healthy (16+ logins),616.0
CUST_00881,EdTech,SMB,2023-11-19,SUB_00881,Pro,199,2023-11-19,,Active,41,4,101,3.0,38.0,4.333333333333333,0,Healthy (16+ logins),43.0
CUST_00882,Logistics,SMB,2022-05-01,SUB_00882,Pro,199,2022-05-01,2023-03-30,Churned,3,1,57,2.0,19.0,3.5,1,High Risk (≤5 logins),333.0
CUST_00883,E-commerce,SMB,2023-06-09,SUB_00883,Starter,49,2023-06-09,2023-08-20,Churned,2,1,780,2.0,38.5,4.0,1,High Risk (≤5 logins),72.0
CUST_00884,E-commerce,SMB,2023-02-20,SUB_00884,Starter,49,2023-02-20,,Active,34,14,149,1.0,23.0,4.0,0,Healthy (16+ logins),315.0
CUST_00885,FinTech,SMB,2022-06-12,SUB_00885,Enterprise,999,2022-06-12,,Active,30,10,9955,2.0,57.0,4.5,0,Healthy (16+ logins),568.0
CUST_00886,Healthcare,Mid-Market,2023-11-19,SUB_00886,Pro,199,2023-11-19,,Active,8,4,478,6.0,44.833333333333336,3.3333333333333335,0,Medium Risk (6-15 logins),43.0
CUST_00887,Healthcare,Mid-Market,2022-12-03,SUB_00887,Starter,49,2022-12-03,,Active,5,13,555,4.0,46.0,3.75,0,High Risk (≤5 logins),394.0
CUST_00888,Logistics,Mid-Market,2023-01-14,SUB_00888,Starter,49,2023-01-14,,Active,24,13,427,3.0,60.333333333333336,3.6666666666666665,0,Healthy (16+ logins),352.0
CUST_00889,Healthcare,SMB,2022-11-20,SUB_00889,Starter,49,2022-11-20,,Active,32,11,541,0.0,0.0,5.0,0,Healthy (16+ logins),407.0
CUST_00890,EdTech,Mid-Market,2022-06-22,SUB_00890,Pro,199,2022-06-22,2022-10-22,Churned,0,1,918,1.0,61.0,4.0,1,High Risk (≤5 logins),122.0
CUST_00891,Healthcare,SMB,2022-03-05,SUB_00891,Starter,49,2022-03-05,2022-06-08,Churned,4,0,523,4.0,36.0,4.5,1,High Risk (≤5 logins),95.0
CUST_00892,Logistics,SMB,2022-04-11,SUB_00892,Starter,49,2022-04-11,,Active,32,10,490,0.0,0.0,5.0,0,Healthy (16+ logins),630.0
CUST_00893,Healthcare,Mid-Market,2022-11-18,SUB_00893,Enterprise,999,2022-11-18,,Active,32,4,5169,4.0,36.5,3.25,0,Healthy (16+ logins),409.0
CUST_00894,EdTech,SMB,2022-03-07,SUB_00894,Starter,49,2022-03-07,2022-08-02,Churned,1,0,291,1.0,30.0,5.0,1,High Risk (≤5 logins),148.0
CUST_00895,FinTech,SMB,2023-07-11,SUB_00895,Starter,49,2023-07-11,2024-06-13,Churned,1,0,44,2.0,15.5,3.0,1,High Risk (≤5 logins),338.0
CUST_00896,Logistics,Mid-Market,2023-08-22,SUB_00896,Starter,49,2023-08-22,,Active,34,3,199,3.0,44.666666666666664,4.0,0,Healthy (16+ logins),132.0
CUST_00897,FinTech,SMB,2023-04-03,SUB_00897,Starter,49,2023-04-03,,Active,25,13,23,4.0,44.25,4.5,0,Healthy (16+ logins),273.0
CUST_00898,FinTech,Mid-Market,2023-08-02,SUB_00898,Starter,49,2023-08-02,,Active,46,13,762,2.0,48.0,4.0,0,Healthy (16+ logins),152.0
CUST_00899,FinTech,SMB,2023-03-29,SUB_00899,Enterprise,999,2023-03-29,,Active,20,13,21375,1.0,31.0,5.0,0,Healthy (16+ logins),278.0
CUST_00900,E-commerce,Mid-Market,2022-09-16,SUB_00900,Pro,199,2022-09-16,,Active,12,6,386,1.0,34.0,5.0,0,Medium Risk (6-15 logins),472.0
CUST_00901,E-commerce,SMB,2023-03-02,SUB_00901,Starter,49,2023-03-02,2023-06-11,Churned,3,1,589,2.0,40.0,5.0,1,High Risk (≤5 logins),101.0
CUST_00902,FinTech,SMB,2022-06-27,SUB_00902,Starter,49,2022-06-27,2023-06-25,Churned,4,1,434,1.0,71.0,5.0,1,High Risk (≤5 logins),363.0
CUST_00903,Logistics,Mid-Market,2022-10-07,SUB_00903,Pro,199,2022-10-07,,Active,29,12,241,2.0,27.5,4.0,0,Healthy (16+ logins),451.0
CUST_00904,EdTech,SMB,2022-12-10,SUB_00904,Starter,49,2022-12-10,,Active,7,8,202,2.0,48.0,1.5,0,Medium Risk (6-15 logins),387.0
CUST_00905,EdTech,SMB,2022-01-17,SUB_00905,Starter,49,2022-01-17,2022-07-27,Churned,4,0,236,2.0,61.0,4.0,1,High Risk (≤5 logins),191.0
CUST_00906,Healthcare,SMB,2022-10-23,SUB_00906,Enterprise,999,2022-10-23,,Active,40,9,28369,3.0,33.666666666666664,3.0,0,Healthy (16+ logins),435.0
CUST_00907,Logistics,SMB,2022-07-21,SUB_00907,Starter,49,2022-07-21,,Active,21,2,293,1.0,44.0,3.0,0,Healthy (16+ logins),529.0
CUST_00908,E-commerce,SMB,2023-11-15,SUB_00908,Starter,49,2023-11-15,,Active,31,8,347,1.0,15.0,4.0,0,Healthy (16+ logins),47.0
CUST_00909,FinTech,SMB,2022-07-13,SUB_00909,Starter,49,2022-07-13,,Active,26,8,86,2.0,23.0,4.5,0,Healthy (16+ logins),537.0
CUST_00910,Healthcare,Enterprise,2022-05-29,SUB_00910,Starter,49,2022-05-29,,Active,49,7,209,1.0,54.0,4.0,0,Healthy (16+ logins),582.0
CUST_00911,EdTech,SMB,2023-01-10,SUB_00911,Starter,49,2023-01-10,,Active,42,14,787,3.0,55.666666666666664,3.6666666666666665,0,Healthy (16+ logins),356.0
CUST_00912,E-commerce,SMB,2022-02-04,SUB_00912,Starter,49,2022-02-04,,Active,39,13,608,3.0,52.333333333333336,4.0,0,Healthy (16+ logins),696.0
CUST_00913,E-commerce,SMB,2023-01-04,SUB_00913,Starter,49,2023-01-04,2023-12-29,Churned,3,0,1,0.0,0.0,5.0,1,High Risk (≤5 logins),359.0
CUST_00914,FinTech,SMB,2022-01-29,SUB_00914,Pro,199,2022-01-29,,Active,7,6,998,3.0,53.333333333333336,4.0,0,Medium Risk (6-15 logins),702.0
CUST_00915,EdTech,Enterprise,2022-08-09,SUB_00915,Starter,49,2022-08-09,2023-08-01,Churned,4,1,228,1.0,39.0,4.0,1,High Risk (≤5 logins),357.0
CUST_00916,Logistics,SMB,2022-02-22,SUB_00916,Starter,49,2022-02-22,,Active,17,2,409,4.0,36.5,4.0,0,Healthy (16+ logins),678.0
CUST_00917,E-commerce,Enterprise,2022-12-19,SUB_00917,Pro,199,2022-12-19,2023-10-13,Churned,4,0,242,1.0,69.0,4.0,1,High Risk (≤5 logins),298.0
CUST_00918,FinTech,SMB,2023-01-27,SUB_00918,Pro,199,2023-01-27,,Active,30,13,769,1.0,66.0,5.0,0,Healthy (16+ logins),339.0
CUST_00919,Logistics,Mid-Market,2022-03-17,SUB_00919,Starter,49,2022-03-17,,Active,37,11,962,4.0,34.75,4.0,0,Healthy (16+ logins),655.0
CUST_00920,EdTech,SMB,2023-05-09,SUB_00920,Starter,49,2023-05-09,,Active,19,4,467,3.0,31.333333333333332,4.333333333333333,0,Healthy (16+ logins),237.0
CUST_00921,E-commerce,Mid-Market,2023-11-19,SUB_00921,Starter,49,2023-11-19,,Active,43,9,457,0.0,0.0,5.0,0,Healthy (16+ logins),43.0
CUST_00922,Logistics,SMB,2023-06-06,SUB_00922,Pro,199,2023-06-06,,Active,45,3,553,2.0,39.5,4.0,0,Healthy (16+ logins),209.0
CUST_00923,Logistics,SMB,2022-04-27,SUB_00923,Starter,49,2022-04-27,,Active,18,4,212,3.0,39.333333333333336,3.0,0,Healthy (16+ logins),614.0
CUST_00924,Logistics,SMB,2022-10-07,SUB_00924,Starter,49,2022-10-07,2023-06-11,Churned,1,0,807,3.0,44.0,2.3333333333333335,1,High Risk (≤5 logins),247.0
CUST_00925,E-commerce,SMB,2022-06-24,SUB_00925,Starter,49,2022-06-24,,Active,32,7,904,1.0,56.0,5.0,0,Healthy (16+ logins),556.0
CUST_00926,E-commerce,Enterprise,2022-10-22,SUB_00926,Starter,49,2022-10-22,,Active,28,2,385,1.0,67.0,5.0,0,Healthy (16+ logins),436.0
CUST_00927,Healthcare,SMB,2023-03-27,SUB_00927,Starter,49,2023-03-27,,Active,45,10,411,5.0,28.2,3.8,0,Healthy (16+ logins),280.0
CUST_00928,EdTech,SMB,2023-06-02,SUB_00928,Starter,49,2023-06-02,,Active,37,12,514,3.0,39.666666666666664,3.6666666666666665,0,Healthy (16+ logins),213.0
CUST_00929,FinTech,Mid-Market,2022-01-21,SUB_00929,Pro,199,2022-01-21,,Active,16,12,527,1.0,61.0,5.0,0,Healthy (16+ logins),710.0
CUST_00930,Logistics,SMB,2022-03-14,SUB_00930,Pro,199,2022-03-14,,Active,14,2,387,3.0,53.0,3.6666666666666665,0,Medium Risk (6-15 logins),658.0
CUST_00931,Healthcare,Enterprise,2022-02-05,SUB_00931,Starter,49,2022-02-05,2022-11-15,Churned,4,0,278,4.0,30.5,3.25,1,High Risk (≤5 logins),283.0
CUST_00932,FinTech,Mid-Market,2023-05-22,SUB_00932,Starter,49,2023-05-22,,Active,5,14,989,4.0,47.0,3.25,0,High Risk (≤5 logins),224.0
CUST_00933,Healthcare,SMB,2022-08-21,SUB_00933,Starter,49,2022-08-21,,Active,19,12,101,0.0,0.0,5.0,0,Healthy (16+ logins),498.0
CUST_00934,E-commerce,Mid-Market,2023-05-12,SUB_00934,Starter,49,2023-05-12,,Active,5,4,588,3.0,35.666666666666664,3.3333333333333335,0,High Risk (≤5 logins),234.0
CUST_00935,Logistics,SMB,2022-07-25,SUB_00935,Pro,199,2022-07-25,2022-10-21,Churned,3,0,389,0.0,0.0,5.0,1,High Risk (≤5 logins),88.0
CUST_00936,FinTech,SMB,2023-03-02,SUB_00936,Enterprise,999,2023-03-02,2023-05-02,Churned,4,0,5715,4.0,54.25,4.5,1,High Risk (≤5 logins),61.0
CUST_00937,FinTech,SMB,2022-02-13,SUB_00937,Starter,49,2022-02-13,2022-07-12,Churned,3,1,566,0.0,0.0,5.0,1,High Risk (≤5 logins),149.0
CUST_00938,FinTech,SMB,2022-04-01,SUB_00938,Starter,49,2022-04-01,,Active,7,8,720,2.0,44.0,3.5,0,Medium Risk (6-15 logins),640.0
CUST_00939,FinTech,Mid-Market,2023-04-15,SUB_00939,Starter,49,2023-04-15,,Active,40,7,391,2.0,41.0,2.5,0,Healthy (16+ logins),261.0
CUST_00940,FinTech,Enterprise,2023-08-28,SUB_00940,Pro,199,2023-08-28,,Active,20,6,840,0.0,0.0,5.0,0,Healthy (16+ logins),126.0
CUST_00941,Healthcare,SMB,2023-04-12,SUB_00941,Pro,199,2023-04-12,,Active,33,12,353,5.0,50.0,2.8,0,Healthy (16+ logins),264.0
CUST_00942,Logistics,SMB,2023-03-30,SUB_00942,Pro,199,2023-03-30,,Active,48,7,592,1.0,60.0,5.0,0,Healthy (16+ logins),277.0
CUST_00943,E-commerce,Enterprise,2023-08-18,SUB_00943,Pro,199,2023-08-18,,Active,40,13,755,4.0,52.75,4.25,0,Healthy (16+ logins),136.0
CUST_00944,E-commerce,SMB,2022-11-29,SUB_00944,Starter,49,2022-11-29,,Active,48,14,234,2.0,60.5,3.5,0,Healthy (16+ logins),398.0
CUST_00945,E-commerce,SMB,2023-05-22,SUB_00945,Pro,199,2023-05-22,2024-04-25,Churned,4,1,113,1.0,42.0,5.0,1,High Risk (≤5 logins),339.0
CUST_00946,E-commerce,SMB,2023-04-15,SUB_00946,Pro,199,2023-04-15,2023-05-16,Churned,2,0,981,2.0,56.5,3.5,1,High Risk (≤5 logins),31.0
CUST_00947,Healthcare,Enterprise,2022-01-21,SUB_00947,Pro,199,2022-01-21,,Active,41,2,959,0.0,0.0,5.0,0,Healthy (16+ logins),710.0
CUST_00948,EdTech,SMB,2022-08-16,SUB_00948,Starter,49,2022-08-16,2023-01-10,Churned,4,0,66,2.0,65.0,4.0,1,High Risk (≤5 logins),147.0
CUST_00949,Logistics,Mid-Market,2023-01-11,SUB_00949,Pro,199,2023-01-11,,Active,16,7,808,0.0,0.0,5.0,0,Healthy (16+ logins),355.0
CUST_00950,FinTech,Mid-Market,2022-05-10,SUB_00950,Pro,199,2022-05-10,,Active,24,9,39,2.0,63.0,3.0,0,Healthy (16+ logins),601.0
CUST_00951,EdTech,SMB,2023-11-18,SUB_00951,Pro,199,2023-11-18,2024-01-23,Churned,4,0,732,3.0,32.0,3.3333333333333335,1,High Risk (≤5 logins),66.0
CUST_00952,E-commerce,SMB,2023-09-12,SUB_00952,Pro,199,2023-09-12,,Active,26,1,102,2.0,44.0,2.5,0,Healthy (16+ logins),111.0
CUST_00953,EdTech,Mid-Market,2023-02-18,SUB_00953,Pro,199,2023-02-18,,Active,36,11,410,2.0,49.5,2.5,0,Healthy (16+ logins),317.0
CUST_00954,Logistics,SMB,2022-03-12,SUB_00954,Pro,199,2022-03-12,,Active,11,9,294,1.0,63.0,4.0,0,Medium Risk (6-15 logins),660.0
CUST_00955,FinTech,Mid-Market,2023-02-08,SUB_00955,Pro,199,2023-02-08,,Active,26,3,564,3.0,37.333333333333336,3.6666666666666665,0,Healthy (16+ logins),327.0
CUST_00956,FinTech,Enterprise,2023-07-16,SUB_00956,Pro,199,2023-07-16,,Active,48,1,807,3.0,41.333333333333336,3.0,0,Healthy (16+ logins),169.0
CUST_00957,Logistics,Mid-Market,2023-08-30,SUB_00957,Starter,49,2023-08-30,,Active,6,7,563,0.0,0.0,5.0,0,Medium Risk (6-15 logins),124.0
CUST_00958,Logistics,Mid-Market,2023-02-01,SUB_00958,Starter,49,2023-02-01,,Active,18,3,36,2.0,57.5,5.0,0,Healthy (16+ logins),334.0
CUST_00959,E-commerce,Mid-Market,2022-12-03,SUB_00959,Starter,49,2022-12-03,2023-04-08,Churned,3,0,66,1.0,49.0,5.0,1,High Risk (≤5 logins),126.0
CUST_00960,FinTech,Mid-Market,2023-10-06,SUB_00960,Pro,199,2023-10-06,,Active,28,11,402,5.0,31.8,4.0,0,Healthy (16+ logins),87.0
CUST_00961,EdTech,SMB,2023-05-20,SUB_00961,Pro,199,2023-05-20,2024-03-01,Churned,2,0,673,4.0,61.25,2.0,1,High Risk (≤5 logins),286.0
CUST_00962,Healthcare,SMB,2022-10-03,SUB_00962,Enterprise,999,2022-10-03,,Active,8,4,25490,3.0,37.666666666666664,4.333333333333333,0,Medium Risk (6-15 logins),455.0
CUST_00963,Healthcare,SMB,2022-01-13,SUB_00963,Starter,49,2022-01-13,2022-06-19,Churned,2,1,340,1.0,48.0,4.0,1,High Risk (≤5 logins),157.0
CUST_00964,Logistics,Mid-Market,2022-01-03,SUB_00964,Starter,49,2022-01-03,,Active,45,2,833,2.0,16.5,3.0,0,Healthy (16+ logins),728.0
CUST_00965,E-commerce,SMB,2022-08-12,SUB_00965,Starter,49,2022-08-12,,Active,9,11,905,4.0,41.75,3.75,0,Medium Risk (6-15 logins),507.0
CUST_00966,Healthcare,Mid-Market,2022-06-24,SUB_00966,Starter,49,2022-06-24,2022-12-26,Churned,4,1,51,2.0,47.0,4.0,1,High Risk (≤5 logins),185.0
CUST_00967,FinTech,SMB,2023-01-20,SUB_00967,Pro,199,2023-01-20,,Active,9,12,425,4.0,31.25,3.75,0,Medium Risk (6-15 logins),346.0
CUST_00968,Logistics,Mid-Market,2023-08-25,SUB_00968,Starter,49,2023-08-25,2024-02-15,Churned,1,0,955,0.0,0.0,5.0,1,High Risk (≤5 logins),174.0
CUST_00969,EdTech,SMB,2022-08-29,SUB_00969,Pro,199,2022-08-29,,Active,46,13,208,4.0,41.0,3.0,0,Healthy (16+ logins),490.0
CUST_00970,Logistics,Mid-Market,2023-07-01,SUB_00970,Pro,199,2023-07-01,,Active,12,10,513,5.0,40.0,4.0,0,Medium Risk (6-15 logins),184.0
CUST_00971,EdTech,SMB,2022-01-14,SUB_00971,Starter,49,2022-01-14,,Active,30,5,986,2.0,41.0,4.0,0,Healthy (16+ logins),717.0
CUST_00972,Logistics,SMB,2022-07-14,SUB_00972,Pro,199,2022-07-14,,Active,14,3,640,3.0,26.666666666666668,3.3333333333333335,0,Medium Risk (6-15 logins),536.0
CUST_00973,Logistics,SMB,2023-02-01,SUB_00973,Starter,49,2023-02-01,,Active,38,9,177,2.0,27.0,5.0,0,Healthy (16+ logins),334.0
CUST_00974,Logistics,Mid-Market,2023-03-07,SUB_00974,Starter,49,2023-03-07,2023-06-01,Churned,0,1,675,1.0,18.0,4.0,1,High Risk (≤5 logins),86.0
CUST_00975,EdTech,SMB,2022-11-02,SUB_00975,Pro,199,2022-11-02,2023-02-09,Churned,3,1,864,3.0,38.333333333333336,4.333333333333333,1,High Risk (≤5 logins),99.0
CUST_00976,EdTech,SMB,2022-11-30,SUB_00976,Pro,199,2022-11-30,2023-02-11,Churned,2,1,21,1.0,35.0,4.0,1,High Risk (≤5 logins),73.0
CUST_00977,Logistics,Enterprise,2023-02-14,SUB_00977,Starter,49,2023-02-14,,Active,33,2,368,7.0,37.142857142857146,3.857142857142857,0,Healthy (16+ logins),321.0
CUST_00978,Healthcare,Mid-Market,2022-01-03,SUB_00978,Starter,49,2022-01-03,2022-09-01,Churned,1,1,738,1.0,50.0,4.0,1,High Risk (≤5 logins),241.0
CUST_00979,E-commerce,Enterprise,2023-11-22,SUB_00979,Starter,49,2023-11-22,,Active,9,3,993,2.0,51.0,4.0,0,Medium Risk (6-15 logins),40.0
CUST_00980,E-commerce,SMB,2023-07-06,SUB_00980,Starter,49,2023-07-06,2024-01-26,Churned,2,0,81,3.0,35.666666666666664,3.3333333333333335,1,High Risk (≤5 logins),204.0
CUST_00981,E-commerce,SMB,2023-03-28,SUB_00981,Enterprise,999,2023-03-28,,Active,8,9,26249,2.0,42.5,3.5,0,Medium Risk (6-15 logins),279.0
CUST_00982,EdTech,Mid-Market,2023-11-07,SUB_00982,Pro,199,2023-11-07,,Active,33,9,376,2.0,50.0,3.5,0,Healthy (16+ logins),55.0
CUST_00983,EdTech,SMB,2023-05-10,SUB_00983,Starter,49,2023-05-10,2023-10-27,Churned,2,1,2,1.0,16.0,5.0,1,High Risk (≤5 logins),170.0
CUST_00984,Healthcare,Mid-Market,2023-02-21,SUB_00984,Pro,199,2023-02-21,2023-06-06,Churned,2,1,683,4.0,43.75,4.0,1,High Risk (≤5 logins),105.0
CUST_00985,E-commerce,SMB,2023-01-26,SUB_00985,Starter,49,2023-01-26,2023-08-01,Churned,4,1,117,2.0,24.0,4.0,1,High Risk (≤5 logins),187.0
CUST_00986,E-commerce,SMB,2023-01-08,SUB_00986,Starter,49,2023-01-08,2023-05-02,Churned,4,1,655,1.0,62.0,2.0,1,High Risk (≤5 logins),114.0
CUST_00987,Logistics,SMB,2023-09-20,SUB_00987,Enterprise,999,2023-09-20,,Active,13,7,25432,2.0,40.0,2.5,0,Medium Risk (6-15 logins),103.0
CUST_00988,EdTech,SMB,2022-02-21,SUB_00988,Pro,199,2022-02-21,2023-02-07,Churned,4,0,394,5.0,34.8,4.6,1,High Risk (≤5 logins),351.0
CUST_00989,E-commerce,SMB,2023-01-11,SUB_00989,Pro,199,2023-01-11,,Active,27,12,265,4.0,44.75,3.25,0,Healthy (16+ logins),355.0
CUST_00990,Healthcare,SMB,2023-01-30,SUB_00990,Pro,199,2023-01-30,,Active,7,2,434,1.0,63.0,3.0,0,Medium Risk (6-15 logins),336.0
CUST_00991,Healthcare,Enterprise,2022-05-22,SUB_00991,Pro,199,2022-05-22,,Active,36,13,681,0.0,0.0,5.0,0,Healthy (16+ logins),589.0
CUST_00992,E-commerce,SMB,2022-03-27,SUB_00992,Starter,49,2022-03-27,,Active,28,5,724,1.0,32.0,5.0,0,Healthy (16+ logins),645.0
CUST_00993,EdTech,Mid-Market,2023-04-09,SUB_00993,Pro,199,2023-04-09,,Active,10,8,792,3.0,54.0,2.6666666666666665,0,Medium Risk (6-15 logins),267.0
CUST_00994,Healthcare,Mid-Market,2022-02-15,SUB_00994,Enterprise,999,2022-02-15,,Active,17,10,5409,2.0,61.5,3.5,0,Healthy (16+ logins),685.0
CUST_00995,Logistics,SMB,2022-08-26,SUB_00995,Starter,49,2022-08-26,,Active,19,10,375,4.0,38.5,3.25,0,Healthy (16+ logins),493.0
CUST_00996,Healthcare,SMB,2022-01-10,SUB_00996,Pro,199,2022-01-10,,Active,34,6,261,3.0,61.666666666666664,3.3333333333333335,0,Healthy (16+ logins),721.0
CUST_00997,FinTech,Mid-Market,2023-10-26,SUB_00997,Starter,49,2023-10-26,,Active,16,12,365,0.0,0.0,5.0,0,Healthy (16+ logins),67.0
CUST_00998,FinTech,Mid-Market,2023-07-27,SUB_00998,Starter,49,2023-07-27,,Active,44,14,766,1.0,46.0,3.0,0,Healthy (16+ logins),158.0
CUST_00999,EdTech,Mid-Market,2023-06-14,SUB_00999,Pro,199,2023-06-14,,Active,39,12,427,0.0,0.0,5.0,0,Healthy (16+ logins),201.0
CUST_01000,E-commerce,Mid-Market,2023-08-21,SUB_01000,Starter,49,2023-08-21,,Active,32,11,7,2.0,70.0,2.0,0,Healthy (16+ logins),133.0
CUST_01001,EdTech,Enterprise,2023-10-11,SUB_01001,Pro,199,2023-10-11,,Active,8,5,929,1.0,16.0,5.0,0,Medium Risk (6-15 logins),82.0
CUST_01002,EdTech,SMB,2023-10-02,SUB_01002,Starter,49,2023-10-02,,Active,11,4,40,2.0,33.5,4.5,0,Medium Risk (6-15 logins),91.0
CUST_01003,EdTech,SMB,2023-09-08,SUB_01003,Enterprise,999,2023-09-08,2024-08-11,Churned,1,0,16372,3.0,45.0,3.3333333333333335,1,High Risk (≤5 logins),338.0
CUST_01004,EdTech,Mid-Market,2023-11-29,SUB_01004,Starter,49,2023-11-29,,Active,20,6,256,1.0,60.0,2.0,0,Healthy (16+ logins),33.0
CUST_01005,Logistics,SMB,2022-06-27,SUB_01005,Starter,49,2022-06-27,,Active,26,13,642,4.0,45.75,3.5,0,Healthy (16+ logins),553.0
CUST_01006,Logistics,Mid-Market,2022-01-06,SUB_01006,Starter,49,2022-01-06,,Active,49,11,563,1.0,26.0,4.0,0,Healthy (16+ logins),725.0
CUST_01007,Healthcare,SMB,2022-11-03,SUB_01007,Enterprise,999,2022-11-03,,Active,45,3,24573,2.0,35.0,4.0,0,Healthy (16+ logins),424.0
CUST_01008,FinTech,SMB,2023-07-02,SUB_01008,Pro,199,2023-07-02,2023-08-18,Churned,0,1,218,6.0,53.0,2.5,1,High Risk (≤5 logins),47.0
CUST_01009,EdTech,Mid-Market,2022-11-23,SUB_01009,Pro,199,2022-11-23,,Active,7,1,243,0.0,0.0,5.0,0,Medium Risk (6-15 logins),404.0
CUST_01010,Healthcare,SMB,2022-12-22,SUB_01010,Starter,49,2022-12-22,2023-10-31,Churned,2,1,844,1.0,50.0,3.0,1,High Risk (≤5 logins),313.0
CUST_01011,FinTech,SMB,2023-01-30,SUB_01011,Starter,49,2023-01-30,,Active,35,1,938,2.0,15.5,2.5,0,Healthy (16+ logins),336.0
CUST_01012,E-commerce,SMB,2022-10-27,SUB_01012,Starter,49,2022-10-27,,Active,41,11,302,4.0,52.25,4.0,0,Healthy (16+ logins),431.0
CUST_01013,Logistics,Mid-Market,2023-06-10,SUB_01013,Pro,199,2023-06-10,,Active,26,4,369,5.0,41.8,3.4,0,Healthy (16+ logins),205.0
CUST_01014,FinTech,SMB,2022-10-12,SUB_01014,Starter,49,2022-10-12,2022-12-22,Churned,4,1,850,2.0,36.0,2.5,1,High Risk (≤5 logins),71.0
CUST_01015,E-commerce,Mid-Market,2022-11-26,SUB_01015,Enterprise,999,2022-11-26,2023-05-08,Churned,1,1,6340,0.0,0.0,5.0,1,High Risk (≤5 logins),163.0
CUST_01016,FinTech,SMB,2022-02-19,SUB_01016,Pro,199,2022-02-19,,Active,26,4,69,2.0,41.5,3.5,0,Healthy (16+ logins),681.0
CUST_01017,Logistics,Mid-Market,2023-09-14,SUB_01017,Starter,49,2023-09-14,2024-01-23,Churned,1,0,46,2.0,45.5,5.0,1,High Risk (≤5 logins),131.0
CUST_01018,Logistics,Mid-Market,2023-01-13,SUB_01018,Starter,49,2023-01-13,,Active,24,7,116,1.0,33.0,2.0,0,Healthy (16+ logins),353.0
CUST_01019,Healthcare,SMB,2023-08-23,SUB_01019,Pro,199,2023-08-23,2024-02-05,Churned,0,1,589,1.0,43.0,4.0,1,High Risk (≤5 logins),166.0
CUST_01020,EdTech,SMB,2023-06-22,SUB_01020,Starter,49,2023-06-22,2024-02-28,Churned,4,0,516,3.0,28.666666666666668,1.6666666666666667,1,High Risk (≤5 logins),251.0
CUST_01021,FinTech,SMB,2022-05-24,SUB_01021,Starter,49,2022-05-24,,Active,35,6,253,5.0,27.6,3.2,0,Healthy (16+ logins),587.0
CUST_01022,FinTech,Mid-Market,2022-03-01,SUB_01022,Starter,49,2022-03-01,,Active,47,9,831,3.0,28.0,4.333333333333333,0,Healthy (16+ logins),671.0
CUST_01023,E-commerce,SMB,2022-03-16,SUB_01023,Pro,199,2022-03-16,,Active,12,11,618,2.0,48.0,3.0,0,Medium Risk (6-15 logins),656.0
CUST_01024,Logistics,Mid-Market,2022-01-03,SUB_01024,Pro,199,2022-01-03,,Active,9,10,755,5.0,38.4,3.4,0,Medium Risk (6-15 logins),728.0
CUST_01025,FinTech,SMB,2023-07-29,SUB_01025,Starter,49,2023-07-29,,Active,6,7,172,3.0,33.0,2.6666666666666665,0,Medium Risk (6-15 logins),156.0
CUST_01026,Logistics,SMB,2023-03-24,SUB_01026,Starter,49,2023-03-24,2023-12-07,Churned,0,1,959,1.0,44.0,1.0,1,High Risk (≤5 logins),258.0
CUST_01027,FinTech,SMB,2022-10-02,SUB_01027,Starter,49,2022-10-02,2023-08-21,Churned,4,0,428,4.0,43.0,4.25,1,High Risk (≤5 logins),323.0
CUST_01028,Healthcare,SMB,2023-06-14,SUB_01028,Pro,199,2023-06-14,2024-05-14,Churned,4,1,35,4.0,45.0,3.0,1,High Risk (≤5 logins),335.0
CUST_01029,EdTech,SMB,2023-08-15,SUB_01029,Starter,49,2023-08-15,2024-07-25,Churned,4,0,904,6.0,45.666666666666664,3.6666666666666665,1,High Risk (≤5 logins),345.0
CUST_01030,FinTech,Mid-Market,2022-08-03,SUB_01030,Starter,49,2022-08-03,2022-12-29,Churned,3,1,406,3.0,29.666666666666668,3.3333333333333335,1,High Risk (≤5 logins),148.0
CUST_01031,Logistics,Mid-Market,2023-11-14,SUB_01031,Enterprise,999,2023-11-14,,Active,13,13,20358,3.0,52.333333333333336,3.3333333333333335,0,Medium Risk (6-15 logins),48.0
CUST_01032,Healthcare,SMB,2023-04-30,SUB_01032,Enterprise,999,2023-04-30,,Active,10,6,40482,3.0,26.333333333333332,3.6666666666666665,0,Medium Risk (6-15 logins),246.0
CUST_01033,FinTech,Enterprise,2022-11-25,SUB_01033,Enterprise,999,2022-11-25,,Active,9,3,4986,1.0,18.0,5.0,0,Medium Risk (6-15 logins),402.0
CUST_01034,E-commerce,Mid-Market,2022-09-12,SUB_01034,Pro,199,2022-09-12,,Active,45,6,411,3.0,51.666666666666664,4.333333333333333,0,Healthy (16+ logins),476.0
CUST_01035,EdTech,Enterprise,2023-01-22,SUB_01035,Starter,49,2023-01-22,,Active,42,2,487,1.0,49.0,4.0,0,Healthy (16+ logins),344.0
CUST_01036,FinTech,SMB,2022-05-06,SUB_01036,Starter,49,2022-05-06,,Active,39,10,691,1.0,38.0,4.0,0,Healthy (16+ logins),605.0
CUST_01037,Healthcare,SMB,2023-08-07,SUB_01037,Starter,49,2023-08-07,2023-12-13,Churned,1,1,778,3.0,33.666666666666664,4.666666666666667,1,High Risk (≤5 logins),128.0
CUST_01038,E-commerce,SMB,2023-07-04,SUB_01038,Starter,49,2023-07-04,2024-06-21,Churned,4,1,766,2.0,30.0,3.0,1,High Risk (≤5 logins),353.0
CUST_01039,Healthcare,Mid-Market,2022-11-20,SUB_01039,Enterprise,999,2022-11-20,,Active,30,8,40848,4.0,48.25,4.25,0,Healthy (16+ logins),407.0
CUST_01040,Healthcare,SMB,2022-07-23,SUB_01040,Pro,199,2022-07-23,2023-01-27,Churned,4,0,831,5.0,27.8,3.6,1,High Risk (≤5 logins),188.0
CUST_01041,E-commerce,SMB,2022-06-21,SUB_01041,Pro,199,2022-06-21,,Active,36,14,320,2.0,49.5,3.0,0,Healthy (16+ logins),559.0
CUST_01042,Healthcare,SMB,2022-08-05,SUB_01042,Starter,49,2022-08-05,2023-04-30,Churned,0,0,72,0.0,0.0,5.0,1,High Risk (≤5 logins),268.0
CUST_01043,E-commerce,SMB,2022-09-02,SUB_01043,Enterprise,999,2022-09-02,,Active,15,3,12555,0.0,0.0,5.0,0,Medium Risk (6-15 logins),486.0
CUST_01044,FinTech,Mid-Market,2022-12-02,SUB_01044,Pro,199,2022-12-02,,Active,20,2,577,2.0,30.5,5.0,0,Healthy (16+ logins),395.0
CUST_01045,E-commerce,SMB,2022-10-25,SUB_01045,Starter,49,2022-10-25,2023-10-09,Churned,2,1,643,4.0,43.25,3.5,1,High Risk (≤5 logins),349.0
CUST_01046,E-commerce,SMB,2022-07-01,SUB_01046,Pro,199,2022-07-01,,Active,15,8,412,4.0,27.0,3.75,0,Medium Risk (6-15 logins),549.0
CUST_01047,EdTech,Mid-Market,2022-11-30,SUB_01047,Starter,49,2022-11-30,,Active,14,3,771,1.0,54.0,1.0,0,Medium Risk (6-15 logins),397.0
CUST_01048,E-commerce,Enterprise,2023-05-26,SUB_01048,Starter,49,2023-05-26,,Active,20,8,123,2.0,28.0,4.5,0,Healthy (16+ logins),220.0
CUST_01049,E-commerce,Mid-Market,2023-01-18,SUB_01049,Pro,199,2023-01-18,,Active,16,2,384,8.0,35.875,4.25,0,Healthy (16+ logins),348.0
CUST_01050,FinTech,Enterprise,2022-07-18,SUB_01050,Pro,199,2022-07-18,2023-07-17,Churned,3,1,603,4.0,34.75,3.25,1,High Risk (≤5 logins),364.0
CUST_01051,EdTech,Mid-Market,2022-11-28,SUB_01051,Starter,49,2022-11-28,,Active,43,9,785,3.0,47.666666666666664,3.3333333333333335,0,Healthy (16+ logins),399.0
CUST_01052,Logistics,SMB,2022-06-14,SUB_01052,Starter,49,2022-06-14,2023-01-18,Churned,4,1,652,4.0,37.25,4.5,1,High Risk (≤5 logins),218.0
CUST_01053,FinTech,SMB,2022-08-30,SUB_01053,Enterprise,999,2022-08-30,,Active,28,2,18924,3.0,46.333333333333336,3.6666666666666665,0,Healthy (16+ logins),489.0
CUST_01054,FinTech,Mid-Market,2023-10-04,SUB_01054,Pro,199,2023-10-04,,Active,19,2,581,3.0,47.0,2.3333333333333335,0,Healthy (16+ logins),89.0
CUST_01055,Logistics,Mid-Market,2022-08-15,SUB_01055,Pro,199,2022-08-15,,Active,10,9,432,1.0,50.0,4.0,0,Medium Risk (6-15 logins),504.0
CUST_01056,E-commerce,Mid-Market,2023-09-26,SUB_01056,Starter,49,2023-09-26,,Active,23,10,490,1.0,56.0,3.0,0,Healthy (16+ logins),97.0
CUST_01057,Healthcare,SMB,2023-07-10,SUB_01057,Starter,49,2023-07-10,,Active,12,5,686,3.0,42.666666666666664,3.6666666666666665,0,Medium Risk (6-15 logins),175.0
CUST_01058,EdTech,SMB,2023-03-27,SUB_01058,Starter,49,2023-03-27,,Active,40,11,870,3.0,30.0,2.6666666666666665,0,Healthy (16+ logins),280.0
CUST_01059,Healthcare,SMB,2022-07-15,SUB_01059,Starter,49,2022-07-15,,Active,17,13,85,2.0,33.0,2.5,0,Healthy (16+ logins),535.0
CUST_01060,Logistics,SMB,2022-07-23,SUB_01060,Starter,49,2022-07-23,,Active,37,4,764,4.0,34.0,2.75,0,Healthy (16+ logins),527.0
CUST_01061,FinTech,SMB,2023-04-03,SUB_01061,Starter,49,2023-04-03,2024-03-06,Churned,2,0,29,0.0,0.0,5.0,1,High Risk (≤5 logins),338.0
CUST_01062,FinTech,Mid-Market,2022-09-14,SUB_01062,Pro,199,2022-09-14,,Active,32,10,666,4.0,36.0,4.5,0,Healthy (16+ logins),474.0
CUST_01063,EdTech,SMB,2023-06-13,SUB_01063,Starter,49,2023-06-13,,Active,44,4,199,3.0,25.666666666666668,2.6666666666666665,0,Healthy (16+ logins),202.0
CUST_01064,FinTech,SMB,2022-09-29,SUB_01064,Pro,199,2022-09-29,,Active,14,7,874,3.0,38.666666666666664,5.0,0,Medium Risk (6-15 logins),459.0
CUST_01065,FinTech,SMB,2022-01-09,SUB_01065,Starter,49,2022-01-09,,Active,37,3,155,3.0,31.333333333333332,3.0,0,Healthy (16+ logins),722.0
CUST_01066,EdTech,Mid-Market,2022-07-20,SUB_01066,Starter,49,2022-07-20,,Active,5,9,756,1.0,65.0,5.0,0,High Risk (≤5 logins),530.0
CUST_01067,EdTech,SMB,2022-02-28,SUB_01067,Starter,49,2022-02-28,,Active,25,5,897,1.0,54.0,4.0,0,Healthy (16+ logins),672.0
CUST_01068,Logistics,SMB,2023-01-28,SUB_01068,Starter,49,2023-01-28,,Active,9,11,531,2.0,47.5,3.0,0,Medium Risk (6-15 logins),338.0
CUST_01069,FinTech,SMB,2023-10-14,SUB_01069,Starter,49,2023-10-14,,Active,5,9,714,3.0,39.666666666666664,4.333333333333333,0,High Risk (≤5 logins),79.0
CUST_01070,FinTech,SMB,2022-04-29,SUB_01070,Enterprise,999,2022-04-29,,Active,25,1,7876,4.0,41.25,4.5,0,Healthy (16+ logins),612.0
CUST_01071,Logistics,Enterprise,2023-07-07,SUB_01071,Pro,199,2023-07-07,,Active,29,10,151,1.0,5.0,5.0,0,Healthy (16+ logins),178.0
CUST_01072,E-commerce,Enterprise,2023-02-03,SUB_01072,Starter,49,2023-02-03,,Active,24,12,76,6.0,37.666666666666664,4.333333333333333,0,Healthy (16+ logins),332.0
CUST_01073,E-commerce,SMB,2022-11-27,SUB_01073,Starter,49,2022-11-27,,Active,49,14,327,4.0,22.0,3.75,0,Healthy (16+ logins),400.0
CUST_01074,E-commerce,SMB,2022-09-24,SUB_01074,Pro,199,2022-09-24,,Active,13,8,171,3.0,51.666666666666664,2.0,0,Medium Risk (6-15 logins),464.0
CUST_01075,Logistics,Mid-Market,2023-06-04,SUB_01075,Pro,199,2023-06-04,,Active,20,2,404,5.0,34.0,4.4,0,Healthy (16+ logins),211.0
CUST_01076,FinTech,SMB,2023-11-26,SUB_01076,Starter,49,2023-11-26,2024-08-30,Churned,0,1,405,2.0,52.5,3.0,1,High Risk (≤5 logins),278.0
CUST_01077,Logistics,SMB,2023-04-25,SUB_01077,Pro,199,2023-04-25,,Active,44,8,840,2.0,48.5,4.0,0,Healthy (16+ logins),251.0
CUST_01078,Logistics,SMB,2022-05-14,SUB_01078,Pro,199,2022-05-14,2022-07-08,Churned,0,1,761,0.0,0.0,5.0,1,High Risk (≤5 logins),55.0
CUST_01079,E-commerce,Enterprise,2023-11-24,SUB_01079,Pro,199,2023-11-24,,Active,43,2,697,4.0,40.75,4.5,0,Healthy (16+ logins),38.0
CUST_01080,Healthcare,SMB,2022-12-21,SUB_01080,Pro,199,2022-12-21,,Active,28,13,361,1.0,34.0,5.0,0,Healthy (16+ logins),376.0
CUST_01081,FinTech,SMB,2023-08-07,SUB_01081,Pro,199,2023-08-07,,Active,20,2,127,4.0,55.25,4.25,0,Healthy (16+ logins),147.0
CUST_01082,E-commerce,Mid-Market,2023-05-13,SUB_01082,Enterprise,999,2023-05-13,,Active,18,13,20825,1.0,17.0,3.0,0,Healthy (16+ logins),233.0
CUST_01083,Healthcare,SMB,2023-09-17,SUB_01083,Starter,49,2023-09-17,,Active,38,6,522,2.0,39.0,3.0,0,Healthy (16+ logins),106.0
CUST_01084,Healthcare,SMB,2022-04-17,SUB_01084,Pro,199,2022-04-17,2022-11-21,Churned,3,0,335,2.0,52.5,2.5,1,High Risk (≤5 logins),218.0
CUST_01085,EdTech,Enterprise,2022-10-17,SUB_01085,Pro,199,2022-10-17,,Active,15,11,753,2.0,15.5,3.0,0,Medium Risk (6-15 logins),441.0
CUST_01086,FinTech,SMB,2023-09-21,SUB_01086,Pro,199,2023-09-21,2024-03-08,Churned,1,1,692,3.0,42.666666666666664,4.0,1,High Risk (≤5 logins),169.0
CUST_01087,Healthcare,Mid-Market,2023-09-24,SUB_01087,Enterprise,999,2023-09-24,,Active,40,14,3902,0.0,0.0,5.0,0,Healthy (16+ logins),99.0
CUST_01088,E-commerce,SMB,2022-05-27,SUB_01088,Starter,49,2022-05-27,,Active,5,10,194,2.0,43.0,4.0,0,High Risk (≤5 logins),584.0
CUST_01089,EdTech,SMB,2022-11-23,SUB_01089,Starter,49,2022-11-23,,Active,16,3,757,3.0,14.0,4.333333333333333,0,Healthy (16+ logins),404.0
CUST_01090,FinTech,SMB,2023-02-19,SUB_01090,Starter,49,2023-02-19,2023-09-17,Churned,1,1,99,2.0,37.0,4.0,1,High Risk (≤5 logins),210.0
CUST_01091,Logistics,SMB,2022-07-29,SUB_01091,Starter,49,2022-07-29,2022-09-17,Churned,1,1,563,2.0,46.5,3.5,1,High Risk (≤5 logins),50.0
CUST_01092,E-commerce,SMB,2022-10-23,SUB_01092,Starter,49,2022-10-23,2023-05-03,Churned,3,1,370,3.0,34.333333333333336,4.666666666666667,1,High Risk (≤5 logins),192.0
CUST_01093,Healthcare,Mid-Market,2023-02-02,SUB_01093,Pro,199,2023-02-02,,Active,7,7,908,1.0,43.0,5.0,0,Medium Risk (6-15 logins),333.0
CUST_01094,Healthcare,SMB,2022-04-13,SUB_01094,Starter,49,2022-04-13,2022-07-22,Churned,3,1,896,2.0,29.5,3.0,1,High Risk (≤5 logins),100.0
CUST_01095,E-commerce,SMB,2023-09-28,SUB_01095,Pro,199,2023-09-28,2024-01-17,Churned,0,0,427,3.0,43.333333333333336,2.3333333333333335,1,High Risk (≤5 logins),111.0
CUST_01096,Healthcare,SMB,2023-05-23,SUB_01096,Pro,199,2023-05-23,,Active,30,2,586,4.0,35.75,4.25,0,Healthy (16+ logins),223.0
CUST_01097,EdTech,Mid-Market,2022-07-28,SUB_01097,Starter,49,2022-07-28,,Active,17,11,919,5.0,41.2,4.6,0,Healthy (16+ logins),522.0
CUST_01098,FinTech,SMB,2023-03-04,SUB_01098,Starter,49,2023-03-04,2023-09-04,Churned,1,0,132,3.0,51.333333333333336,4.666666666666667,1,High Risk (≤5 logins),184.0
CUST_01099,EdTech,SMB,2023-01-28,SUB_01099,Pro,199,2023-01-28,2024-01-08,Churned,1,0,255,5.0,41.2,2.8,1,High Risk (≤5 logins),345.0
CUST_01100,Healthcare,SMB,2022-04-19,SUB_01100,Pro,199,2022-04-19,2022-07-04,Churned,0,1,449,3.0,41.666666666666664,3.6666666666666665,1,High Risk (≤5 logins),76.0
CUST_01101,Logistics,SMB,2022-12-14,SUB_01101,Pro,199,2022-12-14,,Active,6,11,720,1.0,34.0,3.0,0,Medium Risk (6-15 logins),383.0
CUST_01102,FinTech,SMB,2022-02-19,SUB_01102,Pro,199,2022-02-19,,Active,14,2,976,1.0,28.0,3.0,0,Medium Risk (6-15 logins),681.0
CUST_01103,FinTech,Mid-Market,2022-04-15,SUB_01103,Enterprise,999,2022-04-15,,Active,29,2,14878,1.0,69.0,4.0,0,Healthy (16+ logins),626.0
CUST_01104,E-commerce,SMB,2023-02-24,SUB_01104,Pro,199,2023-02-24,2023-10-05,Churned,4,0,959,3.0,26.333333333333332,2.6666666666666665,1,High Risk (≤5 logins),223.0
CUST_01105,E-commerce,SMB,2023-01-08,SUB_01105,Enterprise,999,2023-01-08,2023-09-18,Churned,3,1,28987,1.0,35.0,3.0,1,High Risk (≤5 logins),253.0
CUST_01106,Logistics,SMB,2022-01-27,SUB_01106,Pro,199,2022-01-27,2022-10-20,Churned,0,0,579,2.0,41.0,4.0,1,High Risk (≤5 logins),266.0
CUST_01107,FinTech,Mid-Market,2022-09-30,SUB_01107,Pro,199,2022-09-30,,Active,28,5,53,5.0,27.0,4.2,0,Healthy (16+ logins),458.0
CUST_01108,Logistics,SMB,2023-10-11,SUB_01108,Starter,49,2023-10-11,2024-08-15,Churned,1,1,778,2.0,40.0,4.0,1,High Risk (≤5 logins),309.0
CUST_01109,E-commerce,SMB,2022-12-06,SUB_01109,Enterprise,999,2022-12-06,,Active,21,7,38813,5.0,49.4,3.4,0,Healthy (16+ logins),391.0
CUST_01110,E-commerce,SMB,2022-10-28,SUB_01110,Starter,49,2022-10-28,,Active,20,12,384,3.0,34.0,3.6666666666666665,0,Healthy (16+ logins),430.0
CUST_01111,FinTech,SMB,2023-04-25,SUB_01111,Pro,199,2023-04-25,,Active,22,4,937,1.0,25.0,2.0,0,Healthy (16+ logins),251.0
CUST_01112,EdTech,SMB,2023-06-28,SUB_01112,Starter,49,2023-06-28,2023-08-06,Churned,1,1,241,2.0,58.0,3.0,1,High Risk (≤5 logins),39.0
CUST_01113,Healthcare,SMB,2023-07-11,SUB_01113,Starter,49,2023-07-11,2024-01-08,Churned,3,0,46,3.0,33.333333333333336,2.3333333333333335,1,High Risk (≤5 logins),181.0
CUST_01114,E-commerce,SMB,2022-09-22,SUB_01114,Starter,49,2022-09-22,,Active,35,4,114,5.0,36.8,4.2,0,Healthy (16+ logins),466.0
CUST_01115,E-commerce,SMB,2023-06-26,SUB_01115,Starter,49,2023-06-26,,Active,6,8,707,3.0,52.666666666666664,2.6666666666666665,0,Medium Risk (6-15 logins),189.0
CUST_01116,EdTech,SMB,2023-08-19,SUB_01116,Starter,49,2023-08-19,2023-12-30,Churned,4,1,805,1.0,15.0,5.0,1,High Risk (≤5 logins),133.0
CUST_01117,EdTech,SMB,2022-06-15,SUB_01117,Pro,199,2022-06-15,,Active,19,6,129,3.0,30.0,3.6666666666666665,0,Healthy (16+ logins),565.0
CUST_01118,Logistics,SMB,2022-11-12,SUB_01118,Starter,49,2022-11-12,2023-04-14,Churned,3,1,556,5.0,29.2,3.8,1,High Risk (≤5 logins),153.0
CUST_01119,Logistics,Mid-Market,2022-01-01,SUB_01119,Starter,49,2022-01-01,,Active,33,7,154,0.0,0.0,5.0,0,Healthy (16+ logins),730.0
CUST_01120,Healthcare,Enterprise,2022-09-18,SUB_01120,Starter,49,2022-09-18,,Active,38,11,993,1.0,46.0,3.0,0,Healthy (16+ logins),470.0
CUST_01121,Healthcare,Enterprise,2022-03-04,SUB_01121,Pro,199,2022-03-04,,Active,44,7,972,0.0,0.0,5.0,0,Healthy (16+ logins),668.0
CUST_01122,FinTech,Mid-Market,2023-04-28,SUB_01122,Starter,49,2023-04-28,,Active,36,13,494,5.0,44.0,3.6,0,Healthy (16+ logins),248.0
CUST_01123,Logistics,Mid-Market,2023-11-07,SUB_01123,Starter,49,2023-11-07,,Active,25,2,828,3.0,36.0,3.3333333333333335,0,Healthy (16+ logins),55.0
CUST_01124,E-commerce,Mid-Market,2022-11-17,SUB_01124,Starter,49,2022-11-17,,Active,34,5,81,2.0,13.0,4.5,0,Healthy (16+ logins),410.0
CUST_01125,Logistics,SMB,2022-07-20,SUB_01125,Pro,199,2022-07-20,,Active,28,4,778,6.0,46.0,3.3333333333333335,0,Healthy (16+ logins),530.0
CUST_01126,E-commerce,Mid-Market,2022-08-10,SUB_01126,Starter,49,2022-08-10,,Active,48,10,964,1.0,38.0,5.0,0,Healthy (16+ logins),509.0
CUST_01127,EdTech,SMB,2022-06-01,SUB_01127,Starter,49,2022-06-01,2023-01-01,Churned,0,1,668,2.0,49.0,3.0,1,High Risk (≤5 logins),214.0
CUST_01128,Logistics,SMB,2023-10-06,SUB_01128,Starter,49,2023-10-06,,Active,32,9,24,1.0,53.0,4.0,0,Healthy (16+ logins),87.0
CUST_01129,EdTech,Mid-Market,2023-09-18,SUB_01129,Enterprise,999,2023-09-18,,Active,18,12,16218,5.0,32.8,3.6,0,Healthy (16+ logins),105.0
CUST_01130,Healthcare,SMB,2023-04-07,SUB_01130,Starter,49,2023-04-07,2024-02-20,Churned,0,0,181,1.0,12.0,4.0,1,High Risk (≤5 logins),319.0
CUST_01131,Healthcare,SMB,2022-08-05,SUB_01131,Pro,199,2022-08-05,2022-10-14,Churned,2,0,431,3.0,25.333333333333332,3.6666666666666665,1,High Risk (≤5 logins),70.0
CUST_01132,FinTech,Enterprise,2022-07-15,SUB_01132,Starter,49,2022-07-15,,Active,18,3,173,4.0,41.25,3.5,0,Healthy (16+ logins),535.0
CUST_01133,Logistics,SMB,2022-07-21,SUB_01133,Starter,49,2022-07-21,2022-08-30,Churned,0,1,808,2.0,22.5,3.0,1,High Risk (≤5 logins),40.0
CUST_01134,EdTech,SMB,2023-10-09,SUB_01134,Starter,49,2023-10-09,2024-06-12,Churned,2,0,997,2.0,51.5,4.5,1,High Risk (≤5 logins),247.0
CUST_01135,E-commerce,Enterprise,2022-08-22,SUB_01135,Starter,49,2022-08-22,,Active,45,10,40,2.0,40.0,5.0,0,Healthy (16+ logins),497.0
CUST_01136,Healthcare,Mid-Market,2022-05-21,SUB_01136,Starter,49,2022-05-21,,Active,44,5,444,3.0,31.0,2.6666666666666665,0,Healthy (16+ logins),590.0
CUST_01137,Healthcare,SMB,2023-05-13,SUB_01137,Starter,49,2023-05-13,2023-06-12,Churned,0,0,868,1.0,14.0,5.0,1,High Risk (≤5 logins),30.0
CUST_01138,E-commerce,SMB,2023-07-09,SUB_01138,Starter,49,2023-07-09,,Active,46,12,394,2.0,51.0,3.5,0,Healthy (16+ logins),176.0
CUST_01139,EdTech,SMB,2022-02-26,SUB_01139,Pro,199,2022-02-26,,Active,11,4,939,3.0,47.0,3.3333333333333335,0,Medium Risk (6-15 logins),674.0
CUST_01140,EdTech,Mid-Market,2023-05-19,SUB_01140,Enterprise,999,2023-05-19,2023-12-05,Churned,4,0,47554,5.0,45.0,3.4,1,High Risk (≤5 logins),200.0
CUST_01141,Logistics,SMB,2022-05-22,SUB_01141,Starter,49,2022-05-22,,Active,13,6,560,2.0,11.0,3.0,0,Medium Risk (6-15 logins),589.0
CUST_01142,Logistics,SMB,2023-08-07,SUB_01142,Pro,199,2023-08-07,2024-06-13,Churned,0,0,261,2.0,43.5,5.0,1,High Risk (≤5 logins),311.0
CUST_01143,FinTech,SMB,2023-06-23,SUB_01143,Enterprise,999,2023-06-23,,Active,35,7,25427,2.0,13.5,4.0,0,Healthy (16+ logins),192.0
CUST_01144,Healthcare,SMB,2023-10-02,SUB_01144,Pro,199,2023-10-02,,Active,27,7,56,4.0,32.5,3.0,0,Healthy (16+ logins),91.0
CUST_01145,Logistics,Enterprise,2022-04-16,SUB_01145,Starter,49,2022-04-16,2022-07-07,Churned,4,0,5,7.0,37.42857142857143,3.857142857142857,1,High Risk (≤5 logins),82.0
CUST_01146,EdTech,SMB,2022-06-14,SUB_01146,Pro,199,2022-06-14,,Active,32,11,558,3.0,48.0,4.333333333333333,0,Healthy (16+ logins),566.0
CUST_01147,E-commerce,Mid-Market,2022-08-03,SUB_01147,Starter,49,2022-08-03,2023-01-04,Churned,2,0,574,0.0,0.0,5.0,1,High Risk (≤5 logins),154.0
CUST_01148,EdTech,SMB,2022-03-12,SUB_01148,Pro,199,2022-03-12,2022-10-02,Churned,4,1,944,3.0,49.666666666666664,4.333333333333333,1,High Risk (≤5 logins),204.0
CUST_01149,Healthcare,Mid-Market,2023-10-27,SUB_01149,Starter,49,2023-10-27,2024-08-16,Churned,1,0,917,3.0,41.666666666666664,4.333333333333333,1,High Risk (≤5 logins),294.0
CUST_01150,EdTech,Enterprise,2023-08-02,SUB_01150,Starter,49,2023-08-02,,Active,38,12,578,5.0,43.8,3.4,0,Healthy (16+ logins),152.0
CUST_01151,FinTech,SMB,2022-03-31,SUB_01151,Starter,49,2022-03-31,,Active,23,10,914,1.0,38.0,5.0,0,Healthy (16+ logins),641.0
CUST_01152,Healthcare,SMB,2022-08-16,SUB_01152,Starter,49,2022-08-16,2023-06-06,Churned,1,0,694,0.0,0.0,5.0,1,High Risk (≤5 logins),294.0
CUST_01153,E-commerce,SMB,2022-03-20,SUB_01153,Pro,199,2022-03-20,2022-11-03,Churned,2,1,161,4.0,39.25,2.75,1,High Risk (≤5 logins),228.0
CUST_01154,FinTech,Mid-Market,2023-08-31,SUB_01154,Starter,49,2023-08-31,,Active,38,12,296,3.0,45.333333333333336,2.0,0,Healthy (16+ logins),123.0
CUST_01155,Healthcare,SMB,2022-12-15,SUB_01155,Pro,199,2022-12-15,2023-09-26,Churned,3,1,616,2.0,43.5,2.5,1,High Risk (≤5 logins),285.0
CUST_01156,E-commerce,Mid-Market,2022-09-03,SUB_01156,Starter,49,2022-09-03,,Active,48,12,774,0.0,0.0,5.0,0,Healthy (16+ logins),485.0
CUST_01157,FinTech,Mid-Market,2022-09-29,SUB_01157,Starter,49,2022-09-29,2023-04-18,Churned,1,0,56,4.0,27.5,3.25,1,High Risk (≤5 logins),201.0
CUST_01158,FinTech,Mid-Market,2023-02-07,SUB_01158,Pro,199,2023-02-07,,Active,5,13,527,2.0,57.5,2.5,0,High Risk (≤5 logins),328.0
CUST_01159,Healthcare,Mid-Market,2023-10-31,SUB_01159,Enterprise,999,2023-10-31,,Active,40,5,41229,2.0,19.0,4.5,0,Healthy (16+ logins),62.0
CUST_01160,Logistics,SMB,2022-04-26,SUB_01160,Starter,49,2022-04-26,,Active,47,5,165,2.0,25.0,2.5,0,Healthy (16+ logins),615.0
CUST_01161,FinTech,SMB,2023-03-11,SUB_01161,Starter,49,2023-03-11,,Active,43,1,904,1.0,22.0,2.0,0,Healthy (16+ logins),296.0
CUST_01162,FinTech,SMB,2023-06-14,SUB_01162,Pro,199,2023-06-14,2023-09-10,Churned,0,0,761,4.0,36.25,4.0,1,High Risk (≤5 logins),88.0
CUST_01163,E-commerce,Enterprise,2023-03-18,SUB_01163,Starter,49,2023-03-18,,Active,11,6,972,2.0,20.5,1.5,0,Medium Risk (6-15 logins),289.0
CUST_01164,EdTech,Mid-Market,2022-06-21,SUB_01164,Pro,199,2022-06-21,2022-11-03,Churned,4,0,545,6.0,43.0,2.8333333333333335,1,High Risk (≤5 logins),135.0
CUST_01165,Healthcare,Mid-Market,2022-01-16,SUB_01165,Pro,199,2022-01-16,,Active,24,10,45,4.0,39.75,4.0,0,Healthy (16+ logins),715.0
CUST_01166,Healthcare,SMB,2022-02-25,SUB_01166,Starter,49,2022-02-25,,Active,24,5,932,0.0,0.0,5.0,0,Healthy (16+ logins),675.0
CUST_01167,Logistics,SMB,2023-08-14,SUB_01167,Starter,49,2023-08-14,,Active,29,11,810,2.0,16.5,2.5,0,Healthy (16+ logins),140.0
CUST_01168,Logistics,Mid-Market,2022-04-13,SUB_01168,Starter,49,2022-04-13,,Active,47,10,46,1.0,53.0,5.0,0,Healthy (16+ logins),628.0
CUST_01169,Healthcare,SMB,2022-10-11,SUB_01169,Starter,49,2022-10-11,,Active,25,6,389,2.0,22.5,4.0,0,Healthy (16+ logins),447.0
CUST_01170,Logistics,SMB,2023-06-01,SUB_01170,Pro,199,2023-06-01,,Active,13,9,251,1.0,18.0,2.0,0,Medium Risk (6-15 logins),214.0
CUST_01171,E-commerce,Mid-Market,2023-09-10,SUB_01171,Pro,199,2023-09-10,,Active,31,8,165,6.0,19.666666666666668,3.6666666666666665,0,Healthy (16+ logins),113.0
CUST_01172,Healthcare,SMB,2022-10-05,SUB_01172,Pro,199,2022-10-05,,Active,32,7,367,4.0,53.5,3.0,0,Healthy (16+ logins),453.0
CUST_01173,Logistics,SMB,2023-09-04,SUB_01173,Pro,199,2023-09-04,,Active,29,7,378,4.0,61.0,3.5,0,Healthy (16+ logins),119.0
CUST_01174,Healthcare,SMB,2022-09-26,SUB_01174,Starter,49,2022-09-26,2023-02-27,Churned,3,0,316,5.0,36.8,4.4,1,High Risk (≤5 logins),154.0
CUST_01175,EdTech,SMB,2023-02-04,SUB_01175,Pro,199,2023-02-04,,Active,38,6,131,3.0,53.0,3.6666666666666665,0,Healthy (16+ logins),331.0
CUST_01176,FinTech,Enterprise,2023-05-18,SUB_01176,Starter,49,2023-05-18,,Active,6,1,388,2.0,60.0,4.0,0,Medium Risk (6-15 logins),228.0
CUST_01177,Healthcare,SMB,2022-03-27,SUB_01177,Pro,199,2022-03-27,,Active,13,12,581,2.0,43.0,3.5,0,Medium Risk (6-15 logins),645.0
CUST_01178,FinTech,SMB,2022-11-16,SUB_01178,Starter,49,2022-11-16,,Active,23,7,571,1.0,52.0,4.0,0,Healthy (16+ logins),411.0
CUST_01179,Logistics,SMB,2022-02-01,SUB_01179,Pro,199,2022-02-01,2022-03-18,Churned,2,0,716,2.0,38.5,4.0,1,High Risk (≤5 logins),45.0
CUST_01180,FinTech,Mid-Market,2022-12-02,SUB_01180,Pro,199,2022-12-02,,Active,25,7,749,4.0,43.0,4.0,0,Healthy (16+ logins),395.0
CUST_01181,Healthcare,SMB,2022-02-20,SUB_01181,Starter,49,2022-02-20,2022-04-28,Churned,1,1,855,2.0,43.0,4.5,1,High Risk (≤5 logins),67.0
CUST_01182,EdTech,SMB,2022-03-20,SUB_01182,Starter,49,2022-03-20,2022-12-17,Churned,2,1,347,0.0,0.0,5.0,1,High Risk (≤5 logins),272.0
CUST_01183,Logistics,SMB,2023-11-29,SUB_01183,Pro,199,2023-11-29,,Active,30,3,844,3.0,41.333333333333336,4.333333333333333,0,Healthy (16+ logins),33.0
CUST_01184,Healthcare,SMB,2022-06-23,SUB_01184,Starter,49,2022-06-23,2023-02-17,Churned,1,1,617,1.0,24.0,5.0,1,High Risk (≤5 logins),239.0
CUST_01185,Logistics,SMB,2023-09-10,SUB_01185,Pro,199,2023-09-10,,Active,33,13,496,2.0,23.5,2.5,0,Healthy (16+ logins),113.0
CUST_01186,E-commerce,Mid-Market,2023-05-16,SUB_01186,Enterprise,999,2023-05-16,,Active,37,7,28915,4.0,51.25,4.25,0,Healthy (16+ logins),230.0
CUST_01187,FinTech,Mid-Market,2023-07-29,SUB_01187,Starter,49,2023-07-29,,Active,38,1,849,3.0,33.333333333333336,4.0,0,Healthy (16+ logins),156.0
CUST_01188,E-commerce,SMB,2022-03-17,SUB_01188,Starter,49,2022-03-17,,Active,31,3,954,4.0,32.0,3.5,0,Healthy (16+ logins),655.0
CUST_01189,Healthcare,SMB,2022-11-12,SUB_01189,Pro,199,2022-11-12,,Active,11,10,510,2.0,48.0,4.5,0,Medium Risk (6-15 logins),415.0
CUST_01190,EdTech,Enterprise,2023-01-08,SUB_01190,Starter,49,2023-01-08,,Active,19,4,518,5.0,35.0,3.2,0,Healthy (16+ logins),358.0
CUST_01191,Logistics,SMB,2022-03-22,SUB_01191,Starter,49,2022-03-22,2023-03-01,Churned,0,1,451,3.0,27.666666666666668,4.0,1,High Risk (≤5 logins),344.0
CUST_01192,FinTech,Mid-Market,2023-10-02,SUB_01192,Enterprise,999,2023-10-02,,Active,13,9,33079,0.0,0.0,5.0,0,Medium Risk (6-15 logins),91.0
CUST_01193,Logistics,SMB,2023-11-26,SUB_01193,Pro,199,2023-11-26,,Active,17,12,215,4.0,37.0,2.5,0,Healthy (16+ logins),36.0
CUST_01194,Healthcare,Enterprise,2023-11-28,SUB_01194,Starter,49,2023-11-28,,Active,36,6,469,2.0,18.0,4.0,0,Healthy (16+ logins),34.0
CUST_01195,Logistics,Mid-Market,2022-03-12,SUB_01195,Starter,49,2022-03-12,2023-01-20,Churned,3,1,852,5.0,23.8,4.2,1,High Risk (≤5 logins),314.0
CUST_01196,FinTech,Enterprise,2023-10-28,SUB_01196,Pro,199,2023-10-28,,Active,36,14,303,0.0,0.0,5.0,0,Healthy (16+ logins),65.0
CUST_01197,Healthcare,Mid-Market,2023-10-14,SUB_01197,Pro,199,2023-10-14,,Active,24,5,297,0.0,0.0,5.0,0,Healthy (16+ logins),79.0
CUST_01198,Logistics,SMB,2022-03-12,SUB_01198,Pro,199,2022-03-12,,Active,47,3,345,1.0,36.0,4.0,0,Healthy (16+ logins),660.0
CUST_01199,EdTech,Enterprise,2022-02-15,SUB_01199,Starter,49,2022-02-15,,Active,23,5,285,2.0,55.5,4.0,0,Healthy (16+ logins),685.0
CUST_01200,Healthcare,SMB,2022-02-16,SUB_01200,Enterprise,999,2022-02-16,,Active,31,12,30968,2.0,35.0,4.0,0,Healthy (16+ logins),684.0
CUST_01201,Healthcare,SMB,2023-08-14,SUB_01201,Pro,199,2023-08-14,,Active,40,7,125,1.0,35.0,4.0,0,Healthy (16+ logins),140.0
CUST_01202,EdTech,Mid-Market,2023-02-26,SUB_01202,Pro,199,2023-02-26,,Active,34,9,50,1.0,45.0,3.0,0,Healthy (16+ logins),309.0
CUST_01203,E-commerce,Mid-Market,2022-05-29,SUB_01203,Pro,199,2022-05-29,,Active,15,12,418,2.0,56.0,2.5,0,Medium Risk (6-15 logins),582.0
CUST_01204,FinTech,Enterprise,2022-05-10,SUB_01204,Starter,49,2022-05-10,,Active,20,9,701,5.0,48.6,3.4,0,Healthy (16+ logins),601.0
CUST_01205,E-commerce,SMB,2023-04-01,SUB_01205,Enterprise,999,2023-04-01,,Active,30,12,38370,4.0,23.0,4.5,0,Healthy (16+ logins),275.0
CUST_01206,Logistics,Mid-Market,2023-10-01,SUB_01206,Starter,49,2023-10-01,,Active,34,8,470,1.0,49.0,5.0,0,Healthy (16+ logins),92.0
CUST_01207,EdTech,Mid-Market,2023-09-23,SUB_01207,Starter,49,2023-09-23,,Active,6,5,375,1.0,12.0,4.0,0,Medium Risk (6-15 logins),100.0
CUST_01208,E-commerce,SMB,2023-05-20,SUB_01208,Pro,199,2023-05-20,,Active,38,7,364,2.0,34.5,4.0,0,Healthy (16+ logins),226.0
CUST_01209,Healthcare,SMB,2022-09-01,SUB_01209,Pro,199,2022-09-01,2023-03-17,Churned,0,1,231,3.0,51.666666666666664,2.6666666666666665,1,High Risk (≤5 logins),197.0
CUST_01210,Logistics,SMB,2023-04-19,SUB_01210,Pro,199,2023-04-19,,Active,26,10,689,3.0,50.666666666666664,3.3333333333333335,0,Healthy (16+ logins),257.0
CUST_01211,Logistics,SMB,2023-01-17,SUB_01211,Pro,199,2023-01-17,,Active,35,5,669,3.0,55.333333333333336,4.666666666666667,0,Healthy (16+ logins),349.0
CUST_01212,E-commerce,Enterprise,2022-04-13,SUB_01212,Starter,49,2022-04-13,,Active,25,12,658,1.0,15.0,3.0,0,Healthy (16+ logins),628.0
CUST_01213,E-commerce,Mid-Market,2023-05-04,SUB_01213,Enterprise,999,2023-05-04,2024-02-21,Churned,3,0,26410,2.0,48.5,3.0,1,High Risk (≤5 logins),293.0
CUST_01214,EdTech,Mid-Market,2022-02-06,SUB_01214,Starter,49,2022-02-06,,Active,44,3,305,0.0,0.0,5.0,0,Healthy (16+ logins),694.0
CUST_01215,FinTech,Enterprise,2023-10-16,SUB_01215,Pro,199,2023-10-16,,Active,27,13,437,0.0,0.0,5.0,0,Healthy (16+ logins),77.0
CUST_01216,E-commerce,SMB,2023-07-03,SUB_01216,Starter,49,2023-07-03,,Active,30,11,250,2.0,45.0,4.0,0,Healthy (16+ logins),182.0
CUST_01217,E-commerce,Mid-Market,2023-06-04,SUB_01217,Pro,199,2023-06-04,,Active,22,13,850,3.0,52.333333333333336,4.666666666666667,0,Healthy (16+ logins),211.0
CUST_01218,Healthcare,SMB,2022-11-29,SUB_01218,Starter,49,2022-11-29,,Active,19,1,341,1.0,56.0,5.0,0,Healthy (16+ logins),398.0
CUST_01219,Logistics,Mid-Market,2023-02-01,SUB_01219,Pro,199,2023-02-01,2023-06-08,Churned,4,0,131,4.0,33.5,2.5,1,High Risk (≤5 logins),127.0
CUST_01220,FinTech,SMB,2022-10-23,SUB_01220,Pro,199,2022-10-23,,Active,26,5,748,0.0,0.0,5.0,0,Healthy (16+ logins),435.0
CUST_01221,Healthcare,Enterprise,2022-04-17,SUB_01221,Starter,49,2022-04-17,,Active,32,12,523,3.0,39.333333333333336,4.666666666666667,0,Healthy (16+ logins),624.0
CUST_01222,EdTech,SMB,2023-06-14,SUB_01222,Pro,199,2023-06-14,,Active,47,2,654,2.0,55.5,4.5,0,Healthy (16+ logins),201.0
CUST_01223,EdTech,SMB,2022-03-24,SUB_01223,Pro,199,2022-03-24,,Active,11,6,505,6.0,35.166666666666664,3.8333333333333335,0,Medium Risk (6-15 logins),648.0
CUST_01224,E-commerce,Mid-Market,2022-10-15,SUB_01224,Pro,199,2022-10-15,2023-03-27,Churned,1,1,398,0.0,0.0,5.0,1,High Risk (≤5 logins),163.0
CUST_01225,E-commerce,SMB,2023-04-06,SUB_01225,Enterprise,999,2023-04-06,,Active,46,11,32171,1.0,42.0,4.0,0,Healthy (16+ logins),270.0
CUST_01226,EdTech,Mid-Market,2022-08-03,SUB_01226,Starter,49,2022-08-03,2023-03-01,Churned,0,1,117,1.0,16.0,4.0,1,High Risk (≤5 logins),210.0
CUST_01227,E-commerce,SMB,2022-10-08,SUB_01227,Starter,49,2022-10-08,,Active,39,8,60,1.0,35.0,3.0,0,Healthy (16+ logins),450.0
CUST_01228,FinTech,Mid-Market,2023-04-04,SUB_01228,Starter,49,2023-04-04,,Active,17,5,914,3.0,45.333333333333336,2.6666666666666665,0,Healthy (16+ logins),272.0
CUST_01229,E-commerce,SMB,2022-12-10,SUB_01229,Starter,49,2022-12-10,2023-08-18,Churned,0,1,180,2.0,36.0,3.5,1,High Risk (≤5 logins),251.0
CUST_01230,Logistics,SMB,2022-07-13,SUB_01230,Starter,49,2022-07-13,,Active,35,1,967,2.0,30.5,4.0,0,Healthy (16+ logins),537.0
CUST_01231,E-commerce,SMB,2022-06-07,SUB_01231,Pro,199,2022-06-07,,Active,23,2,312,2.0,57.0,3.5,0,Healthy (16+ logins),573.0
CUST_01232,Healthcare,SMB,2023-04-10,SUB_01232,Starter,49,2023-04-10,,Active,33,1,990,1.0,64.0,4.0,0,Healthy (16+ logins),266.0
CUST_01233,FinTech,SMB,2022-04-14,SUB_01233,Starter,49,2022-04-14,2022-10-09,Churned,0,0,264,3.0,43.666666666666664,4.0,1,High Risk (≤5 logins),178.0
CUST_01234,Healthcare,SMB,2022-02-03,SUB_01234,Starter,49,2022-02-03,,Active,45,10,28,1.0,69.0,3.0,0,Healthy (16+ logins),697.0
CUST_01235,Healthcare,SMB,2022-04-12,SUB_01235,Pro,199,2022-04-12,,Active,25,3,262,6.0,43.0,3.5,0,Healthy (16+ logins),629.0
CUST_01236,Logistics,SMB,2023-10-01,SUB_01236,Pro,199,2023-10-01,,Active,20,14,711,3.0,37.666666666666664,4.333333333333333,0,Healthy (16+ logins),92.0
CUST_01237,FinTech,SMB,2022-11-21,SUB_01237,Starter,49,2022-11-21,,Active,34,3,616,4.0,42.75,3.25,0,Healthy (16+ logins),406.0
CUST_01238,FinTech,Mid-Market,2023-11-22,SUB_01238,Pro,199,2023-11-22,2024-08-21,Churned,3,1,912,3.0,32.333333333333336,3.0,1,High Risk (≤5 logins),273.0
CUST_01239,FinTech,SMB,2023-08-15,SUB_01239,Starter,49,2023-08-15,,Active,45,10,590,1.0,29.0,4.0,0,Healthy (16+ logins),139.0
CUST_01240,FinTech,SMB,2022-05-21,SUB_01240,Enterprise,999,2022-05-21,2023-04-28,Churned,1,1,36983,1.0,42.0,4.0,1,High Risk (≤5 logins),342.0
CUST_01241,FinTech,Mid-Market,2023-04-19,SUB_01241,Pro,199,2023-04-19,,Active,10,7,710,2.0,47.0,3.0,0,Medium Risk (6-15 logins),257.0
CUST_01242,Logistics,SMB,2022-01-31,SUB_01242,Starter,49,2022-01-31,2022-05-16,Churned,3,0,617,3.0,19.0,3.3333333333333335,1,High Risk (≤5 logins),105.0
CUST_01243,E-commerce,Mid-Market,2022-03-04,SUB_01243,Pro,199,2022-03-04,,Active,46,7,338,3.0,52.0,3.6666666666666665,0,Healthy (16+ logins),668.0
CUST_01244,Healthcare,SMB,2023-07-14,SUB_01244,Pro,199,2023-07-14,2024-04-30,Churned,1,1,421,1.0,20.0,5.0,1,High Risk (≤5 logins),291.0
CUST_01245,FinTech,SMB,2022-03-28,SUB_01245,Starter,49,2022-03-28,,Active,28,9,88,0.0,0.0,5.0,0,Healthy (16+ logins),644.0
CUST_01246,E-commerce,SMB,2022-10-31,SUB_01246,Pro,199,2022-10-31,,Active,32,5,331,4.0,34.5,3.5,0,Healthy (16+ logins),427.0
CUST_01247,E-commerce,Mid-Market,2022-03-02,SUB_01247,Starter,49,2022-03-02,,Active,19,4,991,1.0,26.0,2.0,0,Healthy (16+ logins),670.0
CUST_01248,Healthcare,Mid-Market,2023-01-31,SUB_01248,Starter,49,2023-01-31,,Active,43,5,430,3.0,43.333333333333336,1.6666666666666667,0,Healthy (16+ logins),335.0
CUST_01249,Logistics,SMB,2022-11-30,SUB_01249,Starter,49,2022-11-30,,Active,44,8,777,3.0,42.666666666666664,2.6666666666666665,0,Healthy (16+ logins),397.0
CUST_01250,EdTech,SMB,2023-02-15,SUB_01250,Starter,49,2023-02-15,2023-11-02,Churned,1,0,762,4.0,43.5,3.0,1,High Risk (≤5 logins),260.0
CUST_01251,EdTech,Enterprise,2022-10-11,SUB_01251,Starter,49,2022-10-11,,Active,21,12,151,1.0,66.0,5.0,0,Healthy (16+ logins),447.0
CUST_01252,E-commerce,SMB,2023-04-11,SUB_01252,Enterprise,999,2023-04-11,2023-11-17,Churned,3,0,8571,0.0,0.0,5.0,1,High Risk (≤5 logins),220.0
CUST_01253,Healthcare,SMB,2022-03-21,SUB_01253,Starter,49,2022-03-21,,Active,7,12,707,4.0,44.5,4.25,0,Medium Risk (6-15 logins),651.0
CUST_01254,EdTech,Enterprise,2023-11-23,SUB_01254,Starter,49,2023-11-23,,Active,43,8,125,2.0,56.5,4.5,0,Healthy (16+ logins),39.0
CUST_01255,E-commerce,Mid-Market,2022-03-18,SUB_01255,Pro,199,2022-03-18,,Active,32,13,42,4.0,41.5,2.0,0,Healthy (16+ logins),654.0
CUST_01256,Logistics,SMB,2023-06-24,SUB_01256,Pro,199,2023-06-24,,Active,35,4,420,1.0,70.0,5.0,0,Healthy (16+ logins),191.0
CUST_01257,EdTech,Mid-Market,2022-12-27,SUB_01257,Enterprise,999,2022-12-27,2023-06-08,Churned,3,0,26893,5.0,45.0,4.2,1,High Risk (≤5 logins),163.0
CUST_01258,E-commerce,Mid-Market,2022-03-18,SUB_01258,Pro,199,2022-03-18,,Active,12,11,489,1.0,44.0,4.0,0,Medium Risk (6-15 logins),654.0
CUST_01259,E-commerce,SMB,2023-05-24,SUB_01259,Enterprise,999,2023-05-24,2024-04-26,Churned,2,1,46239,1.0,51.0,5.0,1,High Risk (≤5 logins),338.0
CUST_01260,FinTech,SMB,2022-06-13,SUB_01260,Pro,199,2022-06-13,2023-03-21,Churned,1,1,252,5.0,32.0,4.2,1,High Risk (≤5 logins),281.0
CUST_01261,Logistics,SMB,2022-01-09,SUB_01261,Enterprise,999,2022-01-09,,Active,40,2,17595,2.0,40.0,4.5,0,Healthy (16+ logins),722.0
CUST_01262,FinTech,Enterprise,2022-06-24,SUB_01262,Pro,199,2022-06-24,2023-03-25,Churned,4,1,810,1.0,21.0,4.0,1,High Risk (≤5 logins),274.0
CUST_01263,Healthcare,Mid-Market,2023-04-07,SUB_01263,Starter,49,2023-04-07,,Active,44,1,707,0.0,0.0,5.0,0,Healthy (16+ logins),269.0
CUST_01264,FinTech,SMB,2022-11-03,SUB_01264,Starter,49,2022-11-03,2023-08-24,Churned,2,1,483,3.0,49.333333333333336,4.0,1,High Risk (≤5 logins),294.0
CUST_01265,FinTech,Mid-Market,2023-08-11,SUB_01265,Pro,199,2023-08-11,,Active,37,11,292,1.0,47.0,3.0,0,Healthy (16+ logins),143.0
CUST_01266,EdTech,SMB,2022-09-02,SUB_01266,Starter,49,2022-09-02,2023-08-22,Churned,0,0,216,2.0,23.0,1.0,1,High Risk (≤5 logins),354.0
CUST_01267,E-commerce,SMB,2022-05-02,SUB_01267,Starter,49,2022-05-02,,Active,25,13,168,2.0,17.5,5.0,0,Healthy (16+ logins),609.0
CUST_01268,Logistics,SMB,2022-07-04,SUB_01268,Pro,199,2022-07-04,,Active,10,13,733,3.0,31.333333333333332,3.3333333333333335,0,Medium Risk (6-15 logins),546.0
CUST_01269,FinTech,SMB,2022-02-01,SUB_01269,Enterprise,999,2022-02-01,,Active,25,8,33279,3.0,38.0,3.3333333333333335,0,Healthy (16+ logins),699.0
CUST_01270,Logistics,Mid-Market,2023-07-23,SUB_01270,Starter,49,2023-07-23,,Active,32,4,384,3.0,46.0,4.333333333333333,0,Healthy (16+ logins),162.0
CUST_01271,FinTech,SMB,2022-11-06,SUB_01271,Pro,199,2022-11-06,,Active,21,14,860,2.0,51.0,4.0,0,Healthy (16+ logins),421.0
CUST_01272,Healthcare,Mid-Market,2023-01-07,SUB_01272,Pro,199,2023-01-07,,Active,22,6,15,2.0,20.0,5.0,0,Healthy (16+ logins),359.0
CUST_01273,FinTech,SMB,2023-10-18,SUB_01273,Enterprise,999,2023-10-18,,Active,15,5,24638,0.0,0.0,5.0,0,Medium Risk (6-15 logins),75.0
CUST_01274,EdTech,SMB,2023-08-19,SUB_01274,Enterprise,999,2023-08-19,,Active,48,13,46460,5.0,33.6,3.8,0,Healthy (16+ logins),135.0
CUST_01275,E-commerce,Enterprise,2022-02-25,SUB_01275,Pro,199,2022-02-25,,Active,29,10,902,1.0,16.0,3.0,0,Healthy (16+ logins),675.0
CUST_01276,Healthcare,SMB,2022-09-30,SUB_01276,Pro,199,2022-09-30,,Active,34,6,295,1.0,62.0,1.0,0,Healthy (16+ logins),458.0
CUST_01277,FinTech,SMB,2023-04-09,SUB_01277,Starter,49,2023-04-09,,Active,29,4,434,7.0,40.142857142857146,3.7142857142857144,0,Healthy (16+ logins),267.0
CUST_01278,Logistics,SMB,2023-11-09,SUB_01278,Pro,199,2023-11-09,,Active,11,4,319,4.0,37.75,4.25,0,Medium Risk (6-15 logins),53.0
CUST_01279,Healthcare,Mid-Market,2023-04-01,SUB_01279,Pro,199,2023-04-01,,Active,41,7,736,2.0,36.0,3.5,0,Healthy (16+ logins),275.0
CUST_01280,Healthcare,SMB,2023-11-01,SUB_01280,Pro,199,2023-11-01,2024-10-25,Churned,3,0,625,4.0,52.25,3.0,1,High Risk (≤5 logins),359.0
CUST_01281,FinTech,SMB,2022-09-06,SUB_01281,Pro,199,2022-09-06,,Active,30,9,533,5.0,35.8,3.4,0,Healthy (16+ logins),482.0
CUST_01282,Healthcare,SMB,2023-11-29,SUB_01282,Starter,49,2023-11-29,2024-01-01,Churned,0,0,298,3.0,41.333333333333336,2.6666666666666665,1,High Risk (≤5 logins),33.0
CUST_01283,Logistics,SMB,2022-03-19,SUB_01283,Pro,199,2022-03-19,,Active,28,3,573,0.0,0.0,5.0,0,Healthy (16+ logins),653.0
CUST_01284,Healthcare,Mid-Market,2023-06-18,SUB_01284,Starter,49,2023-06-18,,Active,16,4,693,1.0,36.0,4.0,0,Healthy (16+ logins),197.0
CUST_01285,Logistics,SMB,2022-04-18,SUB_01285,Starter,49,2022-04-18,,Active,18,9,922,0.0,0.0,5.0,0,Healthy (16+ logins),623.0
CUST_01286,FinTech,SMB,2022-09-30,SUB_01286,Starter,49,2022-09-30,,Active,13,5,796,0.0,0.0,5.0,0,Medium Risk (6-15 logins),458.0
CUST_01287,E-commerce,SMB,2022-01-15,SUB_01287,Starter,49,2022-01-15,2022-03-22,Churned,3,0,15,6.0,44.833333333333336,4.0,1,High Risk (≤5 logins),66.0
CUST_01288,Healthcare,SMB,2023-01-05,SUB_01288,Pro,199,2023-01-05,2023-04-15,Churned,2,0,980,2.0,40.5,5.0,1,High Risk (≤5 logins),100.0
CUST_01289,E-commerce,Enterprise,2022-10-31,SUB_01289,Starter,49,2022-10-31,,Active,23,12,394,6.0,40.833333333333336,3.3333333333333335,0,Healthy (16+ logins),427.0
CUST_01290,Logistics,SMB,2023-11-03,SUB_01290,Starter,49,2023-11-03,,Active,5,6,276,3.0,55.0,3.6666666666666665,0,High Risk (≤5 logins),59.0
CUST_01291,Healthcare,Enterprise,2022-07-24,SUB_01291,Enterprise,999,2022-07-24,,Active,33,1,4369,1.0,51.0,3.0,0,Healthy (16+ logins),526.0
CUST_01292,EdTech,SMB,2022-04-23,SUB_01292,Starter,49,2022-04-23,2023-02-08,Churned,2,1,282,2.0,21.0,3.5,1,High Risk (≤5 logins),291.0
CUST_01293,E-commerce,SMB,2023-11-11,SUB_01293,Starter,49,2023-11-11,2024-08-03,Churned,4,0,638,1.0,31.0,4.0,1,High Risk (≤5 logins),266.0
CUST_01294,Healthcare,Mid-Market,2022-09-10,SUB_01294,Starter,49,2022-09-10,,Active,5,5,998,1.0,19.0,5.0,0,High Risk (≤5 logins),478.0
CUST_01295,E-commerce,SMB,2023-03-17,SUB_01295,Starter,49,2023-03-17,,Active,29,5,85,3.0,52.0,4.0,0,Healthy (16+ logins),290.0
CUST_01296,Healthcare,Mid-Market,2022-07-05,SUB_01296,Starter,49,2022-07-05,,Active,31,11,206,2.0,27.5,4.5,0,Healthy (16+ logins),545.0
CUST_01297,FinTech,Enterprise,2022-08-15,SUB_01297,Starter,49,2022-08-15,,Active,26,9,874,7.0,36.714285714285715,3.142857142857143,0,Healthy (16+ logins),504.0
CUST_01298,E-commerce,SMB,2023-06-12,SUB_01298,Pro,199,2023-06-12,,Active,21,1,662,0.0,0.0,5.0,0,Healthy (16+ logins),203.0
CUST_01299,EdTech,SMB,2023-10-30,SUB_01299,Starter,49,2023-10-30,2024-09-30,Churned,4,0,562,3.0,48.666666666666664,5.0,1,High Risk (≤5 logins),336.0
CUST_01300,EdTech,Mid-Market,2022-12-20,SUB_01300,Starter,49,2022-12-20,,Active,7,3,476,8.0,45.125,3.625,0,Medium Risk (6-15 logins),377.0
CUST_01301,Logistics,SMB,2023-09-15,SUB_01301,Pro,199,2023-09-15,2024-04-09,Churned,0,0,742,2.0,30.0,3.0,1,High Risk (≤5 logins),207.0
CUST_01302,Healthcare,SMB,2022-01-01,SUB_01302,Starter,49,2022-01-01,,Active,6,12,591,5.0,43.4,3.6,0,Medium Risk (6-15 logins),730.0
CUST_01303,E-commerce,SMB,2023-07-07,SUB_01303,Enterprise,999,2023-07-07,,Active,36,13,21599,4.0,20.25,4.25,0,Healthy (16+ logins),178.0
CUST_01304,Logistics,SMB,2023-07-14,SUB_01304,Starter,49,2023-07-14,,Active,26,7,399,3.0,30.0,4.0,0,Healthy (16+ logins),171.0
CUST_01305,E-commerce,Mid-Market,2023-02-24,SUB_01305,Starter,49,2023-02-24,,Active,43,7,135,2.0,53.0,3.0,0,Healthy (16+ logins),311.0
CUST_01306,Healthcare,SMB,2023-09-12,SUB_01306,Pro,199,2023-09-12,2024-01-15,Churned,3,0,345,2.0,36.0,4.0,1,High Risk (≤5 logins),125.0
CUST_01307,EdTech,SMB,2022-06-10,SUB_01307,Starter,49,2022-06-10,,Active,26,5,169,2.0,33.0,5.0,0,Healthy (16+ logins),570.0
CUST_01308,FinTech,Mid-Market,2022-06-10,SUB_01308,Starter,49,2022-06-10,,Active,8,14,968,6.0,24.5,3.5,0,Medium Risk (6-15 logins),570.0
CUST_01309,EdTech,SMB,2022-05-08,SUB_01309,Pro,199,2022-05-08,,Active,42,9,162,2.0,58.5,2.0,0,Healthy (16+ logins),603.0
CUST_01310,Logistics,SMB,2022-05-31,SUB_01310,Starter,49,2022-05-31,,Active,17,7,198,5.0,54.6,4.0,0,Healthy (16+ logins),580.0
CUST_01311,FinTech,Mid-Market,2023-03-20,SUB_01311,Pro,199,2023-03-20,,Active,27,2,967,1.0,71.0,5.0,0,Healthy (16+ logins),287.0
CUST_01312,Logistics,SMB,2023-04-16,SUB_01312,Enterprise,999,2023-04-16,,Active,17,12,29806,3.0,60.0,3.3333333333333335,0,Healthy (16+ logins),260.0
CUST_01313,Healthcare,Mid-Market,2023-04-08,SUB_01313,Starter,49,2023-04-08,,Active,24,3,47,2.0,52.5,3.0,0,Healthy (16+ logins),268.0
CUST_01314,FinTech,Mid-Market,2022-01-30,SUB_01314,Pro,199,2022-01-30,,Active,37,11,821,3.0,46.666666666666664,4.0,0,Healthy (16+ logins),701.0
CUST_01315,Logistics,SMB,2023-04-18,SUB_01315,Pro,199,2023-04-18,,Active,38,7,764,3.0,49.666666666666664,4.333333333333333,0,Healthy (16+ logins),258.0
CUST_01316,Healthcare,SMB,2023-07-11,SUB_01316,Enterprise,999,2023-07-11,,Active,42,5,21006,3.0,37.333333333333336,3.0,0,Healthy (16+ logins),174.0
CUST_01317,EdTech,SMB,2022-03-21,SUB_01317,Pro,199,2022-03-21,2022-12-02,Churned,4,1,102,1.0,44.0,5.0,1,High Risk (≤5 logins),256.0
CUST_01318,Healthcare,SMB,2022-02-08,SUB_01318,Enterprise,999,2022-02-08,2022-03-20,Churned,4,0,23424,3.0,30.666666666666668,3.6666666666666665,1,High Risk (≤5 logins),40.0
CUST_01319,E-commerce,Mid-Market,2022-08-28,SUB_01319,Starter,49,2022-08-28,,Active,15,9,5,5.0,47.6,3.4,0,Medium Risk (6-15 logins),491.0
CUST_01320,Healthcare,Mid-Market,2023-07-11,SUB_01320,Pro,199,2023-07-11,,Active,22,3,710,2.0,61.0,4.5,0,Healthy (16+ logins),174.0
CUST_01321,Healthcare,SMB,2023-08-13,SUB_01321,Starter,49,2023-08-13,,Active,49,8,11,8.0,43.0,3.625,0,Healthy (16+ logins),141.0
CUST_01322,E-commerce,Mid-Market,2022-12-03,SUB_01322,Starter,49,2022-12-03,,Active,25,13,102,1.0,19.0,4.0,0,Healthy (16+ logins),394.0
CUST_01323,Logistics,Enterprise,2022-10-07,SUB_01323,Enterprise,999,2022-10-07,,Active,16,6,23993,1.0,45.0,5.0,0,Healthy (16+ logins),451.0
CUST_01324,Logistics,Enterprise,2022-04-26,SUB_01324,Starter,49,2022-04-26,,Active,43,13,832,1.0,39.0,2.0,0,Healthy (16+ logins),615.0
CUST_01325,Healthcare,SMB,2022-09-26,SUB_01325,Enterprise,999,2022-09-26,,Active,24,4,40608,2.0,57.5,4.0,0,Healthy (16+ logins),462.0
CUST_01326,E-commerce,SMB,2022-12-01,SUB_01326,Starter,49,2022-12-01,,Active,11,4,426,3.0,45.666666666666664,4.666666666666667,0,Medium Risk (6-15 logins),396.0
CUST_01327,E-commerce,SMB,2022-11-08,SUB_01327,Pro,199,2022-11-08,,Active,31,4,170,1.0,15.0,4.0,0,Healthy (16+ logins),419.0
CUST_01328,EdTech,Enterprise,2022-02-22,SUB_01328,Starter,49,2022-02-22,,Active,11,7,688,1.0,40.0,4.0,0,Medium Risk (6-15 logins),678.0
CUST_01329,Logistics,SMB,2022-03-09,SUB_01329,Starter,49,2022-03-09,,Active,6,6,88,4.0,40.5,2.75,0,Medium Risk (6-15 logins),663.0
CUST_01330,FinTech,SMB,2023-11-25,SUB_01330,Starter,49,2023-11-25,2024-09-15,Churned,2,0,715,2.0,36.0,3.0,1,High Risk (≤5 logins),295.0
CUST_01331,Logistics,SMB,2022-02-03,SUB_01331,Pro,199,2022-02-03,,Active,37,5,438,3.0,40.0,4.333333333333333,0,Healthy (16+ logins),697.0
CUST_01332,Logistics,SMB,2023-01-21,SUB_01332,Starter,49,2023-01-21,2023-08-27,Churned,0,1,346,3.0,48.333333333333336,3.3333333333333335,1,High Risk (≤5 logins),218.0
CUST_01333,EdTech,SMB,2022-09-06,SUB_01333,Pro,199,2022-09-06,,Active,33,6,854,1.0,25.0,4.0,0,Healthy (16+ logins),482.0
CUST_01334,FinTech,Enterprise,2022-04-21,SUB_01334,Starter,49,2022-04-21,,Active,36,7,210,3.0,34.0,4.0,0,Healthy (16+ logins),620.0
CUST_01335,EdTech,SMB,2022-04-04,SUB_01335,Starter,49,2022-04-04,,Active,49,12,724,1.0,65.0,2.0,0,Healthy (16+ logins),637.0
CUST_01336,FinTech,SMB,2023-02-14,SUB_01336,Starter,49,2023-02-14,,Active,16,11,433,0.0,0.0,5.0,0,Healthy (16+ logins),321.0
CUST_01337,Healthcare,SMB,2022-06-28,SUB_01337,Starter,49,2022-06-28,2023-02-21,Churned,0,0,532,3.0,40.666666666666664,3.6666666666666665,1,High Risk (≤5 logins),238.0
CUST_01338,FinTech,SMB,2022-02-16,SUB_01338,Pro,199,2022-02-16,,Active,43,12,599,2.0,25.0,4.0,0,Healthy (16+ logins),684.0
CUST_01339,EdTech,SMB,2023-08-27,SUB_01339,Pro,199,2023-08-27,2023-10-08,Churned,0,1,524,4.0,41.5,3.75,1,High Risk (≤5 logins),42.0
CUST_01340,Logistics,SMB,2023-01-11,SUB_01340,Starter,49,2023-01-11,,Active,44,14,425,3.0,28.333333333333332,3.3333333333333335,0,Healthy (16+ logins),355.0
CUST_01341,FinTech,SMB,2023-08-10,SUB_01341,Pro,199,2023-08-10,,Active,7,8,995,4.0,51.0,2.75,0,Medium Risk (6-15 logins),144.0
CUST_01342,FinTech,SMB,2022-07-21,SUB_01342,Pro,199,2022-07-21,,Active,43,11,119,1.0,50.0,1.0,0,Healthy (16+ logins),529.0
CUST_01343,E-commerce,SMB,2023-03-21,SUB_01343,Starter,49,2023-03-21,2023-09-28,Churned,0,1,910,2.0,53.0,4.5,1,High Risk (≤5 logins),191.0
CUST_01344,Logistics,SMB,2022-10-24,SUB_01344,Starter,49,2022-10-24,,Active,6,2,177,2.0,13.5,3.5,0,Medium Risk (6-15 logins),434.0
CUST_01345,Healthcare,Enterprise,2022-11-04,SUB_01345,Pro,199,2022-11-04,2023-02-01,Churned,4,1,128,1.0,35.0,1.0,1,High Risk (≤5 logins),89.0
CUST_01346,EdTech,Enterprise,2023-05-08,SUB_01346,Starter,49,2023-05-08,,Active,45,8,562,3.0,55.0,4.666666666666667,0,Healthy (16+ logins),238.0
CUST_01347,Healthcare,SMB,2022-12-04,SUB_01347,Starter,49,2022-12-04,2023-01-07,Churned,1,1,417,2.0,45.0,2.5,1,High Risk (≤5 logins),34.0
CUST_01348,Logistics,SMB,2023-10-08,SUB_01348,Starter,49,2023-10-08,,Active,16,3,553,3.0,48.333333333333336,3.6666666666666665,0,Healthy (16+ logins),85.0
CUST_01349,FinTech,Enterprise,2022-03-07,SUB_01349,Pro,199,2022-03-07,,Active,45,4,317,4.0,33.0,4.5,0,Healthy (16+ logins),665.0
CUST_01350,FinTech,SMB,2023-02-26,SUB_01350,Starter,49,2023-02-26,,Active,36,12,606,2.0,47.5,3.0,0,Healthy (16+ logins),309.0
CUST_01351,Logistics,Mid-Market,2023-06-24,SUB_01351,Starter,49,2023-06-24,,Active,10,1,241,3.0,48.666666666666664,3.6666666666666665,0,Medium Risk (6-15 logins),191.0
CUST_01352,FinTech,Enterprise,2023-09-21,SUB_01352,Starter,49,2023-09-21,,Active,31,3,927,5.0,54.2,4.0,0,Healthy (16+ logins),102.0
CUST_01353,FinTech,SMB,2023-05-08,SUB_01353,Starter,49,2023-05-08,,Active,17,4,355,2.0,46.0,4.0,0,Healthy (16+ logins),238.0
CUST_01354,FinTech,SMB,2022-11-13,SUB_01354,Starter,49,2022-11-13,,Active,27,2,572,2.0,38.0,3.0,0,Healthy (16+ logins),414.0
CUST_01355,EdTech,Enterprise,2023-09-18,SUB_01355,Enterprise,999,2023-09-18,,Active,14,14,31425,2.0,43.0,4.0,0,Medium Risk (6-15 logins),105.0
CUST_01356,EdTech,SMB,2022-03-16,SUB_01356,Starter,49,2022-03-16,,Active,18,12,437,2.0,49.0,3.0,0,Healthy (16+ logins),656.0
CUST_01357,E-commerce,SMB,2022-02-28,SUB_01357,Pro,199,2022-02-28,,Active,7,6,457,4.0,41.0,4.25,0,Medium Risk (6-15 logins),672.0
CUST_01358,Healthcare,SMB,2023-01-21,SUB_01358,Starter,49,2023-01-21,,Active,16,8,441,1.0,36.0,4.0,0,Healthy (16+ logins),345.0
CUST_01359,Logistics,SMB,2022-01-15,SUB_01359,Pro,199,2022-01-15,2022-09-03,Churned,3,1,980,5.0,28.4,4.0,1,High Risk (≤5 logins),231.0
CUST_01360,Logistics,Mid-Market,2022-08-19,SUB_01360,Pro,199,2022-08-19,2022-09-29,Churned,3,0,227,2.0,57.5,3.5,1,High Risk (≤5 logins),41.0
CUST_01361,Logistics,Mid-Market,2023-09-09,SUB_01361,Starter,49,2023-09-09,,Active,36,10,407,3.0,65.33333333333333,3.3333333333333335,0,Healthy (16+ logins),114.0
CUST_01362,E-commerce,Enterprise,2023-11-08,SUB_01362,Pro,199,2023-11-08,2024-08-03,Churned,4,0,922,1.0,9.0,3.0,1,High Risk (≤5 logins),269.0
CUST_01363,EdTech,SMB,2022-07-18,SUB_01363,Starter,49,2022-07-18,2023-03-29,Churned,0,0,276,1.0,67.0,5.0,1,High Risk (≤5 logins),254.0
CUST_01364,E-commerce,SMB,2022-12-20,SUB_01364,Pro,199,2022-12-20,,Active,13,14,17,1.0,35.0,3.0,0,Medium Risk (6-15 logins),377.0
CUST_01365,Logistics,SMB,2022-02-04,SUB_01365,Starter,49,2022-02-04,,Active,5,4,755,1.0,46.0,4.0,0,High Risk (≤5 logins),696.0
CUST_01366,Healthcare,SMB,2022-06-11,SUB_01366,Enterprise,999,2022-06-11,2023-01-08,Churned,1,1,15307,2.0,20.0,3.5,1,High Risk (≤5 logins),211.0
CUST_01367,FinTech,SMB,2023-04-16,SUB_01367,Pro,199,2023-04-16,,Active,43,6,323,3.0,38.666666666666664,4.333333333333333,0,Healthy (16+ logins),260.0
CUST_01368,EdTech,Enterprise,2023-06-15,SUB_01368,Enterprise,999,2023-06-15,,Active,14,4,47268,4.0,50.25,3.25,0,Medium Risk (6-15 logins),200.0
CUST_01369,EdTech,Mid-Market,2023-02-27,SUB_01369,Pro,199,2023-02-27,2024-01-19,Churned,2,0,821,2.0,28.0,4.0,1,High Risk (≤5 logins),326.0
CUST_01370,E-commerce,SMB,2022-12-14,SUB_01370,Starter,49,2022-12-14,,Active,47,11,529,1.0,58.0,1.0,0,Healthy (16+ logins),383.0
CUST_01371,EdTech,Mid-Market,2023-11-25,SUB_01371,Pro,199,2023-11-25,,Active,45,2,895,0.0,0.0,5.0,0,Healthy (16+ logins),37.0
CUST_01372,Logistics,SMB,2022-05-27,SUB_01372,Pro,199,2022-05-27,,Active,34,10,712,4.0,43.0,3.5,0,Healthy (16+ logins),584.0
CUST_01373,Logistics,SMB,2023-01-09,SUB_01373,Enterprise,999,2023-01-09,,Active,9,2,25372,0.0,0.0,5.0,0,Medium Risk (6-15 logins),357.0
CUST_01374,E-commerce,Mid-Market,2023-11-19,SUB_01374,Starter,49,2023-11-19,,Active,8,2,764,3.0,52.333333333333336,3.3333333333333335,0,Medium Risk (6-15 logins),43.0
CUST_01375,Logistics,SMB,2023-11-06,SUB_01375,Pro,199,2023-11-06,,Active,49,2,191,4.0,49.0,3.25,0,Healthy (16+ logins),56.0
CUST_01376,Healthcare,Enterprise,2023-02-20,SUB_01376,Starter,49,2023-02-20,,Active,12,8,48,5.0,45.2,4.0,0,Medium Risk (6-15 logins),315.0
CUST_01377,E-commerce,Mid-Market,2023-11-18,SUB_01377,Pro,199,2023-11-18,,Active,20,10,93,1.0,38.0,4.0,0,Healthy (16+ logins),44.0
CUST_01378,Healthcare,SMB,2023-05-09,SUB_01378,Starter,49,2023-05-09,,Active,5,4,930,4.0,29.75,4.0,0,High Risk (≤5 logins),237.0
CUST_01379,FinTech,Mid-Market,2023-07-13,SUB_01379,Starter,49,2023-07-13,,Active,19,4,748,1.0,64.0,5.0,0,Healthy (16+ logins),172.0
CUST_01380,Healthcare,SMB,2022-09-13,SUB_01380,Enterprise,999,2022-09-13,,Active,28,10,19542,4.0,38.0,4.0,0,Healthy (16+ logins),475.0
CUST_01381,FinTech,SMB,2023-11-17,SUB_01381,Starter,49,2023-11-17,,Active,19,10,166,3.0,48.666666666666664,4.333333333333333,0,Healthy (16+ logins),45.0
CUST_01382,FinTech,SMB,2022-04-13,SUB_01382,Pro,199,2022-04-13,,Active,10,11,493,0.0,0.0,5.0,0,Medium Risk (6-15 logins),628.0
CUST_01383,Healthcare,SMB,2022-05-01,SUB_01383,Pro,199,2022-05-01,2023-03-30,Churned,3,1,253,2.0,40.5,4.5,1,High Risk (≤5 logins),333.0
CUST_01384,E-commerce,Mid-Market,2023-02-23,SUB_01384,Starter,49,2023-02-23,,Active,9,3,953,5.0,41.8,3.8,0,Medium Risk (6-15 logins),312.0
CUST_01385,Logistics,SMB,2022-12-16,SUB_01385,Starter,49,2022-12-16,,Active,43,5,56,1.0,69.0,3.0,0,Healthy (16+ logins),381.0
CUST_01386,Logistics,Mid-Market,2023-10-19,SUB_01386,Pro,199,2023-10-19,2024-09-19,Churned,1,1,5,3.0,37.666666666666664,3.6666666666666665,1,High Risk (≤5 logins),336.0
CUST_01387,FinTech,SMB,2022-02-11,SUB_01387,Starter,49,2022-02-11,,Active,38,7,973,3.0,36.0,2.6666666666666665,0,Healthy (16+ logins),689.0
CUST_01388,FinTech,SMB,2023-01-02,SUB_01388,Pro,199,2023-01-02,2023-07-28,Churned,0,0,237,1.0,67.0,4.0,1,High Risk (≤5 logins),207.0
CUST_01389,E-commerce,Mid-Market,2022-01-29,SUB_01389,Enterprise,999,2022-01-29,,Active,36,7,24902,0.0,0.0,5.0,0,Healthy (16+ logins),702.0
CUST_01390,EdTech,SMB,2022-01-14,SUB_01390,Starter,49,2022-01-14,2022-06-10,Churned,2,1,223,1.0,57.0,5.0,1,High Risk (≤5 logins),147.0
CUST_01391,Healthcare,SMB,2023-04-30,SUB_01391,Starter,49,2023-04-30,2023-08-13,Churned,4,0,589,3.0,61.666666666666664,3.0,1,High Risk (≤5 logins),105.0
CUST_01392,FinTech,SMB,2022-07-08,SUB_01392,Starter,49,2022-07-08,,Active,28,12,19,1.0,67.0,1.0,0,Healthy (16+ logins),542.0
CUST_01393,Logistics,SMB,2022-10-22,SUB_01393,Pro,199,2022-10-22,,Active,35,7,817,3.0,29.333333333333332,4.0,0,Healthy (16+ logins),436.0
CUST_01394,E-commerce,SMB,2022-07-02,SUB_01394,Starter,49,2022-07-02,2022-09-15,Churned,0,1,776,4.0,50.0,4.25,1,High Risk (≤5 logins),75.0
CUST_01395,Healthcare,Mid-Market,2023-07-02,SUB_01395,Starter,49,2023-07-02,,Active,19,8,203,2.0,45.5,3.5,0,Healthy (16+ logins),183.0
CUST_01396,E-commerce,SMB,2022-02-06,SUB_01396,Pro,199,2022-02-06,2022-10-20,Churned,2,0,141,0.0,0.0,5.0,1,High Risk (≤5 logins),256.0
CUST_01397,Healthcare,SMB,2022-01-14,SUB_01397,Enterprise,999,2022-01-14,,Active,24,13,32984,3.0,35.0,3.0,0,Healthy (16+ logins),717.0
CUST_01398,Healthcare,Enterprise,2023-09-27,SUB_01398,Starter,49,2023-09-27,,Active,8,1,406,4.0,42.25,2.0,0,Medium Risk (6-15 logins),96.0
CUST_01399,FinTech,SMB,2023-08-18,SUB_01399,Starter,49,2023-08-18,,Active,17,3,815,1.0,15.0,5.0,0,Healthy (16+ logins),136.0
CUST_01400,E-commerce,Mid-Market,2022-06-08,SUB_01400,Enterprise,999,2022-06-08,,Active,45,12,12300,1.0,22.0,5.0,0,Healthy (16+ logins),572.0
CUST_01401,E-commerce,SMB,2023-05-09,SUB_01401,Pro,199,2023-05-09,,Active,48,3,79,6.0,40.5,3.3333333333333335,0,Healthy (16+ logins),237.0
CUST_01402,Logistics,SMB,2022-11-25,SUB_01402,Pro,199,2022-11-25,,Active,14,5,209,4.0,39.0,3.5,0,Medium Risk (6-15 logins),402.0
CUST_01403,Logistics,Mid-Market,2023-09-06,SUB_01403,Pro,199,2023-09-06,,Active,45,10,767,2.0,25.5,4.0,0,Healthy (16+ logins),117.0
CUST_01404,FinTech,SMB,2022-03-24,SUB_01404,Enterprise,999,2022-03-24,,Active,27,14,34901,2.0,43.5,5.0,0,Healthy (16+ logins),648.0
CUST_01405,FinTech,Mid-Market,2023-07-10,SUB_01405,Pro,199,2023-07-10,,Active,11,13,376,1.0,27.0,5.0,0,Medium Risk (6-15 logins),175.0
CUST_01406,EdTech,SMB,2023-08-03,SUB_01406,Pro,199,2023-08-03,2024-06-21,Churned,4,1,39,4.0,42.0,3.5,1,High Risk (≤5 logins),323.0
CUST_01407,Logistics,SMB,2023-07-14,SUB_01407,Pro,199,2023-07-14,2024-04-08,Churned,0,0,352,2.0,21.0,4.0,1,High Risk (≤5 logins),269.0
CUST_01408,Healthcare,SMB,2023-07-23,SUB_01408,Pro,199,2023-07-23,,Active,11,10,452,0.0,0.0,5.0,0,Medium Risk (6-15 logins),162.0
CUST_01409,E-commerce,SMB,2023-08-10,SUB_01409,Starter,49,2023-08-10,,Active,12,6,422,1.0,64.0,5.0,0,Medium Risk (6-15 logins),144.0
CUST_01410,FinTech,Mid-Market,2022-01-22,SUB_01410,Starter,49,2022-01-22,,Active,11,4,713,2.0,40.5,3.0,0,Medium Risk (6-15 logins),709.0
CUST_01411,E-commerce,SMB,2022-05-12,SUB_01411,Pro,199,2022-05-12,,Active,47,6,85,5.0,39.4,2.6,0,Healthy (16+ logins),599.0
CUST_01412,E-commerce,Enterprise,2023-04-10,SUB_01412,Starter,49,2023-04-10,,Active,8,7,554,2.0,53.5,3.0,0,Medium Risk (6-15 logins),266.0
CUST_01413,EdTech,Enterprise,2023-04-01,SUB_01413,Pro,199,2023-04-01,,Active,11,4,235,1.0,20.0,1.0,0,Medium Risk (6-15 logins),275.0
CUST_01414,Logistics,SMB,2022-10-29,SUB_01414,Starter,49,2022-10-29,,Active,49,11,992,1.0,35.0,5.0,0,Healthy (16+ logins),429.0
CUST_01415,FinTech,SMB,2022-09-24,SUB_01415,Pro,199,2022-09-24,2023-03-13,Churned,4,0,889,5.0,36.4,3.6,1,High Risk (≤5 logins),170.0
CUST_01416,E-commerce,Mid-Market,2023-01-30,SUB_01416,Starter,49,2023-01-30,,Active,34,5,414,2.0,35.5,4.5,0,Healthy (16+ logins),336.0
CUST_01417,FinTech,Enterprise,2022-04-30,SUB_01417,Pro,199,2022-04-30,,Active,22,3,581,1.0,26.0,3.0,0,Healthy (16+ logins),611.0
CUST_01418,Healthcare,SMB,2022-09-03,SUB_01418,Pro,199,2022-09-03,,Active,34,2,355,3.0,38.333333333333336,3.3333333333333335,0,Healthy (16+ logins),485.0
CUST_01419,EdTech,SMB,2023-07-22,SUB_01419,Starter,49,2023-07-22,,Active,11,1,642,5.0,40.0,3.8,0,Medium Risk (6-15 logins),163.0
CUST_01420,Healthcare,SMB,2022-02-07,SUB_01420,Pro,199,2022-02-07,,Active,27,4,643,1.0,69.0,4.0,0,Healthy (16+ logins),693.0
CUST_01421,FinTech,Mid-Market,2022-09-02,SUB_01421,Starter,49,2022-09-02,,Active,41,2,247,2.0,19.0,4.0,0,Healthy (16+ logins),486.0
CUST_01422,FinTech,SMB,2022-01-21,SUB_01422,Starter,49,2022-01-21,,Active,11,12,666,1.0,38.0,5.0,0,Medium Risk (6-15 logins),710.0
CUST_01423,Logistics,Mid-Market,2022-04-20,SUB_01423,Starter,49,2022-04-20,,Active,42,3,741,1.0,56.0,5.0,0,Healthy (16+ logins),621.0
CUST_01424,E-commerce,SMB,2023-08-29,SUB_01424,Starter,49,2023-08-29,,Active,33,1,600,3.0,54.666666666666664,4.333333333333333,0,Healthy (16+ logins),125.0
CUST_01425,E-commerce,SMB,2023-01-29,SUB_01425,Enterprise,999,2023-01-29,,Active,38,14,9858,1.0,59.0,3.0,0,Healthy (16+ logins),337.0
CUST_01426,Healthcare,SMB,2023-02-14,SUB_01426,Starter,49,2023-02-14,2023-10-05,Churned,3,1,538,1.0,39.0,3.0,1,High Risk (≤5 logins),233.0
CUST_01427,EdTech,SMB,2023-10-10,SUB_01427,Pro,199,2023-10-10,,Active,45,6,360,1.0,68.0,2.0,0,Healthy (16+ logins),83.0
CUST_01428,E-commerce,SMB,2022-01-08,SUB_01428,Starter,49,2022-01-08,,Active,49,4,867,4.0,43.5,3.0,0,Healthy (16+ logins),723.0
CUST_01429,Logistics,SMB,2023-03-20,SUB_01429,Pro,199,2023-03-20,,Active,22,5,749,3.0,55.333333333333336,4.0,0,Healthy (16+ logins),287.0
CUST_01430,Healthcare,SMB,2022-11-24,SUB_01430,Starter,49,2022-11-24,2023-05-22,Churned,4,0,174,4.0,30.5,3.0,1,High Risk (≤5 logins),179.0
CUST_01431,Healthcare,SMB,2022-10-17,SUB_01431,Pro,199,2022-10-17,2023-03-25,Churned,3,0,827,0.0,0.0,5.0,1,High Risk (≤5 logins),159.0
CUST_01432,Logistics,SMB,2023-05-26,SUB_01432,Pro,199,2023-05-26,,Active,31,4,803,4.0,32.25,4.0,0,Healthy (16+ logins),220.0
CUST_01433,EdTech,Enterprise,2022-12-27,SUB_01433,Pro,199,2022-12-27,2023-12-24,Churned,1,1,373,4.0,36.5,3.0,1,High Risk (≤5 logins),362.0
CUST_01434,Logistics,SMB,2023-08-22,SUB_01434,Starter,49,2023-08-22,,Active,16,3,941,6.0,42.5,4.666666666666667,0,Healthy (16+ logins),132.0
CUST_01435,EdTech,SMB,2022-08-07,SUB_01435,Pro,199,2022-08-07,2023-06-01,Churned,1,1,60,3.0,42.0,4.333333333333333,1,High Risk (≤5 logins),298.0
CUST_01436,Logistics,SMB,2023-02-10,SUB_01436,Starter,49,2023-02-10,,Active,21,13,169,1.0,31.0,1.0,0,Healthy (16+ logins),325.0
CUST_01437,Logistics,Enterprise,2023-09-13,SUB_01437,Starter,49,2023-09-13,,Active,48,3,506,4.0,35.75,4.0,0,Healthy (16+ logins),110.0
CUST_01438,FinTech,SMB,2022-08-08,SUB_01438,Starter,49,2022-08-08,,Active,11,7,774,4.0,49.75,3.75,0,Medium Risk (6-15 logins),511.0
CUST_01439,Healthcare,Mid-Market,2023-08-18,SUB_01439,Starter,49,2023-08-18,,Active,28,7,413,1.0,14.0,4.0,0,Healthy (16+ logins),136.0
CUST_01440,Logistics,Mid-Market,2022-04-17,SUB_01440,Starter,49,2022-04-17,,Active,11,3,817,7.0,31.142857142857142,4.142857142857143,0,Medium Risk (6-15 logins),624.0
CUST_01441,Logistics,Mid-Market,2023-08-04,SUB_01441,Pro,199,2023-08-04,,Active,33,3,115,1.0,39.0,5.0,0,Healthy (16+ logins),150.0
CUST_01442,E-commerce,SMB,2023-09-01,SUB_01442,Starter,49,2023-09-01,,Active,32,10,174,6.0,42.666666666666664,3.8333333333333335,0,Healthy (16+ logins),122.0
CUST_01443,Healthcare,Mid-Market,2022-10-13,SUB_01443,Starter,49,2022-10-13,,Active,27,10,732,2.0,38.0,4.0,0,Healthy (16+ logins),445.0
CUST_01444,E-commerce,SMB,2022-01-08,SUB_01444,Starter,49,2022-01-08,,Active,14,12,423,1.0,59.0,5.0,0,Medium Risk (6-15 logins),723.0
CUST_01445,Healthcare,SMB,2022-07-08,SUB_01445,Pro,199,2022-07-08,2023-06-15,Churned,1,0,127,5.0,32.2,4.2,1,High Risk (≤5 logins),342.0
CUST_01446,E-commerce,Mid-Market,2022-03-22,SUB_01446,Pro,199,2022-03-22,2022-09-04,Churned,4,0,488,2.0,37.5,2.0,1,High Risk (≤5 logins),166.0
CUST_01447,Logistics,SMB,2022-04-18,SUB_01447,Starter,49,2022-04-18,2022-09-10,Churned,2,0,4,4.0,37.0,4.5,1,High Risk (≤5 logins),145.0
CUST_01448,Logistics,Mid-Market,2022-11-17,SUB_01448,Pro,199,2022-11-17,,Active,29,11,325,0.0,0.0,5.0,0,Healthy (16+ logins),410.0
CUST_01449,FinTech,SMB,2023-08-02,SUB_01449,Pro,199,2023-08-02,2024-02-08,Churned,1,0,697,2.0,28.5,3.5,1,High Risk (≤5 logins),190.0
CUST_01450,E-commerce,Mid-Market,2023-11-17,SUB_01450,Starter,49,2023-11-17,,Active,9,2,171,5.0,41.2,4.2,0,Medium Risk (6-15 logins),45.0
CUST_01451,EdTech,SMB,2022-12-12,SUB_01451,Pro,199,2022-12-12,,Active,18,5,198,4.0,47.5,3.25,0,Healthy (16+ logins),385.0
CUST_01452,FinTech,SMB,2022-11-24,SUB_01452,Pro,199,2022-11-24,,Active,35,11,230,3.0,59.333333333333336,3.0,0,Healthy (16+ logins),403.0
CUST_01453,E-commerce,SMB,2023-07-09,SUB_01453,Pro,199,2023-07-09,,Active,44,7,799,2.0,52.0,4.0,0,Healthy (16+ logins),176.0
CUST_01454,E-commerce,Enterprise,2023-11-30,SUB_01454,Starter,49,2023-11-30,,Active,10,8,846,5.0,43.6,4.2,0,Medium Risk (6-15 logins),32.0
CUST_01455,FinTech,SMB,2022-10-29,SUB_01455,Starter,49,2022-10-29,,Active,32,1,626,2.0,42.5,4.0,0,Healthy (16+ logins),429.0
CUST_01456,Logistics,SMB,2022-07-19,SUB_01456,Starter,49,2022-07-19,2023-01-19,Churned,0,0,332,3.0,40.333333333333336,4.333333333333333,1,High Risk (≤5 logins),184.0
CUST_01457,E-commerce,SMB,2023-02-23,SUB_01457,Pro,199,2023-02-23,,Active,10,2,465,4.0,48.0,3.5,0,Medium Risk (6-15 logins),312.0
CUST_01458,Logistics,Mid-Market,2022-02-08,SUB_01458,Pro,199,2022-02-08,,Active,21,13,841,4.0,34.25,3.75,0,Healthy (16+ logins),692.0
CUST_01459,FinTech,SMB,2022-11-03,SUB_01459,Starter,49,2022-11-03,,Active,44,7,423,1.0,31.0,3.0,0,Healthy (16+ logins),424.0
CUST_01460,Logistics,SMB,2022-01-04,SUB_01460,Starter,49,2022-01-04,,Active,39,9,312,4.0,29.0,3.25,0,Healthy (16+ logins),727.0
CUST_01461,Healthcare,SMB,2023-09-25,SUB_01461,Pro,199,2023-09-25,2024-04-14,Churned,3,0,522,7.0,46.42857142857143,4.285714285714286,1,High Risk (≤5 logins),202.0
CUST_01462,EdTech,SMB,2022-03-18,SUB_01462,Pro,199,2022-03-18,,Active,49,14,423,3.0,55.0,1.6666666666666667,0,Healthy (16+ logins),654.0
CUST_01463,E-commerce,SMB,2023-04-13,SUB_01463,Pro,199,2023-04-13,,Active,22,8,615,2.0,40.5,3.5,0,Healthy (16+ logins),263.0
CUST_01464,EdTech,SMB,2022-06-28,SUB_01464,Pro,199,2022-06-28,,Active,47,14,174,4.0,43.25,4.25,0,Healthy (16+ logins),552.0
CUST_01465,Logistics,Mid-Market,2023-10-07,SUB_01465,Pro,199,2023-10-07,,Active,38,10,897,3.0,56.666666666666664,3.0,0,Healthy (16+ logins),86.0
CUST_01466,E-commerce,SMB,2022-10-03,SUB_01466,Starter,49,2022-10-03,,Active,5,3,986,4.0,32.25,4.0,0,High Risk (≤5 logins),455.0
CUST_01467,Logistics,SMB,2022-06-01,SUB_01467,Starter,49,2022-06-01,,Active,19,4,947,0.0,0.0,5.0,0,Healthy (16+ logins),579.0
CUST_01468,Healthcare,SMB,2022-06-13,SUB_01468,Starter,49,2022-06-13,,Active,22,2,373,1.0,14.0,4.0,0,Healthy (16+ logins),567.0
CUST_01469,FinTech,Enterprise,2022-10-17,SUB_01469,Pro,199,2022-10-17,,Active,26,9,631,3.0,44.0,3.6666666666666665,0,Healthy (16+ logins),441.0
CUST_01470,E-commerce,Enterprise,2023-01-13,SUB_01470,Starter,49,2023-01-13,,Active,22,14,236,2.0,32.5,3.0,0,Healthy (16+ logins),353.0
CUST_01471,Healthcare,Mid-Market,2023-09-13,SUB_01471,Starter,49,2023-09-13,2024-02-19,Churned,1,1,747,1.0,40.0,1.0,1,High Risk (≤5 logins),159.0
CUST_01472,Healthcare,SMB,2023-09-30,SUB_01472,Starter,49,2023-09-30,2024-01-16,Churned,3,0,967,2.0,43.0,4.0,1,High Risk (≤5 logins),108.0
CUST_01473,E-commerce,SMB,2022-11-06,SUB_01473,Starter,49,2022-11-06,,Active,40,4,816,1.0,34.0,4.0,0,Healthy (16+ logins),421.0
CUST_01474,Logistics,SMB,2023-01-24,SUB_01474,Pro,199,2023-01-24,,Active,42,13,442,2.0,37.0,3.5,0,Healthy (16+ logins),342.0
CUST_01475,Healthcare,SMB,2023-10-20,SUB_01475,Starter,49,2023-10-20,,Active,29,5,37,1.0,28.0,3.0,0,Healthy (16+ logins),73.0
CUST_01476,EdTech,SMB,2022-07-02,SUB_01476,Starter,49,2022-07-02,2022-09-26,Churned,1,0,783,3.0,54.333333333333336,4.0,1,High Risk (≤5 logins),86.0
CUST_01477,Healthcare,Mid-Market,2022-11-02,SUB_01477,Pro,199,2022-11-02,,Active,24,14,887,3.0,35.333333333333336,3.6666666666666665,0,Healthy (16+ logins),425.0
CUST_01478,Logistics,Mid-Market,2022-03-13,SUB_01478,Starter,49,2022-03-13,2022-06-07,Churned,0,1,855,1.0,24.0,1.0,1,High Risk (≤5 logins),86.0
CUST_01479,Logistics,Mid-Market,2022-08-07,SUB_01479,Pro,199,2022-08-07,,Active,37,10,762,6.0,30.833333333333332,4.0,0,Healthy (16+ logins),512.0
CUST_01480,EdTech,SMB,2022-06-22,SUB_01480,Pro,199,2022-06-22,,Active,11,14,982,5.0,45.0,4.0,0,Medium Risk (6-15 logins),558.0
CUST_01481,Healthcare,Mid-Market,2023-10-15,SUB_01481,Enterprise,999,2023-10-15,,Active,27,10,45689,2.0,29.5,5.0,0,Healthy (16+ logins),78.0
CUST_01482,Logistics,SMB,2022-09-29,SUB_01482,Pro,199,2022-09-29,,Active,15,12,845,3.0,47.333333333333336,4.0,0,Medium Risk (6-15 logins),459.0
CUST_01483,E-commerce,SMB,2023-04-13,SUB_01483,Starter,49,2023-04-13,,Active,37,6,538,7.0,45.57142857142857,2.7142857142857144,0,Healthy (16+ logins),263.0
CUST_01484,FinTech,Mid-Market,2022-09-26,SUB_01484,Pro,199,2022-09-26,,Active,44,11,841,1.0,17.0,3.0,0,Healthy (16+ logins),462.0
CUST_01485,FinTech,SMB,2022-01-20,SUB_01485,Starter,49,2022-01-20,2023-01-19,Churned,3,1,634,2.0,19.0,4.0,1,High Risk (≤5 logins),364.0
CUST_01486,FinTech,SMB,2023-08-01,SUB_01486,Starter,49,2023-08-01,,Active,49,12,155,4.0,40.0,4.5,0,Healthy (16+ logins),153.0
CUST_01487,Healthcare,SMB,2023-05-18,SUB_01487,Starter,49,2023-05-18,2023-10-28,Churned,1,1,728,5.0,29.4,4.2,1,High Risk (≤5 logins),163.0
CUST_01488,EdTech,Mid-Market,2022-05-27,SUB_01488,Starter,49,2022-05-27,,Active,12,12,193,3.0,44.0,3.6666666666666665,0,Medium Risk (6-15 logins),584.0
CUST_01489,Logistics,Mid-Market,2023-03-05,SUB_01489,Pro,199,2023-03-05,2023-04-17,Churned,2,1,812,2.0,39.5,4.5,1,High Risk (≤5 logins),43.0
CUST_01490,E-commerce,SMB,2022-06-14,SUB_01490,Starter,49,2022-06-14,2023-04-22,Churned,0,0,160,3.0,30.0,4.333333333333333,1,High Risk (≤5 logins),312.0
CUST_01491,E-commerce,Mid-Market,2022-11-06,SUB_01491,Pro,199,2022-11-06,2023-09-25,Churned,2,0,639,1.0,38.0,1.0,1,High Risk (≤5 logins),323.0
CUST_01492,Healthcare,SMB,2023-06-02,SUB_01492,Starter,49,2023-06-02,2023-11-25,Churned,4,1,827,0.0,0.0,5.0,1,High Risk (≤5 logins),176.0
CUST_01493,FinTech,SMB,2022-01-14,SUB_01493,Starter,49,2022-01-14,2022-06-19,Churned,3,1,689,3.0,51.333333333333336,4.0,1,High Risk (≤5 logins),156.0
CUST_01494,Healthcare,Mid-Market,2022-05-12,SUB_01494,Enterprise,999,2022-05-12,,Active,6,10,46562,4.0,63.5,3.75,0,Medium Risk (6-15 logins),599.0
CUST_01495,EdTech,Mid-Market,2023-03-15,SUB_01495,Starter,49,2023-03-15,,Active,9,3,685,5.0,54.2,4.2,0,Medium Risk (6-15 logins),292.0
CUST_01496,EdTech,Enterprise,2023-11-05,SUB_01496,Pro,199,2023-11-05,,Active,21,5,546,2.0,39.0,5.0,0,Healthy (16+ logins),57.0
CUST_01497,Logistics,SMB,2022-09-20,SUB_01497,Starter,49,2022-09-20,2023-07-06,Churned,1,1,238,4.0,35.75,2.75,1,High Risk (≤5 logins),289.0
CUST_01498,Logistics,Mid-Market,2023-10-05,SUB_01498,Starter,49,2023-10-05,2024-09-12,Churned,3,0,40,5.0,31.2,3.8,1,High Risk (≤5 logins),343.0
CUST_01499,EdTech,Mid-Market,2022-08-13,SUB_01499,Starter,49,2022-08-13,,Active,33,8,185,5.0,39.8,3.8,0,Healthy (16+ logins),506.0
CUST_01500,EdTech,Enterprise,2022-09-15,SUB_01500,Pro,199,2022-09-15,,Active,20,14,460,5.0,34.4,3.8,0,Healthy (16+ logins),473.0
CUST_01501,EdTech,SMB,2022-08-22,SUB_01501,Starter,49,2022-08-22,2023-04-26,Churned,3,0,694,3.0,38.0,4.333333333333333,1,High Risk (≤5 logins),247.0
CUST_01502,Healthcare,Mid-Market,2022-12-02,SUB_01502,Starter,49,2022-12-02,2023-08-21,Churned,1,0,388,2.0,46.5,4.5,1,High Risk (≤5 logins),262.0
CUST_01503,EdTech,SMB,2023-02-13,SUB_01503,Starter,49,2023-02-13,,Active,23,5,260,3.0,36.333333333333336,3.6666666666666665,0,Healthy (16+ logins),322.0
CUST_01504,E-commerce,SMB,2022-01-24,SUB_01504,Pro,199,2022-01-24,,Active,13,11,405,1.0,29.0,4.0,0,Medium Risk (6-15 logins),707.0
CUST_01505,FinTech,SMB,2022-09-28,SUB_01505,Pro,199,2022-09-28,,Active,11,3,545,1.0,43.0,4.0,0,Medium Risk (6-15 logins),460.0
CUST_01506,EdTech,SMB,2022-04-05,SUB_01506,Pro,199,2022-04-05,,Active,34,6,448,2.0,44.5,3.5,0,Healthy (16+ logins),636.0
CUST_01507,FinTech,SMB,2022-05-22,SUB_01507,Starter,49,2022-05-22,,Active,19,10,698,1.0,49.0,2.0,0,Healthy (16+ logins),589.0
CUST_01508,Healthcare,Mid-Market,2023-11-25,SUB_01508,Pro,199,2023-11-25,,Active,48,13,400,3.0,47.0,4.0,0,Healthy (16+ logins),37.0
CUST_01509,FinTech,SMB,2022-03-22,SUB_01509,Pro,199,2022-03-22,2022-10-05,Churned,0,0,306,3.0,44.666666666666664,3.6666666666666665,1,High Risk (≤5 logins),197.0
CUST_01510,Healthcare,Mid-Market,2022-10-01,SUB_01510,Pro,199,2022-10-01,,Active,10,6,944,4.0,22.5,3.5,0,Medium Risk (6-15 logins),457.0
CUST_01511,E-commerce,SMB,2022-10-03,SUB_01511,Pro,199,2022-10-03,,Active,42,8,136,2.0,39.0,4.0,0,Healthy (16+ logins),455.0
CUST_01512,Healthcare,SMB,2023-04-10,SUB_01512,Pro,199,2023-04-10,2023-09-29,Churned,4,0,201,1.0,64.0,5.0,1,High Risk (≤5 logins),172.0
CUST_01513,Healthcare,SMB,2022-07-27,SUB_01513,Starter,49,2022-07-27,2023-05-12,Churned,4,1,892,3.0,39.666666666666664,4.666666666666667,1,High Risk (≤5 logins),289.0
CUST_01514,Logistics,SMB,2022-10-23,SUB_01514,Pro,199,2022-10-23,2023-06-27,Churned,4,1,654,2.0,41.0,4.5,1,High Risk (≤5 logins),247.0
CUST_01515,EdTech,SMB,2022-02-08,SUB_01515,Enterprise,999,2022-02-08,,Active,12,11,34672,2.0,37.0,4.5,0,Medium Risk (6-15 logins),692.0
CUST_01516,EdTech,SMB,2022-10-15,SUB_01516,Starter,49,2022-10-15,2023-09-17,Churned,3,0,156,2.0,37.5,5.0,1,High Risk (≤5 logins),337.0
CUST_01517,E-commerce,SMB,2022-05-04,SUB_01517,Starter,49,2022-05-04,,Active,23,13,254,2.0,18.5,4.0,0,Healthy (16+ logins),607.0
CUST_01518,E-commerce,SMB,2022-10-10,SUB_01518,Enterprise,999,2022-10-10,2023-04-03,Churned,4,1,19523,1.0,23.0,1.0,1,High Risk (≤5 logins),175.0
CUST_01519,EdTech,SMB,2022-06-29,SUB_01519,Starter,49,2022-06-29,,Active,35,3,408,0.0,0.0,5.0,0,Healthy (16+ logins),551.0
CUST_01520,Logistics,SMB,2022-04-07,SUB_01520,Pro,199,2022-04-07,,Active,20,5,852,2.0,31.5,4.0,0,Healthy (16+ logins),634.0
CUST_01521,EdTech,SMB,2022-07-10,SUB_01521,Starter,49,2022-07-10,,Active,42,5,976,3.0,49.333333333333336,4.333333333333333,0,Healthy (16+ logins),540.0
CUST_01522,Logistics,Enterprise,2022-03-15,SUB_01522,Starter,49,2022-03-15,,Active,26,14,730,4.0,31.0,4.25,0,Healthy (16+ logins),657.0
CUST_01523,E-commerce,Mid-Market,2023-03-23,SUB_01523,Starter,49,2023-03-23,2023-07-29,Churned,1,0,27,2.0,59.5,2.0,1,High Risk (≤5 logins),128.0
CUST_01524,FinTech,Mid-Market,2023-05-12,SUB_01524,Starter,49,2023-05-12,,Active,26,11,662,4.0,49.75,4.0,0,Healthy (16+ logins),234.0
CUST_01525,E-commerce,SMB,2023-07-15,SUB_01525,Starter,49,2023-07-15,,Active,12,1,870,1.0,50.0,3.0,0,Medium Risk (6-15 logins),170.0
CUST_01526,E-commerce,Mid-Market,2023-04-29,SUB_01526,Starter,49,2023-04-29,,Active,41,9,611,1.0,44.0,4.0,0,Healthy (16+ logins),247.0
CUST_01527,Healthcare,Mid-Market,2022-04-26,SUB_01527,Pro,199,2022-04-26,,Active,16,2,514,5.0,49.6,3.2,0,Healthy (16+ logins),615.0
CUST_01528,Healthcare,Mid-Market,2023-06-19,SUB_01528,Enterprise,999,2023-06-19,2024-01-16,Churned,0,1,48539,4.0,48.0,3.5,1,High Risk (≤5 logins),211.0
CUST_01529,Healthcare,SMB,2022-04-08,SUB_01529,Starter,49,2022-04-08,2022-10-23,Churned,2,0,198,2.0,22.0,4.0,1,High Risk (≤5 logins),198.0
CUST_01530,Healthcare,Mid-Market,2022-11-24,SUB_01530,Pro,199,2022-11-24,2023-08-13,Churned,2,1,68,3.0,50.0,4.333333333333333,1,High Risk (≤5 logins),262.0
CUST_01531,Logistics,Mid-Market,2023-02-11,SUB_01531,Pro,199,2023-02-11,,Active,17,13,601,3.0,33.333333333333336,4.0,0,Healthy (16+ logins),324.0
CUST_01532,EdTech,SMB,2022-11-09,SUB_01532,Pro,199,2022-11-09,,Active,30,14,16,3.0,26.666666666666668,3.6666666666666665,0,Healthy (16+ logins),418.0
CUST_01533,FinTech,Mid-Market,2023-11-25,SUB_01533,Pro,199,2023-11-25,,Active,26,3,848,3.0,35.0,4.0,0,Healthy (16+ logins),37.0
CUST_01534,E-commerce,SMB,2022-05-28,SUB_01534,Starter,49,2022-05-28,,Active,33,7,878,4.0,45.5,3.5,0,Healthy (16+ logins),583.0
CUST_01535,Logistics,SMB,2022-12-08,SUB_01535,Starter,49,2022-12-08,,Active,16,3,834,1.0,32.0,1.0,0,Healthy (16+ logins),389.0
CUST_01536,FinTech,SMB,2023-05-10,SUB_01536,Starter,49,2023-05-10,2023-09-09,Churned,4,0,834,2.0,46.0,3.0,1,High Risk (≤5 logins),122.0
CUST_01537,Logistics,Mid-Market,2022-01-23,SUB_01537,Starter,49,2022-01-23,,Active,32,8,545,3.0,36.0,3.6666666666666665,0,Healthy (16+ logins),708.0
CUST_01538,Logistics,SMB,2022-04-15,SUB_01538,Pro,199,2022-04-15,,Active,13,13,775,2.0,32.0,3.5,0,Medium Risk (6-15 logins),626.0
CUST_01539,E-commerce,SMB,2023-11-06,SUB_01539,Starter,49,2023-11-06,,Active,14,3,812,4.0,48.0,4.0,0,Medium Risk (6-15 logins),56.0
CUST_01540,EdTech,SMB,2023-08-02,SUB_01540,Pro,199,2023-08-02,,Active,46,5,59,1.0,50.0,5.0,0,Healthy (16+ logins),152.0
CUST_01541,Healthcare,SMB,2023-07-12,SUB_01541,Enterprise,999,2023-07-12,2023-12-05,Churned,2,0,43276,1.0,37.0,3.0,1,High Risk (≤5 logins),146.0
CUST_01542,EdTech,SMB,2023-08-16,SUB_01542,Enterprise,999,2023-08-16,,Active,40,1,19688,1.0,61.0,4.0,0,Healthy (16+ logins),138.0
CUST_01543,E-commerce,Mid-Market,2023-10-21,SUB_01543,Enterprise,999,2023-10-21,,Active,44,3,1107,3.0,30.666666666666668,3.0,0,Healthy (16+ logins),72.0
CUST_01544,E-commerce,Mid-Market,2022-08-10,SUB_01544,Starter,49,2022-08-10,,Active,15,1,364,1.0,37.0,5.0,0,Medium Risk (6-15 logins),509.0
CUST_01545,E-commerce,SMB,2022-01-15,SUB_01545,Pro,199,2022-01-15,2022-02-17,Churned,0,0,917,2.0,55.5,2.0,1,High Risk (≤5 logins),33.0
CUST_01546,FinTech,SMB,2023-09-25,SUB_01546,Starter,49,2023-09-25,2024-01-17,Churned,0,0,928,3.0,58.0,4.333333333333333,1,High Risk (≤5 logins),114.0
CUST_01547,EdTech,SMB,2022-03-19,SUB_01547,Pro,199,2022-03-19,2022-10-01,Churned,3,0,433,3.0,42.333333333333336,3.3333333333333335,1,High Risk (≤5 logins),196.0
CUST_01548,EdTech,Mid-Market,2022-11-18,SUB_01548,Pro,199,2022-11-18,,Active,28,7,198,3.0,38.666666666666664,3.3333333333333335,0,Healthy (16+ logins),409.0
CUST_01549,Logistics,SMB,2022-08-29,SUB_01549,Pro,199,2022-08-29,,Active,9,7,752,2.0,37.0,1.5,0,Medium Risk (6-15 logins),490.0
CUST_01550,Logistics,SMB,2022-01-18,SUB_01550,Starter,49,2022-01-18,,Active,7,3,231,2.0,16.5,4.5,0,Medium Risk (6-15 logins),713.0
CUST_01551,Logistics,SMB,2023-03-30,SUB_01551,Pro,199,2023-03-30,2023-05-05,Churned,2,0,722,2.0,57.5,2.5,1,High Risk (≤5 logins),36.0
CUST_01552,E-commerce,Mid-Market,2023-03-19,SUB_01552,Starter,49,2023-03-19,2023-12-05,Churned,0,1,367,1.0,15.0,5.0,1,High Risk (≤5 logins),261.0
CUST_01553,EdTech,Mid-Market,2022-10-04,SUB_01553,Starter,49,2022-10-04,2023-07-11,Churned,4,0,429,0.0,0.0,5.0,1,High Risk (≤5 logins),280.0
CUST_01554,E-commerce,Mid-Market,2023-02-28,SUB_01554,Pro,199,2023-02-28,,Active,16,6,563,4.0,36.5,4.0,0,Healthy (16+ logins),307.0
CUST_01555,FinTech,Mid-Market,2023-04-21,SUB_01555,Starter,49,2023-04-21,2023-08-13,Churned,4,1,118,2.0,18.5,3.0,1,High Risk (≤5 logins),114.0
CUST_01556,Logistics,SMB,2022-01-27,SUB_01556,Enterprise,999,2022-01-27,,Active,21,13,7140,2.0,26.0,3.0,0,Healthy (16+ logins),704.0
CUST_01557,E-commerce,SMB,2023-05-29,SUB_01557,Starter,49,2023-05-29,2024-05-11,Churned,2,0,214,3.0,49.666666666666664,4.333333333333333,1,High Risk (≤5 logins),348.0
CUST_01558,E-commerce,SMB,2023-04-09,SUB_01558,Pro,199,2023-04-09,,Active,15,13,321,7.0,43.285714285714285,3.4285714285714284,0,Medium Risk (6-15 logins),267.0
CUST_01559,FinTech,SMB,2022-12-29,SUB_01559,Starter,49,2022-12-29,,Active,10,8,148,3.0,49.666666666666664,4.333333333333333,0,Medium Risk (6-15 logins),368.0
CUST_01560,Healthcare,SMB,2023-01-18,SUB_01560,Pro,199,2023-01-18,,Active,47,2,407,4.0,55.5,4.25,0,Healthy (16+ logins),348.0
CUST_01561,EdTech,SMB,2023-06-09,SUB_01561,Pro,199,2023-06-09,,Active,40,12,687,1.0,44.0,5.0,0,Healthy (16+ logins),206.0
CUST_01562,Healthcare,SMB,2023-01-17,SUB_01562,Enterprise,999,2023-01-17,,Active,21,4,16899,2.0,24.0,4.5,0,Healthy (16+ logins),349.0
CUST_01563,Logistics,Enterprise,2022-07-03,SUB_01563,Starter,49,2022-07-03,,Active,26,9,780,0.0,0.0,5.0,0,Healthy (16+ logins),547.0
CUST_01564,E-commerce,Mid-Market,2022-07-13,SUB_01564,Enterprise,999,2022-07-13,,Active,5,4,8628,1.0,33.0,5.0,0,High Risk (≤5 logins),537.0
CUST_01565,FinTech,Mid-Market,2023-04-07,SUB_01565,Starter,49,2023-04-07,,Active,48,7,4,0.0,0.0,5.0,0,Healthy (16+ logins),269.0
CUST_01566,FinTech,Mid-Market,2022-02-25,SUB_01566,Starter,49,2022-02-25,,Active,7,5,401,5.0,32.2,3.2,0,Medium Risk (6-15 logins),675.0
CUST_01567,EdTech,SMB,2022-08-18,SUB_01567,Starter,49,2022-08-18,,Active,20,10,627,3.0,35.666666666666664,3.0,0,Healthy (16+ logins),501.0
CUST_01568,Healthcare,Mid-Market,2023-05-04,SUB_01568,Pro,199,2023-05-04,2023-12-12,Churned,2,0,202,5.0,42.6,3.8,1,High Risk (≤5 logins),222.0
CUST_01569,EdTech,SMB,2022-01-28,SUB_01569,Starter,49,2022-01-28,,Active,18,1,36,4.0,59.5,4.25,0,Healthy (16+ logins),703.0
CUST_01570,E-commerce,Mid-Market,2023-08-06,SUB_01570,Pro,199,2023-08-06,,Active,11,4,53,1.0,40.0,2.0,0,Medium Risk (6-15 logins),148.0
CUST_01571,EdTech,SMB,2022-07-03,SUB_01571,Pro,199,2022-07-03,2022-12-02,Churned,1,0,287,2.0,42.5,4.0,1,High Risk (≤5 logins),152.0
CUST_01572,FinTech,Enterprise,2023-03-01,SUB_01572,Starter,49,2023-03-01,,Active,47,6,283,1.0,16.0,3.0,0,Healthy (16+ logins),306.0
CUST_01573,FinTech,SMB,2023-01-10,SUB_01573,Enterprise,999,2023-01-10,,Active,35,6,24823,1.0,45.0,4.0,0,Healthy (16+ logins),356.0
CUST_01574,Logistics,SMB,2022-02-10,SUB_01574,Starter,49,2022-02-10,2022-06-08,Churned,4,1,44,4.0,37.25,4.5,1,High Risk (≤5 logins),118.0
CUST_01575,Logistics,Enterprise,2023-04-29,SUB_01575,Pro,199,2023-04-29,,Active,23,3,283,2.0,25.0,3.0,0,Healthy (16+ logins),247.0
CUST_01576,E-commerce,SMB,2022-09-17,SUB_01576,Starter,49,2022-09-17,2023-01-19,Churned,4,1,832,2.0,37.0,3.0,1,High Risk (≤5 logins),124.0
CUST_01577,Healthcare,Mid-Market,2023-03-17,SUB_01577,Pro,199,2023-03-17,,Active,5,2,581,4.0,32.5,3.75,0,High Risk (≤5 logins),290.0
CUST_01578,EdTech,Mid-Market,2022-03-25,SUB_01578,Starter,49,2022-03-25,2023-02-17,Churned,4,0,970,2.0,28.0,4.5,1,High Risk (≤5 logins),329.0
CUST_01579,E-commerce,Mid-Market,2022-02-15,SUB_01579,Starter,49,2022-02-15,,Active,14,1,41,5.0,46.4,3.4,0,Medium Risk (6-15 logins),685.0
CUST_01580,Logistics,Enterprise,2023-03-16,SUB_01580,Starter,49,2023-03-16,,Active,22,12,416,1.0,55.0,2.0,0,Healthy (16+ logins),291.0
CUST_01581,EdTech,Enterprise,2023-11-02,SUB_01581,Starter,49,2023-11-02,,Active,46,12,271,1.0,16.0,4.0,0,Healthy (16+ logins),60.0
CUST_01582,Logistics,SMB,2023-06-03,SUB_01582,Starter,49,2023-06-03,,Active,5,5,140,0.0,0.0,5.0,0,High Risk (≤5 logins),212.0
CUST_01583,EdTech,Mid-Market,2023-03-14,SUB_01583,Starter,49,2023-03-14,2023-05-27,Churned,4,0,916,3.0,55.0,4.0,1,High Risk (≤5 logins),74.0
CUST_01584,Healthcare,Mid-Market,2022-05-16,SUB_01584,Starter,49,2022-05-16,,Active,17,7,570,1.0,44.0,5.0,0,Healthy (16+ logins),595.0
CUST_01585,E-commerce,Mid-Market,2022-07-02,SUB_01585,Pro,199,2022-07-02,,Active,8,2,751,4.0,37.25,2.75,0,Medium Risk (6-15 logins),548.0
CUST_01586,EdTech,SMB,2022-06-21,SUB_01586,Pro,199,2022-06-21,,Active,16,11,46,1.0,26.0,3.0,0,Healthy (16+ logins),559.0
CUST_01587,FinTech,Mid-Market,2023-08-13,SUB_01587,Pro,199,2023-08-13,,Active,23,13,166,3.0,43.666666666666664,4.666666666666667,0,Healthy (16+ logins),141.0
CUST_01588,FinTech,Enterprise,2023-11-21,SUB_01588,Pro,199,2023-11-21,2024-08-29,Churned,3,0,621,5.0,37.4,4.0,1,High Risk (≤5 logins),282.0
CUST_01589,EdTech,Enterprise,2023-06-23,SUB_01589,Pro,199,2023-06-23,,Active,48,9,125,3.0,41.0,3.3333333333333335,0,Healthy (16+ logins),192.0
CUST_01590,EdTech,SMB,2022-04-30,SUB_01590,Pro,199,2022-04-30,,Active,42,13,471,0.0,0.0,5.0,0,Healthy (16+ logins),611.0
CUST_01591,EdTech,SMB,2022-10-08,SUB_01591,Starter,49,2022-10-08,2022-12-27,Churned,2,1,810,6.0,37.833333333333336,3.5,1,High Risk (≤5 logins),80.0
CUST_01592,FinTech,SMB,2022-11-04,SUB_01592,Pro,199,2022-11-04,2023-02-06,Churned,2,0,922,2.0,25.5,3.0,1,High Risk (≤5 logins),94.0
CUST_01593,FinTech,Mid-Market,2022-10-04,SUB_01593,Starter,49,2022-10-04,,Active,29,1,620,4.0,23.5,3.25,0,Healthy (16+ logins),454.0
CUST_01594,EdTech,Mid-Market,2023-06-14,SUB_01594,Pro,199,2023-06-14,,Active,14,5,676,0.0,0.0,5.0,0,Medium Risk (6-15 logins),201.0
CUST_01595,Logistics,SMB,2022-10-22,SUB_01595,Pro,199,2022-10-22,2023-01-13,Churned,1,1,369,2.0,43.5,4.5,1,High Risk (≤5 logins),83.0
CUST_01596,Logistics,SMB,2022-02-22,SUB_01596,Starter,49,2022-02-22,2022-10-31,Churned,3,1,770,4.0,41.25,2.75,1,High Risk (≤5 logins),251.0
CUST_01597,Healthcare,SMB,2023-03-08,SUB_01597,Pro,199,2023-03-08,2023-06-17,Churned,4,0,587,3.0,48.666666666666664,3.3333333333333335,1,High Risk (≤5 logins),101.0
CUST_01598,E-commerce,SMB,2022-02-21,SUB_01598,Starter,49,2022-02-21,2022-09-06,Churned,1,0,6,2.0,53.5,3.5,1,High Risk (≤5 logins),197.0
CUST_01599,Logistics,Enterprise,2022-03-13,SUB_01599,Starter,49,2022-03-13,,Active,29,3,697,2.0,41.0,4.0,0,Healthy (16+ logins),659.0
CUST_01600,FinTech,Mid-Market,2022-01-28,SUB_01600,Starter,49,2022-01-28,2022-08-31,Churned,1,0,275,3.0,49.666666666666664,4.0,1,High Risk (≤5 logins),215.0
CUST_01601,Logistics,SMB,2023-04-14,SUB_01601,Pro,199,2023-04-14,2023-10-03,Churned,3,0,590,4.0,37.75,4.5,1,High Risk (≤5 logins),172.0
CUST_01602,Healthcare,SMB,2023-07-01,SUB_01602,Pro,199,2023-07-01,,Active,40,11,64,3.0,27.666666666666668,4.0,0,Healthy (16+ logins),184.0
CUST_01603,Healthcare,SMB,2023-02-05,SUB_01603,Pro,199,2023-02-05,,Active,43,3,626,2.0,55.0,4.5,0,Healthy (16+ logins),330.0
CUST_01604,E-commerce,Enterprise,2022-07-20,SUB_01604,Starter,49,2022-07-20,,Active,28,4,201,1.0,36.0,1.0,0,Healthy (16+ logins),530.0
CUST_01605,Logistics,SMB,2023-09-03,SUB_01605,Pro,199,2023-09-03,,Active,27,13,141,1.0,22.0,3.0,0,Healthy (16+ logins),120.0
CUST_01606,FinTech,SMB,2023-04-11,SUB_01606,Pro,199,2023-04-11,2023-05-29,Churned,4,1,974,1.0,59.0,2.0,1,High Risk (≤5 logins),48.0
CUST_01607,FinTech,SMB,2023-10-14,SUB_01607,Starter,49,2023-10-14,2023-11-22,Churned,2,1,97,1.0,60.0,3.0,1,High Risk (≤5 logins),39.0
CUST_01608,EdTech,Mid-Market,2023-08-18,SUB_01608,Pro,199,2023-08-18,,Active,21,1,816,1.0,64.0,5.0,0,Healthy (16+ logins),136.0
CUST_01609,FinTech,Mid-Market,2023-07-14,SUB_01609,Starter,49,2023-07-14,2024-05-10,Churned,1,1,216,4.0,31.75,2.75,1,High Risk (≤5 logins),301.0
CUST_01610,E-commerce,Mid-Market,2023-01-14,SUB_01610,Starter,49,2023-01-14,,Active,7,8,990,1.0,15.0,5.0,0,Medium Risk (6-15 logins),352.0
CUST_01611,E-commerce,SMB,2022-06-26,SUB_01611,Starter,49,2022-06-26,2023-01-12,Churned,4,0,585,2.0,17.5,3.0,1,High Risk (≤5 logins),200.0
CUST_01612,FinTech,SMB,2022-02-21,SUB_01612,Pro,199,2022-02-21,,Active,33,12,292,7.0,27.0,2.7142857142857144,0,Healthy (16+ logins),679.0
CUST_01613,FinTech,SMB,2022-03-20,SUB_01613,Starter,49,2022-03-20,,Active,38,2,507,4.0,42.75,3.5,0,Healthy (16+ logins),652.0
CUST_01614,EdTech,Mid-Market,2023-01-20,SUB_01614,Starter,49,2023-01-20,,Active,18,10,133,1.0,54.0,5.0,0,Healthy (16+ logins),346.0
CUST_01615,FinTech,SMB,2023-07-30,SUB_01615,Starter,49,2023-07-30,2023-09-13,Churned,2,0,261,4.0,40.5,2.75,1,High Risk (≤5 logins),45.0
CUST_01616,EdTech,SMB,2022-01-08,SUB_01616,Starter,49,2022-01-08,,Active,22,8,283,3.0,58.666666666666664,3.6666666666666665,0,Healthy (16+ logins),723.0
CUST_01617,EdTech,Mid-Market,2022-08-02,SUB_01617,Starter,49,2022-08-02,2022-11-19,Churned,3,1,101,4.0,37.5,3.5,1,High Risk (≤5 logins),109.0
CUST_01618,FinTech,Mid-Market,2022-01-25,SUB_01618,Starter,49,2022-01-25,,Active,6,8,376,4.0,37.0,2.5,0,Medium Risk (6-15 logins),706.0
CUST_01619,Healthcare,SMB,2023-03-26,SUB_01619,Pro,199,2023-03-26,,Active,15,10,205,6.0,41.166666666666664,3.3333333333333335,0,Medium Risk (6-15 logins),281.0
CUST_01620,Healthcare,SMB,2023-04-02,SUB_01620,Starter,49,2023-04-02,,Active,35,5,652,2.0,32.0,4.5,0,Healthy (16+ logins),274.0
CUST_01621,EdTech,SMB,2023-04-06,SUB_01621,Pro,199,2023-04-06,,Active,17,3,12,2.0,54.5,3.5,0,Healthy (16+ logins),270.0
CUST_01622,FinTech,Mid-Market,2022-07-17,SUB_01622,Pro,199,2022-07-17,2023-05-26,Churned,1,1,760,4.0,30.25,4.0,1,High Risk (≤5 logins),313.0
CUST_01623,Healthcare,Mid-Market,2022-04-04,SUB_01623,Starter,49,2022-04-04,,Active,30,10,122,3.0,38.0,3.6666666666666665,0,Healthy (16+ logins),637.0
CUST_01624,FinTech,SMB,2023-03-13,SUB_01624,Starter,49,2023-03-13,2023-10-18,Churned,0,0,9,3.0,48.0,2.6666666666666665,1,High Risk (≤5 logins),219.0
CUST_01625,FinTech,SMB,2023-06-11,SUB_01625,Pro,199,2023-06-11,2023-12-05,Churned,0,1,591,2.0,32.5,4.0,1,High Risk (≤5 logins),177.0
CUST_01626,FinTech,Mid-Market,2023-11-21,SUB_01626,Starter,49,2023-11-21,2024-05-31,Churned,1,0,166,2.0,39.5,3.5,1,High Risk (≤5 logins),192.0
CUST_01627,Logistics,Mid-Market,2023-01-13,SUB_01627,Starter,49,2023-01-13,,Active,26,5,610,3.0,34.333333333333336,3.0,0,Healthy (16+ logins),353.0
CUST_01628,FinTech,SMB,2023-08-10,SUB_01628,Starter,49,2023-08-10,2024-05-30,Churned,4,0,718,4.0,39.75,4.75,1,High Risk (≤5 logins),294.0
CUST_01629,Logistics,SMB,2022-04-14,SUB_01629,Pro,199,2022-04-14,,Active,23,3,150,0.0,0.0,5.0,0,Healthy (16+ logins),627.0
CUST_01630,EdTech,SMB,2023-11-11,SUB_01630,Pro,199,2023-11-11,,Active,49,13,36,5.0,28.0,3.0,0,Healthy (16+ logins),51.0
CUST_01631,Healthcare,SMB,2023-09-19,SUB_01631,Enterprise,999,2023-09-19,,Active,28,12,1622,2.0,47.5,4.0,0,Healthy (16+ logins),104.0
CUST_01632,Healthcare,Enterprise,2022-02-08,SUB_01632,Pro,199,2022-02-08,2022-07-25,Churned,4,0,775,1.0,35.0,5.0,1,High Risk (≤5 logins),167.0
CUST_01633,Healthcare,Mid-Market,2023-04-03,SUB_01633,Starter,49,2023-04-03,,Active,39,11,473,1.0,69.0,1.0,0,Healthy (16+ logins),273.0
CUST_01634,Healthcare,Mid-Market,2022-12-30,SUB_01634,Starter,49,2022-12-30,,Active,12,1,443,3.0,41.666666666666664,4.0,0,Medium Risk (6-15 logins),367.0
CUST_01635,Healthcare,SMB,2022-05-15,SUB_01635,Starter,49,2022-05-15,,Active,9,4,341,2.0,27.5,4.0,0,Medium Risk (6-15 logins),596.0
CUST_01636,Healthcare,Mid-Market,2023-01-09,SUB_01636,Starter,49,2023-01-09,,Active,26,9,4,1.0,43.0,5.0,0,Healthy (16+ logins),357.0
CUST_01637,Healthcare,SMB,2022-08-20,SUB_01637,Starter,49,2022-08-20,,Active,32,6,889,2.0,39.0,4.5,0,Healthy (16+ logins),499.0
CUST_01638,EdTech,SMB,2022-02-08,SUB_01638,Starter,49,2022-02-08,2023-01-04,Churned,4,0,225,2.0,41.0,4.5,1,High Risk (≤5 logins),330.0
CUST_01639,FinTech,SMB,2022-02-16,SUB_01639,Starter,49,2022-02-16,,Active,37,14,538,3.0,56.333333333333336,4.0,0,Healthy (16+ logins),684.0
CUST_01640,E-commerce,SMB,2022-02-05,SUB_01640,Starter,49,2022-02-05,2022-04-05,Churned,0,0,123,1.0,26.0,4.0,1,High Risk (≤5 logins),59.0
CUST_01641,Logistics,Mid-Market,2022-04-05,SUB_01641,Starter,49,2022-04-05,,Active,30,11,402,3.0,31.0,2.6666666666666665,0,Healthy (16+ logins),636.0
CUST_01642,E-commerce,SMB,2022-12-27,SUB_01642,Enterprise,999,2022-12-27,2023-11-25,Churned,3,0,5158,1.0,67.0,3.0,1,High Risk (≤5 logins),333.0
CUST_01643,E-commerce,SMB,2023-06-09,SUB_01643,Pro,199,2023-06-09,,Active,27,13,810,2.0,67.5,4.5,0,Healthy (16+ logins),206.0
CUST_01644,FinTech,SMB,2022-05-26,SUB_01644,Enterprise,999,2022-05-26,,Active,30,7,42162,4.0,61.5,2.75,0,Healthy (16+ logins),585.0
CUST_01645,FinTech,SMB,2023-01-03,SUB_01645,Starter,49,2023-01-03,,Active,45,11,236,3.0,36.333333333333336,3.6666666666666665,0,Healthy (16+ logins),363.0
CUST_01646,FinTech,SMB,2022-03-06,SUB_01646,Starter,49,2022-03-06,,Active,17,7,467,2.0,49.0,3.0,0,Healthy (16+ logins),666.0
CUST_01647,Healthcare,SMB,2022-08-16,SUB_01647,Starter,49,2022-08-16,2023-03-01,Churned,2,0,498,4.0,49.75,4.0,1,High Risk (≤5 logins),197.0
CUST_01648,EdTech,Mid-Market,2023-06-04,SUB_01648,Starter,49,2023-06-04,,Active,35,9,511,4.0,30.25,3.25,0,Healthy (16+ logins),211.0
CUST_01649,Healthcare,SMB,2023-07-09,SUB_01649,Starter,49,2023-07-09,2023-11-06,Churned,2,1,822,2.0,29.0,5.0,1,High Risk (≤5 logins),120.0
CUST_01650,EdTech,SMB,2022-06-30,SUB_01650,Enterprise,999,2022-06-30,2022-10-28,Churned,2,1,19834,3.0,42.666666666666664,3.0,1,High Risk (≤5 logins),120.0
CUST_01651,EdTech,SMB,2023-05-16,SUB_01651,Enterprise,999,2023-05-16,,Active,40,8,47220,3.0,61.333333333333336,4.333333333333333,0,Healthy (16+ logins),230.0
CUST_01652,E-commerce,Mid-Market,2023-08-20,SUB_01652,Starter,49,2023-08-20,,Active,46,2,101,3.0,46.666666666666664,3.0,0,Healthy (16+ logins),134.0
CUST_01653,E-commerce,SMB,2022-06-04,SUB_01653,Starter,49,2022-06-04,,Active,27,7,588,3.0,37.0,3.0,0,Healthy (16+ logins),576.0
CUST_01654,EdTech,SMB,2023-06-19,SUB_01654,Starter,49,2023-06-19,,Active,42,12,311,1.0,42.0,1.0,0,Healthy (16+ logins),196.0
CUST_01655,EdTech,SMB,2023-09-19,SUB_01655,Starter,49,2023-09-19,2024-05-16,Churned,1,1,81,6.0,34.166666666666664,3.6666666666666665,1,High Risk (≤5 logins),240.0
CUST_01656,Healthcare,SMB,2023-03-11,SUB_01656,Starter,49,2023-03-11,2024-03-04,Churned,3,1,657,4.0,35.75,3.25,1,High Risk (≤5 logins),359.0
CUST_01657,Healthcare,SMB,2022-04-09,SUB_01657,Starter,49,2022-04-09,,Active,36,8,192,3.0,37.333333333333336,3.6666666666666665,0,Healthy (16+ logins),632.0
CUST_01658,E-commerce,Mid-Market,2023-09-08,SUB_01658,Starter,49,2023-09-08,,Active,19,13,223,1.0,64.0,5.0,0,Healthy (16+ logins),115.0
CUST_01659,FinTech,Mid-Market,2023-01-07,SUB_01659,Starter,49,2023-01-07,,Active,42,3,52,5.0,38.2,4.0,0,Healthy (16+ logins),359.0
CUST_01660,EdTech,SMB,2023-07-17,SUB_01660,Starter,49,2023-07-17,,Active,15,11,344,5.0,29.2,3.0,0,Medium Risk (6-15 logins),168.0
CUST_01661,Healthcare,Mid-Market,2022-12-28,SUB_01661,Starter,49,2022-12-28,2023-11-22,Churned,2,1,84,5.0,39.0,4.4,1,High Risk (≤5 logins),329.0
CUST_01662,E-commerce,Mid-Market,2022-04-22,SUB_01662,Starter,49,2022-04-22,2022-11-11,Churned,0,1,986,2.0,41.5,2.5,1,High Risk (≤5 logins),203.0
CUST_01663,Healthcare,SMB,2023-03-29,SUB_01663,Enterprise,999,2023-03-29,2023-09-08,Churned,3,1,28855,5.0,38.6,4.2,1,High Risk (≤5 logins),163.0
CUST_01664,EdTech,SMB,2022-06-18,SUB_01664,Starter,49,2022-06-18,2022-08-10,Churned,0,0,879,1.0,3.0,5.0,1,High Risk (≤5 logins),53.0
CUST_01665,EdTech,SMB,2023-08-07,SUB_01665,Pro,199,2023-08-07,,Active,15,14,640,5.0,42.2,3.4,0,Medium Risk (6-15 logins),147.0
CUST_01666,Logistics,SMB,2022-05-19,SUB_01666,Pro,199,2022-05-19,,Active,9,7,210,1.0,23.0,5.0,0,Medium Risk (6-15 logins),592.0
CUST_01667,FinTech,Mid-Market,2022-08-19,SUB_01667,Enterprise,999,2022-08-19,,Active,30,9,46227,3.0,26.0,3.6666666666666665,0,Healthy (16+ logins),500.0
CUST_01668,Logistics,Mid-Market,2022-08-27,SUB_01668,Pro,199,2022-08-27,2023-04-14,Churned,0,1,775,4.0,47.25,3.75,1,High Risk (≤5 logins),230.0
CUST_01669,E-commerce,Enterprise,2022-09-10,SUB_01669,Pro,199,2022-09-10,,Active,39,4,914,0.0,0.0,5.0,0,Healthy (16+ logins),478.0
CUST_01670,Healthcare,Mid-Market,2023-03-12,SUB_01670,Pro,199,2023-03-12,,Active,9,12,182,2.0,45.5,3.0,0,Medium Risk (6-15 logins),295.0
CUST_01671,E-commerce,SMB,2023-07-15,SUB_01671,Starter,49,2023-07-15,,Active,13,8,271,3.0,36.666666666666664,2.3333333333333335,0,Medium Risk (6-15 logins),170.0
CUST_01672,EdTech,SMB,2023-02-26,SUB_01672,Starter,49,2023-02-26,,Active,32,5,505,3.0,55.0,3.6666666666666665,0,Healthy (16+ logins),309.0
CUST_01673,Logistics,Mid-Market,2022-10-30,SUB_01673,Enterprise,999,2022-10-30,2023-07-05,Churned,0,0,19920,2.0,32.5,3.5,1,High Risk (≤5 logins),248.0
CUST_01674,Logistics,SMB,2022-03-13,SUB_01674,Pro,199,2022-03-13,,Active,9,5,833,1.0,27.0,5.0,0,Medium Risk (6-15 logins),659.0
CUST_01675,Logistics,Mid-Market,2022-09-20,SUB_01675,Enterprise,999,2022-09-20,,Active,27,3,2232,3.0,40.666666666666664,4.666666666666667,0,Healthy (16+ logins),468.0
CUST_01676,E-commerce,Mid-Market,2022-08-10,SUB_01676,Pro,199,2022-08-10,,Active,48,5,92,1.0,64.0,5.0,0,Healthy (16+ logins),509.0
CUST_01677,EdTech,Mid-Market,2022-03-18,SUB_01677,Pro,199,2022-03-18,,Active,48,13,329,1.0,64.0,3.0,0,Healthy (16+ logins),654.0
CUST_01678,Healthcare,Mid-Market,2022-03-03,SUB_01678,Pro,199,2022-03-03,,Active,20,7,189,3.0,46.666666666666664,2.6666666666666665,0,Healthy (16+ logins),669.0
CUST_01679,Healthcare,SMB,2023-04-16,SUB_01679,Pro,199,2023-04-16,,Active,11,4,597,3.0,19.666666666666668,3.3333333333333335,0,Medium Risk (6-15 logins),260.0
CUST_01680,E-commerce,Mid-Market,2022-06-06,SUB_01680,Pro,199,2022-06-06,,Active,18,8,865,3.0,28.666666666666668,4.333333333333333,0,Healthy (16+ logins),574.0
CUST_01681,Logistics,Mid-Market,2022-05-05,SUB_01681,Enterprise,999,2022-05-05,,Active,26,14,10953,2.0,60.5,4.0,0,Healthy (16+ logins),606.0
CUST_01682,FinTech,SMB,2022-06-10,SUB_01682,Pro,199,2022-06-10,,Active,13,11,788,1.0,66.0,2.0,0,Medium Risk (6-15 logins),570.0
CUST_01683,E-commerce,Mid-Market,2023-06-25,SUB_01683,Pro,199,2023-06-25,,Active,27,6,292,2.0,32.0,4.5,0,Healthy (16+ logins),190.0
CUST_01684,E-commerce,SMB,2023-09-18,SUB_01684,Pro,199,2023-09-18,,Active,47,6,260,2.0,44.0,3.5,0,Healthy (16+ logins),105.0
CUST_01685,EdTech,Enterprise,2023-08-14,SUB_01685,Starter,49,2023-08-14,,Active,8,6,709,4.0,47.25,4.25,0,Medium Risk (6-15 logins),140.0
CUST_01686,Healthcare,SMB,2023-06-19,SUB_01686,Starter,49,2023-06-19,2023-07-25,Churned,2,1,927,1.0,43.0,5.0,1,High Risk (≤5 logins),36.0
CUST_01687,E-commerce,SMB,2022-04-16,SUB_01687,Enterprise,999,2022-04-16,,Active,30,14,7362,2.0,55.0,2.5,0,Healthy (16+ logins),625.0
CUST_01688,E-commerce,SMB,2022-05-11,SUB_01688,Pro,199,2022-05-11,,Active,45,3,9,0.0,0.0,5.0,0,Healthy (16+ logins),600.0
CUST_01689,Logistics,Mid-Market,2022-12-23,SUB_01689,Starter,49,2022-12-23,2023-01-27,Churned,3,0,964,0.0,0.0,5.0,1,High Risk (≤5 logins),35.0
CUST_01690,Logistics,SMB,2023-11-16,SUB_01690,Starter,49,2023-11-16,,Active,35,6,87,3.0,23.0,3.0,0,Healthy (16+ logins),46.0
CUST_01691,FinTech,SMB,2022-01-02,SUB_01691,Pro,199,2022-01-02,2022-05-29,Churned,2,1,339,1.0,28.0,4.0,1,High Risk (≤5 logins),147.0
CUST_01692,EdTech,SMB,2022-08-21,SUB_01692,Pro,199,2022-08-21,2023-02-27,Churned,4,0,317,3.0,25.333333333333332,4.333333333333333,1,High Risk (≤5 logins),190.0
CUST_01693,FinTech,Enterprise,2023-01-04,SUB_01693,Pro,199,2023-01-04,,Active,31,14,548,1.0,30.0,4.0,0,Healthy (16+ logins),362.0
CUST_01694,Logistics,SMB,2022-09-08,SUB_01694,Pro,199,2022-09-08,,Active,10,10,222,0.0,0.0,5.0,0,Medium Risk (6-15 logins),480.0
CUST_01695,Healthcare,SMB,2022-04-18,SUB_01695,Starter,49,2022-04-18,,Active,10,9,686,1.0,39.0,3.0,0,Medium Risk (6-15 logins),623.0
CUST_01696,Logistics,Mid-Market,2022-10-03,SUB_01696,Starter,49,2022-10-03,,Active,8,4,208,6.0,40.166666666666664,2.8333333333333335,0,Medium Risk (6-15 logins),455.0
CUST_01697,EdTech,SMB,2022-06-29,SUB_01697,Starter,49,2022-06-29,2022-10-21,Churned,1,0,48,2.0,42.0,5.0,1,High Risk (≤5 logins),114.0
CUST_01698,Logistics,Enterprise,2022-10-20,SUB_01698,Pro,199,2022-10-20,,Active,7,10,535,2.0,24.5,3.0,0,Medium Risk (6-15 logins),438.0
CUST_01699,EdTech,SMB,2023-08-07,SUB_01699,Starter,49,2023-08-07,,Active,28,13,849,3.0,18.333333333333332,2.0,0,Healthy (16+ logins),147.0
CUST_01700,EdTech,Mid-Market,2022-06-24,SUB_01700,Pro,199,2022-06-24,,Active,22,12,921,5.0,22.2,1.8,0,Healthy (16+ logins),556.0
CUST_01701,EdTech,SMB,2022-05-03,SUB_01701,Pro,199,2022-05-03,2023-02-04,Churned,1,0,617,3.0,55.333333333333336,4.0,1,High Risk (≤5 logins),277.0
CUST_01702,EdTech,SMB,2022-08-15,SUB_01702,Pro,199,2022-08-15,,Active,25,12,822,1.0,66.0,4.0,0,Healthy (16+ logins),504.0
CUST_01703,EdTech,Mid-Market,2023-03-20,SUB_01703,Enterprise,999,2023-03-20,,Active,33,12,28026,1.0,44.0,5.0,0,Healthy (16+ logins),287.0
CUST_01704,Healthcare,SMB,2023-03-04,SUB_01704,Starter,49,2023-03-04,2023-09-15,Churned,4,0,205,5.0,49.4,3.6,1,High Risk (≤5 logins),195.0
CUST_01705,FinTech,Mid-Market,2022-03-24,SUB_01705,Pro,199,2022-03-24,,Active,29,3,680,1.0,69.0,2.0,0,Healthy (16+ logins),648.0
CUST_01706,E-commerce,SMB,2023-10-20,SUB_01706,Starter,49,2023-10-20,,Active,16,10,496,1.0,25.0,5.0,0,Healthy (16+ logins),73.0
CUST_01707,FinTech,SMB,2023-09-24,SUB_01707,Starter,49,2023-09-24,2024-03-16,Churned,3,0,897,3.0,29.333333333333332,4.666666666666667,1,High Risk (≤5 logins),174.0
CUST_01708,EdTech,SMB,2022-03-06,SUB_01708,Starter,49,2022-03-06,,Active,11,7,669,1.0,23.0,5.0,0,Medium Risk (6-15 logins),666.0
CUST_01709,Healthcare,Enterprise,2022-10-08,SUB_01709,Starter,49,2022-10-08,,Active,18,2,752,4.0,49.75,4.25,0,Healthy (16+ logins),450.0
CUST_01710,Logistics,SMB,2023-01-26,SUB_01710,Pro,199,2023-01-26,2023-03-27,Churned,1,0,464,2.0,37.0,3.5,1,High Risk (≤5 logins),60.0
CUST_01711,Healthcare,SMB,2023-03-04,SUB_01711,Pro,199,2023-03-04,2023-11-08,Churned,3,0,634,4.0,21.25,2.75,1,High Risk (≤5 logins),249.0
CUST_01712,EdTech,SMB,2023-09-10,SUB_01712,Starter,49,2023-09-10,,Active,14,14,19,4.0,37.0,3.75,0,Medium Risk (6-15 logins),113.0
CUST_01713,Healthcare,SMB,2022-04-17,SUB_01713,Starter,49,2022-04-17,,Active,15,4,567,0.0,0.0,5.0,0,Medium Risk (6-15 logins),624.0
CUST_01714,Healthcare,SMB,2023-07-02,SUB_01714,Pro,199,2023-07-02,,Active,43,2,969,2.0,26.0,2.5,0,Healthy (16+ logins),183.0
CUST_01715,EdTech,Enterprise,2023-10-21,SUB_01715,Pro,199,2023-10-21,,Active,23,14,791,0.0,0.0,5.0,0,Healthy (16+ logins),72.0
CUST_01716,Healthcare,SMB,2022-09-19,SUB_01716,Starter,49,2022-09-19,,Active,23,9,107,1.0,52.0,3.0,0,Healthy (16+ logins),469.0
CUST_01717,E-commerce,Mid-Market,2022-06-08,SUB_01717,Pro,199,2022-06-08,,Active,47,10,139,2.0,60.0,4.0,0,Healthy (16+ logins),572.0
CUST_01718,E-commerce,SMB,2022-09-22,SUB_01718,Pro,199,2022-09-22,,Active,10,11,90,3.0,29.666666666666668,4.333333333333333,0,Medium Risk (6-15 logins),466.0
CUST_01719,Healthcare,Mid-Market,2023-04-13,SUB_01719,Pro,199,2023-04-13,,Active,12,6,270,2.0,42.5,4.0,0,Medium Risk (6-15 logins),263.0
CUST_01720,Logistics,Enterprise,2022-07-21,SUB_01720,Starter,49,2022-07-21,,Active,5,1,328,1.0,31.0,5.0,0,High Risk (≤5 logins),529.0
CUST_01721,EdTech,SMB,2022-06-04,SUB_01721,Pro,199,2022-06-04,,Active,27,1,209,2.0,24.5,4.0,0,Healthy (16+ logins),576.0
CUST_01722,E-commerce,Enterprise,2022-01-13,SUB_01722,Pro,199,2022-01-13,,Active,44,8,687,3.0,29.0,3.0,0,Healthy (16+ logins),718.0
CUST_01723,Logistics,SMB,2022-10-24,SUB_01723,Pro,199,2022-10-24,,Active,41,11,572,0.0,0.0,5.0,0,Healthy (16+ logins),434.0
CUST_01724,Healthcare,Enterprise,2023-05-13,SUB_01724,Pro,199,2023-05-13,2023-10-22,Churned,3,0,454,0.0,0.0,5.0,1,High Risk (≤5 logins),162.0
CUST_01725,Logistics,Mid-Market,2023-08-20,SUB_01725,Enterprise,999,2023-08-20,,Active,6,13,21679,6.0,23.666666666666668,3.5,0,Medium Risk (6-15 logins),134.0
CUST_01726,FinTech,SMB,2022-09-02,SUB_01726,Starter,49,2022-09-02,2022-12-04,Churned,1,0,365,4.0,40.75,3.75,1,High Risk (≤5 logins),93.0
CUST_01727,E-commerce,SMB,2022-10-27,SUB_01727,Enterprise,999,2022-10-27,2023-02-09,Churned,2,0,21505,4.0,41.75,3.75,1,High Risk (≤5 logins),105.0
CUST_01728,Healthcare,SMB,2022-12-28,SUB_01728,Pro,199,2022-12-28,,Active,19,7,2,3.0,42.666666666666664,4.0,0,Healthy (16+ logins),369.0
CUST_01729,EdTech,SMB,2022-12-20,SUB_01729,Pro,199,2022-12-20,2023-05-29,Churned,1,1,783,0.0,0.0,5.0,1,High Risk (≤5 logins),160.0
CUST_01730,Healthcare,SMB,2023-06-05,SUB_01730,Starter,49,2023-06-05,,Active,46,2,163,3.0,49.666666666666664,4.0,0,Healthy (16+ logins),210.0
CUST_01731,EdTech,SMB,2023-01-21,SUB_01731,Starter,49,2023-01-21,,Active,25,3,387,3.0,34.333333333333336,3.3333333333333335,0,Healthy (16+ logins),345.0
CUST_01732,Healthcare,SMB,2022-11-08,SUB_01732,Pro,199,2022-11-08,,Active,34,8,994,2.0,49.5,3.0,0,Healthy (16+ logins),419.0
CUST_01733,Logistics,Mid-Market,2023-02-18,SUB_01733,Pro,199,2023-02-18,,Active,28,4,8,0.0,0.0,5.0,0,Healthy (16+ logins),317.0
CUST_01734,Logistics,SMB,2022-10-05,SUB_01734,Starter,49,2022-10-05,,Active,6,13,365,0.0,0.0,5.0,0,Medium Risk (6-15 logins),453.0
CUST_01735,Logistics,SMB,2023-08-16,SUB_01735,Pro,199,2023-08-16,,Active,42,8,11,5.0,42.2,3.0,0,Healthy (16+ logins),138.0
CUST_01736,FinTech,Mid-Market,2022-12-22,SUB_01736,Starter,49,2022-12-22,,Active,26,3,73,2.0,68.5,4.0,0,Healthy (16+ logins),375.0
CUST_01737,EdTech,SMB,2023-06-09,SUB_01737,Enterprise,999,2023-06-09,2024-05-15,Churned,0,1,27131,2.0,48.0,4.0,1,High Risk (≤5 logins),341.0
CUST_01738,Logistics,SMB,2022-01-16,SUB_01738,Pro,199,2022-01-16,,Active,18,7,811,4.0,44.5,4.5,0,Healthy (16+ logins),715.0
CUST_01739,FinTech,SMB,2022-02-14,SUB_01739,Starter,49,2022-02-14,,Active,9,1,107,2.0,47.5,3.0,0,Medium Risk (6-15 logins),686.0
CUST_01740,EdTech,Enterprise,2022-11-17,SUB_01740,Pro,199,2022-11-17,,Active,28,11,961,4.0,33.25,3.25,0,Healthy (16+ logins),410.0
CUST_01741,Healthcare,Mid-Market,2023-10-13,SUB_01741,Enterprise,999,2023-10-13,,Active,30,3,23395,1.0,51.0,2.0,0,Healthy (16+ logins),80.0
CUST_01742,FinTech,SMB,2022-11-22,SUB_01742,Starter,49,2022-11-22,2023-11-05,Churned,3,1,524,3.0,44.333333333333336,3.0,1,High Risk (≤5 logins),348.0
CUST_01743,E-commerce,Mid-Market,2022-05-28,SUB_01743,Pro,199,2022-05-28,,Active,49,5,233,2.0,26.5,4.0,0,Healthy (16+ logins),583.0
CUST_01744,FinTech,SMB,2022-12-21,SUB_01744,Starter,49,2022-12-21,,Active,38,2,438,3.0,40.0,4.666666666666667,0,Healthy (16+ logins),376.0
CUST_01745,FinTech,Mid-Market,2022-08-24,SUB_01745,Pro,199,2022-08-24,,Active,27,10,756,2.0,44.0,4.5,0,Healthy (16+ logins),495.0
CUST_01746,EdTech,Mid-Market,2023-09-05,SUB_01746,Starter,49,2023-09-05,2023-11-11,Churned,4,1,480,0.0,0.0,5.0,1,High Risk (≤5 logins),67.0
CUST_01747,Healthcare,Mid-Market,2022-04-15,SUB_01747,Starter,49,2022-04-15,,Active,39,13,832,5.0,35.0,3.0,0,Healthy (16+ logins),626.0
CUST_01748,E-commerce,SMB,2023-04-19,SUB_01748,Starter,49,2023-04-19,,Active,19,3,91,3.0,44.666666666666664,4.0,0,Healthy (16+ logins),257.0
CUST_01749,Logistics,SMB,2023-01-31,SUB_01749,Starter,49,2023-01-31,,Active,7,9,871,2.0,26.0,4.5,0,Medium Risk (6-15 logins),335.0
CUST_01750,Logistics,SMB,2023-03-22,SUB_01750,Pro,199,2023-03-22,,Active,16,10,197,4.0,22.5,4.25,0,Healthy (16+ logins),285.0
CUST_01751,FinTech,Mid-Market,2023-08-29,SUB_01751,Starter,49,2023-08-29,,Active,42,9,115,6.0,45.666666666666664,4.333333333333333,0,Healthy (16+ logins),125.0
CUST_01752,EdTech,SMB,2022-08-08,SUB_01752,Starter,49,2022-08-08,,Active,21,8,642,1.0,42.0,1.0,0,Healthy (16+ logins),511.0
CUST_01753,EdTech,Mid-Market,2023-03-18,SUB_01753,Pro,199,2023-03-18,2023-06-09,Churned,0,1,364,0.0,0.0,5.0,1,High Risk (≤5 logins),83.0
CUST_01754,Logistics,Enterprise,2023-10-07,SUB_01754,Starter,49,2023-10-07,,Active,31,5,152,1.0,35.0,5.0,0,Healthy (16+ logins),86.0
CUST_01755,E-commerce,SMB,2023-10-29,SUB_01755,Pro,199,2023-10-29,,Active,23,10,632,7.0,37.57142857142857,3.4285714285714284,0,Healthy (16+ logins),64.0
CUST_01756,Healthcare,Mid-Market,2022-01-28,SUB_01756,Enterprise,999,2022-01-28,,Active,25,11,41913,5.0,31.8,3.8,0,Healthy (16+ logins),703.0
CUST_01757,E-commerce,Mid-Market,2023-04-20,SUB_01757,Pro,199,2023-04-20,,Active,44,7,947,1.0,31.0,5.0,0,Healthy (16+ logins),256.0
CUST_01758,Healthcare,Enterprise,2023-09-20,SUB_01758,Starter,49,2023-09-20,,Active,28,2,527,2.0,67.5,3.0,0,Healthy (16+ logins),103.0
CUST_01759,Logistics,Enterprise,2022-11-01,SUB_01759,Starter,49,2022-11-01,,Active,28,3,810,1.0,30.0,3.0,0,Healthy (16+ logins),426.0
CUST_01760,Healthcare,Mid-Market,2023-02-09,SUB_01760,Enterprise,999,2023-02-09,,Active,23,12,19962,4.0,49.25,3.25,0,Healthy (16+ logins),326.0
CUST_01761,EdTech,SMB,2023-05-28,SUB_01761,Starter,49,2023-05-28,,Active,35,11,451,2.0,55.5,3.0,0,Healthy (16+ logins),218.0
CUST_01762,FinTech,Mid-Market,2023-05-17,SUB_01762,Starter,49,2023-05-17,,Active,44,2,391,1.0,36.0,4.0,0,Healthy (16+ logins),229.0
CUST_01763,FinTech,SMB,2022-12-14,SUB_01763,Starter,49,2022-12-14,,Active,24,10,614,3.0,22.666666666666668,3.3333333333333335,0,Healthy (16+ logins),383.0
CUST_01764,Logistics,Mid-Market,2022-08-28,SUB_01764,Starter,49,2022-08-28,,Active,19,11,207,1.0,54.0,5.0,0,Healthy (16+ logins),491.0
CUST_01765,EdTech,Enterprise,2023-07-24,SUB_01765,Pro,199,2023-07-24,,Active,44,1,509,1.0,13.0,1.0,0,Healthy (16+ logins),161.0
CUST_01766,E-commerce,SMB,2023-11-26,SUB_01766,Pro,199,2023-11-26,,Active,39,3,939,3.0,44.666666666666664,4.0,0,Healthy (16+ logins),36.0
CUST_01767,EdTech,Mid-Market,2022-12-03,SUB_01767,Enterprise,999,2022-12-03,,Active,39,4,30428,1.0,66.0,4.0,0,Healthy (16+ logins),394.0
CUST_01768,FinTech,SMB,2022-01-26,SUB_01768,Pro,199,2022-01-26,2022-07-04,Churned,4,1,662,2.0,32.0,3.5,1,High Risk (≤5 logins),159.0
CUST_01769,FinTech,SMB,2023-02-13,SUB_01769,Starter,49,2023-02-13,2023-10-18,Churned,3,1,773,0.0,0.0,5.0,1,High Risk (≤5 logins),247.0
CUST_01770,EdTech,SMB,2022-03-18,SUB_01770,Starter,49,2022-03-18,,Active,45,12,554,1.0,20.0,4.0,0,Healthy (16+ logins),654.0
CUST_01771,EdTech,Mid-Market,2022-08-05,SUB_01771,Enterprise,999,2022-08-05,2022-09-05,Churned,1,1,36047,0.0,0.0,5.0,1,High Risk (≤5 logins),31.0
CUST_01772,FinTech,Enterprise,2022-11-24,SUB_01772,Starter,49,2022-11-24,,Active,22,9,975,2.0,31.0,4.5,0,Healthy (16+ logins),403.0
CUST_01773,E-commerce,Enterprise,2022-01-23,SUB_01773,Starter,49,2022-01-23,,Active,21,1,629,6.0,43.5,3.8333333333333335,0,Healthy (16+ logins),708.0
CUST_01774,Logistics,SMB,2023-11-01,SUB_01774,Enterprise,999,2023-11-01,,Active,12,9,46143,5.0,51.0,4.4,0,Medium Risk (6-15 logins),61.0
CUST_01775,Logistics,Mid-Market,2022-11-06,SUB_01775,Pro,199,2022-11-06,,Active,24,6,278,2.0,54.0,2.0,0,Healthy (16+ logins),421.0
CUST_01776,EdTech,Mid-Market,2023-08-22,SUB_01776,Starter,49,2023-08-22,,Active,15,8,143,5.0,30.8,3.8,0,Medium Risk (6-15 logins),132.0
CUST_01777,Logistics,SMB,2022-09-24,SUB_01777,Pro,199,2022-09-24,,Active,34,3,739,1.0,59.0,4.0,0,Healthy (16+ logins),464.0
CUST_01778,FinTech,SMB,2023-02-19,SUB_01778,Enterprise,999,2023-02-19,2023-11-21,Churned,2,0,49515,3.0,36.666666666666664,4.0,1,High Risk (≤5 logins),275.0
CUST_01779,FinTech,SMB,2023-10-08,SUB_01779,Starter,49,2023-10-08,,Active,43,11,228,4.0,58.0,4.5,0,Healthy (16+ logins),85.0
CUST_01780,EdTech,Enterprise,2022-09-24,SUB_01780,Pro,199,2022-09-24,,Active,18,9,264,1.0,40.0,2.0,0,Healthy (16+ logins),464.0
CUST_01781,EdTech,Mid-Market,2022-11-29,SUB_01781,Starter,49,2022-11-29,,Active,46,7,465,1.0,34.0,5.0,0,Healthy (16+ logins),398.0
CUST_01782,EdTech,Mid-Market,2023-03-26,SUB_01782,Pro,199,2023-03-26,,Active,19,4,136,2.0,46.5,3.5,0,Healthy (16+ logins),281.0
CUST_01783,E-commerce,SMB,2023-07-19,SUB_01783,Enterprise,999,2023-07-19,,Active,16,6,6665,1.0,34.0,1.0,0,Healthy (16+ logins),166.0
CUST_01784,Logistics,Mid-Market,2023-09-03,SUB_01784,Enterprise,999,2023-09-03,,Active,24,6,41981,1.0,17.0,4.0,0,Healthy (16+ logins),120.0
CUST_01785,EdTech,SMB,2022-09-04,SUB_01785,Starter,49,2022-09-04,,Active,21,2,697,4.0,39.75,3.5,0,Healthy (16+ logins),484.0
CUST_01786,Healthcare,SMB,2022-02-05,SUB_01786,Starter,49,2022-02-05,2022-07-24,Churned,1,0,448,6.0,51.666666666666664,3.1666666666666665,1,High Risk (≤5 logins),169.0
CUST_01787,Healthcare,Mid-Market,2023-02-05,SUB_01787,Starter,49,2023-02-05,,Active,30,11,314,2.0,45.0,2.0,0,Healthy (16+ logins),330.0
CUST_01788,FinTech,SMB,2022-01-28,SUB_01788,Pro,199,2022-01-28,,Active,18,5,150,3.0,44.333333333333336,3.0,0,Healthy (16+ logins),703.0
CUST_01789,Logistics,Mid-Market,2022-08-08,SUB_01789,Starter,49,2022-08-08,,Active,29,1,324,2.0,47.0,4.5,0,Healthy (16+ logins),511.0
CUST_01790,EdTech,SMB,2023-02-10,SUB_01790,Starter,49,2023-02-10,2024-01-01,Churned,3,0,402,3.0,56.333333333333336,4.0,1,High Risk (≤5 logins),325.0
CUST_01791,Healthcare,Mid-Market,2023-09-06,SUB_01791,Starter,49,2023-09-06,,Active,29,10,802,1.0,65.0,3.0,0,Healthy (16+ logins),117.0
CUST_01792,Logistics,SMB,2022-09-28,SUB_01792,Starter,49,2022-09-28,,Active,29,3,352,1.0,63.0,5.0,0,Healthy (16+ logins),460.0
CUST_01793,FinTech,SMB,2023-10-13,SUB_01793,Starter,49,2023-10-13,2024-07-26,Churned,3,0,950,2.0,42.5,3.5,1,High Risk (≤5 logins),287.0
CUST_01794,E-commerce,SMB,2023-05-26,SUB_01794,Pro,199,2023-05-26,,Active,47,8,109,0.0,0.0,5.0,0,Healthy (16+ logins),220.0
CUST_01795,Logistics,SMB,2022-10-13,SUB_01795,Starter,49,2022-10-13,,Active,16,11,465,2.0,19.0,1.5,0,Healthy (16+ logins),445.0
CUST_01796,Logistics,Enterprise,2023-03-30,SUB_01796,Starter,49,2023-03-30,,Active,24,3,39,3.0,47.666666666666664,4.333333333333333,0,Healthy (16+ logins),277.0
CUST_01797,E-commerce,SMB,2022-11-13,SUB_01797,Pro,199,2022-11-13,2023-03-27,Churned,3,1,653,2.0,16.0,3.5,1,High Risk (≤5 logins),134.0
CUST_01798,Logistics,Mid-Market,2023-08-13,SUB_01798,Pro,199,2023-08-13,2024-03-14,Churned,1,0,339,1.0,40.0,3.0,1,High Risk (≤5 logins),214.0
CUST_01799,FinTech,Enterprise,2022-10-24,SUB_01799,Starter,49,2022-10-24,,Active,31,14,371,4.0,45.75,3.25,0,Healthy (16+ logins),434.0
CUST_01800,FinTech,SMB,2022-12-04,SUB_01800,Starter,49,2022-12-04,,Active,22,8,524,4.0,36.5,4.25,0,Healthy (16+ logins),393.0
CUST_01801,E-commerce,SMB,2022-11-03,SUB_01801,Pro,199,2022-11-03,,Active,14,13,506,1.0,29.0,5.0,0,Medium Risk (6-15 logins),424.0
CUST_01802,EdTech,Mid-Market,2023-03-04,SUB_01802,Starter,49,2023-03-04,,Active,34,14,52,4.0,34.5,3.75,0,Healthy (16+ logins),303.0
CUST_01803,Healthcare,Enterprise,2022-12-17,SUB_01803,Pro,199,2022-12-17,,Active,5,10,79,2.0,54.0,3.5,0,High Risk (≤5 logins),380.0
CUST_01804,EdTech,Enterprise,2023-05-26,SUB_01804,Starter,49,2023-05-26,2024-04-22,Churned,0,1,744,2.0,35.5,4.5,1,High Risk (≤5 logins),332.0
CUST_01805,Logistics,SMB,2023-06-09,SUB_01805,Starter,49,2023-06-09,,Active,27,6,350,2.0,46.5,2.5,0,Healthy (16+ logins),206.0
CUST_01806,Healthcare,Mid-Market,2023-05-07,SUB_01806,Starter,49,2023-05-07,,Active,11,11,550,0.0,0.0,5.0,0,Medium Risk (6-15 logins),239.0
CUST_01807,E-commerce,SMB,2023-08-17,SUB_01807,Pro,199,2023-08-17,,Active,34,8,738,6.0,46.0,3.6666666666666665,0,Healthy (16+ logins),137.0
CUST_01808,E-commerce,Enterprise,2022-01-09,SUB_01808,Enterprise,999,2022-01-09,,Active,30,3,22953,3.0,38.0,4.666666666666667,0,Healthy (16+ logins),722.0
CUST_01809,Healthcare,Enterprise,2023-05-12,SUB_01809,Starter,49,2023-05-12,,Active,5,14,120,3.0,31.0,4.0,0,High Risk (≤5 logins),234.0
CUST_01810,FinTech,SMB,2023-07-14,SUB_01810,Pro,199,2023-07-14,,Active,33,11,64,4.0,33.0,4.25,0,Healthy (16+ logins),171.0
CUST_01811,Healthcare,SMB,2023-07-15,SUB_01811,Starter,49,2023-07-15,,Active,29,6,439,5.0,45.2,4.6,0,Healthy (16+ logins),170.0
CUST_01812,Logistics,SMB,2023-03-16,SUB_01812,Starter,49,2023-03-16,,Active,44,12,295,2.0,16.0,4.0,0,Healthy (16+ logins),291.0
CUST_01813,FinTech,SMB,2023-07-06,SUB_01813,Pro,199,2023-07-06,2024-04-04,Churned,4,0,941,1.0,43.0,3.0,1,High Risk (≤5 logins),273.0
CUST_01814,E-commerce,Mid-Market,2022-04-18,SUB_01814,Starter,49,2022-04-18,2022-10-28,Churned,3,1,204,1.0,53.0,5.0,1,High Risk (≤5 logins),193.0
CUST_01815,Healthcare,SMB,2022-09-02,SUB_01815,Enterprise,999,2022-09-02,2023-02-10,Churned,0,1,35149,6.0,46.666666666666664,3.3333333333333335,1,High Risk (≤5 logins),161.0
CUST_01816,EdTech,SMB,2022-09-12,SUB_01816,Pro,199,2022-09-12,2023-05-02,Churned,1,0,556,3.0,39.333333333333336,4.333333333333333,1,High Risk (≤5 logins),232.0
CUST_01817,EdTech,SMB,2022-02-02,SUB_01817,Enterprise,999,2022-02-02,,Active,9,9,13616,1.0,71.0,3.0,0,Medium Risk (6-15 logins),698.0
CUST_01818,Logistics,Enterprise,2022-01-23,SUB_01818,Pro,199,2022-01-23,,Active,5,12,134,2.0,16.5,3.0,0,High Risk (≤5 logins),708.0
CUST_01819,EdTech,Mid-Market,2023-07-20,SUB_01819,Starter,49,2023-07-20,2024-03-15,Churned,2,1,377,1.0,16.0,5.0,1,High Risk (≤5 logins),239.0
CUST_01820,Healthcare,SMB,2022-02-18,SUB_01820,Starter,49,2022-02-18,,Active,40,7,979,4.0,24.5,2.25,0,Healthy (16+ logins),682.0
CUST_01821,Healthcare,SMB,2023-04-07,SUB_01821,Starter,49,2023-04-07,2023-08-15,Churned,0,1,51,5.0,45.4,3.2,1,High Risk (≤5 logins),130.0
CUST_01822,EdTech,Enterprise,2023-08-13,SUB_01822,Starter,49,2023-08-13,,Active,48,8,740,3.0,46.666666666666664,2.6666666666666665,0,Healthy (16+ logins),141.0
CUST_01823,Healthcare,Mid-Market,2022-12-02,SUB_01823,Starter,49,2022-12-02,2023-09-28,Churned,2,1,867,6.0,42.0,3.8333333333333335,1,High Risk (≤5 logins),300.0
CUST_01824,Logistics,SMB,2022-12-24,SUB_01824,Starter,49,2022-12-24,,Active,39,2,579,3.0,23.333333333333332,3.0,0,Healthy (16+ logins),373.0
CUST_01825,FinTech,SMB,2022-05-02,SUB_01825,Enterprise,999,2022-05-02,,Active,31,11,2752,0.0,0.0,5.0,0,Healthy (16+ logins),609.0
CUST_01826,Logistics,SMB,2023-03-20,SUB_01826,Starter,49,2023-03-20,2023-06-06,Churned,1,1,66,1.0,54.0,1.0,1,High Risk (≤5 logins),78.0
CUST_01827,Logistics,SMB,2022-12-25,SUB_01827,Pro,199,2022-12-25,2023-09-19,Churned,2,0,2,1.0,43.0,2.0,1,High Risk (≤5 logins),268.0
CUST_01828,Healthcare,SMB,2023-08-25,SUB_01828,Enterprise,999,2023-08-25,2024-04-25,Churned,0,1,22655,5.0,45.2,4.4,1,High Risk (≤5 logins),244.0
CUST_01829,FinTech,Enterprise,2022-12-12,SUB_01829,Pro,199,2022-12-12,,Active,6,7,887,1.0,25.0,3.0,0,Medium Risk (6-15 logins),385.0
CUST_01830,Healthcare,SMB,2022-07-12,SUB_01830,Starter,49,2022-07-12,,Active,34,6,450,4.0,42.5,2.75,0,Healthy (16+ logins),538.0
CUST_01831,E-commerce,Mid-Market,2023-02-20,SUB_01831,Starter,49,2023-02-20,,Active,42,3,509,2.0,59.5,4.0,0,Healthy (16+ logins),315.0
CUST_01832,Healthcare,SMB,2023-01-12,SUB_01832,Starter,49,2023-01-12,2023-11-28,Churned,3,0,767,1.0,35.0,3.0,1,High Risk (≤5 logins),320.0
CUST_01833,Healthcare,Mid-Market,2023-04-08,SUB_01833,Starter,49,2023-04-08,,Active,11,14,867,1.0,27.0,5.0,0,Medium Risk (6-15 logins),268.0
CUST_01834,Healthcare,Mid-Market,2023-10-23,SUB_01834,Starter,49,2023-10-23,,Active,43,7,437,3.0,40.333333333333336,4.333333333333333,0,Healthy (16+ logins),70.0
CUST_01835,FinTech,SMB,2022-05-26,SUB_01835,Pro,199,2022-05-26,2023-03-31,Churned,0,1,776,3.0,53.666666666666664,4.0,1,High Risk (≤5 logins),309.0
CUST_01836,Healthcare,SMB,2023-04-23,SUB_01836,Starter,49,2023-04-23,,Active,37,14,949,1.0,35.0,3.0,0,Healthy (16+ logins),253.0
CUST_01837,FinTech,Mid-Market,2023-10-15,SUB_01837,Pro,199,2023-10-15,,Active,44,1,975,1.0,50.0,4.0,0,Healthy (16+ logins),78.0
CUST_01838,EdTech,SMB,2023-02-12,SUB_01838,Enterprise,999,2023-02-12,,Active,34,4,21907,1.0,34.0,3.0,0,Healthy (16+ logins),323.0
CUST_01839,E-commerce,SMB,2022-10-13,SUB_01839,Starter,49,2022-10-13,,Active,34,4,527,3.0,50.333333333333336,4.0,0,Healthy (16+ logins),445.0
CUST_01840,FinTech,SMB,2022-04-21,SUB_01840,Starter,49,2022-04-21,2023-04-01,Churned,2,0,779,0.0,0.0,5.0,1,High Risk (≤5 logins),345.0
CUST_01841,EdTech,Enterprise,2023-09-12,SUB_01841,Pro,199,2023-09-12,,Active,49,6,101,2.0,39.0,3.5,0,Healthy (16+ logins),111.0
CUST_01842,FinTech,SMB,2022-02-19,SUB_01842,Starter,49,2022-02-19,,Active,28,10,915,2.0,19.0,3.5,0,Healthy (16+ logins),681.0
CUST_01843,FinTech,Mid-Market,2022-01-14,SUB_01843,Pro,199,2022-01-14,,Active,24,8,436,0.0,0.0,5.0,0,Healthy (16+ logins),717.0
CUST_01844,E-commerce,SMB,2022-05-14,SUB_01844,Starter,49,2022-05-14,2022-08-28,Churned,4,1,798,0.0,0.0,5.0,1,High Risk (≤5 logins),106.0
CUST_01845,Logistics,Mid-Market,2023-08-11,SUB_01845,Pro,199,2023-08-11,,Active,23,1,733,1.0,22.0,1.0,0,Healthy (16+ logins),143.0
CUST_01846,Logistics,SMB,2023-08-19,SUB_01846,Starter,49,2023-08-19,,Active,17,13,20,2.0,56.0,3.0,0,Healthy (16+ logins),135.0
CUST_01847,FinTech,Mid-Market,2022-12-09,SUB_01847,Starter,49,2022-12-09,2023-11-07,Churned,2,0,386,0.0,0.0,5.0,1,High Risk (≤5 logins),333.0
CUST_01848,Healthcare,SMB,2023-11-01,SUB_01848,Pro,199,2023-11-01,,Active,19,14,532,2.0,56.5,4.0,0,Healthy (16+ logins),61.0
CUST_01849,EdTech,Mid-Market,2022-10-13,SUB_01849,Starter,49,2022-10-13,,Active,15,4,91,2.0,31.5,3.5,0,Medium Risk (6-15 logins),445.0
CUST_01850,Healthcare,Mid-Market,2022-11-10,SUB_01850,Starter,49,2022-11-10,,Active,16,13,795,2.0,53.0,2.0,0,Healthy (16+ logins),417.0
CUST_01851,Healthcare,SMB,2023-08-29,SUB_01851,Starter,49,2023-08-29,2024-02-25,Churned,2,0,132,4.0,28.5,4.25,1,High Risk (≤5 logins),180.0
CUST_01852,FinTech,SMB,2022-10-24,SUB_01852,Starter,49,2022-10-24,,Active,29,10,838,4.0,29.5,2.5,0,Healthy (16+ logins),434.0
CUST_01853,FinTech,SMB,2023-08-29,SUB_01853,Pro,199,2023-08-29,,Active,7,14,504,3.0,44.333333333333336,3.3333333333333335,0,Medium Risk (6-15 logins),125.0
CUST_01854,FinTech,SMB,2023-07-23,SUB_01854,Pro,199,2023-07-23,,Active,28,9,452,1.0,28.0,5.0,0,Healthy (16+ logins),162.0
CUST_01855,FinTech,Mid-Market,2022-06-13,SUB_01855,Pro,199,2022-06-13,2023-05-05,Churned,2,0,840,3.0,41.0,3.0,1,High Risk (≤5 logins),326.0
CUST_01856,Logistics,SMB,2023-05-12,SUB_01856,Pro,199,2023-05-12,2023-11-14,Churned,2,0,686,2.0,50.0,2.5,1,High Risk (≤5 logins),186.0
CUST_01857,FinTech,SMB,2023-09-02,SUB_01857,Starter,49,2023-09-02,,Active,32,3,724,2.0,29.0,4.0,0,Healthy (16+ logins),121.0
CUST_01858,Logistics,Mid-Market,2022-01-16,SUB_01858,Starter,49,2022-01-16,,Active,34,6,147,1.0,55.0,5.0,0,Healthy (16+ logins),715.0
CUST_01859,Logistics,SMB,2022-12-10,SUB_01859,Pro,199,2022-12-10,2023-07-25,Churned,2,1,933,2.0,31.0,3.5,1,High Risk (≤5 logins),227.0
CUST_01860,FinTech,SMB,2022-03-19,SUB_01860,Pro,199,2022-03-19,,Active,15,9,231,3.0,54.333333333333336,2.3333333333333335,0,Medium Risk (6-15 logins),653.0
CUST_01861,E-commerce,SMB,2022-12-12,SUB_01861,Starter,49,2022-12-12,2023-10-24,Churned,0,1,883,0.0,0.0,5.0,1,High Risk (≤5 logins),316.0
CUST_01862,EdTech,Enterprise,2022-03-13,SUB_01862,Starter,49,2022-03-13,,Active,7,13,164,3.0,31.666666666666668,3.3333333333333335,0,Medium Risk (6-15 logins),659.0
CUST_01863,Healthcare,Mid-Market,2022-09-27,SUB_01863,Starter,49,2022-09-27,,Active,23,2,313,2.0,42.5,5.0,0,Healthy (16+ logins),461.0
CUST_01864,Logistics,Mid-Market,2022-10-14,SUB_01864,Pro,199,2022-10-14,,Active,6,12,656,0.0,0.0,5.0,0,Medium Risk (6-15 logins),444.0
CUST_01865,EdTech,SMB,2022-03-07,SUB_01865,Pro,199,2022-03-07,2022-04-29,Churned,3,1,297,2.0,63.0,3.0,1,High Risk (≤5 logins),53.0
CUST_01866,E-commerce,Mid-Market,2022-03-09,SUB_01866,Starter,49,2022-03-09,,Active,33,6,987,0.0,0.0,5.0,0,Healthy (16+ logins),663.0
CUST_01867,Healthcare,SMB,2022-07-12,SUB_01867,Pro,199,2022-07-12,,Active,6,4,222,1.0,32.0,1.0,0,Medium Risk (6-15 logins),538.0
CUST_01868,Healthcare,SMB,2022-02-24,SUB_01868,Starter,49,2022-02-24,,Active,20,12,352,1.0,62.0,5.0,0,Healthy (16+ logins),676.0
CUST_01869,Logistics,SMB,2023-01-14,SUB_01869,Starter,49,2023-01-14,,Active,14,7,415,2.0,40.5,2.5,0,Medium Risk (6-15 logins),352.0
CUST_01870,FinTech,SMB,2022-06-17,SUB_01870,Pro,199,2022-06-17,,Active,8,13,61,2.0,31.0,2.5,0,Medium Risk (6-15 logins),563.0
CUST_01871,E-commerce,SMB,2023-02-13,SUB_01871,Starter,49,2023-02-13,,Active,47,7,607,3.0,38.666666666666664,3.0,0,Healthy (16+ logins),322.0
CUST_01872,Logistics,SMB,2023-05-23,SUB_01872,Starter,49,2023-05-23,2023-06-30,Churned,4,0,623,3.0,45.666666666666664,4.666666666666667,1,High Risk (≤5 logins),38.0
CUST_01873,E-commerce,SMB,2023-06-21,SUB_01873,Enterprise,999,2023-06-21,,Active,28,7,4970,0.0,0.0,5.0,0,Healthy (16+ logins),194.0
CUST_01874,FinTech,SMB,2023-10-05,SUB_01874,Pro,199,2023-10-05,2024-03-14,Churned,2,0,598,2.0,44.5,2.5,1,High Risk (≤5 logins),161.0
CUST_01875,FinTech,Mid-Market,2022-04-12,SUB_01875,Pro,199,2022-04-12,,Active,25,7,404,0.0,0.0,5.0,0,Healthy (16+ logins),629.0
CUST_01876,Logistics,SMB,2023-02-26,SUB_01876,Starter,49,2023-02-26,,Active,46,13,984,0.0,0.0,5.0,0,Healthy (16+ logins),309.0
CUST_01877,FinTech,Mid-Market,2023-04-23,SUB_01877,Starter,49,2023-04-23,,Active,20,10,928,3.0,43.0,2.6666666666666665,0,Healthy (16+ logins),253.0
CUST_01878,EdTech,SMB,2022-04-30,SUB_01878,Enterprise,999,2022-04-30,2022-08-14,Churned,1,0,22279,3.0,49.333333333333336,4.0,1,High Risk (≤5 logins),106.0
CUST_01879,Healthcare,Mid-Market,2022-10-18,SUB_01879,Pro,199,2022-10-18,2023-06-30,Churned,1,0,450,3.0,32.0,2.6666666666666665,1,High Risk (≤5 logins),255.0
CUST_01880,Logistics,SMB,2023-05-03,SUB_01880,Pro,199,2023-05-03,,Active,13,9,389,1.0,24.0,2.0,0,Medium Risk (6-15 logins),243.0
CUST_01881,E-commerce,SMB,2022-06-10,SUB_01881,Starter,49,2022-06-10,2022-11-17,Churned,2,0,624,0.0,0.0,5.0,1,High Risk (≤5 logins),160.0
CUST_01882,EdTech,SMB,2023-11-04,SUB_01882,Starter,49,2023-11-04,,Active,48,5,765,3.0,39.0,3.6666666666666665,0,Healthy (16+ logins),58.0
CUST_01883,Logistics,Mid-Market,2022-03-19,SUB_01883,Enterprise,999,2022-03-19,,Active,5,10,25525,2.0,51.5,3.5,0,High Risk (≤5 logins),653.0
CUST_01884,FinTech,Mid-Market,2022-02-07,SUB_01884,Pro,199,2022-02-07,,Active,18,9,501,3.0,38.666666666666664,4.666666666666667,0,Healthy (16+ logins),693.0
CUST_01885,FinTech,SMB,2023-01-29,SUB_01885,Starter,49,2023-01-29,,Active,28,12,321,3.0,47.666666666666664,3.0,0,Healthy (16+ logins),337.0
CUST_01886,FinTech,SMB,2023-03-17,SUB_01886,Starter,49,2023-03-17,,Active,14,13,543,2.0,39.5,3.5,0,Medium Risk (6-15 logins),290.0
CUST_01887,FinTech,Mid-Market,2023-06-24,SUB_01887,Starter,49,2023-06-24,,Active,22,14,63,2.0,10.0,4.0,0,Healthy (16+ logins),191.0
CUST_01888,E-commerce,Mid-Market,2023-04-07,SUB_01888,Starter,49,2023-04-07,,Active,49,11,153,2.0,50.5,4.0,0,Healthy (16+ logins),269.0
CUST_01889,EdTech,SMB,2023-09-04,SUB_01889,Starter,49,2023-09-04,2024-01-01,Churned,3,1,957,1.0,30.0,5.0,1,High Risk (≤5 logins),119.0
CUST_01890,Healthcare,SMB,2022-10-21,SUB_01890,Starter,49,2022-10-21,,Active,31,2,516,2.0,25.0,2.5,0,Healthy (16+ logins),437.0
CUST_01891,E-commerce,SMB,2023-02-04,SUB_01891,Pro,199,2023-02-04,,Active,23,3,394,2.0,27.0,4.5,0,Healthy (16+ logins),331.0
CUST_01892,E-commerce,Mid-Market,2023-09-28,SUB_01892,Starter,49,2023-09-28,,Active,40,7,895,3.0,44.666666666666664,4.0,0,Healthy (16+ logins),95.0
CUST_01893,Healthcare,SMB,2022-04-02,SUB_01893,Enterprise,999,2022-04-02,2022-08-26,Churned,2,1,26888,3.0,40.333333333333336,4.333333333333333,1,High Risk (≤5 logins),146.0
CUST_01894,Healthcare,Enterprise,2023-09-01,SUB_01894,Starter,49,2023-09-01,2024-01-18,Churned,3,1,462,0.0,0.0,5.0,1,High Risk (≤5 logins),139.0
CUST_01895,FinTech,SMB,2022-01-06,SUB_01895,Pro,199,2022-01-06,,Active,13,3,721,4.0,55.0,3.75,0,Medium Risk (6-15 logins),725.0
CUST_01896,E-commerce,SMB,2023-11-12,SUB_01896,Starter,49,2023-11-12,2024-09-07,Churned,3,1,944,2.0,52.0,4.5,1,High Risk (≤5 logins),300.0
CUST_01897,Logistics,SMB,2022-09-28,SUB_01897,Pro,199,2022-09-28,2023-06-11,Churned,1,1,973,3.0,34.333333333333336,3.6666666666666665,1,High Risk (≤5 logins),256.0
CUST_01898,Healthcare,Enterprise,2023-09-12,SUB_01898,Enterprise,999,2023-09-12,,Active,21,11,38472,1.0,25.0,5.0,0,Healthy (16+ logins),111.0
CUST_01899,Healthcare,Mid-Market,2023-07-13,SUB_01899,Pro,199,2023-07-13,,Active,46,8,221,1.0,67.0,4.0,0,Healthy (16+ logins),172.0
CUST_01900,EdTech,SMB,2022-04-09,SUB_01900,Pro,199,2022-04-09,,Active,42,12,189,1.0,71.0,2.0,0,Healthy (16+ logins),632.0
CUST_01901,Logistics,Mid-Market,2023-06-10,SUB_01901,Starter,49,2023-06-10,,Active,47,4,571,1.0,65.0,4.0,0,Healthy (16+ logins),205.0
CUST_01902,Logistics,SMB,2022-07-13,SUB_01902,Pro,199,2022-07-13,,Active,24,11,204,3.0,42.666666666666664,2.0,0,Healthy (16+ logins),537.0
CUST_01903,Healthcare,SMB,2022-06-06,SUB_01903,Enterprise,999,2022-06-06,2023-03-06,Churned,2,1,43273,4.0,53.5,4.75,1,High Risk (≤5 logins),273.0
CUST_01904,FinTech,SMB,2023-10-28,SUB_01904,Enterprise,999,2023-10-28,,Active,8,6,20029,1.0,48.0,2.0,0,Medium Risk (6-15 logins),65.0
CUST_01905,EdTech,SMB,2022-04-25,SUB_01905,Starter,49,2022-04-25,2023-03-28,Churned,1,0,88,0.0,0.0,5.0,1,High Risk (≤5 logins),337.0
CUST_01906,Logistics,SMB,2023-01-31,SUB_01906,Enterprise,999,2023-01-31,2023-04-25,Churned,3,1,22813,3.0,33.666666666666664,3.3333333333333335,1,High Risk (≤5 logins),84.0
CUST_01907,Healthcare,Enterprise,2023-10-19,SUB_01907,Starter,49,2023-10-19,,Active,18,8,954,2.0,34.5,4.5,0,Healthy (16+ logins),74.0
CUST_01908,Logistics,SMB,2023-06-06,SUB_01908,Starter,49,2023-06-06,,Active,29,12,362,0.0,0.0,5.0,0,Healthy (16+ logins),209.0
CUST_01909,EdTech,Enterprise,2022-08-02,SUB_01909,Starter,49,2022-08-02,,Active,21,9,370,5.0,36.4,4.4,0,Healthy (16+ logins),517.0
CUST_01910,EdTech,SMB,2023-11-14,SUB_01910,Starter,49,2023-11-14,2024-01-19,Churned,1,1,331,4.0,25.0,3.75,1,High Risk (≤5 logins),66.0
CUST_01911,E-commerce,Mid-Market,2023-06-17,SUB_01911,Pro,199,2023-06-17,2023-09-09,Churned,1,0,920,0.0,0.0,5.0,1,High Risk (≤5 logins),84.0
CUST_01912,Healthcare,SMB,2022-01-15,SUB_01912,Pro,199,2022-01-15,,Active,17,5,707,4.0,40.75,4.25,0,Healthy (16+ logins),716.0
CUST_01913,EdTech,SMB,2023-02-23,SUB_01913,Pro,199,2023-02-23,2023-04-05,Churned,4,1,425,4.0,48.0,4.5,1,High Risk (≤5 logins),41.0
CUST_01914,E-commerce,SMB,2023-01-03,SUB_01914,Pro,199,2023-01-03,,Active,45,3,843,0.0,0.0,5.0,0,Healthy (16+ logins),363.0
CUST_01915,E-commerce,SMB,2023-09-30,SUB_01915,Pro,199,2023-09-30,2024-05-01,Churned,3,1,454,0.0,0.0,5.0,1,High Risk (≤5 logins),214.0
CUST_01916,Logistics,Mid-Market,2022-08-01,SUB_01916,Pro,199,2022-08-01,,Active,8,13,694,1.0,50.0,5.0,0,Medium Risk (6-15 logins),518.0
CUST_01917,Logistics,SMB,2023-12-01,SUB_01917,Starter,49,2023-12-01,,Active,48,6,421,3.0,37.666666666666664,3.0,0,Healthy (16+ logins),31.0
CUST_01918,E-commerce,Mid-Market,2023-11-15,SUB_01918,Pro,199,2023-11-15,,Active,19,12,999,1.0,12.0,3.0,0,Healthy (16+ logins),47.0
CUST_01919,Logistics,SMB,2022-01-05,SUB_01919,Pro,199,2022-01-05,,Active,24,14,762,2.0,52.5,3.0,0,Healthy (16+ logins),726.0
CUST_01920,EdTech,SMB,2022-08-19,SUB_01920,Pro,199,2022-08-19,,Active,12,11,735,3.0,33.333333333333336,3.6666666666666665,0,Medium Risk (6-15 logins),500.0
CUST_01921,FinTech,SMB,2022-07-20,SUB_01921,Pro,199,2022-07-20,2023-04-12,Churned,0,0,170,4.0,35.75,2.0,1,High Risk (≤5 logins),266.0
CUST_01922,EdTech,Enterprise,2023-02-06,SUB_01922,Pro,199,2023-02-06,,Active,6,12,709,2.0,39.0,4.5,0,Medium Risk (6-15 logins),329.0
CUST_01923,E-commerce,Mid-Market,2022-05-29,SUB_01923,Starter,49,2022-05-29,,Active,32,11,248,3.0,36.333333333333336,4.666666666666667,0,Healthy (16+ logins),582.0
CUST_01924,E-commerce,SMB,2023-08-07,SUB_01924,Starter,49,2023-08-07,,Active,26,4,180,3.0,31.333333333333332,4.0,0,Healthy (16+ logins),147.0
CUST_01925,EdTech,SMB,2023-05-07,SUB_01925,Pro,199,2023-05-07,2024-03-24,Churned,1,0,474,2.0,46.0,4.0,1,High Risk (≤5 logins),322.0
CUST_01926,Logistics,SMB,2022-08-14,SUB_01926,Starter,49,2022-08-14,2023-04-04,Churned,0,1,482,3.0,60.666666666666664,3.0,1,High Risk (≤5 logins),233.0
CUST_01927,Logistics,Enterprise,2023-08-09,SUB_01927,Pro,199,2023-08-09,,Active,5,11,383,1.0,68.0,3.0,0,High Risk (≤5 logins),145.0
CUST_01928,E-commerce,Mid-Market,2022-06-18,SUB_01928,Starter,49,2022-06-18,,Active,40,11,788,1.0,23.0,5.0,0,Healthy (16+ logins),562.0
CUST_01929,Healthcare,SMB,2022-06-01,SUB_01929,Starter,49,2022-06-01,,Active,46,8,403,3.0,47.0,4.0,0,Healthy (16+ logins),579.0
CUST_01930,Logistics,SMB,2022-08-12,SUB_01930,Pro,199,2022-08-12,2023-04-09,Churned,1,0,786,1.0,23.0,4.0,1,High Risk (≤5 logins),240.0
CUST_01931,EdTech,SMB,2023-05-19,SUB_01931,Starter,49,2023-05-19,,Active,42,2,160,3.0,43.0,5.0,0,Healthy (16+ logins),227.0
CUST_01932,Logistics,Enterprise,2023-07-04,SUB_01932,Pro,199,2023-07-04,,Active,30,1,247,3.0,15.0,3.3333333333333335,0,Healthy (16+ logins),181.0
CUST_01933,EdTech,SMB,2022-02-13,SUB_01933,Starter,49,2022-02-13,,Active,35,8,318,1.0,44.0,5.0,0,Healthy (16+ logins),687.0
CUST_01934,E-commerce,Mid-Market,2023-11-28,SUB_01934,Starter,49,2023-11-28,,Active,45,10,963,0.0,0.0,5.0,0,Healthy (16+ logins),34.0
CUST_01935,Logistics,SMB,2023-05-19,SUB_01935,Pro,199,2023-05-19,2024-01-29,Churned,2,1,699,0.0,0.0,5.0,1,High Risk (≤5 logins),255.0
CUST_01936,EdTech,Mid-Market,2022-08-29,SUB_01936,Starter,49,2022-08-29,,Active,35,7,530,1.0,42.0,3.0,0,Healthy (16+ logins),490.0
CUST_01937,E-commerce,Mid-Market,2022-12-17,SUB_01937,Pro,199,2022-12-17,,Active,13,7,755,2.0,34.0,4.5,0,Medium Risk (6-15 logins),380.0
CUST_01938,Healthcare,Mid-Market,2022-01-23,SUB_01938,Pro,199,2022-01-23,,Active,7,13,112,0.0,0.0,5.0,0,Medium Risk (6-15 logins),708.0
CUST_01939,EdTech,Mid-Market,2023-09-28,SUB_01939,Starter,49,2023-09-28,2023-11-03,Churned,3,0,923,1.0,50.0,3.0,1,High Risk (≤5 logins),36.0
CUST_01940,Healthcare,Mid-Market,2023-08-21,SUB_01940,Pro,199,2023-08-21,,Active,10,8,789,2.0,35.5,3.0,0,Medium Risk (6-15 logins),133.0
CUST_01941,Healthcare,SMB,2022-02-12,SUB_01941,Pro,199,2022-02-12,,Active,49,10,562,7.0,33.285714285714285,3.7142857142857144,0,Healthy (16+ logins),688.0
CUST_01942,FinTech,SMB,2023-04-11,SUB_01942,Starter,49,2023-04-11,,Active,49,1,343,2.0,42.0,3.5,0,Healthy (16+ logins),265.0
CUST_01943,Logistics,SMB,2022-02-09,SUB_01943,Starter,49,2022-02-09,,Active,11,12,122,0.0,0.0,5.0,0,Medium Risk (6-15 logins),691.0
CUST_01944,EdTech,Enterprise,2022-10-30,SUB_01944,Starter,49,2022-10-30,,Active,45,1,749,1.0,30.0,2.0,0,Healthy (16+ logins),428.0
CUST_01945,Healthcare,SMB,2023-11-12,SUB_01945,Pro,199,2023-11-12,,Active,29,13,318,2.0,52.5,4.5,0,Healthy (16+ logins),50.0
CUST_01946,FinTech,Mid-Market,2022-06-24,SUB_01946,Pro,199,2022-06-24,,Active,29,1,573,1.0,23.0,1.0,0,Healthy (16+ logins),556.0
CUST_01947,E-commerce,Mid-Market,2023-06-16,SUB_01947,Pro,199,2023-06-16,,Active,5,6,477,1.0,22.0,3.0,0,High Risk (≤5 logins),199.0
CUST_01948,EdTech,SMB,2023-04-06,SUB_01948,Pro,199,2023-04-06,2023-12-11,Churned,3,0,412,1.0,20.0,5.0,1,High Risk (≤5 logins),249.0
CUST_01949,Healthcare,SMB,2023-09-13,SUB_01949,Pro,199,2023-09-13,,Active,24,10,585,1.0,32.0,2.0,0,Healthy (16+ logins),110.0
CUST_01950,Logistics,SMB,2022-07-12,SUB_01950,Pro,199,2022-07-12,,Active,17,9,244,2.0,53.0,4.0,0,Healthy (16+ logins),538.0
CUST_01951,FinTech,SMB,2022-09-01,SUB_01951,Pro,199,2022-09-01,2023-08-07,Churned,0,0,543,4.0,34.5,3.0,1,High Risk (≤5 logins),340.0
CUST_01952,Healthcare,SMB,2022-10-07,SUB_01952,Starter,49,2022-10-07,2022-12-03,Churned,1,0,456,0.0,0.0,5.0,1,High Risk (≤5 logins),57.0
CUST_01953,Logistics,SMB,2022-02-05,SUB_01953,Pro,199,2022-02-05,,Active,27,1,152,6.0,33.833333333333336,4.5,0,Healthy (16+ logins),695.0
CUST_01954,Healthcare,Mid-Market,2023-07-11,SUB_01954,Pro,199,2023-07-11,2024-05-28,Churned,2,1,655,4.0,39.5,4.5,1,High Risk (≤5 logins),322.0
CUST_01955,EdTech,Enterprise,2023-06-24,SUB_01955,Pro,199,2023-06-24,,Active,37,5,14,2.0,43.0,3.0,0,Healthy (16+ logins),191.0
CUST_01956,EdTech,SMB,2022-06-03,SUB_01956,Pro,199,2022-06-03,,Active,13,6,442,1.0,62.0,5.0,0,Medium Risk (6-15 logins),577.0
CUST_01957,EdTech,SMB,2022-01-23,SUB_01957,Starter,49,2022-01-23,,Active,33,9,303,2.0,33.5,4.0,0,Healthy (16+ logins),708.0
CUST_01958,FinTech,SMB,2022-04-01,SUB_01958,Pro,199,2022-04-01,,Active,36,2,785,2.0,49.0,5.0,0,Healthy (16+ logins),640.0
CUST_01959,EdTech,Mid-Market,2023-01-25,SUB_01959,Starter,49,2023-01-25,,Active,15,14,244,2.0,44.0,4.0,0,Medium Risk (6-15 logins),341.0
CUST_01960,Logistics,Mid-Market,2022-12-25,SUB_01960,Pro,199,2022-12-25,,Active,40,3,790,4.0,33.5,2.5,0,Healthy (16+ logins),372.0
CUST_01961,Healthcare,SMB,2023-07-04,SUB_01961,Starter,49,2023-07-04,,Active,33,14,566,2.0,37.5,4.5,0,Healthy (16+ logins),181.0
CUST_01962,E-commerce,SMB,2022-08-16,SUB_01962,Pro,199,2022-08-16,2023-04-14,Churned,4,0,553,1.0,31.0,4.0,1,High Risk (≤5 logins),241.0
CUST_01963,Logistics,Mid-Market,2022-07-21,SUB_01963,Pro,199,2022-07-21,,Active,18,3,898,4.0,24.25,4.25,0,Healthy (16+ logins),529.0
CUST_01964,Logistics,Mid-Market,2022-12-16,SUB_01964,Pro,199,2022-12-16,2023-07-22,Churned,0,1,454,2.0,58.5,4.5,1,High Risk (≤5 logins),218.0
CUST_01965,EdTech,SMB,2022-02-07,SUB_01965,Starter,49,2022-02-07,2022-05-22,Churned,4,1,358,6.0,34.666666666666664,3.6666666666666665,1,High Risk (≤5 logins),104.0
CUST_01966,FinTech,Mid-Market,2023-05-15,SUB_01966,Enterprise,999,2023-05-15,,Active,26,8,3551,0.0,0.0,5.0,0,Healthy (16+ logins),231.0
CUST_01967,Healthcare,SMB,2023-11-30,SUB_01967,Pro,199,2023-11-30,2024-08-27,Churned,2,1,10,1.0,62.0,4.0,1,High Risk (≤5 logins),271.0
CUST_01968,FinTech,SMB,2022-02-12,SUB_01968,Pro,199,2022-02-12,,Active,37,2,822,1.0,60.0,5.0,0,Healthy (16+ logins),688.0
CUST_01969,Healthcare,Mid-Market,2023-09-18,SUB_01969,Starter,49,2023-09-18,,Active,27,13,599,3.0,28.333333333333332,4.0,0,Healthy (16+ logins),105.0
CUST_01970,Healthcare,Mid-Market,2023-06-01,SUB_01970,Pro,199,2023-06-01,,Active,39,2,226,1.0,37.0,3.0,0,Healthy (16+ logins),214.0
CUST_01971,FinTech,SMB,2022-03-09,SUB_01971,Starter,49,2022-03-09,,Active,24,11,113,0.0,0.0,5.0,0,Healthy (16+ logins),663.0
CUST_01972,Logistics,Enterprise,2022-05-03,SUB_01972,Pro,199,2022-05-03,,Active,37,7,536,0.0,0.0,5.0,0,Healthy (16+ logins),608.0
CUST_01973,Healthcare,SMB,2023-11-16,SUB_01973,Starter,49,2023-11-16,,Active,39,14,603,2.0,55.0,4.0,0,Healthy (16+ logins),46.0
CUST_01974,FinTech,Mid-Market,2022-12-02,SUB_01974,Pro,199,2022-12-02,,Active,34,4,971,3.0,31.0,4.666666666666667,0,Healthy (16+ logins),395.0
CUST_01975,Healthcare,SMB,2022-06-02,SUB_01975,Pro,199,2022-06-02,,Active,34,5,86,4.0,42.0,4.25,0,Healthy (16+ logins),578.0
CUST_01976,E-commerce,Mid-Market,2023-10-31,SUB_01976,Starter,49,2023-10-31,2024-03-22,Churned,4,1,592,2.0,46.5,3.5,1,High Risk (≤5 logins),143.0
CUST_01977,Logistics,Enterprise,2022-06-11,SUB_01977,Starter,49,2022-06-11,,Active,49,6,249,6.0,30.333333333333332,3.8333333333333335,0,Healthy (16+ logins),569.0
CUST_01978,EdTech,SMB,2022-08-02,SUB_01978,Pro,199,2022-08-02,2023-02-14,Churned,2,0,249,0.0,0.0,5.0,1,High Risk (≤5 logins),196.0
CUST_01979,Healthcare,Enterprise,2023-01-11,SUB_01979,Starter,49,2023-01-11,,Active,19,13,936,3.0,54.0,3.0,0,Healthy (16+ logins),355.0
CUST_01980,E-commerce,Mid-Market,2023-03-19,SUB_01980,Pro,199,2023-03-19,,Active,29,8,420,6.0,46.666666666666664,3.5,0,Healthy (16+ logins),288.0
CUST_01981,EdTech,Mid-Market,2023-02-27,SUB_01981,Starter,49,2023-02-27,,Active,24,11,209,4.0,27.25,3.5,0,Healthy (16+ logins),308.0
CUST_01982,EdTech,SMB,2023-06-22,SUB_01982,Starter,49,2023-06-22,,Active,11,1,950,0.0,0.0,5.0,0,Medium Risk (6-15 logins),193.0
CUST_01983,Healthcare,Mid-Market,2023-09-26,SUB_01983,Starter,49,2023-09-26,,Active,20,2,520,3.0,32.0,3.0,0,Healthy (16+ logins),97.0
CUST_01984,FinTech,Mid-Market,2022-08-18,SUB_01984,Pro,199,2022-08-18,,Active,27,7,610,0.0,0.0,5.0,0,Healthy (16+ logins),501.0
CUST_01985,Healthcare,SMB,2022-02-28,SUB_01985,Starter,49,2022-02-28,,Active,25,14,547,2.0,33.0,3.0,0,Healthy (16+ logins),672.0
CUST_01986,E-commerce,Enterprise,2022-04-06,SUB_01986,Pro,199,2022-04-06,2022-08-19,Churned,2,1,56,4.0,50.0,4.25,1,High Risk (≤5 logins),135.0
CUST_01987,EdTech,SMB,2022-09-19,SUB_01987,Pro,199,2022-09-19,2023-03-18,Churned,2,1,62,5.0,44.4,3.2,1,High Risk (≤5 logins),180.0
CUST_01988,Healthcare,SMB,2022-12-20,SUB_01988,Starter,49,2022-12-20,,Active,23,6,337,3.0,45.0,3.6666666666666665,0,Healthy (16+ logins),377.0
CUST_01989,FinTech,SMB,2022-11-08,SUB_01989,Pro,199,2022-11-08,,Active,10,12,787,5.0,20.8,3.0,0,Medium Risk (6-15 logins),419.0
CUST_01990,Healthcare,SMB,2022-05-16,SUB_01990,Starter,49,2022-05-16,2022-09-06,Churned,2,1,724,2.0,45.5,2.5,1,High Risk (≤5 logins),113.0
CUST_01991,Logistics,Mid-Market,2023-04-18,SUB_01991,Pro,199,2023-04-18,,Active,36,5,814,1.0,27.0,5.0,0,Healthy (16+ logins),258.0
CUST_01992,FinTech,SMB,2023-09-24,SUB_01992,Starter,49,2023-09-24,,Active,5,7,531,2.0,27.0,2.5,0,High Risk (≤5 logins),99.0
CUST_01993,E-commerce,Enterprise,2023-03-06,SUB_01993,Starter,49,2023-03-06,,Active,34,10,758,3.0,56.333333333333336,3.0,0,Healthy (16+ logins),301.0
CUST_01994,EdTech,SMB,2023-06-21,SUB_01994,Pro,199,2023-06-21,,Active,20,8,5,2.0,46.5,1.5,0,Healthy (16+ logins),194.0
CUST_01995,Healthcare,SMB,2022-05-26,SUB_01995,Enterprise,999,2022-05-26,2023-01-22,Churned,4,1,9499,4.0,29.25,4.5,1,High Risk (≤5 logins),241.0
CUST_01996,FinTech,SMB,2023-06-08,SUB_01996,Starter,49,2023-06-08,,Active,22,9,618,0.0,0.0,5.0,0,Healthy (16+ logins),207.0
CUST_01997,Logistics,SMB,2022-03-28,SUB_01997,Pro,199,2022-03-28,,Active,17,6,604,3.0,43.333333333333336,3.3333333333333335,0,Healthy (16+ logins),644.0
CUST_01998,FinTech,Enterprise,2022-04-19,SUB_01998,Starter,49,2022-04-19,,Active,48,5,510,5.0,27.2,4.2,0,Healthy (16+ logins),622.0
CUST_01999,Logistics,Mid-Market,2023-02-27,SUB_01999,Pro,199,2023-02-27,,Active,32,7,796,2.0,37.0,3.5,0,Healthy (16+ logins),308.0
CUST_02000,E-commerce,Mid-Market,2022-12-11,SUB_02000,Pro,199,2022-12-11,,Active,14,2,460,2.0,22.0,2.5,0,Medium Risk (6-15 logins),386.0
CUST_02001,EdTech,SMB,2022-09-23,SUB_02001,Starter,49,2022-09-23,2023-07-16,Churned,0,0,355,7.0,48.57142857142857,3.2857142857142856,1,High Risk (≤5 logins),296.0
CUST_02002,E-commerce,SMB,2023-08-09,SUB_02002,Starter,49,2023-08-09,,Active,33,12,218,3.0,46.666666666666664,3.3333333333333335,0,Healthy (16+ logins),145.0
CUST_02003,Healthcare,SMB,2023-05-09,SUB_02003,Starter,49,2023-05-09,,Active,15,4,366,3.0,41.0,3.3333333333333335,0,Medium Risk (6-15 logins),237.0
CUST_02004,FinTech,SMB,2022-11-29,SUB_02004,Starter,49,2022-11-29,2023-11-15,Churned,1,0,888,3.0,30.333333333333332,3.0,1,High Risk (≤5 logins),351.0
CUST_02005,Logistics,SMB,2023-02-17,SUB_02005,Starter,49,2023-02-17,,Active,48,3,560,2.0,43.0,4.0,0,Healthy (16+ logins),318.0
CUST_02006,Logistics,Mid-Market,2023-09-06,SUB_02006,Pro,199,2023-09-06,,Active,21,13,363,4.0,54.25,4.25,0,Healthy (16+ logins),117.0
CUST_02007,FinTech,SMB,2023-10-11,SUB_02007,Enterprise,999,2023-10-11,2024-08-04,Churned,0,1,17969,2.0,25.5,3.5,1,High Risk (≤5 logins),298.0
CUST_02008,FinTech,Mid-Market,2022-07-10,SUB_02008,Starter,49,2022-07-10,,Active,35,4,294,1.0,70.0,3.0,0,Healthy (16+ logins),540.0
CUST_02009,Healthcare,SMB,2022-05-22,SUB_02009,Pro,199,2022-05-22,,Active,25,10,504,3.0,58.333333333333336,3.3333333333333335,0,Healthy (16+ logins),589.0
CUST_02010,E-commerce,SMB,2022-03-14,SUB_02010,Pro,199,2022-03-14,,Active,37,10,287,0.0,0.0,5.0,0,Healthy (16+ logins),658.0
CUST_02011,Logistics,Mid-Market,2022-06-16,SUB_02011,Enterprise,999,2022-06-16,2023-01-08,Churned,1,1,22826,1.0,16.0,2.0,1,High Risk (≤5 logins),206.0
CUST_02012,Healthcare,SMB,2022-06-17,SUB_02012,Pro,199,2022-06-17,,Active,10,11,298,1.0,19.0,5.0,0,Medium Risk (6-15 logins),563.0
CUST_02013,E-commerce,Mid-Market,2023-07-20,SUB_02013,Pro,199,2023-07-20,,Active,8,3,619,5.0,34.2,3.2,0,Medium Risk (6-15 logins),165.0
CUST_02014,Healthcare,Mid-Market,2022-09-16,SUB_02014,Starter,49,2022-09-16,,Active,26,4,283,1.0,36.0,1.0,0,Healthy (16+ logins),472.0
CUST_02015,Logistics,SMB,2023-03-15,SUB_02015,Starter,49,2023-03-15,,Active,17,3,812,4.0,36.0,3.75,0,Healthy (16+ logins),292.0
CUST_02016,FinTech,Enterprise,2022-04-21,SUB_02016,Starter,49,2022-04-21,,Active,48,3,576,3.0,27.666666666666668,3.0,0,Healthy (16+ logins),620.0
CUST_02017,FinTech,SMB,2023-11-04,SUB_02017,Starter,49,2023-11-04,,Active,34,2,817,1.0,20.0,4.0,0,Healthy (16+ logins),58.0
CUST_02018,E-commerce,SMB,2023-06-15,SUB_02018,Starter,49,2023-06-15,,Active,44,6,53,6.0,43.0,3.5,0,Healthy (16+ logins),200.0
CUST_02019,EdTech,Mid-Market,2022-10-17,SUB_02019,Pro,199,2022-10-17,,Active,30,13,818,0.0,0.0,5.0,0,Healthy (16+ logins),441.0
CUST_02020,E-commerce,SMB,2023-07-16,SUB_02020,Starter,49,2023-07-16,,Active,43,10,810,0.0,0.0,5.0,0,Healthy (16+ logins),169.0
CUST_02021,EdTech,Mid-Market,2023-05-25,SUB_02021,Pro,199,2023-05-25,,Active,43,6,319,2.0,32.0,3.5,0,Healthy (16+ logins),221.0
CUST_02022,Healthcare,Mid-Market,2022-06-24,SUB_02022,Starter,49,2022-06-24,,Active,11,10,478,2.0,46.0,5.0,0,Medium Risk (6-15 logins),556.0
CUST_02023,Healthcare,Enterprise,2022-10-29,SUB_02023,Enterprise,999,2022-10-29,,Active,18,4,8351,3.0,45.666666666666664,3.3333333333333335,0,Healthy (16+ logins),429.0
CUST_02024,Logistics,SMB,2023-11-27,SUB_02024,Pro,199,2023-11-27,2024-09-22,Churned,3,0,757,1.0,18.0,4.0,1,High Risk (≤5 logins),300.0
CUST_02025,EdTech,SMB,2022-07-04,SUB_02025,Starter,49,2022-07-04,2023-06-10,Churned,4,0,721,3.0,48.0,3.6666666666666665,1,High Risk (≤5 logins),341.0
CUST_02026,Logistics,Mid-Market,2022-12-05,SUB_02026,Starter,49,2022-12-05,,Active,28,6,220,2.0,44.5,2.0,0,Healthy (16+ logins),392.0
CUST_02027,FinTech,SMB,2023-05-25,SUB_02027,Pro,199,2023-05-25,,Active,29,12,681,4.0,54.0,3.75,0,Healthy (16+ logins),221.0
CUST_02028,EdTech,SMB,2022-11-06,SUB_02028,Starter,49,2022-11-06,,Active,36,8,933,4.0,33.25,2.75,0,Healthy (16+ logins),421.0
CUST_02029,E-commerce,SMB,2023-05-22,SUB_02029,Starter,49,2023-05-22,,Active,10,6,342,2.0,44.5,4.0,0,Medium Risk (6-15 logins),224.0
CUST_02030,FinTech,SMB,2022-12-12,SUB_02030,Starter,49,2022-12-12,,Active,20,13,213,3.0,45.333333333333336,4.333333333333333,0,Healthy (16+ logins),385.0
CUST_02031,FinTech,SMB,2022-03-22,SUB_02031,Enterprise,999,2022-03-22,,Active,7,9,18776,3.0,23.0,4.333333333333333,0,Medium Risk (6-15 logins),650.0
CUST_02032,E-commerce,Mid-Market,2023-01-09,SUB_02032,Pro,199,2023-01-09,,Active,25,3,580,3.0,40.666666666666664,2.3333333333333335,0,Healthy (16+ logins),357.0
CUST_02033,FinTech,Mid-Market,2022-06-05,SUB_02033,Pro,199,2022-06-05,,Active,36,14,745,2.0,54.5,3.5,0,Healthy (16+ logins),575.0
CUST_02034,EdTech,SMB,2023-03-08,SUB_02034,Pro,199,2023-03-08,,Active,6,3,14,1.0,20.0,4.0,0,Medium Risk (6-15 logins),299.0
CUST_02035,Logistics,SMB,2023-05-15,SUB_02035,Enterprise,999,2023-05-15,2023-12-12,Churned,3,1,13300,7.0,34.57142857142857,3.2857142857142856,1,High Risk (≤5 logins),211.0
CUST_02036,FinTech,SMB,2022-05-27,SUB_02036,Enterprise,999,2022-05-27,2022-12-01,Churned,0,0,29960,2.0,32.5,1.5,1,High Risk (≤5 logins),188.0
CUST_02037,EdTech,Mid-Market,2023-04-26,SUB_02037,Enterprise,999,2023-04-26,,Active,22,14,47418,1.0,36.0,4.0,0,Healthy (16+ logins),250.0
CUST_02038,Healthcare,SMB,2023-03-11,SUB_02038,Starter,49,2023-03-11,,Active,15,14,133,6.0,43.666666666666664,3.8333333333333335,0,Medium Risk (6-15 logins),296.0
CUST_02039,EdTech,Mid-Market,2023-06-03,SUB_02039,Starter,49,2023-06-03,,Active,39,6,717,0.0,0.0,5.0,0,Healthy (16+ logins),212.0
CUST_02040,Logistics,SMB,2023-10-31,SUB_02040,Pro,199,2023-10-31,,Active,40,7,23,2.0,37.5,3.0,0,Healthy (16+ logins),62.0
CUST_02041,EdTech,Mid-Market,2023-11-14,SUB_02041,Pro,199,2023-11-14,,Active,42,7,376,0.0,0.0,5.0,0,Healthy (16+ logins),48.0
CUST_02042,E-commerce,SMB,2022-03-10,SUB_02042,Starter,49,2022-03-10,,Active,16,5,596,1.0,19.0,5.0,0,Healthy (16+ logins),662.0
CUST_02043,Logistics,Mid-Market,2023-08-29,SUB_02043,Starter,49,2023-08-29,,Active,35,6,141,4.0,35.5,3.25,0,Healthy (16+ logins),125.0
CUST_02044,Healthcare,SMB,2022-07-05,SUB_02044,Pro,199,2022-07-05,2023-02-08,Churned,3,0,651,6.0,40.5,3.8333333333333335,1,High Risk (≤5 logins),218.0
CUST_02045,E-commerce,Mid-Market,2023-11-13,SUB_02045,Pro,199,2023-11-13,,Active,34,11,438,1.0,23.0,2.0,0,Healthy (16+ logins),49.0
CUST_02046,EdTech,SMB,2022-07-23,SUB_02046,Starter,49,2022-07-23,,Active,48,2,323,1.0,43.0,1.0,0,Healthy (16+ logins),527.0
CUST_02047,Logistics,Mid-Market,2023-07-08,SUB_02047,Pro,199,2023-07-08,,Active,8,10,121,5.0,27.8,3.8,0,Medium Risk (6-15 logins),177.0
CUST_02048,Healthcare,Mid-Market,2022-01-13,SUB_02048,Pro,199,2022-01-13,,Active,6,14,299,2.0,31.0,3.0,0,Medium Risk (6-15 logins),718.0
CUST_02049,E-commerce,SMB,2023-10-28,SUB_02049,Pro,199,2023-10-28,,Active,48,12,340,4.0,42.5,3.75,0,Healthy (16+ logins),65.0
CUST_02050,Healthcare,Mid-Market,2022-10-01,SUB_02050,Starter,49,2022-10-01,,Active,17,7,976,5.0,44.8,3.4,0,Healthy (16+ logins),457.0
CUST_02051,EdTech,SMB,2022-10-25,SUB_02051,Starter,49,2022-10-25,2023-05-28,Churned,2,0,988,3.0,43.333333333333336,4.0,1,High Risk (≤5 logins),215.0
CUST_02052,Healthcare,SMB,2022-02-20,SUB_02052,Starter,49,2022-02-20,2023-01-24,Churned,2,0,178,2.0,43.0,2.5,1,High Risk (≤5 logins),338.0
CUST_02053,FinTech,SMB,2023-05-15,SUB_02053,Starter,49,2023-05-15,2024-02-14,Churned,3,1,207,3.0,64.66666666666667,1.3333333333333333,1,High Risk (≤5 logins),275.0
CUST_02054,E-commerce,SMB,2023-01-04,SUB_02054,Pro,199,2023-01-04,2023-12-16,Churned,2,1,977,1.0,18.0,4.0,1,High Risk (≤5 logins),346.0
CUST_02055,Healthcare,Mid-Market,2023-10-18,SUB_02055,Starter,49,2023-10-18,2023-12-28,Churned,1,1,165,1.0,71.0,3.0,1,High Risk (≤5 logins),71.0
CUST_02056,EdTech,Mid-Market,2022-12-23,SUB_02056,Enterprise,999,2022-12-23,,Active,9,1,7157,1.0,53.0,4.0,0,Medium Risk (6-15 logins),374.0
CUST_02057,EdTech,SMB,2022-01-03,SUB_02057,Starter,49,2022-01-03,2022-11-13,Churned,3,0,633,4.0,41.25,3.5,1,High Risk (≤5 logins),314.0
CUST_02058,Healthcare,SMB,2022-09-11,SUB_02058,Starter,49,2022-09-11,,Active,34,5,555,3.0,41.666666666666664,4.0,0,Healthy (16+ logins),477.0
CUST_02059,EdTech,Mid-Market,2023-04-20,SUB_02059,Pro,199,2023-04-20,,Active,18,3,74,1.0,26.0,4.0,0,Healthy (16+ logins),256.0
CUST_02060,Logistics,Enterprise,2023-05-21,SUB_02060,Pro,199,2023-05-21,,Active,47,14,479,0.0,0.0,5.0,0,Healthy (16+ logins),225.0
CUST_02061,Logistics,SMB,2022-09-13,SUB_02061,Starter,49,2022-09-13,2023-08-08,Churned,0,1,347,4.0,31.0,3.5,1,High Risk (≤5 logins),329.0
CUST_02062,Logistics,Enterprise,2023-09-02,SUB_02062,Pro,199,2023-09-02,,Active,14,13,271,1.0,50.0,2.0,0,Medium Risk (6-15 logins),121.0
CUST_02063,FinTech,SMB,2023-11-16,SUB_02063,Pro,199,2023-11-16,,Active,10,10,993,1.0,30.0,4.0,0,Medium Risk (6-15 logins),46.0
CUST_02064,Healthcare,SMB,2022-05-30,SUB_02064,Pro,199,2022-05-30,,Active,20,7,945,2.0,33.0,4.0,0,Healthy (16+ logins),581.0
CUST_02065,FinTech,Mid-Market,2023-05-03,SUB_02065,Pro,199,2023-05-03,,Active,30,7,989,3.0,35.0,3.6666666666666665,0,Healthy (16+ logins),243.0
CUST_02066,EdTech,SMB,2022-10-06,SUB_02066,Starter,49,2022-10-06,,Active,25,7,165,3.0,26.0,3.3333333333333335,0,Healthy (16+ logins),452.0
CUST_02067,FinTech,SMB,2022-02-28,SUB_02067,Pro,199,2022-02-28,2023-01-17,Churned,1,1,761,2.0,47.5,3.5,1,High Risk (≤5 logins),323.0
CUST_02068,EdTech,SMB,2023-03-22,SUB_02068,Pro,199,2023-03-22,2023-10-18,Churned,3,1,85,2.0,64.0,4.0,1,High Risk (≤5 logins),210.0
CUST_02069,EdTech,Mid-Market,2022-04-23,SUB_02069,Starter,49,2022-04-23,2022-11-20,Churned,2,1,900,3.0,48.0,3.6666666666666665,1,High Risk (≤5 logins),211.0
CUST_02070,E-commerce,Mid-Market,2023-07-23,SUB_02070,Starter,49,2023-07-23,,Active,34,9,648,4.0,29.5,4.5,0,Healthy (16+ logins),162.0
CUST_02071,Logistics,SMB,2023-05-04,SUB_02071,Enterprise,999,2023-05-04,,Active,9,12,2215,2.0,10.0,5.0,0,Medium Risk (6-15 logins),242.0
CUST_02072,EdTech,SMB,2023-02-11,SUB_02072,Starter,49,2023-02-11,,Active,14,9,550,2.0,45.5,4.0,0,Medium Risk (6-15 logins),324.0
CUST_02073,E-commerce,SMB,2023-01-02,SUB_02073,Starter,49,2023-01-02,,Active,35,7,598,2.0,46.5,4.0,0,Healthy (16+ logins),364.0
CUST_02074,Logistics,SMB,2022-03-01,SUB_02074,Enterprise,999,2022-03-01,,Active,15,7,3264,3.0,40.0,2.3333333333333335,0,Medium Risk (6-15 logins),671.0
CUST_02075,EdTech,SMB,2022-11-25,SUB_02075,Starter,49,2022-11-25,2023-07-30,Churned,3,0,671,2.0,31.0,3.5,1,High Risk (≤5 logins),247.0
CUST_02076,EdTech,Mid-Market,2023-04-14,SUB_02076,Starter,49,2023-04-14,,Active,11,11,575,4.0,54.25,4.5,0,Medium Risk (6-15 logins),262.0
CUST_02077,FinTech,SMB,2023-07-21,SUB_02077,Pro,199,2023-07-21,2024-01-29,Churned,0,1,222,3.0,50.666666666666664,4.333333333333333,1,High Risk (≤5 logins),192.0
CUST_02078,FinTech,SMB,2022-03-04,SUB_02078,Pro,199,2022-03-04,2022-05-18,Churned,1,1,416,1.0,51.0,3.0,1,High Risk (≤5 logins),75.0
CUST_02079,Logistics,SMB,2022-07-03,SUB_02079,Starter,49,2022-07-03,,Active,45,9,361,2.0,62.5,5.0,0,Healthy (16+ logins),547.0
CUST_02080,EdTech,SMB,2022-11-07,SUB_02080,Pro,199,2022-11-07,2023-03-08,Churned,0,1,345,2.0,25.0,5.0,1,High Risk (≤5 logins),121.0
CUST_02081,Healthcare,Enterprise,2023-06-22,SUB_02081,Pro,199,2023-06-22,,Active,32,7,145,1.0,47.0,3.0,0,Healthy (16+ logins),193.0
CUST_02082,FinTech,SMB,2022-06-26,SUB_02082,Pro,199,2022-06-26,,Active,20,12,715,1.0,62.0,2.0,0,Healthy (16+ logins),554.0
CUST_02083,Logistics,SMB,2023-07-29,SUB_02083,Starter,49,2023-07-29,,Active,7,7,66,7.0,47.285714285714285,2.5714285714285716,0,Medium Risk (6-15 logins),156.0
CUST_02084,EdTech,SMB,2023-03-05,SUB_02084,Starter,49,2023-03-05,,Active,41,9,516,1.0,51.0,5.0,0,Healthy (16+ logins),302.0
CUST_02085,EdTech,SMB,2022-03-14,SUB_02085,Starter,49,2022-03-14,,Active,36,7,973,5.0,34.0,3.2,0,Healthy (16+ logins),658.0
CUST_02086,Healthcare,SMB,2022-06-16,SUB_02086,Pro,199,2022-06-16,,Active,25,14,58,5.0,35.0,3.0,0,Healthy (16+ logins),564.0
CUST_02087,Logistics,SMB,2022-08-13,SUB_02087,Pro,199,2022-08-13,,Active,49,3,587,1.0,36.0,1.0,0,Healthy (16+ logins),506.0
CUST_02088,EdTech,SMB,2023-07-31,SUB_02088,Enterprise,999,2023-07-31,,Active,22,6,38106,4.0,35.25,2.75,0,Healthy (16+ logins),154.0
CUST_02089,FinTech,SMB,2023-08-04,SUB_02089,Pro,199,2023-08-04,,Active,15,6,759,3.0,30.666666666666668,4.666666666666667,0,Medium Risk (6-15 logins),150.0
CUST_02090,Healthcare,SMB,2022-01-09,SUB_02090,Pro,199,2022-01-09,,Active,12,11,15,2.0,45.5,4.0,0,Medium Risk (6-15 logins),722.0
CUST_02091,Logistics,SMB,2022-08-24,SUB_02091,Starter,49,2022-08-24,,Active,16,12,586,4.0,29.75,3.5,0,Healthy (16+ logins),495.0
CUST_02092,Healthcare,Enterprise,2023-11-16,SUB_02092,Pro,199,2023-11-16,,Active,6,7,867,5.0,34.2,3.6,0,Medium Risk (6-15 logins),46.0
CUST_02093,FinTech,SMB,2022-01-28,SUB_02093,Pro,199,2022-01-28,,Active,45,6,485,5.0,37.8,3.4,0,Healthy (16+ logins),703.0
CUST_02094,Logistics,SMB,2023-10-08,SUB_02094,Pro,199,2023-10-08,,Active,26,4,888,2.0,47.0,5.0,0,Healthy (16+ logins),85.0
CUST_02095,Healthcare,SMB,2022-01-27,SUB_02095,Starter,49,2022-01-27,2022-06-10,Churned,4,0,175,2.0,29.0,3.0,1,High Risk (≤5 logins),134.0
CUST_02096,E-commerce,SMB,2023-07-04,SUB_02096,Enterprise,999,2023-07-04,,Active,18,6,17915,3.0,44.666666666666664,1.6666666666666667,0,Healthy (16+ logins),181.0
CUST_02097,FinTech,Mid-Market,2022-07-15,SUB_02097,Starter,49,2022-07-15,,Active,19,3,460,2.0,44.5,3.5,0,Healthy (16+ logins),535.0
CUST_02098,FinTech,SMB,2022-07-22,SUB_02098,Starter,49,2022-07-22,,Active,15,1,135,3.0,39.333333333333336,4.0,0,Medium Risk (6-15 logins),528.0
CUST_02099,FinTech,Mid-Market,2022-03-26,SUB_02099,Pro,199,2022-03-26,,Active,17,1,427,2.0,22.0,2.5,0,Healthy (16+ logins),646.0
CUST_02100,E-commerce,SMB,2022-01-30,SUB_02100,Pro,199,2022-01-30,,Active,32,5,788,3.0,32.0,3.3333333333333335,0,Healthy (16+ logins),701.0
CUST_02101,E-commerce,SMB,2023-04-11,SUB_02101,Starter,49,2023-04-11,,Active,29,11,793,3.0,31.666666666666668,2.6666666666666665,0,Healthy (16+ logins),265.0
CUST_02102,EdTech,Mid-Market,2022-04-09,SUB_02102,Pro,199,2022-04-09,2022-12-01,Churned,3,1,997,4.0,24.5,2.25,1,High Risk (≤5 logins),236.0
CUST_02103,Healthcare,SMB,2022-07-09,SUB_02103,Starter,49,2022-07-09,2023-07-01,Churned,2,1,930,3.0,36.666666666666664,3.0,1,High Risk (≤5 logins),357.0
CUST_02104,EdTech,SMB,2022-01-12,SUB_02104,Starter,49,2022-01-12,,Active,41,8,910,1.0,52.0,5.0,0,Healthy (16+ logins),719.0
CUST_02105,Healthcare,SMB,2023-08-26,SUB_02105,Starter,49,2023-08-26,2024-02-10,Churned,2,0,679,5.0,30.0,4.4,1,High Risk (≤5 logins),168.0
CUST_02106,E-commerce,Mid-Market,2022-01-30,SUB_02106,Pro,199,2022-01-30,,Active,29,13,541,0.0,0.0,5.0,0,Healthy (16+ logins),701.0
CUST_02107,E-commerce,SMB,2022-02-07,SUB_02107,Enterprise,999,2022-02-07,2022-04-06,Churned,1,1,38584,2.0,51.5,4.0,1,High Risk (≤5 logins),58.0
CUST_02108,EdTech,Mid-Market,2023-07-26,SUB_02108,Pro,199,2023-07-26,,Active,12,8,335,0.0,0.0,5.0,0,Medium Risk (6-15 logins),159.0
CUST_02109,Logistics,SMB,2022-10-21,SUB_02109,Enterprise,999,2022-10-21,,Active,21,9,1799,4.0,37.5,2.25,0,Healthy (16+ logins),437.0
CUST_02110,EdTech,Mid-Market,2022-12-26,SUB_02110,Starter,49,2022-12-26,,Active,35,9,512,2.0,67.0,5.0,0,Healthy (16+ logins),371.0
CUST_02111,Healthcare,SMB,2023-10-17,SUB_02111,Starter,49,2023-10-17,,Active,30,2,170,4.0,24.0,3.0,0,Healthy (16+ logins),76.0
CUST_02112,EdTech,Mid-Market,2022-06-29,SUB_02112,Pro,199,2022-06-29,,Active,15,12,923,3.0,40.666666666666664,3.6666666666666665,0,Medium Risk (6-15 logins),551.0
CUST_02113,FinTech,SMB,2022-04-22,SUB_02113,Starter,49,2022-04-22,,Active,34,8,128,6.0,48.0,3.5,0,Healthy (16+ logins),619.0
CUST_02114,Healthcare,Enterprise,2023-03-20,SUB_02114,Pro,199,2023-03-20,,Active,15,2,679,2.0,50.5,3.0,0,Medium Risk (6-15 logins),287.0
CUST_02115,Healthcare,SMB,2022-01-21,SUB_02115,Pro,199,2022-01-21,,Active,7,7,417,2.0,23.0,4.5,0,Medium Risk (6-15 logins),710.0
CUST_02116,Logistics,SMB,2022-05-25,SUB_02116,Enterprise,999,2022-05-25,,Active,44,8,8181,6.0,41.166666666666664,3.8333333333333335,0,Healthy (16+ logins),586.0
CUST_02117,E-commerce,SMB,2023-05-14,SUB_02117,Starter,49,2023-05-14,,Active,44,1,60,1.0,44.0,5.0,0,Healthy (16+ logins),232.0
CUST_02118,Healthcare,SMB,2022-05-26,SUB_02118,Starter,49,2022-05-26,2023-03-02,Churned,4,1,116,5.0,36.0,3.2,1,High Risk (≤5 logins),280.0
CUST_02119,E-commerce,SMB,2023-03-17,SUB_02119,Pro,199,2023-03-17,2023-10-23,Churned,1,0,833,0.0,0.0,5.0,1,High Risk (≤5 logins),220.0
CUST_02120,EdTech,Enterprise,2023-02-25,SUB_02120,Starter,49,2023-02-25,,Active,32,13,634,2.0,18.0,3.0,0,Healthy (16+ logins),310.0
CUST_02121,FinTech,Enterprise,2022-11-12,SUB_02121,Pro,199,2022-11-12,,Active,26,1,771,1.0,18.0,5.0,0,Healthy (16+ logins),415.0
CUST_02122,Logistics,SMB,2022-06-15,SUB_02122,Starter,49,2022-06-15,,Active,46,7,472,2.0,19.5,2.0,0,Healthy (16+ logins),565.0
CUST_02123,E-commerce,Enterprise,2023-10-14,SUB_02123,Starter,49,2023-10-14,,Active,22,10,737,1.0,51.0,4.0,0,Healthy (16+ logins),79.0
CUST_02124,Healthcare,SMB,2022-07-22,SUB_02124,Starter,49,2022-07-22,2022-10-06,Churned,3,0,396,2.0,39.0,3.5,1,High Risk (≤5 logins),76.0
CUST_02125,E-commerce,SMB,2023-05-11,SUB_02125,Starter,49,2023-05-11,,Active,30,8,803,2.0,49.5,4.5,0,Healthy (16+ logins),235.0
CUST_02126,Healthcare,Mid-Market,2023-09-17,SUB_02126,Pro,199,2023-09-17,2024-06-23,Churned,2,0,863,3.0,31.0,3.3333333333333335,1,High Risk (≤5 logins),280.0
CUST_02127,E-commerce,Mid-Market,2023-04-13,SUB_02127,Starter,49,2023-04-13,,Active,33,2,956,3.0,49.333333333333336,4.333333333333333,0,Healthy (16+ logins),263.0
CUST_02128,Healthcare,Enterprise,2023-01-20,SUB_02128,Starter,49,2023-01-20,,Active,15,1,697,2.0,19.0,3.5,0,Medium Risk (6-15 logins),346.0
CUST_02129,EdTech,SMB,2022-11-10,SUB_02129,Starter,49,2022-11-10,2023-08-29,Churned,4,0,596,3.0,26.333333333333332,3.6666666666666665,1,High Risk (≤5 logins),292.0
CUST_02130,Healthcare,Mid-Market,2022-09-12,SUB_02130,Starter,49,2022-09-12,,Active,5,10,217,6.0,49.666666666666664,3.8333333333333335,0,High Risk (≤5 logins),476.0
CUST_02131,Healthcare,SMB,2022-01-23,SUB_02131,Starter,49,2022-01-23,,Active,20,6,654,3.0,45.333333333333336,3.6666666666666665,0,Healthy (16+ logins),708.0
CUST_02132,FinTech,SMB,2022-12-05,SUB_02132,Starter,49,2022-12-05,2023-03-08,Churned,0,0,476,4.0,51.0,3.5,1,High Risk (≤5 logins),93.0
CUST_02133,Healthcare,SMB,2023-05-08,SUB_02133,Pro,199,2023-05-08,,Active,42,1,601,1.0,39.0,2.0,0,Healthy (16+ logins),238.0
CUST_02134,FinTech,Enterprise,2023-05-26,SUB_02134,Pro,199,2023-05-26,,Active,22,3,852,2.0,28.0,4.0,0,Healthy (16+ logins),220.0
CUST_02135,Logistics,Mid-Market,2023-01-01,SUB_02135,Pro,199,2023-01-01,2023-12-16,Churned,0,1,267,3.0,37.0,3.0,1,High Risk (≤5 logins),349.0
CUST_02136,FinTech,Mid-Market,2023-01-07,SUB_02136,Pro,199,2023-01-07,,Active,23,9,75,2.0,37.5,4.5,0,Healthy (16+ logins),359.0
CUST_02137,EdTech,SMB,2023-08-22,SUB_02137,Starter,49,2023-08-22,2024-06-14,Churned,1,1,68,7.0,41.57142857142857,3.4285714285714284,1,High Risk (≤5 logins),297.0
CUST_02138,FinTech,SMB,2022-08-07,SUB_02138,Pro,199,2022-08-07,,Active,9,3,444,1.0,49.0,3.0,0,Medium Risk (6-15 logins),512.0
CUST_02139,Logistics,SMB,2023-04-20,SUB_02139,Pro,199,2023-04-20,,Active,31,8,297,5.0,28.8,4.2,0,Healthy (16+ logins),256.0
CUST_02140,EdTech,SMB,2023-02-27,SUB_02140,Starter,49,2023-02-27,2023-04-09,Churned,2,1,473,2.0,27.0,3.5,1,High Risk (≤5 logins),41.0
CUST_02141,E-commerce,SMB,2022-12-22,SUB_02141,Pro,199,2022-12-22,,Active,10,1,159,1.0,37.0,5.0,0,Medium Risk (6-15 logins),375.0
CUST_02142,E-commerce,Mid-Market,2023-04-05,SUB_02142,Starter,49,2023-04-05,,Active,38,6,897,2.0,17.0,4.5,0,Healthy (16+ logins),271.0
CUST_02143,FinTech,SMB,2023-05-18,SUB_02143,Starter,49,2023-05-18,,Active,20,13,7,0.0,0.0,5.0,0,Healthy (16+ logins),228.0
CUST_02144,FinTech,SMB,2022-01-27,SUB_02144,Pro,199,2022-01-27,,Active,27,5,730,2.0,16.0,3.5,0,Healthy (16+ logins),704.0
CUST_02145,Logistics,SMB,2022-08-11,SUB_02145,Starter,49,2022-08-11,,Active,47,8,484,7.0,29.714285714285715,3.142857142857143,0,Healthy (16+ logins),508.0
CUST_02146,Logistics,SMB,2023-11-21,SUB_02146,Starter,49,2023-11-21,2024-10-07,Churned,1,1,821,2.0,35.5,4.0,1,High Risk (≤5 logins),321.0
CUST_02147,Healthcare,SMB,2022-05-28,SUB_02147,Starter,49,2022-05-28,2022-07-25,Churned,4,1,903,2.0,52.0,4.0,1,High Risk (≤5 logins),58.0
CUST_02148,Logistics,Enterprise,2023-02-28,SUB_02148,Starter,49,2023-02-28,,Active,47,12,87,4.0,49.0,2.75,0,Healthy (16+ logins),307.0
CUST_02149,Healthcare,Mid-Market,2022-12-17,SUB_02149,Starter,49,2022-12-17,,Active,27,7,140,0.0,0.0,5.0,0,Healthy (16+ logins),380.0
CUST_02150,EdTech,Mid-Market,2022-07-05,SUB_02150,Pro,199,2022-07-05,2022-12-20,Churned,3,1,540,1.0,56.0,3.0,1,High Risk (≤5 logins),168.0
CUST_02151,FinTech,SMB,2023-02-19,SUB_02151,Pro,199,2023-02-19,2023-06-13,Churned,1,1,524,3.0,32.333333333333336,3.6666666666666665,1,High Risk (≤5 logins),114.0
CUST_02152,EdTech,SMB,2023-03-05,SUB_02152,Pro,199,2023-03-05,,Active,33,12,825,2.0,21.0,3.5,0,Healthy (16+ logins),302.0
CUST_02153,Logistics,SMB,2022-02-10,SUB_02153,Starter,49,2022-02-10,,Active,12,8,574,3.0,33.0,3.6666666666666665,0,Medium Risk (6-15 logins),690.0
CUST_02154,EdTech,Mid-Market,2023-01-28,SUB_02154,Enterprise,999,2023-01-28,,Active,33,6,28837,1.0,58.0,3.0,0,Healthy (16+ logins),338.0
CUST_02155,EdTech,Mid-Market,2022-03-20,SUB_02155,Pro,199,2022-03-20,,Active,22,13,686,4.0,33.5,2.25,0,Healthy (16+ logins),652.0
CUST_02156,EdTech,SMB,2023-06-28,SUB_02156,Starter,49,2023-06-28,,Active,9,3,974,2.0,42.5,4.0,0,Medium Risk (6-15 logins),187.0
CUST_02157,Logistics,SMB,2023-03-26,SUB_02157,Pro,199,2023-03-26,,Active,16,5,215,8.0,40.0,4.125,0,Healthy (16+ logins),281.0
CUST_02158,EdTech,SMB,2023-04-19,SUB_02158,Pro,199,2023-04-19,,Active,14,7,505,0.0,0.0,5.0,0,Medium Risk (6-15 logins),257.0
CUST_02159,Healthcare,Mid-Market,2022-05-22,SUB_02159,Pro,199,2022-05-22,,Active,41,9,746,4.0,41.0,3.5,0,Healthy (16+ logins),589.0
CUST_02160,Logistics,Enterprise,2022-09-08,SUB_02160,Starter,49,2022-09-08,,Active,21,4,598,1.0,25.0,4.0,0,Healthy (16+ logins),480.0
CUST_02161,EdTech,SMB,2022-10-21,SUB_02161,Starter,49,2022-10-21,,Active,36,12,73,3.0,63.333333333333336,3.3333333333333335,0,Healthy (16+ logins),437.0
CUST_02162,Logistics,SMB,2023-09-02,SUB_02162,Pro,199,2023-09-02,2023-12-14,Churned,0,1,805,3.0,33.666666666666664,4.0,1,High Risk (≤5 logins),103.0
CUST_02163,E-commerce,SMB,2022-05-16,SUB_02163,Pro,199,2022-05-16,,Active,35,2,580,2.0,58.0,3.5,0,Healthy (16+ logins),595.0
CUST_02164,Healthcare,SMB,2023-04-29,SUB_02164,Pro,199,2023-04-29,2024-02-03,Churned,2,1,68,2.0,56.0,4.0,1,High Risk (≤5 logins),280.0
CUST_02165,EdTech,SMB,2022-11-08,SUB_02165,Pro,199,2022-11-08,2023-07-19,Churned,2,0,222,4.0,40.0,3.75,1,High Risk (≤5 logins),253.0
CUST_02166,E-commerce,SMB,2023-07-09,SUB_02166,Pro,199,2023-07-09,2023-09-23,Churned,3,1,935,1.0,64.0,5.0,1,High Risk (≤5 logins),76.0
CUST_02167,E-commerce,Mid-Market,2023-09-24,SUB_02167,Starter,49,2023-09-24,,Active,12,5,896,4.0,39.5,3.75,0,Medium Risk (6-15 logins),99.0
CUST_02168,Logistics,Mid-Market,2022-02-15,SUB_02168,Pro,199,2022-02-15,2022-06-05,Churned,4,1,385,1.0,68.0,1.0,1,High Risk (≤5 logins),110.0
CUST_02169,E-commerce,SMB,2022-08-24,SUB_02169,Starter,49,2022-08-24,,Active,24,1,880,3.0,25.0,2.0,0,Healthy (16+ logins),495.0
CUST_02170,Healthcare,Mid-Market,2022-02-17,SUB_02170,Pro,199,2022-02-17,2022-07-17,Churned,4,1,284,3.0,44.666666666666664,3.6666666666666665,1,High Risk (≤5 logins),150.0
CUST_02171,Healthcare,SMB,2022-07-17,SUB_02171,Pro,199,2022-07-17,2022-09-27,Churned,3,1,121,3.0,32.0,3.3333333333333335,1,High Risk (≤5 logins),72.0
CUST_02172,FinTech,SMB,2022-03-25,SUB_02172,Starter,49,2022-03-25,2022-09-16,Churned,4,0,774,2.0,17.5,4.5,1,High Risk (≤5 logins),175.0
CUST_02173,Healthcare,SMB,2023-06-27,SUB_02173,Pro,199,2023-06-27,,Active,7,11,732,0.0,0.0,5.0,0,Medium Risk (6-15 logins),188.0
CUST_02174,E-commerce,SMB,2022-06-10,SUB_02174,Starter,49,2022-06-10,,Active,39,2,440,1.0,46.0,4.0,0,Healthy (16+ logins),570.0
CUST_02175,Healthcare,SMB,2023-03-04,SUB_02175,Starter,49,2023-03-04,2023-06-15,Churned,3,0,822,2.0,21.0,2.0,1,High Risk (≤5 logins),103.0
CUST_02176,Logistics,SMB,2022-03-12,SUB_02176,Starter,49,2022-03-12,,Active,25,3,456,0.0,0.0,5.0,0,Healthy (16+ logins),660.0
CUST_02177,FinTech,SMB,2023-06-04,SUB_02177,Starter,49,2023-06-04,2023-08-25,Churned,4,0,163,2.0,51.5,4.0,1,High Risk (≤5 logins),82.0
CUST_02178,E-commerce,Enterprise,2022-02-21,SUB_02178,Starter,49,2022-02-21,,Active,30,7,262,6.0,35.333333333333336,3.5,0,Healthy (16+ logins),679.0
CUST_02179,FinTech,SMB,2022-02-14,SUB_02179,Starter,49,2022-02-14,,Active,27,2,91,2.0,35.0,4.5,0,Healthy (16+ logins),686.0
CUST_02180,E-commerce,SMB,2022-10-20,SUB_02180,Pro,199,2022-10-20,,Active,36,2,777,2.0,62.0,3.5,0,Healthy (16+ logins),438.0
CUST_02181,Logistics,SMB,2023-04-10,SUB_02181,Pro,199,2023-04-10,,Active,6,3,335,1.0,58.0,4.0,0,Medium Risk (6-15 logins),266.0
CUST_02182,FinTech,Mid-Market,2023-07-04,SUB_02182,Pro,199,2023-07-04,,Active,43,13,585,1.0,53.0,5.0,0,Healthy (16+ logins),181.0
CUST_02183,EdTech,SMB,2023-01-15,SUB_02183,Starter,49,2023-01-15,,Active,6,12,934,4.0,53.25,3.75,0,Medium Risk (6-15 logins),351.0
CUST_02184,E-commerce,Mid-Market,2023-04-23,SUB_02184,Enterprise,999,2023-04-23,,Active,43,1,30803,2.0,47.5,3.5,0,Healthy (16+ logins),253.0
CUST_02185,EdTech,SMB,2022-09-19,SUB_02185,Pro,199,2022-09-19,,Active,19,2,601,1.0,63.0,3.0,0,Healthy (16+ logins),469.0
CUST_02186,FinTech,SMB,2023-08-03,SUB_02186,Starter,49,2023-08-03,,Active,20,5,865,1.0,31.0,4.0,0,Healthy (16+ logins),151.0
CUST_02187,EdTech,SMB,2022-06-28,SUB_02187,Pro,199,2022-06-28,2023-03-17,Churned,3,0,993,1.0,24.0,5.0,1,High Risk (≤5 logins),262.0
CUST_02188,EdTech,SMB,2022-12-23,SUB_02188,Starter,49,2022-12-23,2023-11-12,Churned,1,1,807,5.0,46.0,4.2,1,High Risk (≤5 logins),324.0
CUST_02189,FinTech,SMB,2023-02-23,SUB_02189,Pro,199,2023-02-23,2023-10-10,Churned,2,1,909,1.0,20.0,2.0,1,High Risk (≤5 logins),229.0
CUST_02190,Logistics,SMB,2023-11-29,SUB_02190,Starter,49,2023-11-29,,Active,25,6,465,1.0,53.0,2.0,0,Healthy (16+ logins),33.0
CUST_02191,EdTech,SMB,2022-07-20,SUB_02191,Starter,49,2022-07-20,,Active,43,2,640,5.0,33.2,3.2,0,Healthy (16+ logins),530.0
CUST_02192,EdTech,SMB,2022-01-13,SUB_02192,Pro,199,2022-01-13,,Active,15,14,400,3.0,48.0,3.3333333333333335,0,Medium Risk (6-15 logins),718.0
CUST_02193,Logistics,SMB,2023-03-19,SUB_02193,Starter,49,2023-03-19,2023-09-26,Churned,4,0,560,0.0,0.0,5.0,1,High Risk (≤5 logins),191.0
CUST_02194,EdTech,Enterprise,2022-10-13,SUB_02194,Starter,49,2022-10-13,,Active,40,4,597,2.0,69.0,2.5,0,Healthy (16+ logins),445.0
CUST_02195,EdTech,SMB,2022-09-15,SUB_02195,Enterprise,999,2022-09-15,,Active,22,3,34702,4.0,37.75,4.25,0,Healthy (16+ logins),473.0
CUST_02196,EdTech,Mid-Market,2023-07-24,SUB_02196,Enterprise,999,2023-07-24,2023-09-28,Churned,4,1,35076,1.0,53.0,5.0,1,High Risk (≤5 logins),66.0
CUST_02197,Healthcare,Mid-Market,2023-07-02,SUB_02197,Pro,199,2023-07-02,,Active,17,14,646,6.0,47.0,3.6666666666666665,0,Healthy (16+ logins),183.0
CUST_02198,Logistics,SMB,2023-05-05,SUB_02198,Starter,49,2023-05-05,,Active,48,8,910,3.0,24.333333333333332,3.0,0,Healthy (16+ logins),241.0
CUST_02199,EdTech,SMB,2023-05-13,SUB_02199,Starter,49,2023-05-13,2023-09-16,Churned,1,0,626,0.0,0.0,5.0,1,High Risk (≤5 logins),126.0
CUST_02200,Logistics,SMB,2022-11-29,SUB_02200,Pro,199,2022-11-29,,Active,43,1,276,1.0,12.0,2.0,0,Healthy (16+ logins),398.0
CUST_02201,E-commerce,Mid-Market,2023-07-16,SUB_02201,Starter,49,2023-07-16,,Active,48,4,65,6.0,36.5,3.1666666666666665,0,Healthy (16+ logins),169.0
CUST_02202,E-commerce,Mid-Market,2022-02-01,SUB_02202,Starter,49,2022-02-01,,Active,48,6,698,3.0,31.333333333333332,3.3333333333333335,0,Healthy (16+ logins),699.0
CUST_02203,EdTech,Mid-Market,2023-09-02,SUB_02203,Pro,199,2023-09-02,,Active,49,6,943,3.0,38.333333333333336,4.0,0,Healthy (16+ logins),121.0
CUST_02204,Logistics,Enterprise,2022-02-12,SUB_02204,Starter,49,2022-02-12,,Active,5,13,856,1.0,24.0,5.0,0,High Risk (≤5 logins),688.0
CUST_02205,Logistics,Mid-Market,2022-12-17,SUB_02205,Starter,49,2022-12-17,2023-03-05,Churned,4,0,200,3.0,33.666666666666664,4.333333333333333,1,High Risk (≤5 logins),78.0
CUST_02206,Logistics,SMB,2022-11-30,SUB_02206,Starter,49,2022-11-30,,Active,25,1,467,3.0,52.0,3.6666666666666665,0,Healthy (16+ logins),397.0
CUST_02207,Healthcare,SMB,2023-07-13,SUB_02207,Starter,49,2023-07-13,,Active,20,13,433,3.0,36.666666666666664,4.333333333333333,0,Healthy (16+ logins),172.0
CUST_02208,E-commerce,Mid-Market,2022-09-27,SUB_02208,Starter,49,2022-09-27,,Active,18,14,137,2.0,32.5,4.0,0,Healthy (16+ logins),461.0
CUST_02209,Logistics,SMB,2023-02-17,SUB_02209,Starter,49,2023-02-17,,Active,47,5,51,1.0,13.0,5.0,0,Healthy (16+ logins),318.0
CUST_02210,Logistics,SMB,2023-07-29,SUB_02210,Starter,49,2023-07-29,,Active,47,10,724,2.0,34.0,2.5,0,Healthy (16+ logins),156.0
CUST_02211,Healthcare,Mid-Market,2022-01-19,SUB_02211,Pro,199,2022-01-19,,Active,6,1,451,2.0,66.5,4.5,0,Medium Risk (6-15 logins),712.0
CUST_02212,Healthcare,SMB,2022-12-13,SUB_02212,Pro,199,2022-12-13,,Active,35,6,157,1.0,28.0,5.0,0,Healthy (16+ logins),384.0
CUST_02213,Logistics,Enterprise,2023-09-05,SUB_02213,Starter,49,2023-09-05,,Active,43,9,801,0.0,0.0,5.0,0,Healthy (16+ logins),118.0
CUST_02214,FinTech,Mid-Market,2022-02-06,SUB_02214,Pro,199,2022-02-06,,Active,13,4,861,1.0,43.0,5.0,0,Medium Risk (6-15 logins),694.0
CUST_02215,Logistics,SMB,2023-09-11,SUB_02215,Starter,49,2023-09-11,2023-10-20,Churned,1,1,205,0.0,0.0,5.0,1,High Risk (≤5 logins),39.0
CUST_02216,Logistics,Enterprise,2022-04-02,SUB_02216,Starter,49,2022-04-02,,Active,18,10,341,0.0,0.0,5.0,0,Healthy (16+ logins),639.0
CUST_02217,Healthcare,SMB,2022-07-04,SUB_02217,Starter,49,2022-07-04,,Active,14,9,832,1.0,35.0,1.0,0,Medium Risk (6-15 logins),546.0
CUST_02218,Healthcare,SMB,2022-01-28,SUB_02218,Pro,199,2022-01-28,,Active,28,3,315,1.0,2.0,5.0,0,Healthy (16+ logins),703.0
CUST_02219,Logistics,SMB,2023-07-02,SUB_02219,Pro,199,2023-07-02,2023-09-09,Churned,3,1,135,3.0,51.666666666666664,4.0,1,High Risk (≤5 logins),69.0
CUST_02220,Logistics,SMB,2023-01-07,SUB_02220,Pro,199,2023-01-07,,Active,38,7,74,3.0,45.666666666666664,3.6666666666666665,0,Healthy (16+ logins),359.0
CUST_02221,Logistics,SMB,2023-06-14,SUB_02221,Starter,49,2023-06-14,,Active,24,5,448,3.0,53.0,4.666666666666667,0,Healthy (16+ logins),201.0
CUST_02222,Healthcare,SMB,2022-12-11,SUB_02222,Starter,49,2022-12-11,2023-06-11,Churned,4,0,68,2.0,53.0,3.0,1,High Risk (≤5 logins),182.0
CUST_02223,Logistics,SMB,2023-02-23,SUB_02223,Pro,199,2023-02-23,,Active,8,1,952,3.0,23.0,4.666666666666667,0,Medium Risk (6-15 logins),312.0
CUST_02224,Logistics,SMB,2022-07-15,SUB_02224,Starter,49,2022-07-15,,Active,38,7,812,2.0,45.5,3.0,0,Healthy (16+ logins),535.0
CUST_02225,EdTech,Mid-Market,2022-03-19,SUB_02225,Pro,199,2022-03-19,2022-08-01,Churned,4,1,560,3.0,42.333333333333336,3.3333333333333335,1,High Risk (≤5 logins),135.0
CUST_02226,FinTech,Mid-Market,2022-06-16,SUB_02226,Pro,199,2022-06-16,2022-08-25,Churned,4,0,201,2.0,6.0,4.0,1,High Risk (≤5 logins),70.0
CUST_02227,E-commerce,SMB,2022-03-31,SUB_02227,Pro,199,2022-03-31,,Active,26,1,573,1.0,14.0,4.0,0,Healthy (16+ logins),641.0
CUST_02228,FinTech,SMB,2022-09-21,SUB_02228,Enterprise,999,2022-09-21,,Active,8,9,46334,4.0,46.0,3.5,0,Medium Risk (6-15 logins),467.0
CUST_02229,EdTech,SMB,2023-04-17,SUB_02229,Enterprise,999,2023-04-17,,Active,9,7,46507,4.0,48.75,2.75,0,Medium Risk (6-15 logins),259.0
CUST_02230,E-commerce,SMB,2022-07-27,SUB_02230,Pro,199,2022-07-27,2023-02-05,Churned,3,0,660,4.0,34.0,3.25,1,High Risk (≤5 logins),193.0
CUST_02231,Logistics,Mid-Market,2022-09-28,SUB_02231,Pro,199,2022-09-28,,Active,49,6,995,4.0,41.5,2.75,0,Healthy (16+ logins),460.0
CUST_02232,EdTech,Mid-Market,2022-09-20,SUB_02232,Starter,49,2022-09-20,,Active,39,4,120,1.0,35.0,1.0,0,Healthy (16+ logins),468.0
CUST_02233,Logistics,SMB,2023-05-21,SUB_02233,Enterprise,999,2023-05-21,2024-03-03,Churned,3,1,43771,2.0,28.5,3.5,1,High Risk (≤5 logins),287.0
CUST_02234,Healthcare,SMB,2023-05-27,SUB_02234,Starter,49,2023-05-27,,Active,15,4,940,2.0,37.5,3.0,0,Medium Risk (6-15 logins),219.0
CUST_02235,EdTech,SMB,2023-07-30,SUB_02235,Starter,49,2023-07-30,2024-03-26,Churned,3,0,96,3.0,56.0,4.0,1,High Risk (≤5 logins),240.0
CUST_02236,Healthcare,Mid-Market,2023-06-08,SUB_02236,Starter,49,2023-06-08,2024-01-25,Churned,1,1,376,1.0,29.0,4.0,1,High Risk (≤5 logins),231.0
CUST_02237,EdTech,SMB,2022-11-08,SUB_02237,Starter,49,2022-11-08,,Active,6,2,490,1.0,44.0,5.0,0,Medium Risk (6-15 logins),419.0
CUST_02238,EdTech,Enterprise,2022-06-23,SUB_02238,Pro,199,2022-06-23,,Active,12,2,923,0.0,0.0,5.0,0,Medium Risk (6-15 logins),557.0
CUST_02239,Healthcare,Mid-Market,2023-03-07,SUB_02239,Pro,199,2023-03-07,,Active,38,3,52,2.0,23.5,3.5,0,Healthy (16+ logins),300.0
CUST_02240,E-commerce,SMB,2023-04-08,SUB_02240,Starter,49,2023-04-08,2023-11-18,Churned,3,1,8,4.0,40.0,4.0,1,High Risk (≤5 logins),224.0
CUST_02241,FinTech,SMB,2022-04-11,SUB_02241,Starter,49,2022-04-11,2022-07-02,Churned,2,1,330,3.0,52.0,3.6666666666666665,1,High Risk (≤5 logins),82.0
CUST_02242,Logistics,Enterprise,2022-01-16,SUB_02242,Enterprise,999,2022-01-16,,Active,27,1,2624,2.0,56.0,3.5,0,Healthy (16+ logins),715.0
CUST_02243,EdTech,SMB,2022-09-15,SUB_02243,Pro,199,2022-09-15,2023-03-10,Churned,3,0,359,3.0,36.666666666666664,2.0,1,High Risk (≤5 logins),176.0
CUST_02244,Logistics,SMB,2022-09-01,SUB_02244,Pro,199,2022-09-01,2023-07-09,Churned,1,1,348,0.0,0.0,5.0,1,High Risk (≤5 logins),311.0
CUST_02245,Healthcare,SMB,2022-12-14,SUB_02245,Starter,49,2022-12-14,,Active,35,4,123,2.0,26.5,3.5,0,Healthy (16+ logins),383.0
CUST_02246,Logistics,Mid-Market,2022-09-06,SUB_02246,Pro,199,2022-09-06,,Active,18,9,633,3.0,40.333333333333336,2.6666666666666665,0,Healthy (16+ logins),482.0
CUST_02247,Healthcare,Mid-Market,2022-04-15,SUB_02247,Starter,49,2022-04-15,,Active,5,5,198,3.0,38.333333333333336,4.0,0,High Risk (≤5 logins),626.0
CUST_02248,Logistics,Mid-Market,2023-11-25,SUB_02248,Starter,49,2023-11-25,,Active,31,11,828,2.0,21.0,4.5,0,Healthy (16+ logins),37.0
CUST_02249,FinTech,Mid-Market,2023-10-29,SUB_02249,Starter,49,2023-10-29,2024-10-02,Churned,1,1,410,6.0,44.5,3.0,1,High Risk (≤5 logins),339.0
CUST_02250,FinTech,Mid-Market,2022-10-14,SUB_02250,Starter,49,2022-10-14,2023-07-13,Churned,1,0,379,3.0,47.333333333333336,3.6666666666666665,1,High Risk (≤5 logins),272.0
CUST_02251,FinTech,Enterprise,2022-06-18,SUB_02251,Starter,49,2022-06-18,,Active,19,1,917,4.0,31.75,4.25,0,Healthy (16+ logins),562.0
CUST_02252,FinTech,SMB,2023-02-24,SUB_02252,Enterprise,999,2023-02-24,,Active,9,3,43387,4.0,42.25,2.5,0,Medium Risk (6-15 logins),311.0
CUST_02253,FinTech,SMB,2022-02-16,SUB_02253,Starter,49,2022-02-16,,Active,41,14,94,6.0,44.166666666666664,3.5,0,Healthy (16+ logins),684.0
CUST_02254,FinTech,Mid-Market,2022-02-12,SUB_02254,Starter,49,2022-02-12,,Active,8,7,29,3.0,36.666666666666664,3.6666666666666665,0,Medium Risk (6-15 logins),688.0
CUST_02255,Healthcare,Mid-Market,2022-11-17,SUB_02255,Starter,49,2022-11-17,,Active,24,7,91,2.0,24.0,5.0,0,Healthy (16+ logins),410.0
CUST_02256,EdTech,Mid-Market,2022-08-09,SUB_02256,Starter,49,2022-08-09,,Active,43,10,595,0.0,0.0,5.0,0,Healthy (16+ logins),510.0
CUST_02257,Logistics,SMB,2023-05-28,SUB_02257,Pro,199,2023-05-28,,Active,26,13,14,2.0,30.5,4.5,0,Healthy (16+ logins),218.0
CUST_02258,FinTech,Mid-Market,2023-03-17,SUB_02258,Starter,49,2023-03-17,2023-06-05,Churned,3,1,654,2.0,36.5,4.5,1,High Risk (≤5 logins),80.0
CUST_02259,Healthcare,Mid-Market,2022-05-24,SUB_02259,Pro,199,2022-05-24,,Active,15,12,820,1.0,14.0,5.0,0,Medium Risk (6-15 logins),587.0
CUST_02260,Healthcare,SMB,2022-01-28,SUB_02260,Starter,49,2022-01-28,,Active,10,13,459,0.0,0.0,5.0,0,Medium Risk (6-15 logins),703.0
CUST_02261,Healthcare,SMB,2023-07-07,SUB_02261,Pro,199,2023-07-07,,Active,31,1,720,5.0,41.8,3.0,0,Healthy (16+ logins),178.0
CUST_02262,EdTech,SMB,2023-10-21,SUB_02262,Pro,199,2023-10-21,2024-03-12,Churned,2,1,22,2.0,56.0,4.5,1,High Risk (≤5 logins),143.0
CUST_02263,Logistics,SMB,2023-11-21,SUB_02263,Pro,199,2023-11-21,2024-09-18,Churned,4,1,325,1.0,48.0,2.0,1,High Risk (≤5 logins),302.0
CUST_02264,EdTech,SMB,2022-06-16,SUB_02264,Pro,199,2022-06-16,2022-11-12,Churned,1,0,876,5.0,48.8,3.8,1,High Risk (≤5 logins),149.0
CUST_02265,E-commerce,SMB,2023-09-27,SUB_02265,Pro,199,2023-09-27,,Active,30,12,655,1.0,41.0,4.0,0,Healthy (16+ logins),96.0
CUST_02266,Healthcare,SMB,2023-08-09,SUB_02266,Starter,49,2023-08-09,,Active,41,12,986,4.0,32.75,4.25,0,Healthy (16+ logins),145.0
CUST_02267,E-commerce,Mid-Market,2022-09-06,SUB_02267,Pro,199,2022-09-06,,Active,37,2,86,6.0,40.833333333333336,4.5,0,Healthy (16+ logins),482.0
CUST_02268,FinTech,Mid-Market,2022-12-23,SUB_02268,Pro,199,2022-12-23,,Active,12,9,192,0.0,0.0,5.0,0,Medium Risk (6-15 logins),374.0
CUST_02269,FinTech,Mid-Market,2022-04-21,SUB_02269,Pro,199,2022-04-21,,Active,32,12,684,2.0,40.0,3.0,0,Healthy (16+ logins),620.0
CUST_02270,EdTech,SMB,2023-11-23,SUB_02270,Starter,49,2023-11-23,2024-06-28,Churned,2,0,262,6.0,35.333333333333336,4.5,1,High Risk (≤5 logins),218.0
CUST_02271,Logistics,SMB,2023-12-01,SUB_02271,Starter,49,2023-12-01,,Active,44,9,428,3.0,43.666666666666664,3.0,0,Healthy (16+ logins),31.0
CUST_02272,E-commerce,Mid-Market,2022-08-22,SUB_02272,Pro,199,2022-08-22,,Active,29,9,806,0.0,0.0,5.0,0,Healthy (16+ logins),497.0
CUST_02273,Logistics,SMB,2022-01-24,SUB_02273,Starter,49,2022-01-24,2022-04-09,Churned,4,0,359,1.0,27.0,4.0,1,High Risk (≤5 logins),75.0
CUST_02274,EdTech,Enterprise,2022-01-26,SUB_02274,Starter,49,2022-01-26,,Active,17,6,561,1.0,33.0,3.0,0,Healthy (16+ logins),705.0
CUST_02275,FinTech,Mid-Market,2023-01-16,SUB_02275,Starter,49,2023-01-16,,Active,11,13,432,4.0,36.5,4.0,0,Medium Risk (6-15 logins),350.0
CUST_02276,Logistics,SMB,2022-12-12,SUB_02276,Pro,199,2022-12-12,2023-09-10,Churned,4,0,559,1.0,17.0,5.0,1,High Risk (≤5 logins),272.0
CUST_02277,Logistics,Enterprise,2023-01-13,SUB_02277,Enterprise,999,2023-01-13,,Active,13,2,9223,1.0,69.0,5.0,0,Medium Risk (6-15 logins),353.0
CUST_02278,FinTech,SMB,2023-06-06,SUB_02278,Starter,49,2023-06-06,2024-05-11,Churned,1,0,48,3.0,34.666666666666664,3.0,1,High Risk (≤5 logins),340.0
CUST_02279,E-commerce,SMB,2022-01-17,SUB_02279,Starter,49,2022-01-17,,Active,40,6,167,2.0,66.0,4.0,0,Healthy (16+ logins),714.0
CUST_02280,FinTech,Mid-Market,2022-09-02,SUB_02280,Starter,49,2022-09-02,2022-11-20,Churned,2,0,678,2.0,33.5,3.0,1,High Risk (≤5 logins),79.0
CUST_02281,Logistics,SMB,2023-09-16,SUB_02281,Starter,49,2023-09-16,2024-09-10,Churned,3,0,440,1.0,26.0,5.0,1,High Risk (≤5 logins),360.0
CUST_02282,E-commerce,Enterprise,2023-06-23,SUB_02282,Pro,199,2023-06-23,,Active,34,2,593,3.0,44.333333333333336,2.3333333333333335,0,Healthy (16+ logins),192.0
CUST_02283,E-commerce,SMB,2023-08-06,SUB_02283,Pro,199,2023-08-06,,Active,39,8,574,2.0,64.0,3.0,0,Healthy (16+ logins),148.0
CUST_02284,FinTech,SMB,2023-11-19,SUB_02284,Starter,49,2023-11-19,,Active,31,5,227,2.0,19.5,4.0,0,Healthy (16+ logins),43.0
CUST_02285,Logistics,SMB,2022-07-21,SUB_02285,Pro,199,2022-07-21,,Active,33,7,951,4.0,32.75,4.5,0,Healthy (16+ logins),529.0
CUST_02286,EdTech,Mid-Market,2022-09-05,SUB_02286,Pro,199,2022-09-05,,Active,9,8,213,3.0,41.333333333333336,4.333333333333333,0,Medium Risk (6-15 logins),483.0
CUST_02287,Logistics,SMB,2022-04-28,SUB_02287,Starter,49,2022-04-28,2022-06-07,Churned,4,0,641,1.0,56.0,4.0,1,High Risk (≤5 logins),40.0
CUST_02288,Healthcare,SMB,2022-01-09,SUB_02288,Starter,49,2022-01-09,,Active,47,6,879,1.0,57.0,1.0,0,Healthy (16+ logins),722.0
CUST_02289,EdTech,Mid-Market,2023-08-21,SUB_02289,Enterprise,999,2023-08-21,2023-11-06,Churned,2,0,17652,4.0,33.0,4.75,1,High Risk (≤5 logins),77.0
CUST_02290,E-commerce,SMB,2022-01-23,SUB_02290,Starter,49,2022-01-23,,Active,33,9,753,0.0,0.0,5.0,0,Healthy (16+ logins),708.0
CUST_02291,EdTech,Mid-Market,2022-08-28,SUB_02291,Pro,199,2022-08-28,,Active,21,4,607,4.0,39.75,2.25,0,Healthy (16+ logins),491.0
CUST_02292,E-commerce,SMB,2023-08-08,SUB_02292,Starter,49,2023-08-08,2023-11-01,Churned,2,1,406,1.0,25.0,3.0,1,High Risk (≤5 logins),85.0
CUST_02293,E-commerce,Mid-Market,2022-01-27,SUB_02293,Pro,199,2022-01-27,,Active,28,7,888,3.0,33.333333333333336,2.3333333333333335,0,Healthy (16+ logins),704.0
CUST_02294,EdTech,Mid-Market,2022-03-22,SUB_02294,Pro,199,2022-03-22,,Active,31,1,743,2.0,53.5,3.5,0,Healthy (16+ logins),650.0
CUST_02295,E-commerce,SMB,2023-08-19,SUB_02295,Pro,199,2023-08-19,,Active,13,12,749,5.0,48.6,3.6,0,Medium Risk (6-15 logins),135.0
CUST_02296,E-commerce,SMB,2022-07-18,SUB_02296,Pro,199,2022-07-18,2022-08-24,Churned,2,0,17,1.0,20.0,5.0,1,High Risk (≤5 logins),37.0
CUST_02297,Healthcare,Mid-Market,2023-07-09,SUB_02297,Enterprise,999,2023-07-09,,Active,17,9,39468,1.0,48.0,3.0,0,Healthy (16+ logins),176.0
CUST_02298,Logistics,SMB,2022-04-02,SUB_02298,Pro,199,2022-04-02,2022-05-15,Churned,2,1,343,2.0,53.5,4.0,1,High Risk (≤5 logins),43.0
CUST_02299,Logistics,Enterprise,2022-03-25,SUB_02299,Starter,49,2022-03-25,,Active,15,8,323,2.0,32.5,2.0,0,Medium Risk (6-15 logins),647.0
CUST_02300,Healthcare,SMB,2022-10-27,SUB_02300,Starter,49,2022-10-27,,Active,28,4,245,0.0,0.0,5.0,0,Healthy (16+ logins),431.0
CUST_02301,EdTech,SMB,2022-10-23,SUB_02301,Pro,199,2022-10-23,2023-06-24,Churned,4,0,59,2.0,28.0,3.0,1,High Risk (≤5 logins),244.0
CUST_02302,FinTech,SMB,2023-10-09,SUB_02302,Pro,199,2023-10-09,2024-07-09,Churned,2,1,493,6.0,38.5,3.0,1,High Risk (≤5 logins),274.0
CUST_02303,FinTech,Enterprise,2023-03-30,SUB_02303,Starter,49,2023-03-30,,Active,39,13,641,1.0,50.0,3.0,0,Healthy (16+ logins),277.0
CUST_02304,FinTech,SMB,2022-10-08,SUB_02304,Starter,49,2022-10-08,,Active,20,12,861,2.0,14.5,4.0,0,Healthy (16+ logins),450.0
CUST_02305,Healthcare,Mid-Market,2022-02-28,SUB_02305,Pro,199,2022-02-28,,Active,17,1,48,4.0,49.75,3.25,0,Healthy (16+ logins),672.0
CUST_02306,Healthcare,Mid-Market,2022-12-08,SUB_02306,Starter,49,2022-12-08,,Active,48,8,677,4.0,38.25,3.75,0,Healthy (16+ logins),389.0
CUST_02307,E-commerce,SMB,2023-04-10,SUB_02307,Starter,49,2023-04-10,2023-07-02,Churned,2,0,926,3.0,38.0,4.333333333333333,1,High Risk (≤5 logins),83.0
CUST_02308,FinTech,SMB,2022-12-08,SUB_02308,Pro,199,2022-12-08,,Active,27,12,679,4.0,51.25,3.0,0,Healthy (16+ logins),389.0
CUST_02309,EdTech,Mid-Market,2023-09-02,SUB_02309,Pro,199,2023-09-02,,Active,6,1,252,5.0,54.4,4.4,0,Medium Risk (6-15 logins),121.0
CUST_02310,EdTech,SMB,2022-03-03,SUB_02310,Starter,49,2022-03-03,2022-12-30,Churned,2,0,847,1.0,12.0,2.0,1,High Risk (≤5 logins),302.0
CUST_02311,FinTech,Mid-Market,2023-09-17,SUB_02311,Starter,49,2023-09-17,,Active,23,6,382,0.0,0.0,5.0,0,Healthy (16+ logins),106.0
CUST_02312,FinTech,SMB,2023-03-05,SUB_02312,Starter,49,2023-03-05,2023-08-12,Churned,4,1,308,3.0,45.333333333333336,4.333333333333333,1,High Risk (≤5 logins),160.0
CUST_02313,FinTech,SMB,2023-10-20,SUB_02313,Starter,49,2023-10-20,2023-11-27,Churned,0,1,575,6.0,38.333333333333336,2.5,1,High Risk (≤5 logins),38.0
CUST_02314,Healthcare,Mid-Market,2022-09-13,SUB_02314,Pro,199,2022-09-13,,Active,19,6,544,3.0,30.0,3.3333333333333335,0,Healthy (16+ logins),475.0
CUST_02315,Healthcare,SMB,2022-12-13,SUB_02315,Pro,199,2022-12-13,2023-08-11,Churned,1,0,57,3.0,34.333333333333336,3.0,1,High Risk (≤5 logins),241.0
CUST_02316,Healthcare,SMB,2023-06-10,SUB_02316,Starter,49,2023-06-10,,Active,37,9,817,7.0,47.857142857142854,4.0,0,Healthy (16+ logins),205.0
CUST_02317,Logistics,SMB,2022-10-31,SUB_02317,Starter,49,2022-10-31,,Active,48,4,63,0.0,0.0,5.0,0,Healthy (16+ logins),427.0
CUST_02318,EdTech,SMB,2023-09-07,SUB_02318,Starter,49,2023-09-07,,Active,45,7,898,2.0,50.5,2.5,0,Healthy (16+ logins),116.0
CUST_02319,EdTech,SMB,2022-09-02,SUB_02319,Enterprise,999,2022-09-02,,Active,9,6,31868,0.0,0.0,5.0,0,Medium Risk (6-15 logins),486.0
CUST_02320,E-commerce,Mid-Market,2023-02-16,SUB_02320,Starter,49,2023-02-16,,Active,26,10,60,1.0,66.0,5.0,0,Healthy (16+ logins),319.0
CUST_02321,Healthcare,SMB,2022-08-05,SUB_02321,Pro,199,2022-08-05,,Active,31,6,379,1.0,20.0,5.0,0,Healthy (16+ logins),514.0
CUST_02322,Logistics,SMB,2023-05-31,SUB_02322,Pro,199,2023-05-31,2023-10-29,Churned,4,0,977,2.0,60.0,4.0,1,High Risk (≤5 logins),151.0
CUST_02323,Logistics,Mid-Market,2023-04-19,SUB_02323,Pro,199,2023-04-19,,Active,23,12,760,2.0,56.5,4.0,0,Healthy (16+ logins),257.0
CUST_02324,EdTech,SMB,2022-02-05,SUB_02324,Pro,199,2022-02-05,2022-06-28,Churned,0,0,137,2.0,39.0,3.0,1,High Risk (≤5 logins),143.0
CUST_02325,Healthcare,SMB,2022-06-27,SUB_02325,Starter,49,2022-06-27,,Active,11,2,65,2.0,52.5,4.0,0,Medium Risk (6-15 logins),553.0
CUST_02326,E-commerce,Enterprise,2023-01-22,SUB_02326,Pro,199,2023-01-22,,Active,43,4,178,5.0,45.6,3.6,0,Healthy (16+ logins),344.0
CUST_02327,Healthcare,Mid-Market,2022-01-17,SUB_02327,Starter,49,2022-01-17,,Active,38,1,989,5.0,36.6,4.4,0,Healthy (16+ logins),714.0
CUST_02328,FinTech,SMB,2022-02-17,SUB_02328,Pro,199,2022-02-17,,Active,38,9,797,3.0,41.333333333333336,3.3333333333333335,0,Healthy (16+ logins),683.0
CUST_02329,Healthcare,Mid-Market,2022-03-03,SUB_02329,Starter,49,2022-03-03,,Active,31,9,792,4.0,52.25,3.0,0,Healthy (16+ logins),669.0
CUST_02330,FinTech,SMB,2022-03-10,SUB_02330,Pro,199,2022-03-10,2022-04-28,Churned,0,1,170,2.0,53.5,1.0,1,High Risk (≤5 logins),49.0
CUST_02331,FinTech,Mid-Market,2023-10-21,SUB_02331,Starter,49,2023-10-21,,Active,9,4,754,3.0,38.333333333333336,3.6666666666666665,0,Medium Risk (6-15 logins),72.0
CUST_02332,E-commerce,SMB,2023-01-01,SUB_02332,Pro,199,2023-01-01,,Active,8,5,631,5.0,43.0,3.4,0,Medium Risk (6-15 logins),365.0
CUST_02333,EdTech,SMB,2022-06-11,SUB_02333,Starter,49,2022-06-11,,Active,11,1,343,3.0,41.333333333333336,2.3333333333333335,0,Medium Risk (6-15 logins),569.0
CUST_02334,Healthcare,SMB,2023-05-03,SUB_02334,Pro,199,2023-05-03,,Active,7,4,703,5.0,37.6,3.6,0,Medium Risk (6-15 logins),243.0
CUST_02335,FinTech,SMB,2023-03-07,SUB_02335,Starter,49,2023-03-07,,Active,25,4,186,4.0,41.75,4.5,0,Healthy (16+ logins),300.0
CUST_02336,Healthcare,SMB,2023-05-04,SUB_02336,Starter,49,2023-05-04,,Active,38,5,957,1.0,8.0,3.0,0,Healthy (16+ logins),242.0
CUST_02337,EdTech,Enterprise,2022-08-18,SUB_02337,Pro,199,2022-08-18,,Active,13,2,226,5.0,47.8,3.2,0,Medium Risk (6-15 logins),501.0
CUST_02338,EdTech,SMB,2023-01-05,SUB_02338,Enterprise,999,2023-01-05,,Active,24,2,46284,3.0,25.333333333333332,3.0,0,Healthy (16+ logins),361.0
CUST_02339,Logistics,SMB,2022-06-27,SUB_02339,Starter,49,2022-06-27,2022-08-16,Churned,1,0,191,0.0,0.0,5.0,1,High Risk (≤5 logins),50.0
CUST_02340,EdTech,SMB,2023-02-14,SUB_02340,Enterprise,999,2023-02-14,,Active,16,2,2957,2.0,23.5,2.0,0,Healthy (16+ logins),321.0
CUST_02341,E-commerce,SMB,2023-07-22,SUB_02341,Pro,199,2023-07-22,,Active,43,11,605,2.0,48.5,2.5,0,Healthy (16+ logins),163.0
CUST_02342,FinTech,Mid-Market,2023-08-13,SUB_02342,Pro,199,2023-08-13,2024-04-06,Churned,0,1,125,5.0,49.4,3.4,1,High Risk (≤5 logins),237.0
CUST_02343,Logistics,SMB,2022-09-27,SUB_02343,Starter,49,2022-09-27,,Active,37,13,955,1.0,41.0,4.0,0,Healthy (16+ logins),461.0
CUST_02344,E-commerce,SMB,2022-07-25,SUB_02344,Starter,49,2022-07-25,,Active,14,12,473,2.0,32.0,2.5,0,Medium Risk (6-15 logins),525.0
CUST_02345,Healthcare,SMB,2022-03-23,SUB_02345,Pro,199,2022-03-23,2022-05-24,Churned,3,1,98,2.0,19.5,3.5,1,High Risk (≤5 logins),62.0
CUST_02346,FinTech,Mid-Market,2022-07-12,SUB_02346,Starter,49,2022-07-12,,Active,11,6,343,2.0,63.0,3.0,0,Medium Risk (6-15 logins),538.0
CUST_02347,EdTech,SMB,2023-09-10,SUB_02347,Pro,199,2023-09-10,,Active,22,2,242,3.0,24.0,3.0,0,Healthy (16+ logins),113.0
CUST_02348,FinTech,SMB,2022-07-08,SUB_02348,Starter,49,2022-07-08,2022-12-17,Churned,2,1,19,1.0,58.0,4.0,1,High Risk (≤5 logins),162.0
CUST_02349,Healthcare,SMB,2022-10-03,SUB_02349,Starter,49,2022-10-03,2023-05-11,Churned,1,1,628,1.0,7.0,4.0,1,High Risk (≤5 logins),220.0
CUST_02350,Logistics,SMB,2022-03-15,SUB_02350,Pro,199,2022-03-15,,Active,21,14,358,3.0,57.0,3.6666666666666665,0,Healthy (16+ logins),657.0
CUST_02351,Logistics,SMB,2022-01-10,SUB_02351,Pro,199,2022-01-10,,Active,27,1,432,4.0,40.25,4.5,0,Healthy (16+ logins),721.0
CUST_02352,Logistics,Mid-Market,2023-09-27,SUB_02352,Pro,199,2023-09-27,2023-11-21,Churned,3,0,999,2.0,46.0,3.0,1,High Risk (≤5 logins),55.0
CUST_02353,EdTech,Mid-Market,2022-08-04,SUB_02353,Starter,49,2022-08-04,,Active,49,14,610,6.0,48.666666666666664,4.0,0,Healthy (16+ logins),515.0
CUST_02354,E-commerce,Mid-Market,2022-10-17,SUB_02354,Starter,49,2022-10-17,,Active,7,5,486,3.0,35.333333333333336,4.0,0,Medium Risk (6-15 logins),441.0
CUST_02355,E-commerce,SMB,2023-03-21,SUB_02355,Starter,49,2023-03-21,,Active,38,6,890,3.0,48.0,3.6666666666666665,0,Healthy (16+ logins),286.0
CUST_02356,FinTech,SMB,2023-07-06,SUB_02356,Starter,49,2023-07-06,2023-11-01,Churned,0,0,329,3.0,23.333333333333332,4.333333333333333,1,High Risk (≤5 logins),118.0
CUST_02357,EdTech,SMB,2022-07-12,SUB_02357,Pro,199,2022-07-12,,Active,45,6,666,2.0,34.0,4.0,0,Healthy (16+ logins),538.0
CUST_02358,Logistics,Enterprise,2023-10-01,SUB_02358,Pro,199,2023-10-01,,Active,35,8,306,2.0,40.0,4.0,0,Healthy (16+ logins),92.0
CUST_02359,Logistics,SMB,2022-10-16,SUB_02359,Starter,49,2022-10-16,,Active,43,12,184,1.0,62.0,5.0,0,Healthy (16+ logins),442.0
CUST_02360,Healthcare,Mid-Market,2023-08-06,SUB_02360,Pro,199,2023-08-06,,Active,18,7,334,0.0,0.0,5.0,0,Healthy (16+ logins),148.0
CUST_02361,Healthcare,SMB,2023-10-11,SUB_02361,Starter,49,2023-10-11,2024-02-09,Churned,2,0,505,2.0,39.0,3.0,1,High Risk (≤5 logins),121.0
CUST_02362,Logistics,SMB,2022-05-24,SUB_02362,Pro,199,2022-05-24,2022-07-25,Churned,3,1,462,4.0,50.75,4.0,1,High Risk (≤5 logins),62.0
CUST_02363,Logistics,SMB,2023-01-24,SUB_02363,Starter,49,2023-01-24,,Active,36,4,932,4.0,37.25,3.0,0,Healthy (16+ logins),342.0
CUST_02364,EdTech,SMB,2023-02-11,SUB_02364,Pro,199,2023-02-11,,Active,37,12,994,2.0,64.0,4.5,0,Healthy (16+ logins),324.0
CUST_02365,E-commerce,Enterprise,2023-01-05,SUB_02365,Starter,49,2023-01-05,2023-09-29,Churned,4,1,2,4.0,26.0,3.0,1,High Risk (≤5 logins),267.0
CUST_02366,Healthcare,Enterprise,2023-03-17,SUB_02366,Starter,49,2023-03-17,,Active,11,8,668,3.0,44.0,4.0,0,Medium Risk (6-15 logins),290.0
CUST_02367,E-commerce,SMB,2023-10-13,SUB_02367,Starter,49,2023-10-13,,Active,9,4,963,4.0,35.25,2.75,0,Medium Risk (6-15 logins),80.0
CUST_02368,EdTech,SMB,2023-07-18,SUB_02368,Starter,49,2023-07-18,,Active,8,7,174,1.0,31.0,3.0,0,Medium Risk (6-15 logins),167.0
CUST_02369,Logistics,Enterprise,2023-06-13,SUB_02369,Starter,49,2023-06-13,,Active,15,7,847,6.0,46.833333333333336,4.666666666666667,0,Medium Risk (6-15 logins),202.0
CUST_02370,E-commerce,Mid-Market,2023-11-08,SUB_02370,Starter,49,2023-11-08,,Active,23,8,580,3.0,34.0,2.0,0,Healthy (16+ logins),54.0
CUST_02371,Logistics,SMB,2022-01-13,SUB_02371,Starter,49,2022-01-13,2022-03-01,Churned,1,0,532,2.0,21.0,3.5,1,High Risk (≤5 logins),47.0
CUST_02372,Logistics,SMB,2022-12-06,SUB_02372,Pro,199,2022-12-06,,Active,24,9,999,1.0,71.0,5.0,0,Healthy (16+ logins),391.0
CUST_02373,FinTech,SMB,2022-11-08,SUB_02373,Starter,49,2022-11-08,,Active,31,14,297,3.0,59.333333333333336,4.0,0,Healthy (16+ logins),419.0
CUST_02374,E-commerce,SMB,2022-04-14,SUB_02374,Pro,199,2022-04-14,,Active,33,7,117,2.0,22.5,3.0,0,Healthy (16+ logins),627.0
CUST_02375,E-commerce,SMB,2022-12-05,SUB_02375,Starter,49,2022-12-05,,Active,22,9,788,2.0,27.0,3.0,0,Healthy (16+ logins),392.0
CUST_02376,Logistics,SMB,2022-07-17,SUB_02376,Enterprise,999,2022-07-17,,Active,41,5,16719,3.0,53.0,4.666666666666667,0,Healthy (16+ logins),533.0
CUST_02377,EdTech,SMB,2022-10-27,SUB_02377,Enterprise,999,2022-10-27,,Active,29,10,43971,5.0,40.8,3.4,0,Healthy (16+ logins),431.0
CUST_02378,FinTech,SMB,2023-03-20,SUB_02378,Starter,49,2023-03-20,,Active,24,4,708,2.0,22.0,5.0,0,Healthy (16+ logins),287.0
CUST_02379,Logistics,SMB,2022-12-25,SUB_02379,Pro,199,2022-12-25,,Active,10,3,134,4.0,28.25,3.0,0,Medium Risk (6-15 logins),372.0
CUST_02380,Healthcare,Mid-Market,2023-01-03,SUB_02380,Starter,49,2023-01-03,,Active,40,6,202,5.0,65.4,4.0,0,Healthy (16+ logins),363.0
CUST_02381,Healthcare,Mid-Market,2022-06-18,SUB_02381,Enterprise,999,2022-06-18,,Active,19,10,47831,1.0,40.0,1.0,0,Healthy (16+ logins),562.0
CUST_02382,FinTech,SMB,2022-05-29,SUB_02382,Pro,199,2022-05-29,,Active,22,11,29,2.0,48.0,4.0,0,Healthy (16+ logins),582.0
CUST_02383,EdTech,Enterprise,2022-02-11,SUB_02383,Starter,49,2022-02-11,,Active,42,9,427,3.0,41.666666666666664,4.333333333333333,0,Healthy (16+ logins),689.0
CUST_02384,Logistics,Enterprise,2022-07-21,SUB_02384,Starter,49,2022-07-21,,Active,29,4,941,1.0,22.0,5.0,0,Healthy (16+ logins),529.0
CUST_02385,E-commerce,SMB,2022-09-01,SUB_02385,Starter,49,2022-09-01,2023-07-01,Churned,4,0,822,2.0,54.5,4.5,1,High Risk (≤5 logins),303.0
CUST_02386,FinTech,SMB,2023-10-31,SUB_02386,Starter,49,2023-10-31,,Active,26,2,256,4.0,49.0,4.25,0,Healthy (16+ logins),62.0
CUST_02387,EdTech,Mid-Market,2023-04-09,SUB_02387,Pro,199,2023-04-09,,Active,16,11,380,4.0,42.5,3.75,0,Healthy (16+ logins),267.0
CUST_02388,E-commerce,Mid-Market,2023-03-25,SUB_02388,Starter,49,2023-03-25,,Active,45,3,181,0.0,0.0,5.0,0,Healthy (16+ logins),282.0
CUST_02389,Healthcare,Enterprise,2023-03-13,SUB_02389,Starter,49,2023-03-13,,Active,44,3,207,2.0,42.5,4.0,0,Healthy (16+ logins),294.0
CUST_02390,Healthcare,Mid-Market,2023-06-15,SUB_02390,Starter,49,2023-06-15,,Active,37,2,878,3.0,23.333333333333332,3.6666666666666665,0,Healthy (16+ logins),200.0
CUST_02391,E-commerce,Mid-Market,2023-07-19,SUB_02391,Starter,49,2023-07-19,,Active,33,13,640,0.0,0.0,5.0,0,Healthy (16+ logins),166.0
CUST_02392,FinTech,SMB,2023-08-20,SUB_02392,Starter,49,2023-08-20,,Active,6,9,574,1.0,48.0,1.0,0,Medium Risk (6-15 logins),134.0
CUST_02393,Healthcare,SMB,2022-09-30,SUB_02393,Pro,199,2022-09-30,,Active,30,4,438,2.0,41.5,3.0,0,Healthy (16+ logins),458.0
CUST_02394,Logistics,SMB,2023-03-06,SUB_02394,Starter,49,2023-03-06,,Active,36,3,341,2.0,41.5,3.5,0,Healthy (16+ logins),301.0
CUST_02395,E-commerce,SMB,2022-08-01,SUB_02395,Pro,199,2022-08-01,,Active,7,14,588,4.0,49.5,2.5,0,Medium Risk (6-15 logins),518.0
CUST_02396,E-commerce,Mid-Market,2022-04-14,SUB_02396,Starter,49,2022-04-14,,Active,34,10,377,1.0,44.0,5.0,0,Healthy (16+ logins),627.0
CUST_02397,Healthcare,SMB,2022-07-11,SUB_02397,Starter,49,2022-07-11,2023-05-25,Churned,2,1,410,2.0,41.5,3.5,1,High Risk (≤5 logins),318.0
CUST_02398,FinTech,Mid-Market,2023-11-20,SUB_02398,Pro,199,2023-11-20,,Active,14,8,526,3.0,44.0,4.666666666666667,0,Medium Risk (6-15 logins),42.0
CUST_02399,Logistics,SMB,2023-10-21,SUB_02399,Starter,49,2023-10-21,2023-12-16,Churned,0,0,382,1.0,42.0,3.0,1,High Risk (≤5 logins),56.0
CUST_02400,FinTech,SMB,2023-01-15,SUB_02400,Starter,49,2023-01-15,,Active,23,8,464,2.0,65.5,4.0,0,Healthy (16+ logins),351.0
CUST_02401,EdTech,SMB,2022-03-22,SUB_02401,Pro,199,2022-03-22,,Active,47,10,392,3.0,45.666666666666664,4.0,0,Healthy (16+ logins),650.0
CUST_02402,EdTech,SMB,2023-07-03,SUB_02402,Starter,49,2023-07-03,,Active,25,6,836,0.0,0.0,5.0,0,Healthy (16+ logins),182.0
CUST_02403,Healthcare,Mid-Market,2023-01-12,SUB_02403,Starter,49,2023-01-12,,Active,10,5,570,2.0,41.5,4.0,0,Medium Risk (6-15 logins),354.0
CUST_02404,Healthcare,Mid-Market,2022-06-03,SUB_02404,Pro,199,2022-06-03,,Active,18,11,150,1.0,40.0,2.0,0,Healthy (16+ logins),577.0
CUST_02405,Healthcare,Enterprise,2023-10-04,SUB_02405,Pro,199,2023-10-04,2024-09-02,Churned,2,1,619,5.0,38.0,2.8,1,High Risk (≤5 logins),334.0
CUST_02406,EdTech,SMB,2023-07-25,SUB_02406,Starter,49,2023-07-25,,Active,6,3,368,2.0,28.0,4.0,0,Medium Risk (6-15 logins),160.0
CUST_02407,FinTech,SMB,2022-08-28,SUB_02407,Starter,49,2022-08-28,2023-01-12,Churned,0,0,106,2.0,58.0,2.5,1,High Risk (≤5 logins),137.0
CUST_02408,FinTech,SMB,2023-01-09,SUB_02408,Starter,49,2023-01-09,,Active,26,10,138,2.0,57.0,3.5,0,Healthy (16+ logins),357.0
CUST_02409,Healthcare,SMB,2022-07-23,SUB_02409,Starter,49,2022-07-23,,Active,34,2,279,3.0,42.0,3.0,0,Healthy (16+ logins),527.0
CUST_02410,Logistics,Mid-Market,2023-09-03,SUB_02410,Pro,199,2023-09-03,,Active,40,13,71,3.0,51.666666666666664,4.333333333333333,0,Healthy (16+ logins),120.0
CUST_02411,FinTech,Mid-Market,2022-12-16,SUB_02411,Pro,199,2022-12-16,,Active,32,8,622,1.0,23.0,5.0,0,Healthy (16+ logins),381.0
CUST_02412,EdTech,Mid-Market,2023-11-19,SUB_02412,Pro,199,2023-11-19,,Active,39,11,504,3.0,38.666666666666664,3.6666666666666665,0,Healthy (16+ logins),43.0
CUST_02413,E-commerce,SMB,2022-05-23,SUB_02413,Starter,49,2022-05-23,2023-02-02,Churned,4,1,737,2.0,33.5,3.5,1,High Risk (≤5 logins),255.0
CUST_02414,E-commerce,Mid-Market,2022-07-08,SUB_02414,Starter,49,2022-07-08,2023-06-26,Churned,1,1,949,3.0,37.333333333333336,4.333333333333333,1,High Risk (≤5 logins),353.0
CUST_02415,E-commerce,SMB,2022-09-29,SUB_02415,Pro,199,2022-09-29,2022-11-16,Churned,4,0,105,1.0,13.0,5.0,1,High Risk (≤5 logins),48.0
CUST_02416,Logistics,Mid-Market,2023-06-16,SUB_02416,Starter,49,2023-06-16,,Active,47,12,500,6.0,50.833333333333336,4.0,0,Healthy (16+ logins),199.0
CUST_02417,Healthcare,SMB,2022-10-27,SUB_02417,Pro,199,2022-10-27,2023-07-06,Churned,0,1,158,3.0,53.333333333333336,2.0,1,High Risk (≤5 logins),252.0
CUST_02418,EdTech,SMB,2023-03-02,SUB_02418,Pro,199,2023-03-02,2024-01-06,Churned,2,1,149,4.0,42.75,3.75,1,High Risk (≤5 logins),310.0
CUST_02419,Logistics,SMB,2022-02-15,SUB_02419,Enterprise,999,2022-02-15,,Active,12,6,26475,1.0,25.0,3.0,0,Medium Risk (6-15 logins),685.0
CUST_02420,EdTech,Enterprise,2022-04-05,SUB_02420,Starter,49,2022-04-05,,Active,12,12,4,8.0,42.875,3.875,0,Medium Risk (6-15 logins),636.0
CUST_02421,EdTech,SMB,2022-03-05,SUB_02421,Starter,49,2022-03-05,,Active,9,7,638,4.0,46.0,4.0,0,Medium Risk (6-15 logins),667.0
CUST_02422,Healthcare,SMB,2023-02-17,SUB_02422,Pro,199,2023-02-17,,Active,17,12,272,5.0,47.8,5.0,0,Healthy (16+ logins),318.0
CUST_02423,E-commerce,Mid-Market,2023-10-05,SUB_02423,Pro,199,2023-10-05,,Active,11,8,337,2.0,22.0,1.5,0,Medium Risk (6-15 logins),88.0
CUST_02424,Healthcare,SMB,2022-01-09,SUB_02424,Pro,199,2022-01-09,,Active,25,3,210,6.0,33.166666666666664,3.5,0,Healthy (16+ logins),722.0
CUST_02425,Logistics,SMB,2023-04-04,SUB_02425,Starter,49,2023-04-04,,Active,33,12,326,1.0,44.0,3.0,0,Healthy (16+ logins),272.0
CUST_02426,Logistics,SMB,2023-02-13,SUB_02426,Pro,199,2023-02-13,,Active,41,6,857,1.0,51.0,5.0,0,Healthy (16+ logins),322.0
CUST_02427,Logistics,SMB,2023-04-15,SUB_02427,Pro,199,2023-04-15,2023-08-26,Churned,4,1,728,1.0,46.0,2.0,1,High Risk (≤5 logins),133.0
CUST_02428,Healthcare,Enterprise,2023-05-21,SUB_02428,Starter,49,2023-05-21,2024-05-16,Churned,1,1,465,1.0,20.0,3.0,1,High Risk (≤5 logins),361.0
CUST_02429,EdTech,Mid-Market,2023-11-17,SUB_02429,Pro,199,2023-11-17,2024-11-12,Churned,0,1,939,2.0,38.5,5.0,1,High Risk (≤5 logins),361.0
CUST_02430,EdTech,SMB,2022-03-14,SUB_02430,Pro,199,2022-03-14,,Active,8,10,78,1.0,26.0,4.0,0,Medium Risk (6-15 logins),658.0
CUST_02431,FinTech,Enterprise,2022-03-25,SUB_02431,Starter,49,2022-03-25,,Active,26,7,604,2.0,26.0,4.0,0,Healthy (16+ logins),647.0
CUST_02432,Logistics,SMB,2022-02-28,SUB_02432,Starter,49,2022-02-28,,Active,15,14,749,2.0,19.5,3.5,0,Medium Risk (6-15 logins),672.0
CUST_02433,EdTech,SMB,2022-01-21,SUB_02433,Pro,199,2022-01-21,2022-12-05,Churned,3,0,745,2.0,48.0,4.0,1,High Risk (≤5 logins),318.0
CUST_02434,FinTech,SMB,2023-04-03,SUB_02434,Starter,49,2023-04-03,,Active,49,6,176,4.0,23.25,2.75,0,Healthy (16+ logins),273.0
CUST_02435,EdTech,SMB,2022-06-06,SUB_02435,Pro,199,2022-06-06,,Active,20,2,766,2.0,40.0,3.5,0,Healthy (16+ logins),574.0
CUST_02436,Logistics,SMB,2022-11-25,SUB_02436,Starter,49,2022-11-25,2023-01-30,Churned,4,0,832,3.0,26.666666666666668,4.0,1,High Risk (≤5 logins),66.0
CUST_02437,E-commerce,Enterprise,2023-07-27,SUB_02437,Starter,49,2023-07-27,,Active,20,3,131,1.0,48.0,4.0,0,Healthy (16+ logins),158.0
CUST_02438,Logistics,Mid-Market,2023-07-30,SUB_02438,Enterprise,999,2023-07-30,,Active,43,9,40306,4.0,38.25,4.25,0,Healthy (16+ logins),155.0
CUST_02439,Healthcare,SMB,2023-11-11,SUB_02439,Enterprise,999,2023-11-11,2024-08-10,Churned,3,1,40324,1.0,34.0,5.0,1,High Risk (≤5 logins),273.0
CUST_02440,EdTech,SMB,2022-07-22,SUB_02440,Starter,49,2022-07-22,,Active,35,12,690,1.0,9.0,2.0,0,Healthy (16+ logins),528.0
CUST_02441,EdTech,Mid-Market,2023-10-03,SUB_02441,Pro,199,2023-10-03,,Active,35,6,377,1.0,61.0,4.0,0,Healthy (16+ logins),90.0
CUST_02442,Healthcare,Enterprise,2022-04-16,SUB_02442,Starter,49,2022-04-16,,Active,17,10,415,2.0,17.5,2.5,0,Healthy (16+ logins),625.0
CUST_02443,Healthcare,Mid-Market,2022-05-02,SUB_02443,Starter,49,2022-05-02,,Active,9,2,343,2.0,42.5,3.5,0,Medium Risk (6-15 logins),609.0
CUST_02444,E-commerce,SMB,2022-11-14,SUB_02444,Starter,49,2022-11-14,,Active,43,8,376,2.0,23.0,1.5,0,Healthy (16+ logins),413.0
CUST_02445,EdTech,Mid-Market,2022-07-01,SUB_02445,Starter,49,2022-07-01,,Active,22,11,484,1.0,61.0,4.0,0,Healthy (16+ logins),549.0
CUST_02446,EdTech,SMB,2023-09-07,SUB_02446,Pro,199,2023-09-07,,Active,24,6,145,2.0,37.5,3.5,0,Healthy (16+ logins),116.0
CUST_02447,E-commerce,SMB,2022-11-12,SUB_02447,Pro,199,2022-11-12,2023-01-23,Churned,4,0,654,0.0,0.0,5.0,1,High Risk (≤5 logins),72.0
CUST_02448,FinTech,SMB,2023-09-17,SUB_02448,Enterprise,999,2023-09-17,,Active,44,1,40820,1.0,47.0,5.0,0,Healthy (16+ logins),106.0
CUST_02449,E-commerce,SMB,2023-02-10,SUB_02449,Pro,199,2023-02-10,,Active,34,6,569,2.0,41.0,3.5,0,Healthy (16+ logins),325.0
CUST_02450,Logistics,SMB,2022-03-11,SUB_02450,Starter,49,2022-03-11,2022-08-13,Churned,1,0,295,1.0,6.0,3.0,1,High Risk (≤5 logins),155.0
CUST_02451,EdTech,SMB,2022-06-09,SUB_02451,Pro,199,2022-06-09,2022-07-17,Churned,3,0,577,3.0,57.666666666666664,3.6666666666666665,1,High Risk (≤5 logins),38.0
CUST_02452,Healthcare,SMB,2022-08-28,SUB_02452,Enterprise,999,2022-08-28,,Active,15,6,27254,2.0,30.5,1.5,0,Medium Risk (6-15 logins),491.0
CUST_02453,Logistics,Mid-Market,2023-06-07,SUB_02453,Pro,199,2023-06-07,2023-07-20,Churned,2,0,396,3.0,39.0,4.333333333333333,1,High Risk (≤5 logins),43.0
CUST_02454,EdTech,SMB,2022-05-18,SUB_02454,Pro,199,2022-05-18,,Active,44,1,474,4.0,60.75,3.75,0,Healthy (16+ logins),593.0
CUST_02455,E-commerce,SMB,2023-05-10,SUB_02455,Enterprise,999,2023-05-10,,Active,20,4,46342,0.0,0.0,5.0,0,Healthy (16+ logins),236.0
CUST_02456,Logistics,SMB,2023-11-10,SUB_02456,Starter,49,2023-11-10,2024-04-18,Churned,3,0,573,3.0,50.0,4.0,1,High Risk (≤5 logins),160.0
CUST_02457,EdTech,Enterprise,2022-09-04,SUB_02457,Pro,199,2022-09-04,,Active,21,13,923,4.0,23.25,5.0,0,Healthy (16+ logins),484.0
CUST_02458,FinTech,SMB,2023-06-27,SUB_02458,Pro,199,2023-06-27,,Active,42,5,45,2.0,43.5,3.0,0,Healthy (16+ logins),188.0
CUST_02459,FinTech,SMB,2023-06-08,SUB_02459,Enterprise,999,2023-06-08,,Active,48,6,22208,0.0,0.0,5.0,0,Healthy (16+ logins),207.0
CUST_02460,Healthcare,SMB,2022-08-31,SUB_02460,Starter,49,2022-08-31,,Active,19,2,604,4.0,34.5,3.75,0,Healthy (16+ logins),488.0
CUST_02461,EdTech,Mid-Market,2023-09-12,SUB_02461,Pro,199,2023-09-12,,Active,35,8,980,2.0,21.0,4.5,0,Healthy (16+ logins),111.0
CUST_02462,FinTech,Enterprise,2022-12-02,SUB_02462,Pro,199,2022-12-02,,Active,11,10,427,2.0,47.5,3.5,0,Medium Risk (6-15 logins),395.0
CUST_02463,E-commerce,SMB,2023-02-26,SUB_02463,Starter,49,2023-02-26,,Active,34,4,222,2.0,38.0,4.5,0,Healthy (16+ logins),309.0
CUST_02464,EdTech,SMB,2022-07-13,SUB_02464,Pro,199,2022-07-13,,Active,40,6,22,5.0,45.6,2.6,0,Healthy (16+ logins),537.0
CUST_02465,E-commerce,Enterprise,2022-11-04,SUB_02465,Starter,49,2022-11-04,,Active,30,3,868,4.0,49.5,3.0,0,Healthy (16+ logins),423.0
CUST_02466,E-commerce,SMB,2023-10-07,SUB_02466,Starter,49,2023-10-07,,Active,15,9,66,1.0,38.0,5.0,0,Medium Risk (6-15 logins),86.0
CUST_02467,FinTech,Mid-Market,2023-05-21,SUB_02467,Starter,49,2023-05-21,,Active,10,13,625,3.0,23.666666666666668,5.0,0,Medium Risk (6-15 logins),225.0
CUST_02468,EdTech,SMB,2022-10-08,SUB_02468,Pro,199,2022-10-08,2023-09-27,Churned,2,1,482,3.0,39.333333333333336,2.3333333333333335,1,High Risk (≤5 logins),354.0
CUST_02469,Logistics,SMB,2023-11-06,SUB_02469,Starter,49,2023-11-06,2024-06-06,Churned,2,0,205,3.0,47.333333333333336,4.0,1,High Risk (≤5 logins),213.0
CUST_02470,FinTech,SMB,2023-03-15,SUB_02470,Starter,49,2023-03-15,2024-01-20,Churned,3,0,577,4.0,28.25,3.25,1,High Risk (≤5 logins),311.0
CUST_02471,FinTech,SMB,2023-08-31,SUB_02471,Starter,49,2023-08-31,,Active,19,9,561,6.0,34.333333333333336,3.8333333333333335,0,Healthy (16+ logins),123.0
CUST_02472,EdTech,Mid-Market,2023-04-28,SUB_02472,Starter,49,2023-04-28,,Active,33,10,652,5.0,41.0,3.4,0,Healthy (16+ logins),248.0
CUST_02473,EdTech,Enterprise,2022-08-11,SUB_02473,Starter,49,2022-08-11,,Active,10,9,257,2.0,50.0,3.0,0,Medium Risk (6-15 logins),508.0
CUST_02474,E-commerce,SMB,2022-04-27,SUB_02474,Starter,49,2022-04-27,2022-07-18,Churned,0,1,971,0.0,0.0,5.0,1,High Risk (≤5 logins),82.0
CUST_02475,EdTech,Mid-Market,2022-07-11,SUB_02475,Pro,199,2022-07-11,,Active,20,9,986,2.0,47.0,5.0,0,Healthy (16+ logins),539.0
CUST_02476,E-commerce,SMB,2023-09-10,SUB_02476,Pro,199,2023-09-10,2023-11-19,Churned,1,0,545,2.0,42.0,2.0,1,High Risk (≤5 logins),70.0
CUST_02477,FinTech,SMB,2023-05-31,SUB_02477,Starter,49,2023-05-31,2023-07-20,Churned,1,0,807,4.0,49.0,2.75,1,High Risk (≤5 logins),50.0
CUST_02478,Healthcare,SMB,2023-06-14,SUB_02478,Starter,49,2023-06-14,,Active,26,9,252,0.0,0.0,5.0,0,Healthy (16+ logins),201.0
CUST_02479,Logistics,Enterprise,2022-11-03,SUB_02479,Pro,199,2022-11-03,,Active,37,5,580,1.0,48.0,1.0,0,Healthy (16+ logins),424.0
CUST_02480,FinTech,Mid-Market,2023-06-16,SUB_02480,Starter,49,2023-06-16,,Active,30,13,188,1.0,46.0,4.0,0,Healthy (16+ logins),199.0
CUST_02481,EdTech,Mid-Market,2022-05-02,SUB_02481,Enterprise,999,2022-05-02,,Active,44,12,43750,0.0,0.0,5.0,0,Healthy (16+ logins),609.0
CUST_02482,Logistics,Mid-Market,2023-10-11,SUB_02482,Pro,199,2023-10-11,,Active,11,9,714,3.0,35.333333333333336,2.0,0,Medium Risk (6-15 logins),82.0
CUST_02483,Healthcare,Mid-Market,2023-08-15,SUB_02483,Starter,49,2023-08-15,2024-07-04,Churned,3,0,76,3.0,51.666666666666664,4.0,1,High Risk (≤5 logins),324.0
CUST_02484,Healthcare,Enterprise,2022-06-03,SUB_02484,Starter,49,2022-06-03,,Active,44,4,702,5.0,26.2,3.2,0,Healthy (16+ logins),577.0
CUST_02485,E-commerce,Mid-Market,2023-06-21,SUB_02485,Pro,199,2023-06-21,,Active,47,1,539,2.0,38.5,3.5,0,Healthy (16+ logins),194.0
CUST_02486,Logistics,Enterprise,2023-03-28,SUB_02486,Starter,49,2023-03-28,,Active,28,11,724,3.0,56.333333333333336,4.0,0,Healthy (16+ logins),279.0
CUST_02487,E-commerce,SMB,2022-06-18,SUB_02487,Starter,49,2022-06-18,2023-02-10,Churned,4,1,368,3.0,56.666666666666664,4.666666666666667,1,High Risk (≤5 logins),237.0
CUST_02488,FinTech,SMB,2022-02-28,SUB_02488,Starter,49,2022-02-28,2022-08-27,Churned,3,1,567,2.0,48.5,4.5,1,High Risk (≤5 logins),180.0
CUST_02489,Logistics,SMB,2022-10-28,SUB_02489,Pro,199,2022-10-28,2023-02-03,Churned,3,1,623,0.0,0.0,5.0,1,High Risk (≤5 logins),98.0
CUST_02490,FinTech,SMB,2023-07-07,SUB_02490,Pro,199,2023-07-07,2024-07-01,Churned,1,1,754,6.0,29.666666666666668,3.6666666666666665,1,High Risk (≤5 logins),360.0
CUST_02491,E-commerce,SMB,2023-07-04,SUB_02491,Starter,49,2023-07-04,,Active,23,6,153,3.0,40.666666666666664,3.0,0,Healthy (16+ logins),181.0
CUST_02492,Logistics,SMB,2022-04-27,SUB_02492,Pro,199,2022-04-27,,Active,47,13,154,1.0,15.0,4.0,0,Healthy (16+ logins),614.0
CUST_02493,E-commerce,Mid-Market,2022-05-07,SUB_02493,Starter,49,2022-05-07,,Active,9,6,793,2.0,43.0,3.0,0,Medium Risk (6-15 logins),604.0
CUST_02494,Logistics,SMB,2023-02-09,SUB_02494,Pro,199,2023-02-09,,Active,34,8,270,0.0,0.0,5.0,0,Healthy (16+ logins),326.0
CUST_02495,E-commerce,SMB,2023-02-03,SUB_02495,Starter,49,2023-02-03,2024-01-16,Churned,4,0,561,0.0,0.0,5.0,1,High Risk (≤5 logins),347.0
CUST_02496,Healthcare,SMB,2023-05-30,SUB_02496,Pro,199,2023-05-30,,Active,34,10,508,1.0,35.0,4.0,0,Healthy (16+ logins),216.0
CUST_02497,E-commerce,Enterprise,2023-05-13,SUB_02497,Enterprise,999,2023-05-13,,Active,29,9,19140,2.0,23.0,3.5,0,Healthy (16+ logins),233.0
CUST_02498,Healthcare,SMB,2023-06-12,SUB_02498,Starter,49,2023-06-12,,Active,13,4,67,4.0,33.5,3.5,0,Medium Risk (6-15 logins),203.0
CUST_02499,E-commerce,SMB,2023-02-02,SUB_02499,Starter,49,2023-02-02,,Active,31,14,131,1.0,34.0,1.0,0,Healthy (16+ logins),333.0
CUST_02500,Logistics,Mid-Market,2022-09-22,SUB_02500,Starter,49,2022-09-22,,Active,28,4,669,3.0,38.0,2.3333333333333335,0,Healthy (16+ logins),466.0
CUST_02501,Logistics,Mid-Market,2022-09-20,SUB_02501,Starter,49,2022-09-20,,Active,44,8,844,2.0,26.5,3.0,0,Healthy (16+ logins),468.0
CUST_02502,Logistics,SMB,2023-02-02,SUB_02502,Starter,49,2023-02-02,2023-12-29,Churned,0,0,264,1.0,22.0,2.0,1,High Risk (≤5 logins),330.0
CUST_02503,EdTech,SMB,2023-10-08,SUB_02503,Pro,199,2023-10-08,,Active,42,10,681,2.0,39.0,5.0,0,Healthy (16+ logins),85.0
CUST_02504,FinTech,SMB,2023-06-11,SUB_02504,Enterprise,999,2023-06-11,,Active,19,14,45121,0.0,0.0,5.0,0,Healthy (16+ logins),204.0
CUST_02505,Logistics,Enterprise,2023-03-12,SUB_02505,Starter,49,2023-03-12,,Active,42,9,219,1.0,66.0,5.0,0,Healthy (16+ logins),295.0
CUST_02506,Healthcare,SMB,2022-12-26,SUB_02506,Pro,199,2022-12-26,2023-02-20,Churned,3,0,551,3.0,34.0,4.333333333333333,1,High Risk (≤5 logins),56.0
CUST_02507,Logistics,SMB,2022-05-09,SUB_02507,Pro,199,2022-05-09,,Active,34,9,898,3.0,30.333333333333332,4.0,0,Healthy (16+ logins),602.0
CUST_02508,EdTech,SMB,2023-09-26,SUB_02508,Pro,199,2023-09-26,,Active,15,12,936,1.0,56.0,4.0,0,Medium Risk (6-15 logins),97.0
CUST_02509,Healthcare,SMB,2022-08-29,SUB_02509,Starter,49,2022-08-29,,Active,33,12,988,2.0,27.5,3.0,0,Healthy (16+ logins),490.0
CUST_02510,EdTech,Mid-Market,2023-09-19,SUB_02510,Starter,49,2023-09-19,,Active,19,4,288,1.0,71.0,4.0,0,Healthy (16+ logins),104.0
CUST_02511,Healthcare,SMB,2022-08-10,SUB_02511,Starter,49,2022-08-10,2023-01-02,Churned,4,1,78,2.0,50.5,3.0,1,High Risk (≤5 logins),145.0
CUST_02512,E-commerce,SMB,2022-08-02,SUB_02512,Starter,49,2022-08-02,,Active,13,14,750,4.0,58.5,4.0,0,Medium Risk (6-15 logins),517.0
CUST_02513,FinTech,SMB,2023-08-15,SUB_02513,Pro,199,2023-08-15,2024-02-02,Churned,4,1,571,4.0,32.0,2.5,1,High Risk (≤5 logins),171.0
CUST_02514,FinTech,SMB,2022-05-15,SUB_02514,Pro,199,2022-05-15,2022-07-24,Churned,4,1,319,4.0,29.5,3.75,1,High Risk (≤5 logins),70.0
CUST_02515,EdTech,SMB,2023-01-21,SUB_02515,Starter,49,2023-01-21,,Active,19,13,317,0.0,0.0,5.0,0,Healthy (16+ logins),345.0
CUST_02516,FinTech,Mid-Market,2022-10-30,SUB_02516,Starter,49,2022-10-30,,Active,21,7,486,2.0,35.5,4.0,0,Healthy (16+ logins),428.0
CUST_02517,EdTech,Mid-Market,2022-10-14,SUB_02517,Enterprise,999,2022-10-14,,Active,20,6,44028,2.0,52.0,4.0,0,Healthy (16+ logins),444.0
CUST_02518,EdTech,Enterprise,2023-07-16,SUB_02518,Pro,199,2023-07-16,,Active,26,14,390,2.0,26.5,4.5,0,Healthy (16+ logins),169.0
CUST_02519,EdTech,Mid-Market,2022-07-08,SUB_02519,Pro,199,2022-07-08,,Active,44,14,748,1.0,43.0,3.0,0,Healthy (16+ logins),542.0
CUST_02520,FinTech,Mid-Market,2022-10-24,SUB_02520,Starter,49,2022-10-24,,Active,47,2,587,0.0,0.0,5.0,0,Healthy (16+ logins),434.0
CUST_02521,EdTech,SMB,2023-06-10,SUB_02521,Pro,199,2023-06-10,2023-10-23,Churned,2,0,817,1.0,30.0,2.0,1,High Risk (≤5 logins),135.0
CUST_02522,FinTech,Mid-Market,2023-01-24,SUB_02522,Pro,199,2023-01-24,,Active,42,1,38,0.0,0.0,5.0,0,Healthy (16+ logins),342.0
CUST_02523,EdTech,Mid-Market,2023-04-04,SUB_02523,Pro,199,2023-04-04,,Active,29,13,198,1.0,32.0,5.0,0,Healthy (16+ logins),272.0
CUST_02524,Logistics,Mid-Market,2022-09-18,SUB_02524,Starter,49,2022-09-18,,Active,34,3,942,4.0,38.75,2.75,0,Healthy (16+ logins),470.0
CUST_02525,EdTech,SMB,2022-04-23,SUB_02525,Starter,49,2022-04-23,2022-08-04,Churned,2,0,104,2.0,35.5,4.5,1,High Risk (≤5 logins),103.0
CUST_02526,Healthcare,SMB,2022-02-05,SUB_02526,Starter,49,2022-02-05,2022-05-05,Churned,3,0,581,1.0,59.0,3.0,1,High Risk (≤5 logins),89.0
CUST_02527,EdTech,Mid-Market,2022-03-20,SUB_02527,Pro,199,2022-03-20,,Active,42,13,793,1.0,54.0,5.0,0,Healthy (16+ logins),652.0
CUST_02528,E-commerce,Mid-Market,2022-10-02,SUB_02528,Enterprise,999,2022-10-02,2023-08-25,Churned,0,1,34371,3.0,47.333333333333336,3.6666666666666665,1,High Risk (≤5 logins),327.0
CUST_02529,EdTech,Enterprise,2022-10-05,SUB_02529,Enterprise,999,2022-10-05,,Active,13,4,14606,1.0,51.0,4.0,0,Medium Risk (6-15 logins),453.0
CUST_02530,Healthcare,SMB,2023-11-05,SUB_02530,Enterprise,999,2023-11-05,2024-04-04,Churned,0,0,10782,0.0,0.0,5.0,1,High Risk (≤5 logins),151.0
CUST_02531,Healthcare,SMB,2022-11-08,SUB_02531,Starter,49,2022-11-08,2023-06-28,Churned,4,0,690,1.0,65.0,3.0,1,High Risk (≤5 logins),232.0
CUST_02532,FinTech,SMB,2023-06-13,SUB_02532,Starter,49,2023-06-13,,Active,31,9,983,0.0,0.0,5.0,0,Healthy (16+ logins),202.0
CUST_02533,Logistics,Mid-Market,2022-07-23,SUB_02533,Starter,49,2022-07-23,,Active,34,7,307,3.0,46.666666666666664,3.0,0,Healthy (16+ logins),527.0
CUST_02534,EdTech,SMB,2022-01-17,SUB_02534,Starter,49,2022-01-17,,Active,19,13,221,1.0,62.0,2.0,0,Healthy (16+ logins),714.0
CUST_02535,FinTech,SMB,2023-04-21,SUB_02535,Pro,199,2023-04-21,,Active,13,3,655,2.0,52.0,4.5,0,Medium Risk (6-15 logins),255.0
CUST_02536,Logistics,Enterprise,2023-05-26,SUB_02536,Pro,199,2023-05-26,2023-07-05,Churned,3,1,815,7.0,32.857142857142854,3.5714285714285716,1,High Risk (≤5 logins),40.0
CUST_02537,EdTech,SMB,2022-07-29,SUB_02537,Starter,49,2022-07-29,2023-01-21,Churned,1,0,26,2.0,50.0,3.5,1,High Risk (≤5 logins),176.0
CUST_02538,E-commerce,Mid-Market,2023-05-14,SUB_02538,Pro,199,2023-05-14,,Active,19,12,672,3.0,22.666666666666668,4.333333333333333,0,Healthy (16+ logins),232.0
CUST_02539,EdTech,SMB,2023-02-06,SUB_02539,Enterprise,999,2023-02-06,2023-10-09,Churned,2,0,6188,4.0,37.25,4.0,1,High Risk (≤5 logins),245.0
CUST_02540,Healthcare,Mid-Market,2023-03-05,SUB_02540,Starter,49,2023-03-05,,Active,29,8,172,0.0,0.0,5.0,0,Healthy (16+ logins),302.0
CUST_02541,Healthcare,SMB,2022-03-19,SUB_02541,Starter,49,2022-03-19,,Active,13,14,722,1.0,17.0,3.0,0,Medium Risk (6-15 logins),653.0
CUST_02542,E-commerce,Enterprise,2023-07-22,SUB_02542,Starter,49,2023-07-22,,Active,49,9,867,3.0,37.666666666666664,4.0,0,Healthy (16+ logins),163.0
CUST_02543,FinTech,Enterprise,2022-03-21,SUB_02543,Starter,49,2022-03-21,,Active,26,1,978,1.0,53.0,3.0,0,Healthy (16+ logins),651.0
CUST_02544,Logistics,SMB,2022-11-02,SUB_02544,Pro,199,2022-11-02,2023-10-18,Churned,4,1,21,2.0,54.5,4.0,1,High Risk (≤5 logins),350.0
CUST_02545,EdTech,SMB,2022-02-27,SUB_02545,Starter,49,2022-02-27,2023-01-25,Churned,2,0,809,1.0,43.0,4.0,1,High Risk (≤5 logins),332.0
CUST_02546,Healthcare,SMB,2023-06-14,SUB_02546,Starter,49,2023-06-14,,Active,32,4,876,3.0,41.0,3.0,0,Healthy (16+ logins),201.0
CUST_02547,FinTech,Mid-Market,2022-07-27,SUB_02547,Enterprise,999,2022-07-27,,Active,18,1,14686,2.0,48.0,4.5,0,Healthy (16+ logins),523.0
CUST_02548,E-commerce,Mid-Market,2023-05-26,SUB_02548,Pro,199,2023-05-26,,Active,34,2,620,0.0,0.0,5.0,0,Healthy (16+ logins),220.0
CUST_02549,Healthcare,SMB,2022-05-15,SUB_02549,Starter,49,2022-05-15,2022-06-27,Churned,0,1,393,3.0,39.666666666666664,4.0,1,High Risk (≤5 logins),43.0
CUST_02550,E-commerce,Mid-Market,2023-06-06,SUB_02550,Enterprise,999,2023-06-06,,Active,9,4,15422,4.0,45.0,3.5,0,Medium Risk (6-15 logins),209.0
CUST_02551,EdTech,SMB,2023-08-04,SUB_02551,Starter,49,2023-08-04,,Active,16,1,607,2.0,34.0,2.0,0,Healthy (16+ logins),150.0
CUST_02552,Logistics,Mid-Market,2022-03-24,SUB_02552,Starter,49,2022-03-24,,Active,39,6,124,4.0,26.0,3.5,0,Healthy (16+ logins),648.0
CUST_02553,Healthcare,Enterprise,2023-09-13,SUB_02553,Pro,199,2023-09-13,,Active,45,1,334,3.0,53.333333333333336,2.0,0,Healthy (16+ logins),110.0
CUST_02554,Healthcare,SMB,2022-02-13,SUB_02554,Starter,49,2022-02-13,,Active,46,13,294,5.0,35.8,4.0,0,Healthy (16+ logins),687.0
CUST_02555,EdTech,SMB,2023-04-28,SUB_02555,Pro,199,2023-04-28,2023-08-02,Churned,1,0,889,3.0,49.0,3.6666666666666665,1,High Risk (≤5 logins),96.0
CUST_02556,FinTech,SMB,2023-10-06,SUB_02556,Starter,49,2023-10-06,,Active,5,10,813,2.0,29.0,3.5,0,High Risk (≤5 logins),87.0
CUST_02557,Logistics,SMB,2023-05-08,SUB_02557,Starter,49,2023-05-08,2023-12-03,Churned,0,0,839,1.0,41.0,2.0,1,High Risk (≤5 logins),209.0
CUST_02558,Healthcare,SMB,2023-05-14,SUB_02558,Pro,199,2023-05-14,,Active,47,12,818,2.0,48.0,4.5,0,Healthy (16+ logins),232.0
CUST_02559,Logistics,SMB,2022-01-18,SUB_02559,Starter,49,2022-01-18,2022-10-16,Churned,0,0,536,1.0,65.0,5.0,1,High Risk (≤5 logins),271.0
CUST_02560,Healthcare,SMB,2023-08-28,SUB_02560,Pro,199,2023-08-28,,Active,38,1,593,3.0,21.333333333333332,3.3333333333333335,0,Healthy (16+ logins),126.0
CUST_02561,Logistics,SMB,2022-10-21,SUB_02561,Pro,199,2022-10-21,,Active,38,6,910,2.0,24.0,2.5,0,Healthy (16+ logins),437.0
CUST_02562,E-commerce,SMB,2022-05-28,SUB_02562,Enterprise,999,2022-05-28,,Active,28,6,28427,4.0,24.25,4.0,0,Healthy (16+ logins),583.0
CUST_02563,Healthcare,SMB,2023-04-17,SUB_02563,Pro,199,2023-04-17,,Active,32,7,954,3.0,40.333333333333336,4.666666666666667,0,Healthy (16+ logins),259.0
CUST_02564,Logistics,SMB,2022-06-21,SUB_02564,Starter,49,2022-06-21,2022-12-27,Churned,4,0,537,2.0,34.0,4.0,1,High Risk (≤5 logins),189.0
CUST_02565,FinTech,Mid-Market,2023-07-17,SUB_02565,Pro,199,2023-07-17,,Active,12,10,296,3.0,34.666666666666664,4.333333333333333,0,Medium Risk (6-15 logins),168.0
CUST_02566,E-commerce,Mid-Market,2023-06-15,SUB_02566,Pro,199,2023-06-15,,Active,39,11,43,3.0,46.0,3.3333333333333335,0,Healthy (16+ logins),200.0
CUST_02567,E-commerce,SMB,2022-04-30,SUB_02567,Pro,199,2022-04-30,2022-06-08,Churned,4,1,596,3.0,40.666666666666664,3.3333333333333335,1,High Risk (≤5 logins),39.0
CUST_02568,FinTech,SMB,2022-03-07,SUB_02568,Pro,199,2022-03-07,2022-08-07,Churned,3,0,21,2.0,38.0,3.5,1,High Risk (≤5 logins),153.0
CUST_02569,Logistics,Mid-Market,2022-05-21,SUB_02569,Pro,199,2022-05-21,,Active,20,3,877,1.0,39.0,5.0,0,Healthy (16+ logins),590.0
CUST_02570,EdTech,Enterprise,2023-03-22,SUB_02570,Starter,49,2023-03-22,2024-01-18,Churned,4,0,225,3.0,48.0,3.0,1,High Risk (≤5 logins),302.0
CUST_02571,FinTech,SMB,2023-05-21,SUB_02571,Pro,199,2023-05-21,,Active,10,13,548,1.0,36.0,5.0,0,Medium Risk (6-15 logins),225.0
CUST_02572,Logistics,SMB,2022-07-08,SUB_02572,Starter,49,2022-07-08,,Active,24,14,373,2.0,39.0,2.5,0,Healthy (16+ logins),542.0
CUST_02573,FinTech,SMB,2022-06-07,SUB_02573,Starter,49,2022-06-07,,Active,15,7,612,3.0,43.666666666666664,3.3333333333333335,0,Medium Risk (6-15 logins),573.0
CUST_02574,FinTech,SMB,2023-09-02,SUB_02574,Pro,199,2023-09-02,,Active,12,9,653,3.0,34.0,3.3333333333333335,0,Medium Risk (6-15 logins),121.0
CUST_02575,Healthcare,SMB,2023-11-01,SUB_02575,Starter,49,2023-11-01,,Active,24,9,3,3.0,44.333333333333336,4.333333333333333,0,Healthy (16+ logins),61.0
CUST_02576,Logistics,SMB,2022-09-03,SUB_02576,Starter,49,2022-09-03,,Active,36,12,23,3.0,54.333333333333336,4.0,0,Healthy (16+ logins),485.0
CUST_02577,EdTech,Mid-Market,2022-02-02,SUB_02577,Starter,49,2022-02-02,,Active,37,13,961,4.0,36.25,3.25,0,Healthy (16+ logins),698.0
CUST_02578,Healthcare,SMB,2022-12-27,SUB_02578,Pro,199,2022-12-27,2023-09-23,Churned,2,0,702,4.0,57.25,3.5,1,High Risk (≤5 logins),270.0
CUST_02579,FinTech,SMB,2022-11-26,SUB_02579,Starter,49,2022-11-26,,Active,32,4,832,3.0,38.333333333333336,3.6666666666666665,0,Healthy (16+ logins),401.0
CUST_02580,FinTech,SMB,2023-05-27,SUB_02580,Pro,199,2023-05-27,2023-11-15,Churned,0,1,321,2.0,31.0,4.5,1,High Risk (≤5 logins),172.0
CUST_02581,FinTech,SMB,2022-03-12,SUB_02581,Starter,49,2022-03-12,2022-09-24,Churned,2,1,780,4.0,49.0,4.0,1,High Risk (≤5 logins),196.0
CUST_02582,Logistics,SMB,2022-11-09,SUB_02582,Starter,49,2022-11-09,,Active,7,3,538,1.0,71.0,3.0,0,Medium Risk (6-15 logins),418.0
CUST_02583,Logistics,SMB,2022-03-20,SUB_02583,Starter,49,2022-03-20,,Active,6,4,371,0.0,0.0,5.0,0,Medium Risk (6-15 logins),652.0
CUST_02584,Healthcare,Mid-Market,2022-06-18,SUB_02584,Pro,199,2022-06-18,,Active,26,9,592,4.0,38.25,3.5,0,Healthy (16+ logins),562.0
CUST_02585,EdTech,SMB,2022-06-29,SUB_02585,Starter,49,2022-06-29,2022-09-23,Churned,0,0,632,2.0,44.5,3.5,1,High Risk (≤5 logins),86.0
CUST_02586,Healthcare,Mid-Market,2023-09-20,SUB_02586,Enterprise,999,2023-09-20,,Active,47,10,28189,4.0,45.0,3.75,0,Healthy (16+ logins),103.0
CUST_02587,E-commerce,Enterprise,2022-09-17,SUB_02587,Enterprise,999,2022-09-17,,Active,25,14,15640,1.0,54.0,3.0,0,Healthy (16+ logins),471.0
CUST_02588,FinTech,SMB,2023-05-01,SUB_02588,Pro,199,2023-05-01,2023-10-15,Churned,0,1,68,1.0,55.0,1.0,1,High Risk (≤5 logins),167.0
CUST_02589,FinTech,SMB,2022-01-05,SUB_02589,Enterprise,999,2022-01-05,,Active,44,2,41477,0.0,0.0,5.0,0,Healthy (16+ logins),726.0
CUST_02590,FinTech,SMB,2022-10-24,SUB_02590,Starter,49,2022-10-24,,Active,11,9,504,1.0,22.0,4.0,0,Medium Risk (6-15 logins),434.0
CUST_02591,Healthcare,Mid-Market,2023-09-12,SUB_02591,Pro,199,2023-09-12,,Active,10,5,312,2.0,50.0,5.0,0,Medium Risk (6-15 logins),111.0
CUST_02592,Healthcare,Enterprise,2022-12-26,SUB_02592,Pro,199,2022-12-26,,Active,48,5,71,0.0,0.0,5.0,0,Healthy (16+ logins),371.0
CUST_02593,FinTech,Mid-Market,2022-04-27,SUB_02593,Pro,199,2022-04-27,2023-04-18,Churned,4,0,245,0.0,0.0,5.0,1,High Risk (≤5 logins),356.0
CUST_02594,Healthcare,SMB,2022-12-23,SUB_02594,Pro,199,2022-12-23,,Active,28,8,757,5.0,38.6,4.0,0,Healthy (16+ logins),374.0
CUST_02595,Logistics,Mid-Market,2023-03-15,SUB_02595,Pro,199,2023-03-15,,Active,31,11,764,2.0,57.0,4.0,0,Healthy (16+ logins),292.0
CUST_02596,Logistics,SMB,2022-11-27,SUB_02596,Enterprise,999,2022-11-27,2023-01-12,Churned,3,1,35675,3.0,30.333333333333332,4.666666666666667,1,High Risk (≤5 logins),46.0
CUST_02597,Healthcare,SMB,2023-06-09,SUB_02597,Starter,49,2023-06-09,2024-06-04,Churned,3,1,72,3.0,40.666666666666664,5.0,1,High Risk (≤5 logins),361.0
CUST_02598,FinTech,SMB,2023-10-16,SUB_02598,Pro,199,2023-10-16,2024-08-13,Churned,4,1,785,1.0,55.0,5.0,1,High Risk (≤5 logins),302.0
CUST_02599,Healthcare,SMB,2022-07-07,SUB_02599,Pro,199,2022-07-07,,Active,13,3,527,0.0,0.0,5.0,0,Medium Risk (6-15 logins),543.0
CUST_02600,Healthcare,Mid-Market,2022-10-08,SUB_02600,Pro,199,2022-10-08,2023-10-06,Churned,4,1,690,3.0,41.666666666666664,4.666666666666667,1,High Risk (≤5 logins),363.0
CUST_02601,Healthcare,SMB,2023-05-26,SUB_02601,Starter,49,2023-05-26,,Active,48,3,863,4.0,35.25,4.5,0,Healthy (16+ logins),220.0
CUST_02602,E-commerce,SMB,2023-04-11,SUB_02602,Pro,199,2023-04-11,,Active,49,7,39,0.0,0.0,5.0,0,Healthy (16+ logins),265.0
CUST_02603,Logistics,SMB,2022-04-25,SUB_02603,Enterprise,999,2022-04-25,2022-05-27,Churned,4,1,13462,4.0,33.25,3.5,1,High Risk (≤5 logins),32.0
CUST_02604,EdTech,Mid-Market,2022-08-24,SUB_02604,Starter,49,2022-08-24,,Active,41,6,55,2.0,27.0,3.0,0,Healthy (16+ logins),495.0
CUST_02605,EdTech,Mid-Market,2022-12-04,SUB_02605,Pro,199,2022-12-04,2023-09-02,Churned,2,0,884,3.0,49.333333333333336,3.3333333333333335,1,High Risk (≤5 logins),272.0
CUST_02606,E-commerce,SMB,2023-06-06,SUB_02606,Starter,49,2023-06-06,,Active,44,11,744,3.0,27.666666666666668,3.0,0,Healthy (16+ logins),209.0
CUST_02607,Healthcare,SMB,2022-07-18,SUB_02607,Enterprise,999,2022-07-18,2022-12-02,Churned,2,0,6600,1.0,15.0,4.0,1,High Risk (≤5 logins),137.0
CUST_02608,E-commerce,SMB,2022-02-19,SUB_02608,Starter,49,2022-02-19,,Active,35,8,171,2.0,23.0,2.0,0,Healthy (16+ logins),681.0
CUST_02609,E-commerce,Enterprise,2022-05-22,SUB_02609,Starter,49,2022-05-22,,Active,10,5,301,4.0,38.25,4.0,0,Medium Risk (6-15 logins),589.0
CUST_02610,FinTech,SMB,2023-06-12,SUB_02610,Starter,49,2023-06-12,,Active,29,6,927,2.0,41.0,3.0,0,Healthy (16+ logins),203.0
CUST_02611,Logistics,SMB,2023-05-29,SUB_02611,Pro,199,2023-05-29,,Active,43,8,489,2.0,29.0,3.0,0,Healthy (16+ logins),217.0
CUST_02612,EdTech,SMB,2023-11-01,SUB_02612,Starter,49,2023-11-01,2024-01-20,Churned,2,0,431,0.0,0.0,5.0,1,High Risk (≤5 logins),80.0
CUST_02613,Healthcare,SMB,2022-01-30,SUB_02613,Pro,199,2022-01-30,,Active,42,11,700,2.0,51.0,3.0,0,Healthy (16+ logins),701.0
CUST_02614,EdTech,Mid-Market,2022-03-23,SUB_02614,Enterprise,999,2022-03-23,,Active,20,12,29017,1.0,65.0,5.0,0,Healthy (16+ logins),649.0
CUST_02615,EdTech,SMB,2022-01-31,SUB_02615,Pro,199,2022-01-31,,Active,31,7,933,3.0,45.0,3.6666666666666665,0,Healthy (16+ logins),700.0
CUST_02616,Logistics,SMB,2022-11-29,SUB_02616,Starter,49,2022-11-29,2023-06-20,Churned,0,1,554,3.0,57.333333333333336,4.0,1,High Risk (≤5 logins),203.0
CUST_02617,EdTech,SMB,2023-10-22,SUB_02617,Enterprise,999,2023-10-22,,Active,8,3,44164,2.0,42.0,4.5,0,Medium Risk (6-15 logins),71.0
CUST_02618,EdTech,SMB,2022-06-26,SUB_02618,Pro,199,2022-06-26,,Active,43,2,260,1.0,34.0,5.0,0,Healthy (16+ logins),554.0
CUST_02619,E-commerce,Enterprise,2023-01-05,SUB_02619,Starter,49,2023-01-05,,Active,20,3,996,4.0,54.0,4.5,0,Healthy (16+ logins),361.0
CUST_02620,Logistics,SMB,2023-07-01,SUB_02620,Starter,49,2023-07-01,2023-11-23,Churned,2,1,880,3.0,59.0,4.333333333333333,1,High Risk (≤5 logins),145.0
CUST_02621,FinTech,Mid-Market,2023-06-19,SUB_02621,Starter,49,2023-06-19,,Active,11,4,569,3.0,41.333333333333336,4.333333333333333,0,Medium Risk (6-15 logins),196.0
CUST_02622,Healthcare,Mid-Market,2022-04-16,SUB_02622,Pro,199,2022-04-16,,Active,25,8,548,1.0,50.0,1.0,0,Healthy (16+ logins),625.0
CUST_02623,EdTech,SMB,2022-04-07,SUB_02623,Starter,49,2022-04-07,2022-11-05,Churned,3,0,409,3.0,23.666666666666668,3.3333333333333335,1,High Risk (≤5 logins),212.0
CUST_02624,Healthcare,SMB,2022-08-18,SUB_02624,Starter,49,2022-08-18,2023-02-17,Churned,0,1,746,1.0,58.0,4.0,1,High Risk (≤5 logins),183.0
CUST_02625,FinTech,SMB,2022-08-15,SUB_02625,Pro,199,2022-08-15,,Active,46,13,264,2.0,56.5,1.5,0,Healthy (16+ logins),504.0
CUST_02626,Healthcare,Mid-Market,2023-01-06,SUB_02626,Pro,199,2023-01-06,2023-10-09,Churned,3,1,14,2.0,39.5,4.0,1,High Risk (≤5 logins),276.0
CUST_02627,FinTech,SMB,2022-04-10,SUB_02627,Pro,199,2022-04-10,,Active,6,10,87,4.0,42.75,4.0,0,Medium Risk (6-15 logins),631.0
CUST_02628,E-commerce,SMB,2023-03-21,SUB_02628,Pro,199,2023-03-21,,Active,10,1,983,3.0,25.666666666666668,3.6666666666666665,0,Medium Risk (6-15 logins),286.0
CUST_02629,EdTech,SMB,2023-04-13,SUB_02629,Starter,49,2023-04-13,,Active,8,13,98,1.0,56.0,4.0,0,Medium Risk (6-15 logins),263.0
CUST_02630,FinTech,Mid-Market,2022-02-24,SUB_02630,Pro,199,2022-02-24,2022-06-09,Churned,3,0,616,0.0,0.0,5.0,1,High Risk (≤5 logins),105.0
CUST_02631,Healthcare,SMB,2022-07-14,SUB_02631,Starter,49,2022-07-14,,Active,5,8,216,3.0,40.0,4.333333333333333,0,High Risk (≤5 logins),536.0
CUST_02632,EdTech,SMB,2023-06-04,SUB_02632,Pro,199,2023-06-04,,Active,42,6,409,4.0,48.25,3.25,0,Healthy (16+ logins),211.0
CUST_02633,E-commerce,SMB,2023-02-28,SUB_02633,Pro,199,2023-02-28,,Active,16,2,190,1.0,66.0,3.0,0,Healthy (16+ logins),307.0
CUST_02634,EdTech,SMB,2022-11-11,SUB_02634,Starter,49,2022-11-11,2023-08-11,Churned,4,0,214,1.0,65.0,4.0,1,High Risk (≤5 logins),273.0
CUST_02635,FinTech,Mid-Market,2022-05-08,SUB_02635,Enterprise,999,2022-05-08,,Active,18,12,31270,0.0,0.0,5.0,0,Healthy (16+ logins),603.0
CUST_02636,E-commerce,SMB,2022-02-01,SUB_02636,Starter,49,2022-02-01,,Active,19,2,616,3.0,22.0,4.333333333333333,0,Healthy (16+ logins),699.0
CUST_02637,Healthcare,Mid-Market,2022-04-03,SUB_02637,Starter,49,2022-04-03,,Active,28,10,26,1.0,71.0,4.0,0,Healthy (16+ logins),638.0
CUST_02638,E-commerce,Mid-Market,2023-06-03,SUB_02638,Enterprise,999,2023-06-03,,Active,22,7,38705,1.0,67.0,5.0,0,Healthy (16+ logins),212.0
CUST_02639,E-commerce,SMB,2022-09-15,SUB_02639,Pro,199,2022-09-15,2023-01-03,Churned,1,0,594,1.0,32.0,2.0,1,High Risk (≤5 logins),110.0
CUST_02640,Logistics,Mid-Market,2022-08-08,SUB_02640,Pro,199,2022-08-08,,Active,13,10,158,4.0,37.25,3.0,0,Medium Risk (6-15 logins),511.0
CUST_02641,E-commerce,SMB,2022-04-16,SUB_02641,Pro,199,2022-04-16,2022-12-30,Churned,3,1,229,2.0,37.5,4.5,1,High Risk (≤5 logins),258.0
CUST_02642,E-commerce,SMB,2023-07-02,SUB_02642,Pro,199,2023-07-02,,Active,22,7,234,3.0,48.0,3.3333333333333335,0,Healthy (16+ logins),183.0
CUST_02643,EdTech,Mid-Market,2023-02-20,SUB_02643,Starter,49,2023-02-20,,Active,9,6,799,5.0,32.2,4.4,0,Medium Risk (6-15 logins),315.0
CUST_02644,Healthcare,SMB,2023-07-11,SUB_02644,Starter,49,2023-07-11,,Active,13,10,385,0.0,0.0,5.0,0,Medium Risk (6-15 logins),174.0
CUST_02645,EdTech,Mid-Market,2022-11-05,SUB_02645,Starter,49,2022-11-05,,Active,39,1,529,3.0,22.333333333333332,5.0,0,Healthy (16+ logins),422.0
CUST_02646,EdTech,SMB,2023-01-01,SUB_02646,Starter,49,2023-01-01,2023-04-12,Churned,1,1,283,5.0,44.2,3.6,1,High Risk (≤5 logins),101.0
CUST_02647,FinTech,Enterprise,2023-06-05,SUB_02647,Pro,199,2023-06-05,2024-02-07,Churned,3,0,70,1.0,16.0,4.0,1,High Risk (≤5 logins),247.0
CUST_02648,EdTech,SMB,2023-04-04,SUB_02648,Starter,49,2023-04-04,,Active,45,2,503,0.0,0.0,5.0,0,Healthy (16+ logins),272.0
CUST_02649,Logistics,SMB,2023-08-22,SUB_02649,Starter,49,2023-08-22,,Active,13,1,214,3.0,36.0,4.666666666666667,0,Medium Risk (6-15 logins),132.0
CUST_02650,Logistics,SMB,2023-01-05,SUB_02650,Starter,49,2023-01-05,,Active,36,1,116,1.0,37.0,3.0,0,Healthy (16+ logins),361.0
CUST_02651,FinTech,Mid-Market,2022-11-27,SUB_02651,Pro,199,2022-11-27,2023-08-26,Churned,4,0,99,4.0,47.5,3.75,1,High Risk (≤5 logins),272.0
CUST_02652,Healthcare,Mid-Market,2023-11-20,SUB_02652,Pro,199,2023-11-20,,Active,17,11,599,0.0,0.0,5.0,0,Healthy (16+ logins),42.0
CUST_02653,Healthcare,SMB,2023-10-04,SUB_02653,Starter,49,2023-10-04,,Active,44,1,859,3.0,50.666666666666664,5.0,0,Healthy (16+ logins),89.0
CUST_02654,EdTech,Mid-Market,2022-01-11,SUB_02654,Pro,199,2022-01-11,,Active,15,2,664,3.0,33.333333333333336,3.0,0,Medium Risk (6-15 logins),720.0
CUST_02655,EdTech,SMB,2023-05-22,SUB_02655,Starter,49,2023-05-22,2024-04-29,Churned,3,1,294,3.0,54.666666666666664,4.0,1,High Risk (≤5 logins),343.0
CUST_02656,EdTech,SMB,2023-02-23,SUB_02656,Pro,199,2023-02-23,,Active,46,13,176,4.0,49.25,3.5,0,Healthy (16+ logins),312.0
CUST_02657,Healthcare,Mid-Market,2022-05-02,SUB_02657,Starter,49,2022-05-02,,Active,30,12,131,0.0,0.0,5.0,0,Healthy (16+ logins),609.0
CUST_02658,E-commerce,Mid-Market,2022-08-23,SUB_02658,Starter,49,2022-08-23,,Active,44,12,819,4.0,33.0,3.75,0,Healthy (16+ logins),496.0
CUST_02659,Logistics,Mid-Market,2022-11-27,SUB_02659,Pro,199,2022-11-27,,Active,15,6,633,3.0,59.333333333333336,3.6666666666666665,0,Medium Risk (6-15 logins),400.0
CUST_02660,E-commerce,Mid-Market,2023-06-27,SUB_02660,Enterprise,999,2023-06-27,,Active,29,11,18358,4.0,39.75,3.0,0,Healthy (16+ logins),188.0
CUST_02661,E-commerce,SMB,2022-12-14,SUB_02661,Starter,49,2022-12-14,2023-03-31,Churned,1,0,579,4.0,32.25,3.25,1,High Risk (≤5 logins),107.0
CUST_02662,Healthcare,Mid-Market,2023-02-16,SUB_02662,Pro,199,2023-02-16,2023-08-22,Churned,0,0,56,3.0,37.333333333333336,4.333333333333333,1,High Risk (≤5 logins),187.0
CUST_02663,E-commerce,SMB,2022-08-12,SUB_02663,Pro,199,2022-08-12,,Active,24,11,12,2.0,50.0,3.0,0,Healthy (16+ logins),507.0
CUST_02664,FinTech,SMB,2022-06-02,SUB_02664,Enterprise,999,2022-06-02,2022-08-18,Churned,3,1,9184,3.0,22.666666666666668,4.333333333333333,1,High Risk (≤5 logins),77.0
CUST_02665,EdTech,SMB,2022-07-31,SUB_02665,Starter,49,2022-07-31,,Active,15,14,574,1.0,56.0,3.0,0,Medium Risk (6-15 logins),519.0
CUST_02666,FinTech,SMB,2022-04-02,SUB_02666,Starter,49,2022-04-02,,Active,48,10,993,3.0,46.333333333333336,4.0,0,Healthy (16+ logins),639.0
CUST_02667,Logistics,SMB,2022-11-27,SUB_02667,Pro,199,2022-11-27,2023-11-03,Churned,0,0,838,2.0,43.0,5.0,1,High Risk (≤5 logins),341.0
CUST_02668,EdTech,SMB,2023-04-12,SUB_02668,Starter,49,2023-04-12,,Active,7,11,509,4.0,54.5,3.25,0,Medium Risk (6-15 logins),264.0
CUST_02669,E-commerce,SMB,2023-10-03,SUB_02669,Starter,49,2023-10-03,,Active,43,11,152,2.0,49.0,4.0,0,Healthy (16+ logins),90.0
CUST_02670,Logistics,SMB,2023-07-08,SUB_02670,Starter,49,2023-07-08,2024-05-30,Churned,2,1,22,3.0,55.333333333333336,4.0,1,High Risk (≤5 logins),327.0
CUST_02671,EdTech,SMB,2022-08-16,SUB_02671,Pro,199,2022-08-16,,Active,39,11,29,0.0,0.0,5.0,0,Healthy (16+ logins),503.0
CUST_02672,E-commerce,SMB,2022-07-13,SUB_02672,Starter,49,2022-07-13,2022-09-04,Churned,2,1,368,4.0,31.75,3.25,1,High Risk (≤5 logins),53.0
CUST_02673,FinTech,SMB,2023-06-14,SUB_02673,Pro,199,2023-06-14,2023-10-31,Churned,2,0,700,5.0,48.0,4.0,1,High Risk (≤5 logins),139.0
CUST_02674,EdTech,Mid-Market,2022-08-31,SUB_02674,Starter,49,2022-08-31,,Active,25,6,390,1.0,32.0,5.0,0,Healthy (16+ logins),488.0
CUST_02675,E-commerce,Mid-Market,2023-01-24,SUB_02675,Starter,49,2023-01-24,,Active,26,3,309,7.0,42.142857142857146,3.5714285714285716,0,Healthy (16+ logins),342.0
CUST_02676,FinTech,Mid-Market,2022-10-03,SUB_02676,Starter,49,2022-10-03,,Active,23,13,620,2.0,29.0,1.5,0,Healthy (16+ logins),455.0
CUST_02677,Logistics,SMB,2023-03-26,SUB_02677,Starter,49,2023-03-26,,Active,18,6,400,1.0,61.0,4.0,0,Healthy (16+ logins),281.0
CUST_02678,Logistics,Mid-Market,2023-10-01,SUB_02678,Pro,199,2023-10-01,,Active,41,10,352,3.0,30.333333333333332,3.3333333333333335,0,Healthy (16+ logins),92.0
CUST_02679,Logistics,SMB,2023-08-10,SUB_02679,Pro,199,2023-08-10,2023-10-30,Churned,3,0,571,1.0,23.0,2.0,1,High Risk (≤5 logins),81.0
CUST_02680,Logistics,SMB,2023-07-28,SUB_02680,Starter,49,2023-07-28,,Active,27,7,65,1.0,65.0,5.0,0,Healthy (16+ logins),157.0
CUST_02681,Healthcare,SMB,2023-04-23,SUB_02681,Starter,49,2023-04-23,,Active,30,2,165,2.0,59.0,4.0,0,Healthy (16+ logins),253.0
CUST_02682,EdTech,Mid-Market,2023-04-25,SUB_02682,Pro,199,2023-04-25,,Active,47,3,491,1.0,28.0,4.0,0,Healthy (16+ logins),251.0
CUST_02683,EdTech,SMB,2022-10-15,SUB_02683,Pro,199,2022-10-15,,Active,48,6,652,1.0,16.0,5.0,0,Healthy (16+ logins),443.0
CUST_02684,Healthcare,SMB,2023-11-29,SUB_02684,Pro,199,2023-11-29,2024-10-13,Churned,1,1,563,1.0,66.0,1.0,1,High Risk (≤5 logins),319.0
CUST_02685,E-commerce,SMB,2023-11-21,SUB_02685,Pro,199,2023-11-21,,Active,16,9,179,2.0,27.0,4.5,0,Healthy (16+ logins),41.0
CUST_02686,E-commerce,Mid-Market,2023-11-09,SUB_02686,Starter,49,2023-11-09,2024-08-23,Churned,3,1,543,2.0,67.5,1.0,1,High Risk (≤5 logins),288.0
CUST_02687,Logistics,Mid-Market,2023-11-26,SUB_02687,Pro,199,2023-11-26,,Active,38,9,725,1.0,41.0,4.0,0,Healthy (16+ logins),36.0
CUST_02688,FinTech,SMB,2023-06-24,SUB_02688,Starter,49,2023-06-24,,Active,48,8,776,0.0,0.0,5.0,0,Healthy (16+ logins),191.0
CUST_02689,E-commerce,SMB,2022-11-26,SUB_02689,Starter,49,2022-11-26,,Active,23,8,16,2.0,38.0,3.5,0,Healthy (16+ logins),401.0
CUST_02690,FinTech,SMB,2023-04-15,SUB_02690,Pro,199,2023-04-15,,Active,27,9,125,1.0,33.0,3.0,0,Healthy (16+ logins),261.0
CUST_02691,EdTech,Mid-Market,2023-06-18,SUB_02691,Enterprise,999,2023-06-18,,Active,11,11,5176,0.0,0.0,5.0,0,Medium Risk (6-15 logins),197.0
CUST_02692,FinTech,SMB,2023-04-12,SUB_02692,Pro,199,2023-04-12,,Active,11,11,39,0.0,0.0,5.0,0,Medium Risk (6-15 logins),264.0
CUST_02693,EdTech,Mid-Market,2023-02-24,SUB_02693,Starter,49,2023-02-24,2024-02-12,Churned,1,1,615,0.0,0.0,5.0,1,High Risk (≤5 logins),353.0
CUST_02694,Healthcare,SMB,2023-08-31,SUB_02694,Starter,49,2023-08-31,,Active,22,10,218,4.0,43.75,4.0,0,Healthy (16+ logins),123.0
CUST_02695,Healthcare,Mid-Market,2022-05-02,SUB_02695,Starter,49,2022-05-02,2022-10-17,Churned,1,0,970,1.0,21.0,4.0,1,High Risk (≤5 logins),168.0
CUST_02696,Logistics,SMB,2022-11-04,SUB_02696,Pro,199,2022-11-04,,Active,29,13,181,5.0,33.6,4.0,0,Healthy (16+ logins),423.0
CUST_02697,E-commerce,SMB,2022-11-30,SUB_02697,Starter,49,2022-11-30,,Active,46,9,895,1.0,34.0,3.0,0,Healthy (16+ logins),397.0
CUST_02698,Logistics,SMB,2023-02-24,SUB_02698,Pro,199,2023-02-24,,Active,33,5,437,2.0,24.5,4.5,0,Healthy (16+ logins),311.0
CUST_02699,EdTech,SMB,2022-11-22,SUB_02699,Starter,49,2022-11-22,,Active,27,6,667,3.0,49.666666666666664,3.0,0,Healthy (16+ logins),405.0
CUST_02700,Logistics,SMB,2023-10-11,SUB_02700,Pro,199,2023-10-11,2024-09-10,Churned,1,1,967,3.0,50.333333333333336,4.333333333333333,1,High Risk (≤5 logins),335.0
CUST_02701,FinTech,Mid-Market,2023-07-27,SUB_02701,Enterprise,999,2023-07-27,,Active,5,13,41316,1.0,2.0,1.0,0,High Risk (≤5 logins),158.0
CUST_02702,EdTech,SMB,2022-09-07,SUB_02702,Starter,49,2022-09-07,,Active,19,1,529,6.0,26.0,4.5,0,Healthy (16+ logins),481.0
CUST_02703,Healthcare,Mid-Market,2022-04-05,SUB_02703,Starter,49,2022-04-05,,Active,19,4,652,2.0,36.0,5.0,0,Healthy (16+ logins),636.0
CUST_02704,E-commerce,Mid-Market,2022-10-23,SUB_02704,Pro,199,2022-10-23,,Active,32,14,160,3.0,30.333333333333332,3.6666666666666665,0,Healthy (16+ logins),435.0
CUST_02705,EdTech,SMB,2022-07-03,SUB_02705,Pro,199,2022-07-03,2023-05-03,Churned,2,0,910,1.0,71.0,4.0,1,High Risk (≤5 logins),304.0
CUST_02706,EdTech,Mid-Market,2022-09-17,SUB_02706,Pro,199,2022-09-17,,Active,46,13,725,0.0,0.0,5.0,0,Healthy (16+ logins),471.0
CUST_02707,FinTech,Mid-Market,2023-10-29,SUB_02707,Pro,199,2023-10-29,,Active,44,1,933,3.0,40.333333333333336,3.6666666666666665,0,Healthy (16+ logins),64.0
CUST_02708,E-commerce,SMB,2022-07-05,SUB_02708,Starter,49,2022-07-05,,Active,36,12,733,1.0,49.0,2.0,0,Healthy (16+ logins),545.0
CUST_02709,Healthcare,Mid-Market,2023-02-13,SUB_02709,Pro,199,2023-02-13,2023-04-27,Churned,0,1,773,4.0,28.25,3.75,1,High Risk (≤5 logins),73.0
CUST_02710,EdTech,SMB,2022-03-10,SUB_02710,Starter,49,2022-03-10,2022-12-23,Churned,4,0,556,2.0,64.5,4.5,1,High Risk (≤5 logins),288.0
CUST_02711,EdTech,SMB,2023-09-19,SUB_02711,Enterprise,999,2023-09-19,,Active,43,7,48777,0.0,0.0,5.0,0,Healthy (16+ logins),104.0
CUST_02712,FinTech,Mid-Market,2022-01-08,SUB_02712,Starter,49,2022-01-08,,Active,42,1,353,3.0,42.333333333333336,3.0,0,Healthy (16+ logins),723.0
CUST_02713,Logistics,SMB,2022-09-22,SUB_02713,Pro,199,2022-09-22,2023-02-11,Churned,3,1,374,5.0,23.2,3.4,1,High Risk (≤5 logins),142.0
CUST_02714,Healthcare,SMB,2023-04-29,SUB_02714,Starter,49,2023-04-29,,Active,24,10,466,1.0,29.0,5.0,0,Healthy (16+ logins),247.0
CUST_02715,E-commerce,SMB,2023-09-09,SUB_02715,Starter,49,2023-09-09,2024-05-22,Churned,1,1,240,3.0,44.666666666666664,3.6666666666666665,1,High Risk (≤5 logins),256.0
CUST_02716,EdTech,Mid-Market,2023-01-06,SUB_02716,Starter,49,2023-01-06,,Active,12,10,736,1.0,29.0,2.0,0,Medium Risk (6-15 logins),360.0
CUST_02717,EdTech,Enterprise,2023-11-08,SUB_02717,Pro,199,2023-11-08,,Active,18,13,333,3.0,41.666666666666664,3.3333333333333335,0,Healthy (16+ logins),54.0
CUST_02718,Healthcare,SMB,2022-03-24,SUB_02718,Pro,199,2022-03-24,2022-06-26,Churned,2,1,47,0.0,0.0,5.0,1,High Risk (≤5 logins),94.0
CUST_02719,Logistics,Mid-Market,2023-10-08,SUB_02719,Pro,199,2023-10-08,,Active,39,9,110,1.0,33.0,5.0,0,Healthy (16+ logins),85.0
CUST_02720,EdTech,Enterprise,2022-07-30,SUB_02720,Starter,49,2022-07-30,,Active,49,5,936,2.0,31.5,3.5,0,Healthy (16+ logins),520.0
CUST_02721,Healthcare,SMB,2022-11-09,SUB_02721,Pro,199,2022-11-09,,Active,25,13,594,2.0,67.5,2.5,0,Healthy (16+ logins),418.0
CUST_02722,FinTech,SMB,2023-08-27,SUB_02722,Pro,199,2023-08-27,,Active,45,6,103,1.0,31.0,4.0,0,Healthy (16+ logins),127.0
CUST_02723,Logistics,Mid-Market,2022-12-03,SUB_02723,Starter,49,2022-12-03,,Active,45,12,462,3.0,33.666666666666664,4.0,0,Healthy (16+ logins),394.0
CUST_02724,E-commerce,Mid-Market,2023-05-05,SUB_02724,Starter,49,2023-05-05,2023-11-13,Churned,0,1,73,2.0,61.0,4.0,1,High Risk (≤5 logins),192.0
CUST_02725,EdTech,Mid-Market,2023-02-07,SUB_02725,Starter,49,2023-02-07,2023-08-19,Churned,4,0,566,0.0,0.0,5.0,1,High Risk (≤5 logins),193.0
CUST_02726,Healthcare,SMB,2023-10-01,SUB_02726,Starter,49,2023-10-01,,Active,10,3,316,4.0,36.0,3.25,0,Medium Risk (6-15 logins),92.0
CUST_02727,FinTech,SMB,2022-07-10,SUB_02727,Starter,49,2022-07-10,,Active,48,3,1,0.0,0.0,5.0,0,Healthy (16+ logins),540.0
CUST_02728,E-commerce,SMB,2023-11-02,SUB_02728,Pro,199,2023-11-02,2024-05-15,Churned,0,1,753,1.0,28.0,1.0,1,High Risk (≤5 logins),195.0
CUST_02729,Healthcare,SMB,2022-12-01,SUB_02729,Starter,49,2022-12-01,,Active,8,13,371,0.0,0.0,5.0,0,Medium Risk (6-15 logins),396.0
CUST_02730,Healthcare,SMB,2023-06-06,SUB_02730,Pro,199,2023-06-06,,Active,8,13,769,3.0,46.333333333333336,5.0,0,Medium Risk (6-15 logins),209.0
CUST_02731,E-commerce,Mid-Market,2023-09-11,SUB_02731,Enterprise,999,2023-09-11,2023-11-18,Churned,3,1,41634,0.0,0.0,5.0,1,High Risk (≤5 logins),68.0
CUST_02732,FinTech,SMB,2022-03-28,SUB_02732,Pro,199,2022-03-28,,Active,31,3,843,3.0,43.333333333333336,3.0,0,Healthy (16+ logins),644.0
CUST_02733,FinTech,Mid-Market,2023-08-02,SUB_02733,Pro,199,2023-08-02,,Active,21,4,9,1.0,23.0,4.0,0,Healthy (16+ logins),152.0
CUST_02734,Logistics,SMB,2022-03-03,SUB_02734,Starter,49,2022-03-03,,Active,43,14,587,0.0,0.0,5.0,0,Healthy (16+ logins),669.0
CUST_02735,EdTech,SMB,2023-01-22,SUB_02735,Pro,199,2023-01-22,,Active,42,2,422,2.0,25.0,1.5,0,Healthy (16+ logins),344.0
CUST_02736,E-commerce,SMB,2022-05-26,SUB_02736,Starter,49,2022-05-26,,Active,33,9,257,3.0,35.666666666666664,4.0,0,Healthy (16+ logins),585.0
CUST_02737,E-commerce,SMB,2022-06-02,SUB_02737,Pro,199,2022-06-02,2022-12-01,Churned,2,0,632,3.0,40.0,4.333333333333333,1,High Risk (≤5 logins),182.0
CUST_02738,E-commerce,SMB,2023-09-11,SUB_02738,Enterprise,999,2023-09-11,,Active,11,9,23300,1.0,36.0,1.0,0,Medium Risk (6-15 logins),112.0
CUST_02739,FinTech,Enterprise,2023-10-22,SUB_02739,Pro,199,2023-10-22,,Active,12,13,961,1.0,43.0,4.0,0,Medium Risk (6-15 logins),71.0
CUST_02740,EdTech,Mid-Market,2023-11-29,SUB_02740,Pro,199,2023-11-29,2024-11-12,Churned,3,0,726,4.0,25.25,4.0,1,High Risk (≤5 logins),349.0
CUST_02741,Logistics,SMB,2022-12-15,SUB_02741,Starter,49,2022-12-15,,Active,37,2,475,3.0,48.333333333333336,4.333333333333333,0,Healthy (16+ logins),382.0
CUST_02742,Healthcare,SMB,2022-06-27,SUB_02742,Starter,49,2022-06-27,,Active,36,5,244,3.0,43.333333333333336,4.666666666666667,0,Healthy (16+ logins),553.0
CUST_02743,Healthcare,Enterprise,2023-05-02,SUB_02743,Pro,199,2023-05-02,,Active,39,1,336,2.0,38.0,3.5,0,Healthy (16+ logins),244.0
CUST_02744,E-commerce,SMB,2023-10-23,SUB_02744,Starter,49,2023-10-23,2024-08-16,Churned,4,0,691,5.0,37.2,3.6,1,High Risk (≤5 logins),298.0
CUST_02745,EdTech,SMB,2022-09-04,SUB_02745,Pro,199,2022-09-04,,Active,47,6,487,3.0,27.0,4.333333333333333,0,Healthy (16+ logins),484.0
CUST_02746,FinTech,SMB,2022-09-11,SUB_02746,Starter,49,2022-09-11,,Active,20,14,852,1.0,20.0,5.0,0,Healthy (16+ logins),477.0
CUST_02747,EdTech,Enterprise,2023-05-15,SUB_02747,Pro,199,2023-05-15,,Active,22,10,811,2.0,64.0,3.0,0,Healthy (16+ logins),231.0
CUST_02748,EdTech,SMB,2023-06-25,SUB_02748,Starter,49,2023-06-25,,Active,42,10,801,1.0,33.0,5.0,0,Healthy (16+ logins),190.0
CUST_02749,FinTech,SMB,2022-12-18,SUB_02749,Pro,199,2022-12-18,,Active,29,2,72,6.0,57.5,4.166666666666667,0,Healthy (16+ logins),379.0
CUST_02750,E-commerce,Enterprise,2023-05-27,SUB_02750,Pro,199,2023-05-27,,Active,38,2,720,3.0,30.666666666666668,1.6666666666666667,0,Healthy (16+ logins),219.0
CUST_02751,EdTech,SMB,2022-01-13,SUB_02751,Starter,49,2022-01-13,,Active,8,10,752,2.0,31.0,3.0,0,Medium Risk (6-15 logins),718.0
CUST_02752,Healthcare,SMB,2023-07-13,SUB_02752,Starter,49,2023-07-13,2024-06-30,Churned,0,1,873,2.0,30.5,3.0,1,High Risk (≤5 logins),353.0
CUST_02753,FinTech,SMB,2022-05-31,SUB_02753,Starter,49,2022-05-31,,Active,18,7,684,1.0,12.0,5.0,0,Healthy (16+ logins),580.0
CUST_02754,Logistics,Mid-Market,2022-02-19,SUB_02754,Starter,49,2022-02-19,,Active,5,9,927,4.0,51.75,2.75,0,High Risk (≤5 logins),681.0
CUST_02755,E-commerce,SMB,2022-08-03,SUB_02755,Starter,49,2022-08-03,,Active,26,9,4,4.0,38.0,4.75,0,Healthy (16+ logins),516.0
CUST_02756,FinTech,Enterprise,2023-10-06,SUB_02756,Starter,49,2023-10-06,2024-09-25,Churned,1,0,461,4.0,43.75,3.5,1,High Risk (≤5 logins),355.0
CUST_02757,Logistics,Mid-Market,2023-01-07,SUB_02757,Pro,199,2023-01-07,2023-04-21,Churned,2,1,365,2.0,33.5,4.5,1,High Risk (≤5 logins),104.0
CUST_02758,Logistics,SMB,2022-04-23,SUB_02758,Starter,49,2022-04-23,2023-02-03,Churned,0,0,494,2.0,33.5,5.0,1,High Risk (≤5 logins),286.0
CUST_02759,EdTech,Enterprise,2022-09-09,SUB_02759,Enterprise,999,2022-09-09,,Active,33,2,13964,2.0,48.5,3.0,0,Healthy (16+ logins),479.0
CUST_02760,EdTech,SMB,2022-12-07,SUB_02760,Pro,199,2022-12-07,2023-07-24,Churned,1,0,213,7.0,41.42857142857143,4.428571428571429,1,High Risk (≤5 logins),229.0
CUST_02761,EdTech,SMB,2022-02-22,SUB_02761,Starter,49,2022-02-22,,Active,13,1,958,2.0,39.0,3.0,0,Medium Risk (6-15 logins),678.0
CUST_02762,FinTech,SMB,2022-05-10,SUB_02762,Starter,49,2022-05-10,,Active,37,11,324,4.0,56.25,3.0,0,Healthy (16+ logins),601.0
CUST_02763,FinTech,SMB,2022-07-12,SUB_02763,Pro,199,2022-07-12,,Active,26,11,309,2.0,52.5,4.5,0,Healthy (16+ logins),538.0
CUST_02764,E-commerce,SMB,2023-08-14,SUB_02764,Starter,49,2023-08-14,,Active,21,13,37,1.0,45.0,5.0,0,Healthy (16+ logins),140.0
CUST_02765,EdTech,SMB,2022-02-26,SUB_02765,Pro,199,2022-02-26,,Active,27,2,904,0.0,0.0,5.0,0,Healthy (16+ logins),674.0
CUST_02766,Logistics,SMB,2022-04-07,SUB_02766,Pro,199,2022-04-07,,Active,40,12,60,2.0,55.0,2.5,0,Healthy (16+ logins),634.0
CUST_02767,Healthcare,Mid-Market,2022-07-17,SUB_02767,Starter,49,2022-07-17,,Active,10,3,94,5.0,30.8,2.6,0,Medium Risk (6-15 logins),533.0
CUST_02768,E-commerce,SMB,2023-10-09,SUB_02768,Pro,199,2023-10-09,,Active,43,5,232,2.0,46.0,5.0,0,Healthy (16+ logins),84.0
CUST_02769,FinTech,Enterprise,2022-05-27,SUB_02769,Starter,49,2022-05-27,,Active,33,10,788,1.0,68.0,2.0,0,Healthy (16+ logins),584.0
CUST_02770,E-commerce,SMB,2023-11-15,SUB_02770,Starter,49,2023-11-15,,Active,31,1,547,2.0,38.0,4.0,0,Healthy (16+ logins),47.0
CUST_02771,E-commerce,SMB,2023-07-29,SUB_02771,Pro,199,2023-07-29,2023-12-03,Churned,2,1,512,1.0,48.0,5.0,1,High Risk (≤5 logins),127.0
CUST_02772,E-commerce,SMB,2023-07-31,SUB_02772,Pro,199,2023-07-31,,Active,13,10,149,3.0,17.666666666666668,4.0,0,Medium Risk (6-15 logins),154.0
CUST_02773,E-commerce,SMB,2022-10-22,SUB_02773,Pro,199,2022-10-22,,Active,28,13,470,7.0,37.42857142857143,3.857142857142857,0,Healthy (16+ logins),436.0
CUST_02774,Healthcare,SMB,2023-09-13,SUB_02774,Pro,199,2023-09-13,2024-01-24,Churned,3,1,214,5.0,41.4,3.6,1,High Risk (≤5 logins),133.0
CUST_02775,EdTech,Mid-Market,2023-11-15,SUB_02775,Pro,199,2023-11-15,,Active,37,13,398,2.0,16.0,4.0,0,Healthy (16+ logins),47.0
CUST_02776,Logistics,Enterprise,2022-01-12,SUB_02776,Pro,199,2022-01-12,,Active,34,13,557,5.0,40.0,4.0,0,Healthy (16+ logins),719.0
CUST_02777,E-commerce,Enterprise,2022-11-29,SUB_02777,Starter,49,2022-11-29,,Active,44,5,576,0.0,0.0,5.0,0,Healthy (16+ logins),398.0
CUST_02778,E-commerce,SMB,2022-08-08,SUB_02778,Pro,199,2022-08-08,,Active,8,5,5,2.0,27.0,1.0,0,Medium Risk (6-15 logins),511.0
CUST_02779,E-commerce,Mid-Market,2023-02-02,SUB_02779,Pro,199,2023-02-02,,Active,36,4,935,3.0,18.333333333333332,3.6666666666666665,0,Healthy (16+ logins),333.0
CUST_02780,EdTech,SMB,2022-12-08,SUB_02780,Starter,49,2022-12-08,,Active,5,3,930,3.0,48.333333333333336,3.6666666666666665,0,High Risk (≤5 logins),389.0
CUST_02781,FinTech,SMB,2023-05-27,SUB_02781,Pro,199,2023-05-27,,Active,38,7,80,1.0,46.0,1.0,0,Healthy (16+ logins),219.0
CUST_02782,FinTech,Mid-Market,2022-06-21,SUB_02782,Starter,49,2022-06-21,2022-12-31,Churned,1,1,188,2.0,22.5,4.0,1,High Risk (≤5 logins),193.0
CUST_02783,Healthcare,Mid-Market,2023-04-13,SUB_02783,Pro,199,2023-04-13,,Active,35,7,662,1.0,56.0,3.0,0,Healthy (16+ logins),263.0
CUST_02784,FinTech,SMB,2022-06-15,SUB_02784,Pro,199,2022-06-15,,Active,18,1,659,1.0,15.0,5.0,0,Healthy (16+ logins),565.0
CUST_02785,E-commerce,SMB,2023-11-30,SUB_02785,Enterprise,999,2023-11-30,,Active,30,7,28981,3.0,48.0,3.6666666666666665,0,Healthy (16+ logins),32.0
CUST_02786,E-commerce,SMB,2022-06-19,SUB_02786,Starter,49,2022-06-19,,Active,26,3,676,4.0,42.5,4.25,0,Healthy (16+ logins),561.0
CUST_02787,E-commerce,Mid-Market,2023-07-18,SUB_02787,Pro,199,2023-07-18,2023-12-07,Churned,2,1,977,4.0,40.5,4.75,1,High Risk (≤5 logins),142.0
CUST_02788,Healthcare,SMB,2023-05-27,SUB_02788,Starter,49,2023-05-27,,Active,37,3,134,0.0,0.0,5.0,0,Healthy (16+ logins),219.0
CUST_02789,E-commerce,Enterprise,2022-07-08,SUB_02789,Pro,199,2022-07-08,,Active,17,6,765,1.0,52.0,3.0,0,Healthy (16+ logins),542.0
CUST_02790,FinTech,SMB,2022-04-30,SUB_02790,Pro,199,2022-04-30,,Active,36,6,304,5.0,22.6,2.6,0,Healthy (16+ logins),611.0
CUST_02791,EdTech,SMB,2022-04-15,SUB_02791,Pro,199,2022-04-15,2022-08-25,Churned,1,0,494,3.0,41.666666666666664,3.3333333333333335,1,High Risk (≤5 logins),132.0
CUST_02792,EdTech,SMB,2023-11-05,SUB_02792,Pro,199,2023-11-05,,Active,26,13,723,3.0,60.666666666666664,3.6666666666666665,0,Healthy (16+ logins),57.0
CUST_02793,Logistics,SMB,2022-02-10,SUB_02793,Pro,199,2022-02-10,,Active,45,4,279,2.0,39.5,1.5,0,Healthy (16+ logins),690.0
CUST_02794,FinTech,SMB,2023-11-08,SUB_02794,Starter,49,2023-11-08,2024-01-13,Churned,4,1,79,2.0,23.5,5.0,1,High Risk (≤5 logins),66.0
CUST_02795,E-commerce,Mid-Market,2022-11-17,SUB_02795,Starter,49,2022-11-17,,Active,25,3,780,6.0,32.166666666666664,3.0,0,Healthy (16+ logins),410.0
CUST_02796,EdTech,Mid-Market,2022-12-01,SUB_02796,Pro,199,2022-12-01,,Active,38,3,859,1.0,60.0,4.0,0,Healthy (16+ logins),396.0
CUST_02797,FinTech,Enterprise,2022-06-09,SUB_02797,Starter,49,2022-06-09,2022-10-22,Churned,2,0,390,2.0,42.5,4.0,1,High Risk (≤5 logins),135.0
CUST_02798,EdTech,Mid-Market,2022-09-21,SUB_02798,Starter,49,2022-09-21,,Active,10,5,14,1.0,41.0,3.0,0,Medium Risk (6-15 logins),467.0
CUST_02799,E-commerce,Mid-Market,2023-06-14,SUB_02799,Pro,199,2023-06-14,,Active,39,1,598,1.0,49.0,4.0,0,Healthy (16+ logins),201.0
CUST_02800,EdTech,SMB,2023-11-16,SUB_02800,Starter,49,2023-11-16,,Active,31,9,918,1.0,44.0,4.0,0,Healthy (16+ logins),46.0
CUST_02801,Logistics,Mid-Market,2023-04-22,SUB_02801,Starter,49,2023-04-22,,Active,24,10,891,3.0,56.666666666666664,2.6666666666666665,0,Healthy (16+ logins),254.0
CUST_02802,Logistics,SMB,2022-12-18,SUB_02802,Pro,199,2022-12-18,2023-07-22,Churned,2,1,222,1.0,31.0,5.0,1,High Risk (≤5 logins),216.0
CUST_02803,EdTech,SMB,2023-06-29,SUB_02803,Starter,49,2023-06-29,,Active,44,9,836,0.0,0.0,5.0,0,Healthy (16+ logins),186.0
CUST_02804,FinTech,SMB,2022-07-29,SUB_02804,Starter,49,2022-07-29,,Active,18,14,602,3.0,53.0,3.3333333333333335,0,Healthy (16+ logins),521.0
CUST_02805,FinTech,SMB,2023-05-11,SUB_02805,Starter,49,2023-05-11,,Active,14,11,827,1.0,37.0,4.0,0,Medium Risk (6-15 logins),235.0
CUST_02806,FinTech,SMB,2023-01-17,SUB_02806,Pro,199,2023-01-17,,Active,46,7,265,2.0,23.0,5.0,0,Healthy (16+ logins),349.0
CUST_02807,EdTech,Enterprise,2023-11-07,SUB_02807,Enterprise,999,2023-11-07,,Active,19,11,15963,3.0,31.666666666666668,2.0,0,Healthy (16+ logins),55.0
CUST_02808,FinTech,SMB,2023-04-26,SUB_02808,Pro,199,2023-04-26,,Active,44,10,319,4.0,37.0,3.25,0,Healthy (16+ logins),250.0
CUST_02809,E-commerce,SMB,2022-01-05,SUB_02809,Starter,49,2022-01-05,,Active,47,10,105,3.0,43.333333333333336,5.0,0,Healthy (16+ logins),726.0
CUST_02810,Logistics,SMB,2022-02-03,SUB_02810,Enterprise,999,2022-02-03,,Active,7,7,2844,1.0,62.0,5.0,0,Medium Risk (6-15 logins),697.0
CUST_02811,E-commerce,SMB,2022-05-25,SUB_02811,Pro,199,2022-05-25,,Active,19,5,198,6.0,40.166666666666664,4.5,0,Healthy (16+ logins),586.0
CUST_02812,FinTech,SMB,2022-12-17,SUB_02812,Pro,199,2022-12-17,2023-02-05,Churned,4,0,55,2.0,46.5,4.5,1,High Risk (≤5 logins),50.0
CUST_02813,E-commerce,SMB,2023-08-06,SUB_02813,Pro,199,2023-08-06,,Active,35,10,927,3.0,42.0,4.666666666666667,0,Healthy (16+ logins),148.0
CUST_02814,FinTech,SMB,2023-04-10,SUB_02814,Starter,49,2023-04-10,,Active,15,4,406,3.0,28.666666666666668,4.0,0,Medium Risk (6-15 logins),266.0
CUST_02815,EdTech,SMB,2022-12-14,SUB_02815,Starter,49,2022-12-14,,Active,43,11,437,0.0,0.0,5.0,0,Healthy (16+ logins),383.0
CUST_02816,E-commerce,Mid-Market,2022-05-05,SUB_02816,Starter,49,2022-05-05,,Active,23,11,750,2.0,24.0,4.0,0,Healthy (16+ logins),606.0
CUST_02817,EdTech,Mid-Market,2022-09-28,SUB_02817,Starter,49,2022-09-28,,Active,19,6,456,4.0,57.75,3.0,0,Healthy (16+ logins),460.0
CUST_02818,EdTech,SMB,2022-12-23,SUB_02818,Pro,199,2022-12-23,2023-06-18,Churned,3,1,476,1.0,29.0,3.0,1,High Risk (≤5 logins),177.0
CUST_02819,Healthcare,SMB,2023-06-11,SUB_02819,Pro,199,2023-06-11,2023-11-16,Churned,2,1,346,2.0,45.0,3.0,1,High Risk (≤5 logins),158.0
CUST_02820,FinTech,SMB,2023-05-13,SUB_02820,Pro,199,2023-05-13,2023-12-15,Churned,4,1,485,6.0,39.666666666666664,3.6666666666666665,1,High Risk (≤5 logins),216.0
CUST_02821,Logistics,Mid-Market,2022-06-02,SUB_02821,Starter,49,2022-06-02,,Active,11,3,852,4.0,32.5,3.75,0,Medium Risk (6-15 logins),578.0
CUST_02822,FinTech,SMB,2022-02-22,SUB_02822,Starter,49,2022-02-22,,Active,18,2,362,3.0,52.666666666666664,3.0,0,Healthy (16+ logins),678.0
CUST_02823,Logistics,SMB,2022-05-29,SUB_02823,Starter,49,2022-05-29,,Active,8,13,965,1.0,26.0,2.0,0,Medium Risk (6-15 logins),582.0
CUST_02824,FinTech,Mid-Market,2023-05-18,SUB_02824,Starter,49,2023-05-18,2024-03-26,Churned,4,0,729,0.0,0.0,5.0,1,High Risk (≤5 logins),313.0
CUST_02825,EdTech,SMB,2023-03-26,SUB_02825,Starter,49,2023-03-26,2023-11-09,Churned,4,0,211,3.0,22.0,3.3333333333333335,1,High Risk (≤5 logins),228.0
CUST_02826,E-commerce,SMB,2022-08-07,SUB_02826,Pro,199,2022-08-07,,Active,29,7,700,0.0,0.0,5.0,0,Healthy (16+ logins),512.0
CUST_02827,E-commerce,SMB,2023-09-17,SUB_02827,Starter,49,2023-09-17,,Active,39,5,846,1.0,26.0,4.0,0,Healthy (16+ logins),106.0
CUST_02828,Healthcare,Enterprise,2022-10-04,SUB_02828,Enterprise,999,2022-10-04,,Active,41,13,33503,2.0,23.0,3.5,0,Healthy (16+ logins),454.0
CUST_02829,Logistics,Mid-Market,2023-03-28,SUB_02829,Starter,49,2023-03-28,,Active,31,13,613,2.0,31.5,4.5,0,Healthy (16+ logins),279.0
CUST_02830,Logistics,Mid-Market,2023-03-04,SUB_02830,Pro,199,2023-03-04,,Active,32,6,915,4.0,33.25,3.75,0,Healthy (16+ logins),303.0
CUST_02831,Logistics,SMB,2022-03-24,SUB_02831,Pro,199,2022-03-24,2022-12-13,Churned,4,1,436,5.0,35.0,2.8,1,High Risk (≤5 logins),264.0
CUST_02832,EdTech,SMB,2022-08-06,SUB_02832,Starter,49,2022-08-06,,Active,37,10,142,4.0,47.5,3.0,0,Healthy (16+ logins),513.0
CUST_02833,Logistics,Enterprise,2023-06-11,SUB_02833,Pro,199,2023-06-11,2023-10-26,Churned,0,1,284,0.0,0.0,5.0,1,High Risk (≤5 logins),137.0
CUST_02834,E-commerce,Enterprise,2023-02-08,SUB_02834,Pro,199,2023-02-08,2023-03-18,Churned,3,1,69,1.0,60.0,5.0,1,High Risk (≤5 logins),38.0
CUST_02835,EdTech,SMB,2022-10-17,SUB_02835,Pro,199,2022-10-17,2023-06-29,Churned,4,0,847,0.0,0.0,5.0,1,High Risk (≤5 logins),255.0
CUST_02836,FinTech,Mid-Market,2023-02-24,SUB_02836,Pro,199,2023-02-24,,Active,15,4,576,1.0,63.0,5.0,0,Medium Risk (6-15 logins),311.0
CUST_02837,Logistics,SMB,2022-12-05,SUB_02837,Starter,49,2022-12-05,,Active,44,10,957,3.0,46.666666666666664,3.6666666666666665,0,Healthy (16+ logins),392.0
CUST_02838,Logistics,SMB,2023-11-01,SUB_02838,Pro,199,2023-11-01,,Active,23,4,709,3.0,32.666666666666664,3.3333333333333335,0,Healthy (16+ logins),61.0
CUST_02839,FinTech,Mid-Market,2023-02-23,SUB_02839,Enterprise,999,2023-02-23,,Active,38,12,33035,1.0,21.0,4.0,0,Healthy (16+ logins),312.0
CUST_02840,Logistics,SMB,2022-07-26,SUB_02840,Starter,49,2022-07-26,,Active,27,13,309,3.0,47.0,3.0,0,Healthy (16+ logins),524.0
CUST_02841,FinTech,Enterprise,2023-11-17,SUB_02841,Starter,49,2023-11-17,,Active,14,8,864,4.0,39.0,4.0,0,Medium Risk (6-15 logins),45.0
CUST_02842,EdTech,SMB,2023-11-27,SUB_02842,Enterprise,999,2023-11-27,2024-07-22,Churned,0,0,10688,4.0,47.0,4.0,1,High Risk (≤5 logins),238.0
CUST_02843,E-commerce,SMB,2022-09-22,SUB_02843,Starter,49,2022-09-22,,Active,5,11,59,3.0,56.666666666666664,3.3333333333333335,0,High Risk (≤5 logins),466.0
CUST_02844,FinTech,Enterprise,2022-02-05,SUB_02844,Pro,199,2022-02-05,,Active,6,2,521,5.0,53.8,3.0,0,Medium Risk (6-15 logins),695.0
CUST_02845,Healthcare,Enterprise,2023-01-08,SUB_02845,Pro,199,2023-01-08,,Active,26,2,308,5.0,46.0,3.4,0,Healthy (16+ logins),358.0
CUST_02846,FinTech,SMB,2023-05-03,SUB_02846,Pro,199,2023-05-03,2024-02-01,Churned,0,1,519,2.0,28.0,2.5,1,High Risk (≤5 logins),274.0
CUST_02847,Logistics,SMB,2022-09-16,SUB_02847,Starter,49,2022-09-16,,Active,28,6,381,1.0,23.0,3.0,0,Healthy (16+ logins),472.0
CUST_02848,EdTech,Mid-Market,2023-06-15,SUB_02848,Starter,49,2023-06-15,,Active,25,12,340,4.0,24.5,1.75,0,Healthy (16+ logins),200.0
CUST_02849,EdTech,SMB,2022-01-23,SUB_02849,Starter,49,2022-01-23,2022-12-06,Churned,4,0,601,3.0,30.0,3.3333333333333335,1,High Risk (≤5 logins),317.0
CUST_02850,FinTech,Enterprise,2022-04-14,SUB_02850,Pro,199,2022-04-14,,Active,33,3,548,4.0,55.0,4.0,0,Healthy (16+ logins),627.0
CUST_02851,E-commerce,Enterprise,2022-08-29,SUB_02851,Pro,199,2022-08-29,,Active,18,1,977,3.0,45.666666666666664,5.0,0,Healthy (16+ logins),490.0
CUST_02852,Healthcare,SMB,2022-09-10,SUB_02852,Pro,199,2022-09-10,2022-12-14,Churned,2,1,899,4.0,35.5,4.25,1,High Risk (≤5 logins),95.0
CUST_02853,EdTech,SMB,2022-05-22,SUB_02853,Pro,199,2022-05-22,2022-11-20,Churned,2,1,83,4.0,51.25,3.75,1,High Risk (≤5 logins),182.0
CUST_02854,Logistics,SMB,2023-10-17,SUB_02854,Starter,49,2023-10-17,,Active,26,1,233,3.0,53.0,3.0,0,Healthy (16+ logins),76.0
CUST_02855,Logistics,Enterprise,2023-03-27,SUB_02855,Starter,49,2023-03-27,2023-11-02,Churned,0,1,761,5.0,45.6,3.0,1,High Risk (≤5 logins),220.0
CUST_02856,E-commerce,SMB,2022-11-03,SUB_02856,Pro,199,2022-11-03,2023-07-08,Churned,1,1,239,1.0,33.0,5.0,1,High Risk (≤5 logins),247.0
CUST_02857,EdTech,SMB,2023-05-15,SUB_02857,Starter,49,2023-05-15,,Active,17,12,103,5.0,41.2,3.6,0,Healthy (16+ logins),231.0
CUST_02858,FinTech,SMB,2023-09-14,SUB_02858,Starter,49,2023-09-14,,Active,32,11,722,6.0,33.833333333333336,4.166666666666667,0,Healthy (16+ logins),109.0
CUST_02859,Logistics,SMB,2022-01-08,SUB_02859,Starter,49,2022-01-08,,Active,34,13,224,3.0,54.0,3.6666666666666665,0,Healthy (16+ logins),723.0
CUST_02860,E-commerce,SMB,2022-03-10,SUB_02860,Starter,49,2022-03-10,,Active,9,6,278,5.0,49.0,3.4,0,Medium Risk (6-15 logins),662.0
CUST_02861,EdTech,SMB,2023-11-22,SUB_02861,Starter,49,2023-11-22,,Active,14,14,392,3.0,36.333333333333336,3.6666666666666665,0,Medium Risk (6-15 logins),40.0
CUST_02862,EdTech,Enterprise,2023-07-29,SUB_02862,Pro,199,2023-07-29,,Active,43,8,677,0.0,0.0,5.0,0,Healthy (16+ logins),156.0
CUST_02863,EdTech,Enterprise,2022-03-09,SUB_02863,Enterprise,999,2022-03-09,,Active,13,14,18949,1.0,47.0,4.0,0,Medium Risk (6-15 logins),663.0
CUST_02864,EdTech,Mid-Market,2023-02-12,SUB_02864,Pro,199,2023-02-12,,Active,18,2,428,4.0,52.0,4.0,0,Healthy (16+ logins),323.0
CUST_02865,EdTech,SMB,2023-06-02,SUB_02865,Enterprise,999,2023-06-02,,Active,42,14,34489,2.0,27.0,3.0,0,Healthy (16+ logins),213.0
CUST_02866,Logistics,SMB,2022-04-29,SUB_02866,Enterprise,999,2022-04-29,,Active,14,6,2804,1.0,39.0,4.0,0,Medium Risk (6-15 logins),612.0
CUST_02867,E-commerce,Mid-Market,2022-01-31,SUB_02867,Pro,199,2022-01-31,,Active,37,4,513,2.0,14.5,4.5,0,Healthy (16+ logins),700.0
CUST_02868,EdTech,SMB,2023-06-02,SUB_02868,Starter,49,2023-06-02,,Active,15,7,175,2.0,49.0,3.0,0,Medium Risk (6-15 logins),213.0
CUST_02869,Healthcare,Enterprise,2023-04-28,SUB_02869,Pro,199,2023-04-28,,Active,44,8,784,2.0,44.0,3.0,0,Healthy (16+ logins),248.0
CUST_02870,Healthcare,Mid-Market,2022-07-26,SUB_02870,Starter,49,2022-07-26,,Active,10,14,629,0.0,0.0,5.0,0,Medium Risk (6-15 logins),524.0
CUST_02871,E-commerce,SMB,2023-10-31,SUB_02871,Starter,49,2023-10-31,,Active,21,6,783,1.0,18.0,5.0,0,Healthy (16+ logins),62.0
CUST_02872,FinTech,Enterprise,2023-08-02,SUB_02872,Starter,49,2023-08-02,,Active,40,13,365,4.0,27.5,3.75,0,Healthy (16+ logins),152.0
CUST_02873,FinTech,Enterprise,2023-01-22,SUB_02873,Pro,199,2023-01-22,,Active,10,13,172,3.0,20.0,3.3333333333333335,0,Medium Risk (6-15 logins),344.0
CUST_02874,FinTech,SMB,2023-02-16,SUB_02874,Starter,49,2023-02-16,,Active,14,1,303,2.0,49.5,4.5,0,Medium Risk (6-15 logins),319.0
CUST_02875,Healthcare,SMB,2023-01-05,SUB_02875,Starter,49,2023-01-05,,Active,46,8,151,1.0,13.0,1.0,0,Healthy (16+ logins),361.0
CUST_02876,FinTech,SMB,2022-12-19,SUB_02876,Starter,49,2022-12-19,,Active,9,11,350,3.0,20.666666666666668,3.6666666666666665,0,Medium Risk (6-15 logins),378.0
CUST_02877,Logistics,SMB,2022-12-02,SUB_02877,Pro,199,2022-12-02,2023-06-03,Churned,3,1,704,3.0,66.33333333333333,3.6666666666666665,1,High Risk (≤5 logins),183.0
CUST_02878,EdTech,SMB,2022-10-16,SUB_02878,Pro,199,2022-10-16,,Active,11,9,91,2.0,44.5,3.5,0,Medium Risk (6-15 logins),442.0
CUST_02879,Healthcare,SMB,2022-05-20,SUB_02879,Pro,199,2022-05-20,,Active,28,2,160,2.0,42.0,4.0,0,Healthy (16+ logins),591.0
CUST_02880,E-commerce,Enterprise,2022-10-27,SUB_02880,Starter,49,2022-10-27,,Active,46,11,105,1.0,45.0,4.0,0,Healthy (16+ logins),431.0
CUST_02881,E-commerce,SMB,2022-01-13,SUB_02881,Starter,49,2022-01-13,2022-11-15,Churned,4,1,740,1.0,33.0,2.0,1,High Risk (≤5 logins),306.0
CUST_02882,EdTech,SMB,2023-10-26,SUB_02882,Pro,199,2023-10-26,,Active,15,6,102,4.0,43.25,3.5,0,Medium Risk (6-15 logins),67.0
CUST_02883,Healthcare,Mid-Market,2023-03-04,SUB_02883,Starter,49,2023-03-04,,Active,7,8,131,2.0,37.0,3.0,0,Medium Risk (6-15 logins),303.0
CUST_02884,FinTech,SMB,2023-02-04,SUB_02884,Pro,199,2023-02-04,2023-05-26,Churned,0,0,768,0.0,0.0,5.0,1,High Risk (≤5 logins),111.0
CUST_02885,FinTech,Mid-Market,2022-04-19,SUB_02885,Pro,199,2022-04-19,,Active,47,14,288,3.0,50.333333333333336,3.6666666666666665,0,Healthy (16+ logins),622.0
CUST_02886,Logistics,SMB,2023-04-30,SUB_02886,Pro,199,2023-04-30,2024-01-05,Churned,0,0,457,2.0,44.5,2.5,1,High Risk (≤5 logins),250.0
CUST_02887,Logistics,SMB,2022-12-22,SUB_02887,Enterprise,999,2022-12-22,2023-10-27,Churned,0,1,35428,3.0,15.0,3.3333333333333335,1,High Risk (≤5 logins),309.0
CUST_02888,FinTech,SMB,2022-05-29,SUB_02888,Starter,49,2022-05-29,,Active,39,1,898,1.0,37.0,5.0,0,Healthy (16+ logins),582.0
CUST_02889,E-commerce,Mid-Market,2022-11-03,SUB_02889,Starter,49,2022-11-03,,Active,26,8,100,1.0,51.0,4.0,0,Healthy (16+ logins),424.0
CUST_02890,E-commerce,SMB,2023-06-17,SUB_02890,Pro,199,2023-06-17,,Active,15,8,812,4.0,35.0,3.5,0,Medium Risk (6-15 logins),198.0
CUST_02891,Logistics,Mid-Market,2022-03-01,SUB_02891,Starter,49,2022-03-01,,Active,12,14,20,2.0,28.5,5.0,0,Medium Risk (6-15 logins),671.0
CUST_02892,EdTech,SMB,2023-03-11,SUB_02892,Starter,49,2023-03-11,2023-07-29,Churned,1,1,248,4.0,35.5,3.75,1,High Risk (≤5 logins),140.0
CUST_02893,FinTech,SMB,2022-01-21,SUB_02893,Starter,49,2022-01-21,,Active,33,6,191,2.0,14.5,5.0,0,Healthy (16+ logins),710.0
CUST_02894,Logistics,SMB,2023-01-17,SUB_02894,Starter,49,2023-01-17,,Active,12,11,584,1.0,51.0,3.0,0,Medium Risk (6-15 logins),349.0
CUST_02895,Logistics,Enterprise,2022-09-02,SUB_02895,Starter,49,2022-09-02,,Active,27,8,312,6.0,43.833333333333336,3.8333333333333335,0,Healthy (16+ logins),486.0
CUST_02896,FinTech,Enterprise,2022-03-14,SUB_02896,Starter,49,2022-03-14,,Active,33,10,167,3.0,38.666666666666664,4.666666666666667,0,Healthy (16+ logins),658.0
CUST_02897,FinTech,SMB,2023-03-25,SUB_02897,Pro,199,2023-03-25,,Active,20,13,573,4.0,36.5,3.5,0,Healthy (16+ logins),282.0
CUST_02898,E-commerce,SMB,2022-03-17,SUB_02898,Pro,199,2022-03-17,2022-07-16,Churned,0,1,170,4.0,41.0,3.75,1,High Risk (≤5 logins),121.0
CUST_02899,EdTech,SMB,2023-11-29,SUB_02899,Pro,199,2023-11-29,,Active,12,12,632,0.0,0.0,5.0,0,Medium Risk (6-15 logins),33.0
CUST_02900,EdTech,SMB,2023-08-13,SUB_02900,Pro,199,2023-08-13,2023-09-23,Churned,4,0,215,6.0,32.5,3.3333333333333335,1,High Risk (≤5 logins),41.0
CUST_02901,FinTech,SMB,2023-01-25,SUB_02901,Starter,49,2023-01-25,,Active,49,14,508,2.0,49.0,2.0,0,Healthy (16+ logins),341.0
CUST_02902,Healthcare,Enterprise,2023-07-31,SUB_02902,Starter,49,2023-07-31,,Active,37,7,173,1.0,18.0,4.0,0,Healthy (16+ logins),154.0
CUST_02903,Logistics,Enterprise,2022-12-08,SUB_02903,Starter,49,2022-12-08,,Active,46,3,967,5.0,28.6,3.8,0,Healthy (16+ logins),389.0
CUST_02904,Logistics,SMB,2022-10-17,SUB_02904,Pro,199,2022-10-17,,Active,9,13,535,2.0,56.5,4.5,0,Medium Risk (6-15 logins),441.0
CUST_02905,FinTech,SMB,2023-07-22,SUB_02905,Pro,199,2023-07-22,2024-01-06,Churned,3,0,407,3.0,45.666666666666664,4.666666666666667,1,High Risk (≤5 logins),168.0
CUST_02906,Healthcare,Mid-Market,2022-11-27,SUB_02906,Starter,49,2022-11-27,2023-05-30,Churned,4,1,500,2.0,34.0,5.0,1,High Risk (≤5 logins),184.0
CUST_02907,E-commerce,Mid-Market,2022-09-16,SUB_02907,Starter,49,2022-09-16,2022-11-07,Churned,3,1,137,2.0,34.0,3.0,1,High Risk (≤5 logins),52.0
CUST_02908,FinTech,SMB,2023-03-02,SUB_02908,Enterprise,999,2023-03-02,,Active,18,11,49948,1.0,39.0,4.0,0,Healthy (16+ logins),305.0
CUST_02909,FinTech,SMB,2022-01-06,SUB_02909,Pro,199,2022-01-06,2022-09-12,Churned,1,1,835,6.0,31.833333333333332,3.8333333333333335,1,High Risk (≤5 logins),249.0
CUST_02910,Logistics,SMB,2022-01-06,SUB_02910,Pro,199,2022-01-06,2022-09-29,Churned,2,0,56,2.0,69.5,3.0,1,High Risk (≤5 logins),266.0
CUST_02911,FinTech,SMB,2022-07-10,SUB_02911,Starter,49,2022-07-10,,Active,18,9,246,3.0,41.0,2.6666666666666665,0,Healthy (16+ logins),540.0
CUST_02912,FinTech,SMB,2022-05-28,SUB_02912,Starter,49,2022-05-28,2023-03-06,Churned,0,1,683,5.0,44.6,3.2,1,High Risk (≤5 logins),282.0
CUST_02913,FinTech,SMB,2023-02-09,SUB_02913,Pro,199,2023-02-09,,Active,24,10,712,0.0,0.0,5.0,0,Healthy (16+ logins),326.0
CUST_02914,Logistics,Mid-Market,2022-09-15,SUB_02914,Pro,199,2022-09-15,,Active,26,10,842,0.0,0.0,5.0,0,Healthy (16+ logins),473.0
CUST_02915,E-commerce,SMB,2023-04-24,SUB_02915,Pro,199,2023-04-24,2023-11-22,Churned,2,0,106,7.0,36.42857142857143,3.5714285714285716,1,High Risk (≤5 logins),212.0
CUST_02916,E-commerce,SMB,2022-03-31,SUB_02916,Pro,199,2022-03-31,,Active,37,10,47,4.0,43.5,2.25,0,Healthy (16+ logins),641.0
CUST_02917,FinTech,SMB,2022-01-10,SUB_02917,Pro,199,2022-01-10,,Active,9,7,844,2.0,41.5,5.0,0,Medium Risk (6-15 logins),721.0
CUST_02918,Logistics,Mid-Market,2022-03-28,SUB_02918,Pro,199,2022-03-28,,Active,22,8,922,2.0,39.5,4.5,0,Healthy (16+ logins),644.0
CUST_02919,E-commerce,Mid-Market,2022-05-31,SUB_02919,Starter,49,2022-05-31,2023-01-13,Churned,4,1,285,2.0,34.5,3.0,1,High Risk (≤5 logins),227.0
CUST_02920,E-commerce,SMB,2023-09-17,SUB_02920,Starter,49,2023-09-17,,Active,33,4,45,3.0,49.666666666666664,2.3333333333333335,0,Healthy (16+ logins),106.0
CUST_02921,E-commerce,SMB,2022-01-30,SUB_02921,Pro,199,2022-01-30,,Active,13,11,998,4.0,32.0,5.0,0,Medium Risk (6-15 logins),701.0
CUST_02922,Logistics,Enterprise,2022-05-08,SUB_02922,Starter,49,2022-05-08,,Active,45,11,395,2.0,55.0,4.0,0,Healthy (16+ logins),603.0
CUST_02923,Logistics,SMB,2022-03-19,SUB_02923,Pro,199,2022-03-19,,Active,11,10,119,4.0,49.5,3.25,0,Medium Risk (6-15 logins),653.0
CUST_02924,FinTech,SMB,2023-02-25,SUB_02924,Pro,199,2023-02-25,2023-09-12,Churned,3,0,59,4.0,38.25,3.75,1,High Risk (≤5 logins),199.0
CUST_02925,EdTech,SMB,2022-02-24,SUB_02925,Enterprise,999,2022-02-24,,Active,47,5,29107,4.0,44.5,3.75,0,Healthy (16+ logins),676.0
CUST_02926,E-commerce,SMB,2023-04-25,SUB_02926,Starter,49,2023-04-25,,Active,10,10,615,3.0,35.333333333333336,4.333333333333333,0,Medium Risk (6-15 logins),251.0
CUST_02927,EdTech,SMB,2022-11-01,SUB_02927,Starter,49,2022-11-01,,Active,44,10,579,2.0,17.0,5.0,0,Healthy (16+ logins),426.0
CUST_02928,Logistics,Enterprise,2023-06-30,SUB_02928,Pro,199,2023-06-30,,Active,31,6,949,4.0,35.25,3.5,0,Healthy (16+ logins),185.0
CUST_02929,Logistics,Mid-Market,2022-04-15,SUB_02929,Pro,199,2022-04-15,,Active,8,7,496,2.0,37.0,4.0,0,Medium Risk (6-15 logins),626.0
CUST_02930,Logistics,SMB,2022-06-21,SUB_02930,Pro,199,2022-06-21,2022-11-20,Churned,1,1,673,3.0,35.0,4.666666666666667,1,High Risk (≤5 logins),152.0
CUST_02931,EdTech,Enterprise,2023-05-14,SUB_02931,Starter,49,2023-05-14,,Active,10,13,726,1.0,45.0,4.0,0,Medium Risk (6-15 logins),232.0
CUST_02932,Logistics,SMB,2022-01-22,SUB_02932,Starter,49,2022-01-22,,Active,35,4,117,1.0,60.0,3.0,0,Healthy (16+ logins),709.0
CUST_02933,FinTech,SMB,2022-10-14,SUB_02933,Pro,199,2022-10-14,2022-12-16,Churned,3,1,236,1.0,70.0,4.0,1,High Risk (≤5 logins),63.0
CUST_02934,Logistics,SMB,2023-01-26,SUB_02934,Pro,199,2023-01-26,2024-01-03,Churned,1,1,217,5.0,35.4,5.0,1,High Risk (≤5 logins),342.0
CUST_02935,Healthcare,Mid-Market,2023-09-09,SUB_02935,Pro,199,2023-09-09,2023-10-11,Churned,0,1,123,2.0,39.0,5.0,1,High Risk (≤5 logins),32.0
CUST_02936,EdTech,SMB,2022-05-29,SUB_02936,Starter,49,2022-05-29,2022-07-03,Churned,1,0,628,3.0,40.333333333333336,2.6666666666666665,1,High Risk (≤5 logins),35.0
CUST_02937,Healthcare,SMB,2022-09-29,SUB_02937,Starter,49,2022-09-29,2023-08-28,Churned,2,1,262,2.0,57.5,5.0,1,High Risk (≤5 logins),333.0
CUST_02938,Logistics,Mid-Market,2022-10-26,SUB_02938,Starter,49,2022-10-26,,Active,35,10,849,3.0,35.666666666666664,3.3333333333333335,0,Healthy (16+ logins),432.0
CUST_02939,FinTech,Mid-Market,2022-06-21,SUB_02939,Enterprise,999,2022-06-21,2022-10-30,Churned,4,1,25861,0.0,0.0,5.0,1,High Risk (≤5 logins),131.0
CUST_02940,E-commerce,Mid-Market,2022-02-16,SUB_02940,Pro,199,2022-02-16,,Active,11,8,707,5.0,31.2,3.2,0,Medium Risk (6-15 logins),684.0
CUST_02941,Logistics,SMB,2023-09-18,SUB_02941,Starter,49,2023-09-18,,Active,19,2,820,2.0,48.5,3.5,0,Healthy (16+ logins),105.0
CUST_02942,FinTech,SMB,2022-07-26,SUB_02942,Starter,49,2022-07-26,,Active,17,14,391,1.0,41.0,5.0,0,Healthy (16+ logins),524.0
CUST_02943,EdTech,SMB,2023-03-29,SUB_02943,Pro,199,2023-03-29,2023-11-05,Churned,0,0,149,3.0,40.333333333333336,3.6666666666666665,1,High Risk (≤5 logins),221.0
CUST_02944,Healthcare,SMB,2023-01-30,SUB_02944,Starter,49,2023-01-30,,Active,23,13,245,3.0,43.333333333333336,3.3333333333333335,0,Healthy (16+ logins),336.0
CUST_02945,Healthcare,Enterprise,2022-10-28,SUB_02945,Pro,199,2022-10-28,,Active,17,10,500,5.0,46.6,2.6,0,Healthy (16+ logins),430.0
CUST_02946,Healthcare,SMB,2023-11-07,SUB_02946,Pro,199,2023-11-07,,Active,31,10,793,0.0,0.0,5.0,0,Healthy (16+ logins),55.0
CUST_02947,EdTech,SMB,2022-06-25,SUB_02947,Starter,49,2022-06-25,,Active,42,1,972,4.0,47.75,3.25,0,Healthy (16+ logins),555.0
CUST_02948,FinTech,Mid-Market,2022-04-20,SUB_02948,Starter,49,2022-04-20,,Active,37,13,190,1.0,69.0,2.0,0,Healthy (16+ logins),621.0
CUST_02949,EdTech,SMB,2023-11-15,SUB_02949,Pro,199,2023-11-15,,Active,10,1,173,3.0,63.0,1.6666666666666667,0,Medium Risk (6-15 logins),47.0
CUST_02950,Healthcare,SMB,2022-07-21,SUB_02950,Starter,49,2022-07-21,,Active,17,9,884,1.0,63.0,5.0,0,Healthy (16+ logins),529.0
CUST_02951,Logistics,Mid-Market,2022-06-17,SUB_02951,Starter,49,2022-06-17,,Active,17,4,592,2.0,18.5,3.0,0,Healthy (16+ logins),563.0
CUST_02952,E-commerce,Mid-Market,2023-09-06,SUB_02952,Enterprise,999,2023-09-06,2023-10-18,Churned,3,0,28318,3.0,35.333333333333336,2.6666666666666665,1,High Risk (≤5 logins),42.0
CUST_02953,EdTech,Mid-Market,2022-03-27,SUB_02953,Pro,199,2022-03-27,,Active,24,7,957,3.0,50.0,3.0,0,Healthy (16+ logins),645.0
CUST_02954,EdTech,SMB,2023-10-16,SUB_02954,Pro,199,2023-10-16,,Active,40,7,675,4.0,34.25,3.25,0,Healthy (16+ logins),77.0
CUST_02955,FinTech,SMB,2022-02-20,SUB_02955,Starter,49,2022-02-20,,Active,41,13,808,1.0,66.0,1.0,0,Healthy (16+ logins),680.0
CUST_02956,FinTech,Mid-Market,2022-04-22,SUB_02956,Starter,49,2022-04-22,,Active,49,2,622,2.0,53.5,4.0,0,Healthy (16+ logins),619.0
CUST_02957,EdTech,SMB,2023-04-08,SUB_02957,Starter,49,2023-04-08,,Active,13,2,718,6.0,41.0,3.8333333333333335,0,Medium Risk (6-15 logins),268.0
CUST_02958,Healthcare,SMB,2023-03-18,SUB_02958,Starter,49,2023-03-18,,Active,21,12,337,3.0,21.0,4.333333333333333,0,Healthy (16+ logins),289.0
CUST_02959,E-commerce,Mid-Market,2022-09-28,SUB_02959,Pro,199,2022-09-28,,Active,39,5,410,1.0,27.0,4.0,0,Healthy (16+ logins),460.0
CUST_02960,FinTech,SMB,2023-07-31,SUB_02960,Starter,49,2023-07-31,,Active,22,10,69,4.0,41.75,3.75,0,Healthy (16+ logins),154.0
CUST_02961,Healthcare,Mid-Market,2022-12-10,SUB_02961,Pro,199,2022-12-10,,Active,29,1,97,2.0,37.0,4.0,0,Healthy (16+ logins),387.0
CUST_02962,Logistics,SMB,2022-07-02,SUB_02962,Starter,49,2022-07-02,2022-09-05,Churned,1,1,936,2.0,52.5,5.0,1,High Risk (≤5 logins),65.0
CUST_02963,FinTech,SMB,2023-05-18,SUB_02963,Starter,49,2023-05-18,,Active,27,11,516,3.0,39.333333333333336,5.0,0,Healthy (16+ logins),228.0
CUST_02964,Healthcare,SMB,2022-01-10,SUB_02964,Enterprise,999,2022-01-10,,Active,5,7,40357,2.0,31.0,3.0,0,High Risk (≤5 logins),721.0
CUST_02965,Healthcare,Mid-Market,2023-05-09,SUB_02965,Starter,49,2023-05-09,,Active,45,11,715,2.0,28.0,4.0,0,Healthy (16+ logins),237.0
CUST_02966,E-commerce,SMB,2022-08-22,SUB_02966,Starter,49,2022-08-22,,Active,42,8,412,3.0,30.666666666666668,4.666666666666667,0,Healthy (16+ logins),497.0
CUST_02967,E-commerce,SMB,2022-10-25,SUB_02967,Starter,49,2022-10-25,2023-02-01,Churned,2,1,377,2.0,47.0,4.5,1,High Risk (≤5 logins),99.0
CUST_02968,Logistics,Mid-Market,2022-09-01,SUB_02968,Starter,49,2022-09-01,,Active,5,8,996,0.0,0.0,5.0,0,High Risk (≤5 logins),487.0
CUST_02969,Healthcare,Mid-Market,2023-05-24,SUB_02969,Starter,49,2023-05-24,,Active,43,3,11,1.0,56.0,2.0,0,Healthy (16+ logins),222.0
CUST_02970,Healthcare,Enterprise,2022-12-17,SUB_02970,Starter,49,2022-12-17,,Active,14,3,408,3.0,40.666666666666664,3.3333333333333335,0,Medium Risk (6-15 logins),380.0
CUST_02971,E-commerce,SMB,2022-09-24,SUB_02971,Pro,199,2022-09-24,2023-08-08,Churned,3,1,750,2.0,51.5,2.5,1,High Risk (≤5 logins),318.0
CUST_02972,FinTech,SMB,2023-09-22,SUB_02972,Pro,199,2023-09-22,2024-02-03,Churned,2,0,417,3.0,52.0,4.333333333333333,1,High Risk (≤5 logins),134.0
CUST_02973,FinTech,Enterprise,2023-10-18,SUB_02973,Pro,199,2023-10-18,,Active,11,10,330,3.0,43.333333333333336,3.6666666666666665,0,Medium Risk (6-15 logins),75.0
CUST_02974,EdTech,Mid-Market,2022-07-20,SUB_02974,Starter,49,2022-07-20,,Active,42,4,982,3.0,63.333333333333336,4.0,0,Healthy (16+ logins),530.0
CUST_02975,E-commerce,SMB,2022-08-27,SUB_02975,Pro,199,2022-08-27,,Active,12,8,279,2.0,33.5,4.0,0,Medium Risk (6-15 logins),492.0
CUST_02976,EdTech,SMB,2022-11-30,SUB_02976,Starter,49,2022-11-30,,Active,38,1,114,2.0,36.5,1.5,0,Healthy (16+ logins),397.0
CUST_02977,E-commerce,Mid-Market,2023-02-19,SUB_02977,Pro,199,2023-02-19,,Active,13,2,880,1.0,51.0,5.0,0,Medium Risk (6-15 logins),316.0
CUST_02978,Logistics,SMB,2023-04-29,SUB_02978,Pro,199,2023-04-29,,Active,29,13,209,1.0,61.0,4.0,0,Healthy (16+ logins),247.0
CUST_02979,Healthcare,Mid-Market,2023-03-13,SUB_02979,Starter,49,2023-03-13,,Active,31,10,446,1.0,70.0,4.0,0,Healthy (16+ logins),294.0
CUST_02980,Logistics,SMB,2022-09-03,SUB_02980,Pro,199,2022-09-03,,Active,45,10,830,1.0,21.0,4.0,0,Healthy (16+ logins),485.0
CUST_02981,E-commerce,SMB,2022-01-08,SUB_02981,Enterprise,999,2022-01-08,2022-08-29,Churned,4,0,30592,1.0,40.0,2.0,1,High Risk (≤5 logins),233.0
CUST_02982,Healthcare,Mid-Market,2022-06-01,SUB_02982,Pro,199,2022-06-01,,Active,36,9,644,3.0,22.0,3.6666666666666665,0,Healthy (16+ logins),579.0
CUST_02983,FinTech,SMB,2023-01-27,SUB_02983,Starter,49,2023-01-27,,Active,13,2,734,1.0,41.0,5.0,0,Medium Risk (6-15 logins),339.0
CUST_02984,FinTech,SMB,2022-07-30,SUB_02984,Pro,199,2022-07-30,,Active,21,2,856,2.0,31.5,2.0,0,Healthy (16+ logins),520.0
CUST_02985,EdTech,SMB,2023-01-02,SUB_02985,Enterprise,999,2023-01-02,,Active,39,8,10917,4.0,29.25,4.75,0,Healthy (16+ logins),364.0
CUST_02986,E-commerce,SMB,2023-11-01,SUB_02986,Starter,49,2023-11-01,,Active,20,5,464,2.0,68.5,2.5,0,Healthy (16+ logins),61.0
CUST_02987,E-commerce,Mid-Market,2023-07-24,SUB_02987,Pro,199,2023-07-24,,Active,6,5,27,1.0,20.0,2.0,0,Medium Risk (6-15 logins),161.0
CUST_02988,FinTech,Mid-Market,2022-03-27,SUB_02988,Starter,49,2022-03-27,,Active,47,11,192,2.0,32.5,4.0,0,Healthy (16+ logins),645.0
CUST_02989,Logistics,Mid-Market,2022-02-24,SUB_02989,Starter,49,2022-02-24,,Active,35,6,812,3.0,68.0,3.0,0,Healthy (16+ logins),676.0
CUST_02990,Healthcare,SMB,2023-09-26,SUB_02990,Pro,199,2023-09-26,,Active,20,8,961,0.0,0.0,5.0,0,Healthy (16+ logins),97.0
CUST_02991,Logistics,SMB,2023-03-22,SUB_02991,Pro,199,2023-03-22,,Active,37,8,255,0.0,0.0,5.0,0,Healthy (16+ logins),285.0
CUST_02992,Logistics,SMB,2023-09-12,SUB_02992,Pro,199,2023-09-12,,Active,25,9,944,1.0,64.0,1.0,0,Healthy (16+ logins),111.0
CUST_02993,FinTech,Enterprise,2022-10-31,SUB_02993,Enterprise,999,2022-10-31,,Active,21,10,28004,4.0,65.0,3.5,0,Healthy (16+ logins),427.0
CUST_02994,FinTech,Mid-Market,2022-05-12,SUB_02994,Starter,49,2022-05-12,,Active,39,11,423,2.0,24.0,4.0,0,Healthy (16+ logins),599.0
CUST_02995,FinTech,Mid-Market,2023-02-25,SUB_02995,Starter,49,2023-02-25,2024-02-02,Churned,1,0,705,2.0,43.0,3.5,1,High Risk (≤5 logins),342.0
CUST_02996,EdTech,SMB,2023-01-20,SUB_02996,Enterprise,999,2023-01-20,,Active,33,9,15431,4.0,33.75,3.0,0,Healthy (16+ logins),346.0
CUST_02997,Logistics,SMB,2022-07-17,SUB_02997,Starter,49,2022-07-17,,Active,15,14,90,0.0,0.0,5.0,0,Medium Risk (6-15 logins),533.0
CUST_02998,E-commerce,SMB,2022-02-16,SUB_02998,Pro,199,2022-02-16,2022-05-11,Churned,4,1,647,1.0,34.0,5.0,1,High Risk (≤5 logins),84.0
CUST_02999,Healthcare,SMB,2022-07-22,SUB_02999,Pro,199,2022-07-22,2022-12-05,Churned,1,0,794,2.0,19.5,3.0,1,High Risk (≤5 logins),136.0
CUST_03000,EdTech,SMB,2022-09-18,SUB_03000,Starter,49,2022-09-18,2023-03-07,Churned,1,0,740,2.0,16.0,2.5,1,High Risk (≤5 logins),170.0
CUST_03001,E-commerce,Enterprise,2023-11-21,SUB_03001,Starter,49,2023-11-21,,Active,10,12,144,2.0,36.5,4.5,0,Medium Risk (6-15 logins),41.0
CUST_03002,Logistics,SMB,2022-01-24,SUB_03002,Pro,199,2022-01-24,,Active,6,11,451,0.0,0.0,5.0,0,Medium Risk (6-15 logins),707.0
CUST_03003,FinTech,SMB,2023-11-18,SUB_03003,Pro,199,2023-11-18,,Active,47,5,427,3.0,53.666666666666664,4.0,0,Healthy (16+ logins),44.0
CUST_03004,Logistics,SMB,2022-12-06,SUB_03004,Pro,199,2022-12-06,2023-08-17,Churned,3,1,241,1.0,41.0,4.0,1,High Risk (≤5 logins),254.0
CUST_03005,Healthcare,Enterprise,2023-02-16,SUB_03005,Pro,199,2023-02-16,2024-01-18,Churned,0,1,485,3.0,47.666666666666664,3.0,1,High Risk (≤5 logins),336.0
CUST_03006,EdTech,SMB,2022-09-18,SUB_03006,Starter,49,2022-09-18,,Active,8,9,30,4.0,38.5,4.0,0,Medium Risk (6-15 logins),470.0
CUST_03007,EdTech,Mid-Market,2022-10-13,SUB_03007,Starter,49,2022-10-13,2023-09-16,Churned,1,0,772,1.0,37.0,4.0,1,High Risk (≤5 logins),338.0
CUST_03008,Healthcare,Enterprise,2023-05-28,SUB_03008,Starter,49,2023-05-28,,Active,13,6,59,0.0,0.0,5.0,0,Medium Risk (6-15 logins),218.0
CUST_03009,E-commerce,SMB,2022-03-27,SUB_03009,Starter,49,2022-03-27,,Active,49,12,600,3.0,50.666666666666664,5.0,0,Healthy (16+ logins),645.0
CUST_03010,E-commerce,Mid-Market,2023-03-06,SUB_03010,Starter,49,2023-03-06,2023-05-10,Churned,2,1,475,2.0,37.0,5.0,1,High Risk (≤5 logins),65.0
CUST_03011,EdTech,SMB,2023-08-04,SUB_03011,Starter,49,2023-08-04,2024-01-13,Churned,2,0,914,3.0,57.0,4.0,1,High Risk (≤5 logins),162.0
CUST_03012,EdTech,SMB,2022-01-31,SUB_03012,Starter,49,2022-01-31,2022-03-26,Churned,3,0,100,4.0,20.5,3.5,1,High Risk (≤5 logins),54.0
CUST_03013,FinTech,Mid-Market,2023-08-26,SUB_03013,Starter,49,2023-08-26,,Active,9,13,809,1.0,18.0,4.0,0,Medium Risk (6-15 logins),128.0
CUST_03014,E-commerce,Mid-Market,2023-03-16,SUB_03014,Starter,49,2023-03-16,,Active,39,8,790,3.0,40.333333333333336,3.6666666666666665,0,Healthy (16+ logins),291.0
CUST_03015,Healthcare,SMB,2022-12-15,SUB_03015,Pro,199,2022-12-15,,Active,8,13,632,2.0,44.0,3.0,0,Medium Risk (6-15 logins),382.0
CUST_03016,E-commerce,SMB,2023-02-16,SUB_03016,Pro,199,2023-02-16,2023-04-23,Churned,4,1,754,1.0,50.0,4.0,1,High Risk (≤5 logins),66.0
CUST_03017,FinTech,SMB,2023-06-12,SUB_03017,Starter,49,2023-06-12,,Active,46,12,995,6.0,48.5,4.5,0,Healthy (16+ logins),203.0
CUST_03018,EdTech,SMB,2022-11-06,SUB_03018,Enterprise,999,2022-11-06,,Active,17,5,32741,1.0,48.0,5.0,0,Healthy (16+ logins),421.0
CUST_03019,EdTech,SMB,2023-01-31,SUB_03019,Starter,49,2023-01-31,,Active,41,11,588,1.0,6.0,5.0,0,Healthy (16+ logins),335.0
CUST_03020,FinTech,SMB,2022-12-04,SUB_03020,Pro,199,2022-12-04,,Active,36,10,272,1.0,51.0,4.0,0,Healthy (16+ logins),393.0
CUST_03021,Healthcare,SMB,2023-11-05,SUB_03021,Starter,49,2023-11-05,,Active,49,11,881,2.0,19.5,3.0,0,Healthy (16+ logins),57.0
CUST_03022,EdTech,Mid-Market,2023-03-13,SUB_03022,Pro,199,2023-03-13,,Active,5,5,477,5.0,39.0,3.2,0,High Risk (≤5 logins),294.0
CUST_03023,Logistics,SMB,2023-10-25,SUB_03023,Starter,49,2023-10-25,,Active,15,8,57,1.0,63.0,4.0,0,Medium Risk (6-15 logins),68.0
CUST_03024,EdTech,SMB,2022-12-31,SUB_03024,Pro,199,2022-12-31,,Active,30,7,758,3.0,58.666666666666664,3.6666666666666665,0,Healthy (16+ logins),366.0
CUST_03025,Logistics,SMB,2022-04-23,SUB_03025,Starter,49,2022-04-23,2022-06-10,Churned,1,1,982,2.0,14.5,3.5,1,High Risk (≤5 logins),48.0
CUST_03026,FinTech,Mid-Market,2022-06-25,SUB_03026,Pro,199,2022-06-25,,Active,17,7,944,0.0,0.0,5.0,0,Healthy (16+ logins),555.0
CUST_03027,FinTech,SMB,2022-05-29,SUB_03027,Starter,49,2022-05-29,2022-08-01,Churned,0,1,504,2.0,33.0,4.0,1,High Risk (≤5 logins),64.0
CUST_03028,EdTech,SMB,2022-06-27,SUB_03028,Starter,49,2022-06-27,,Active,27,8,386,1.0,38.0,5.0,0,Healthy (16+ logins),553.0
CUST_03029,E-commerce,SMB,2023-01-17,SUB_03029,Pro,199,2023-01-17,2023-12-22,Churned,1,1,460,2.0,37.0,2.5,1,High Risk (≤5 logins),339.0
CUST_03030,Logistics,Mid-Market,2022-08-11,SUB_03030,Starter,49,2022-08-11,,Active,34,11,607,3.0,53.333333333333336,4.333333333333333,0,Healthy (16+ logins),508.0
CUST_03031,Healthcare,SMB,2022-09-16,SUB_03031,Enterprise,999,2022-09-16,,Active,10,5,42620,3.0,57.666666666666664,4.0,0,Medium Risk (6-15 logins),472.0
CUST_03032,EdTech,Mid-Market,2022-07-08,SUB_03032,Starter,49,2022-07-08,2022-08-12,Churned,3,0,290,0.0,0.0,5.0,1,High Risk (≤5 logins),35.0
CUST_03033,Healthcare,Enterprise,2022-11-02,SUB_03033,Starter,49,2022-11-02,,Active,34,14,257,6.0,31.666666666666668,3.8333333333333335,0,Healthy (16+ logins),425.0
CUST_03034,EdTech,Mid-Market,2023-01-13,SUB_03034,Pro,199,2023-01-13,,Active,41,11,814,1.0,46.0,4.0,0,Healthy (16+ logins),353.0
CUST_03035,E-commerce,Mid-Market,2023-08-25,SUB_03035,Starter,49,2023-08-25,2024-04-09,Churned,0,1,770,2.0,46.0,3.5,1,High Risk (≤5 logins),228.0
CUST_03036,E-commerce,SMB,2022-12-09,SUB_03036,Starter,49,2022-12-09,,Active,10,13,245,2.0,17.0,3.5,0,Medium Risk (6-15 logins),388.0
CUST_03037,E-commerce,SMB,2022-06-05,SUB_03037,Pro,199,2022-06-05,2022-08-07,Churned,0,0,239,2.0,50.5,4.0,1,High Risk (≤5 logins),63.0
CUST_03038,E-commerce,Enterprise,2022-02-24,SUB_03038,Pro,199,2022-02-24,,Active,36,13,412,5.0,43.0,3.8,0,Healthy (16+ logins),676.0
CUST_03039,FinTech,SMB,2023-03-18,SUB_03039,Enterprise,999,2023-03-18,,Active,16,6,14107,3.0,22.333333333333332,4.0,0,Healthy (16+ logins),289.0
CUST_03040,FinTech,SMB,2023-11-16,SUB_03040,Starter,49,2023-11-16,,Active,8,6,713,2.0,53.0,5.0,0,Medium Risk (6-15 logins),46.0
CUST_03041,Logistics,Mid-Market,2022-07-19,SUB_03041,Pro,199,2022-07-19,,Active,36,5,275,2.0,41.0,5.0,0,Healthy (16+ logins),531.0
CUST_03042,Healthcare,SMB,2023-02-07,SUB_03042,Starter,49,2023-02-07,,Active,39,5,417,1.0,40.0,5.0,0,Healthy (16+ logins),328.0
CUST_03043,EdTech,SMB,2023-09-06,SUB_03043,Starter,49,2023-09-06,,Active,20,14,206,4.0,48.0,2.75,0,Healthy (16+ logins),117.0
CUST_03044,EdTech,SMB,2023-10-25,SUB_03044,Pro,199,2023-10-25,,Active,19,3,551,3.0,45.0,4.333333333333333,0,Healthy (16+ logins),68.0
CUST_03045,FinTech,SMB,2023-09-15,SUB_03045,Starter,49,2023-09-15,,Active,45,12,364,3.0,46.0,3.0,0,Healthy (16+ logins),108.0
CUST_03046,EdTech,Mid-Market,2023-08-26,SUB_03046,Starter,49,2023-08-26,,Active,6,3,832,2.0,37.5,2.0,0,Medium Risk (6-15 logins),128.0
CUST_03047,FinTech,SMB,2022-06-26,SUB_03047,Starter,49,2022-06-26,2022-09-19,Churned,0,1,345,1.0,52.0,5.0,1,High Risk (≤5 logins),85.0
CUST_03048,Logistics,SMB,2023-03-25,SUB_03048,Pro,199,2023-03-25,,Active,18,9,830,0.0,0.0,5.0,0,Healthy (16+ logins),282.0
CUST_03049,Healthcare,SMB,2023-06-25,SUB_03049,Enterprise,999,2023-06-25,2024-04-05,Churned,4,1,26616,6.0,49.833333333333336,3.1666666666666665,1,High Risk (≤5 logins),285.0
CUST_03050,Logistics,Mid-Market,2022-10-28,SUB_03050,Pro,199,2022-10-28,2023-06-25,Churned,2,0,159,2.0,37.5,4.0,1,High Risk (≤5 logins),240.0
CUST_03051,E-commerce,Mid-Market,2022-11-03,SUB_03051,Starter,49,2022-11-03,,Active,46,3,833,1.0,19.0,3.0,0,Healthy (16+ logins),424.0
CUST_03052,E-commerce,SMB,2022-09-24,SUB_03052,Pro,199,2022-09-24,2023-01-28,Churned,2,0,95,1.0,63.0,4.0,1,High Risk (≤5 logins),126.0
CUST_03053,E-commerce,Mid-Market,2022-08-02,SUB_03053,Pro,199,2022-08-02,,Active,22,10,424,1.0,35.0,5.0,0,Healthy (16+ logins),517.0
CUST_03054,Logistics,SMB,2023-08-17,SUB_03054,Starter,49,2023-08-17,,Active,8,5,924,6.0,37.833333333333336,3.6666666666666665,0,Medium Risk (6-15 logins),137.0
CUST_03055,EdTech,Enterprise,2023-10-02,SUB_03055,Starter,49,2023-10-02,,Active,41,8,115,2.0,36.5,4.0,0,Healthy (16+ logins),91.0
CUST_03056,Healthcare,SMB,2023-04-28,SUB_03056,Starter,49,2023-04-28,,Active,42,6,211,2.0,24.0,3.5,0,Healthy (16+ logins),248.0
CUST_03057,E-commerce,Mid-Market,2022-09-19,SUB_03057,Starter,49,2022-09-19,2023-07-27,Churned,3,1,598,1.0,29.0,5.0,1,High Risk (≤5 logins),311.0
CUST_03058,E-commerce,SMB,2022-03-08,SUB_03058,Pro,199,2022-03-08,,Active,33,5,306,1.0,36.0,5.0,0,Healthy (16+ logins),664.0
CUST_03059,E-commerce,SMB,2023-07-28,SUB_03059,Starter,49,2023-07-28,,Active,38,12,267,3.0,37.666666666666664,3.0,0,Healthy (16+ logins),157.0
CUST_03060,Healthcare,SMB,2022-05-13,SUB_03060,Starter,49,2022-05-13,2023-02-07,Churned,1,1,43,4.0,38.0,2.5,1,High Risk (≤5 logins),270.0
CUST_03061,E-commerce,Mid-Market,2023-10-11,SUB_03061,Enterprise,999,2023-10-11,,Active,41,8,27070,0.0,0.0,5.0,0,Healthy (16+ logins),82.0
CUST_03062,Healthcare,SMB,2023-06-24,SUB_03062,Pro,199,2023-06-24,,Active,34,4,594,2.0,53.5,3.0,0,Healthy (16+ logins),191.0
CUST_03063,E-commerce,Enterprise,2023-05-27,SUB_03063,Pro,199,2023-05-27,,Active,27,5,457,3.0,33.0,2.3333333333333335,0,Healthy (16+ logins),219.0
CUST_03064,Logistics,SMB,2022-07-30,SUB_03064,Starter,49,2022-07-30,2023-02-14,Churned,1,1,722,0.0,0.0,5.0,1,High Risk (≤5 logins),199.0
CUST_03065,Logistics,SMB,2022-09-10,SUB_03065,Starter,49,2022-09-10,2023-07-30,Churned,0,0,857,3.0,43.0,2.6666666666666665,1,High Risk (≤5 logins),323.0
CUST_03066,Healthcare,SMB,2022-02-07,SUB_03066,Starter,49,2022-02-07,,Active,5,2,471,4.0,50.75,4.0,0,High Risk (≤5 logins),693.0
CUST_03067,Logistics,Mid-Market,2022-02-12,SUB_03067,Starter,49,2022-02-12,,Active,12,12,8,1.0,43.0,3.0,0,Medium Risk (6-15 logins),688.0
CUST_03068,Healthcare,SMB,2023-09-21,SUB_03068,Starter,49,2023-09-21,,Active,46,2,924,3.0,32.333333333333336,4.0,0,Healthy (16+ logins),102.0
CUST_03069,Logistics,Mid-Market,2023-02-09,SUB_03069,Pro,199,2023-02-09,,Active,19,13,668,4.0,29.0,1.75,0,Healthy (16+ logins),326.0
CUST_03070,Logistics,Enterprise,2022-02-15,SUB_03070,Starter,49,2022-02-15,,Active,38,1,996,2.0,18.0,4.5,0,Healthy (16+ logins),685.0
CUST_03071,Healthcare,Enterprise,2023-03-30,SUB_03071,Starter,49,2023-03-30,,Active,23,6,859,3.0,51.333333333333336,3.6666666666666665,0,Healthy (16+ logins),277.0
CUST_03072,EdTech,SMB,2023-11-09,SUB_03072,Starter,49,2023-11-09,,Active,48,8,188,1.0,29.0,5.0,0,Healthy (16+ logins),53.0
CUST_03073,Logistics,Mid-Market,2022-11-01,SUB_03073,Pro,199,2022-11-01,2023-07-15,Churned,3,0,380,3.0,21.0,3.3333333333333335,1,High Risk (≤5 logins),256.0
CUST_03074,E-commerce,Mid-Market,2022-08-21,SUB_03074,Pro,199,2022-08-21,2023-07-31,Churned,4,1,831,2.0,52.0,2.5,1,High Risk (≤5 logins),344.0
CUST_03075,EdTech,SMB,2022-09-02,SUB_03075,Pro,199,2022-09-02,,Active,48,14,642,2.0,60.0,2.0,0,Healthy (16+ logins),486.0
CUST_03076,Healthcare,Mid-Market,2022-10-22,SUB_03076,Starter,49,2022-10-22,,Active,31,10,726,4.0,41.75,3.75,0,Healthy (16+ logins),436.0
CUST_03077,EdTech,SMB,2023-01-18,SUB_03077,Starter,49,2023-01-18,,Active,24,2,114,3.0,33.333333333333336,3.0,0,Healthy (16+ logins),348.0
CUST_03078,FinTech,SMB,2022-06-07,SUB_03078,Starter,49,2022-06-07,,Active,29,3,501,6.0,48.833333333333336,1.6666666666666667,0,Healthy (16+ logins),573.0
CUST_03079,FinTech,SMB,2023-02-09,SUB_03079,Starter,49,2023-02-09,,Active,13,6,634,1.0,57.0,2.0,0,Medium Risk (6-15 logins),326.0
CUST_03080,Logistics,SMB,2022-01-01,SUB_03080,Pro,199,2022-01-01,,Active,44,14,387,3.0,26.666666666666668,3.0,0,Healthy (16+ logins),730.0
CUST_03081,Logistics,SMB,2022-08-05,SUB_03081,Enterprise,999,2022-08-05,2023-01-08,Churned,1,0,36706,1.0,41.0,5.0,1,High Risk (≤5 logins),156.0
CUST_03082,E-commerce,SMB,2023-05-22,SUB_03082,Pro,199,2023-05-22,2024-03-26,Churned,4,1,909,0.0,0.0,5.0,1,High Risk (≤5 logins),309.0
CUST_03083,EdTech,Mid-Market,2023-08-04,SUB_03083,Enterprise,999,2023-08-04,,Active,28,12,1085,3.0,18.666666666666668,4.333333333333333,0,Healthy (16+ logins),150.0
CUST_03084,FinTech,SMB,2022-01-30,SUB_03084,Pro,199,2022-01-30,,Active,11,1,844,1.0,58.0,1.0,0,Medium Risk (6-15 logins),701.0
CUST_03085,Logistics,SMB,2023-09-19,SUB_03085,Starter,49,2023-09-19,2023-11-08,Churned,3,1,923,1.0,63.0,1.0,1,High Risk (≤5 logins),50.0
CUST_03086,EdTech,SMB,2023-06-04,SUB_03086,Enterprise,999,2023-06-04,2024-05-14,Churned,2,0,15439,2.0,39.5,3.5,1,High Risk (≤5 logins),345.0
CUST_03087,Logistics,SMB,2022-10-02,SUB_03087,Starter,49,2022-10-02,2023-07-04,Churned,2,0,934,1.0,57.0,5.0,1,High Risk (≤5 logins),275.0
CUST_03088,Logistics,Mid-Market,2023-05-07,SUB_03088,Pro,199,2023-05-07,,Active,25,9,875,0.0,0.0,5.0,0,Healthy (16+ logins),239.0
CUST_03089,FinTech,SMB,2022-02-05,SUB_03089,Starter,49,2022-02-05,,Active,39,8,703,3.0,35.666666666666664,3.3333333333333335,0,Healthy (16+ logins),695.0
CUST_03090,FinTech,Mid-Market,2022-11-07,SUB_03090,Starter,49,2022-11-07,,Active,9,5,443,2.0,61.0,4.5,0,Medium Risk (6-15 logins),420.0
CUST_03091,Logistics,SMB,2022-02-13,SUB_03091,Pro,199,2022-02-13,2022-06-12,Churned,4,0,659,1.0,34.0,5.0,1,High Risk (≤5 logins),119.0
CUST_03092,Healthcare,Mid-Market,2022-06-04,SUB_03092,Starter,49,2022-06-04,,Active,6,1,27,2.0,36.0,3.0,0,Medium Risk (6-15 logins),576.0
CUST_03093,Logistics,SMB,2022-03-18,SUB_03093,Starter,49,2022-03-18,,Active,28,14,635,0.0,0.0,5.0,0,Healthy (16+ logins),654.0
CUST_03094,Logistics,SMB,2023-08-13,SUB_03094,Starter,49,2023-08-13,2023-09-17,Churned,0,1,991,4.0,29.5,4.25,1,High Risk (≤5 logins),35.0
CUST_03095,E-commerce,Mid-Market,2023-09-05,SUB_03095,Starter,49,2023-09-05,,Active,20,7,397,1.0,31.0,2.0,0,Healthy (16+ logins),118.0
CUST_03096,E-commerce,SMB,2023-03-14,SUB_03096,Enterprise,999,2023-03-14,2024-01-03,Churned,0,0,14442,0.0,0.0,5.0,1,High Risk (≤5 logins),295.0
CUST_03097,E-commerce,Mid-Market,2023-03-08,SUB_03097,Pro,199,2023-03-08,,Active,34,10,586,3.0,42.333333333333336,3.6666666666666665,0,Healthy (16+ logins),299.0
CUST_03098,Healthcare,Mid-Market,2023-06-26,SUB_03098,Starter,49,2023-06-26,,Active,34,3,357,1.0,69.0,5.0,0,Healthy (16+ logins),189.0
CUST_03099,Healthcare,SMB,2022-02-08,SUB_03099,Starter,49,2022-02-08,,Active,39,9,185,2.0,23.5,4.0,0,Healthy (16+ logins),692.0
CUST_03100,Logistics,SMB,2022-08-27,SUB_03100,Pro,199,2022-08-27,,Active,46,4,550,1.0,62.0,5.0,0,Healthy (16+ logins),492.0
CUST_03101,E-commerce,SMB,2022-01-13,SUB_03101,Starter,49,2022-01-13,2022-05-19,Churned,3,0,233,1.0,68.0,5.0,1,High Risk (≤5 logins),126.0
CUST_03102,Healthcare,Enterprise,2022-05-02,SUB_03102,Starter,49,2022-05-02,,Active,41,6,247,3.0,49.333333333333336,3.3333333333333335,0,Healthy (16+ logins),609.0
CUST_03103,FinTech,Mid-Market,2022-05-24,SUB_03103,Starter,49,2022-05-24,2022-11-19,Churned,0,1,953,2.0,33.5,3.0,1,High Risk (≤5 logins),179.0
CUST_03104,Logistics,SMB,2023-11-15,SUB_03104,Pro,199,2023-11-15,,Active,23,4,398,3.0,32.666666666666664,4.333333333333333,0,Healthy (16+ logins),47.0
CUST_03105,EdTech,SMB,2023-03-31,SUB_03105,Starter,49,2023-03-31,2023-07-18,Churned,1,1,328,2.0,46.5,4.5,1,High Risk (≤5 logins),109.0
CUST_03106,Logistics,SMB,2023-01-03,SUB_03106,Starter,49,2023-01-03,,Active,21,4,642,3.0,25.333333333333332,3.3333333333333335,0,Healthy (16+ logins),363.0
CUST_03107,EdTech,Mid-Market,2022-09-04,SUB_03107,Starter,49,2022-09-04,,Active,15,14,4,5.0,39.6,3.4,0,Medium Risk (6-15 logins),484.0
CUST_03108,E-commerce,SMB,2022-02-14,SUB_03108,Starter,49,2022-02-14,2022-04-01,Churned,3,1,347,5.0,53.0,3.8,1,High Risk (≤5 logins),46.0
CUST_03109,EdTech,SMB,2023-01-10,SUB_03109,Pro,199,2023-01-10,,Active,12,11,937,3.0,50.333333333333336,4.333333333333333,0,Medium Risk (6-15 logins),356.0
CUST_03110,E-commerce,Mid-Market,2022-10-18,SUB_03110,Starter,49,2022-10-18,,Active,48,12,398,2.0,43.0,3.0,0,Healthy (16+ logins),440.0
CUST_03111,FinTech,SMB,2022-07-26,SUB_03111,Starter,49,2022-07-26,,Active,33,12,258,2.0,24.0,3.5,0,Healthy (16+ logins),524.0
CUST_03112,EdTech,SMB,2023-06-03,SUB_03112,Starter,49,2023-06-03,,Active,21,3,756,1.0,71.0,4.0,0,Healthy (16+ logins),212.0
CUST_03113,Logistics,Enterprise,2022-08-30,SUB_03113,Starter,49,2022-08-30,2023-02-13,Churned,3,0,418,0.0,0.0,5.0,1,High Risk (≤5 logins),167.0
CUST_03114,E-commerce,Mid-Market,2023-09-14,SUB_03114,Pro,199,2023-09-14,,Active,9,11,390,1.0,25.0,4.0,0,Medium Risk (6-15 logins),109.0
CUST_03115,Logistics,SMB,2022-04-24,SUB_03115,Pro,199,2022-04-24,,Active,8,3,861,4.0,52.5,4.0,0,Medium Risk (6-15 logins),617.0
CUST_03116,Healthcare,SMB,2022-10-29,SUB_03116,Starter,49,2022-10-29,2023-04-16,Churned,3,1,919,3.0,22.666666666666668,3.6666666666666665,1,High Risk (≤5 logins),169.0
CUST_03117,E-commerce,SMB,2022-10-03,SUB_03117,Starter,49,2022-10-03,,Active,15,11,926,5.0,45.4,4.0,0,Medium Risk (6-15 logins),455.0
CUST_03118,EdTech,SMB,2022-04-06,SUB_03118,Starter,49,2022-04-06,,Active,34,5,589,1.0,23.0,5.0,0,Healthy (16+ logins),635.0
CUST_03119,E-commerce,Mid-Market,2022-10-21,SUB_03119,Pro,199,2022-10-21,,Active,44,1,847,5.0,49.4,3.8,0,Healthy (16+ logins),437.0
CUST_03120,Logistics,SMB,2022-12-26,SUB_03120,Pro,199,2022-12-26,,Active,39,6,114,0.0,0.0,5.0,0,Healthy (16+ logins),371.0
CUST_03121,FinTech,Mid-Market,2022-10-15,SUB_03121,Starter,49,2022-10-15,,Active,48,11,3,3.0,47.666666666666664,3.6666666666666665,0,Healthy (16+ logins),443.0
CUST_03122,E-commerce,Enterprise,2022-06-03,SUB_03122,Pro,199,2022-06-03,,Active,49,2,642,1.0,14.0,5.0,0,Healthy (16+ logins),577.0
CUST_03123,EdTech,SMB,2023-07-24,SUB_03123,Pro,199,2023-07-24,,Active,37,12,738,2.0,46.0,4.5,0,Healthy (16+ logins),161.0
CUST_03124,Healthcare,SMB,2023-02-27,SUB_03124,Enterprise,999,2023-02-27,,Active,40,3,40126,2.0,28.0,3.0,0,Healthy (16+ logins),308.0
CUST_03125,FinTech,SMB,2022-02-19,SUB_03125,Starter,49,2022-02-19,,Active,25,11,8,5.0,49.0,3.6,0,Healthy (16+ logins),681.0
CUST_03126,Healthcare,Enterprise,2022-07-26,SUB_03126,Starter,49,2022-07-26,,Active,42,1,323,1.0,38.0,2.0,0,Healthy (16+ logins),524.0
CUST_03127,E-commerce,Mid-Market,2023-07-18,SUB_03127,Starter,49,2023-07-18,2023-09-25,Churned,2,0,117,4.0,40.0,4.0,1,High Risk (≤5 logins),69.0
CUST_03128,Logistics,SMB,2023-10-24,SUB_03128,Pro,199,2023-10-24,,Active,9,6,466,0.0,0.0,5.0,0,Medium Risk (6-15 logins),69.0
CUST_03129,Logistics,Mid-Market,2023-07-19,SUB_03129,Pro,199,2023-07-19,2024-02-01,Churned,2,1,855,0.0,0.0,5.0,1,High Risk (≤5 logins),197.0
CUST_03130,EdTech,SMB,2022-08-01,SUB_03130,Pro,199,2022-08-01,,Active,29,10,699,2.0,17.5,3.0,0,Healthy (16+ logins),518.0
CUST_03131,Logistics,Enterprise,2022-03-07,SUB_03131,Starter,49,2022-03-07,,Active,14,2,650,3.0,32.333333333333336,3.3333333333333335,0,Medium Risk (6-15 logins),665.0
CUST_03132,FinTech,SMB,2022-08-20,SUB_03132,Starter,49,2022-08-20,,Active,23,11,462,3.0,49.333333333333336,4.0,0,Healthy (16+ logins),499.0
CUST_03133,Logistics,SMB,2023-10-25,SUB_03133,Starter,49,2023-10-25,2024-02-05,Churned,3,0,931,1.0,67.0,4.0,1,High Risk (≤5 logins),103.0
CUST_03134,EdTech,Mid-Market,2022-11-16,SUB_03134,Pro,199,2022-11-16,,Active,22,9,124,2.0,37.0,3.0,0,Healthy (16+ logins),411.0
CUST_03135,E-commerce,SMB,2022-05-17,SUB_03135,Starter,49,2022-05-17,,Active,38,14,222,3.0,44.333333333333336,4.0,0,Healthy (16+ logins),594.0
CUST_03136,E-commerce,SMB,2023-10-09,SUB_03136,Starter,49,2023-10-09,2024-01-20,Churned,2,0,327,3.0,47.0,3.6666666666666665,1,High Risk (≤5 logins),103.0
CUST_03137,Logistics,SMB,2023-07-20,SUB_03137,Pro,199,2023-07-20,2023-10-07,Churned,4,1,897,2.0,35.5,4.0,1,High Risk (≤5 logins),79.0
CUST_03138,Healthcare,SMB,2022-03-06,SUB_03138,Starter,49,2022-03-06,,Active,9,12,817,0.0,0.0,5.0,0,Medium Risk (6-15 logins),666.0
CUST_03139,E-commerce,SMB,2023-05-29,SUB_03139,Starter,49,2023-05-29,2023-07-07,Churned,4,1,258,2.0,26.5,2.0,1,High Risk (≤5 logins),39.0
CUST_03140,Logistics,Enterprise,2022-05-12,SUB_03140,Starter,49,2022-05-12,,Active,13,6,66,2.0,42.0,3.0,0,Medium Risk (6-15 logins),599.0
CUST_03141,EdTech,SMB,2022-11-30,SUB_03141,Pro,199,2022-11-30,,Active,9,14,596,1.0,12.0,4.0,0,Medium Risk (6-15 logins),397.0
CUST_03142,Logistics,SMB,2022-02-01,SUB_03142,Pro,199,2022-02-01,,Active,9,10,882,2.0,42.0,4.0,0,Medium Risk (6-15 logins),699.0
CUST_03143,E-commerce,Mid-Market,2023-05-13,SUB_03143,Enterprise,999,2023-05-13,,Active,45,6,32013,3.0,69.66666666666667,3.0,0,Healthy (16+ logins),233.0
CUST_03144,EdTech,SMB,2022-08-31,SUB_03144,Starter,49,2022-08-31,,Active,45,8,971,3.0,32.333333333333336,4.333333333333333,0,Healthy (16+ logins),488.0
CUST_03145,Logistics,SMB,2022-07-11,SUB_03145,Enterprise,999,2022-07-11,2022-11-20,Churned,1,0,21805,1.0,37.0,5.0,1,High Risk (≤5 logins),132.0
CUST_03146,FinTech,Mid-Market,2022-05-22,SUB_03146,Pro,199,2022-05-22,,Active,11,5,633,2.0,38.0,2.5,0,Medium Risk (6-15 logins),589.0
CUST_03147,EdTech,Mid-Market,2023-10-22,SUB_03147,Pro,199,2023-10-22,,Active,30,10,278,5.0,22.8,3.2,0,Healthy (16+ logins),71.0
CUST_03148,FinTech,Mid-Market,2023-08-24,SUB_03148,Enterprise,999,2023-08-24,2024-07-17,Churned,1,1,33925,1.0,12.0,4.0,1,High Risk (≤5 logins),328.0
CUST_03149,Healthcare,Mid-Market,2023-07-15,SUB_03149,Starter,49,2023-07-15,,Active,38,13,588,5.0,45.4,4.0,0,Healthy (16+ logins),170.0
CUST_03150,EdTech,SMB,2023-10-10,SUB_03150,Starter,49,2023-10-10,2024-02-20,Churned,1,1,271,2.0,47.5,1.0,1,High Risk (≤5 logins),133.0
CUST_03151,FinTech,Enterprise,2022-07-10,SUB_03151,Starter,49,2022-07-10,2023-05-25,Churned,2,1,976,0.0,0.0,5.0,1,High Risk (≤5 logins),319.0
CUST_03152,E-commerce,SMB,2022-05-29,SUB_03152,Pro,199,2022-05-29,2023-04-03,Churned,4,0,501,3.0,43.333333333333336,4.0,1,High Risk (≤5 logins),309.0
CUST_03153,E-commerce,Mid-Market,2023-08-22,SUB_03153,Pro,199,2023-08-22,2024-02-09,Churned,2,1,657,1.0,64.0,5.0,1,High Risk (≤5 logins),171.0
CUST_03154,Healthcare,SMB,2023-02-20,SUB_03154,Pro,199,2023-02-20,,Active,24,1,268,3.0,36.666666666666664,4.666666666666667,0,Healthy (16+ logins),315.0
CUST_03155,EdTech,Enterprise,2023-06-04,SUB_03155,Starter,49,2023-06-04,,Active,23,4,892,5.0,27.2,3.4,0,Healthy (16+ logins),211.0
CUST_03156,EdTech,Mid-Market,2022-01-16,SUB_03156,Starter,49,2022-01-16,,Active,20,5,567,2.0,42.0,2.5,0,Healthy (16+ logins),715.0
CUST_03157,EdTech,Mid-Market,2022-04-16,SUB_03157,Starter,49,2022-04-16,,Active,8,7,217,2.0,54.0,4.0,0,Medium Risk (6-15 logins),625.0
CUST_03158,Healthcare,SMB,2022-10-10,SUB_03158,Pro,199,2022-10-10,,Active,36,14,684,2.0,60.0,4.0,0,Healthy (16+ logins),448.0
CUST_03159,EdTech,SMB,2022-04-14,SUB_03159,Starter,49,2022-04-14,,Active,22,6,551,1.0,38.0,4.0,0,Healthy (16+ logins),627.0
CUST_03160,E-commerce,Mid-Market,2022-12-27,SUB_03160,Enterprise,999,2022-12-27,2023-11-18,Churned,3,0,25110,2.0,35.5,2.5,1,High Risk (≤5 logins),326.0
CUST_03161,FinTech,Mid-Market,2023-10-20,SUB_03161,Starter,49,2023-10-20,2024-05-06,Churned,2,1,158,0.0,0.0,5.0,1,High Risk (≤5 logins),199.0
CUST_03162,E-commerce,SMB,2022-02-04,SUB_03162,Starter,49,2022-02-04,,Active,18,13,359,3.0,39.333333333333336,3.6666666666666665,0,Healthy (16+ logins),696.0
CUST_03163,E-commerce,Enterprise,2022-04-23,SUB_03163,Pro,199,2022-04-23,,Active,22,2,464,3.0,54.666666666666664,3.6666666666666665,0,Healthy (16+ logins),618.0
CUST_03164,FinTech,Mid-Market,2022-11-04,SUB_03164,Starter,49,2022-11-04,,Active,14,11,543,1.0,49.0,3.0,0,Medium Risk (6-15 logins),423.0
CUST_03165,E-commerce,SMB,2022-02-22,SUB_03165,Starter,49,2022-02-22,2022-04-05,Churned,3,0,247,0.0,0.0,5.0,1,High Risk (≤5 logins),42.0
CUST_03166,Healthcare,Mid-Market,2022-03-22,SUB_03166,Starter,49,2022-03-22,,Active,22,2,640,2.0,35.5,4.0,0,Healthy (16+ logins),650.0
CUST_03167,FinTech,SMB,2023-09-08,SUB_03167,Starter,49,2023-09-08,,Active,8,10,290,7.0,33.142857142857146,4.571428571428571,0,Medium Risk (6-15 logins),115.0
CUST_03168,E-commerce,SMB,2023-01-04,SUB_03168,Enterprise,999,2023-01-04,,Active,36,13,35567,2.0,21.5,3.5,0,Healthy (16+ logins),362.0
CUST_03169,Logistics,SMB,2022-08-30,SUB_03169,Pro,199,2022-08-30,,Active,10,12,978,2.0,46.0,4.5,0,Medium Risk (6-15 logins),489.0
CUST_03170,E-commerce,SMB,2022-01-31,SUB_03170,Starter,49,2022-01-31,2022-08-05,Churned,1,1,859,1.0,16.0,5.0,1,High Risk (≤5 logins),186.0
CUST_03171,Healthcare,Mid-Market,2022-12-27,SUB_03171,Pro,199,2022-12-27,,Active,10,7,65,3.0,29.666666666666668,3.3333333333333335,0,Medium Risk (6-15 logins),370.0
CUST_03172,EdTech,SMB,2022-08-21,SUB_03172,Starter,49,2022-08-21,,Active,39,1,796,1.0,30.0,5.0,0,Healthy (16+ logins),498.0
CUST_03173,E-commerce,Mid-Market,2023-09-02,SUB_03173,Pro,199,2023-09-02,2024-03-23,Churned,4,0,426,0.0,0.0,5.0,1,High Risk (≤5 logins),203.0
CUST_03174,EdTech,Mid-Market,2022-02-03,SUB_03174,Enterprise,999,2022-02-03,2022-08-13,Churned,1,0,39360,1.0,29.0,3.0,1,High Risk (≤5 logins),191.0
CUST_03175,Logistics,Mid-Market,2022-08-31,SUB_03175,Pro,199,2022-08-31,2023-02-08,Churned,2,0,554,2.0,31.0,5.0,1,High Risk (≤5 logins),161.0
CUST_03176,E-commerce,SMB,2022-02-28,SUB_03176,Starter,49,2022-02-28,,Active,18,8,786,3.0,48.666666666666664,3.3333333333333335,0,Healthy (16+ logins),672.0
CUST_03177,FinTech,Mid-Market,2023-06-13,SUB_03177,Starter,49,2023-06-13,,Active,6,13,120,2.0,39.5,3.5,0,Medium Risk (6-15 logins),202.0
CUST_03178,EdTech,SMB,2022-03-19,SUB_03178,Starter,49,2022-03-19,,Active,44,9,191,1.0,40.0,5.0,0,Healthy (16+ logins),653.0
CUST_03179,Logistics,SMB,2022-10-29,SUB_03179,Pro,199,2022-10-29,,Active,17,4,475,9.0,35.44444444444444,4.111111111111111,0,Healthy (16+ logins),429.0
CUST_03180,FinTech,SMB,2023-11-09,SUB_03180,Pro,199,2023-11-09,,Active,9,5,353,2.0,50.0,4.5,0,Medium Risk (6-15 logins),53.0
CUST_03181,FinTech,SMB,2022-04-22,SUB_03181,Starter,49,2022-04-22,,Active,40,11,542,3.0,42.333333333333336,4.0,0,Healthy (16+ logins),619.0
CUST_03182,FinTech,Mid-Market,2023-02-17,SUB_03182,Enterprise,999,2023-02-17,,Active,40,5,6298,0.0,0.0,5.0,0,Healthy (16+ logins),318.0
CUST_03183,FinTech,SMB,2022-11-13,SUB_03183,Starter,49,2022-11-13,2023-01-09,Churned,2,1,530,0.0,0.0,5.0,1,High Risk (≤5 logins),57.0
CUST_03184,E-commerce,Mid-Market,2022-05-25,SUB_03184,Starter,49,2022-05-25,,Active,24,9,479,3.0,41.333333333333336,2.6666666666666665,0,Healthy (16+ logins),586.0
CUST_03185,E-commerce,SMB,2023-10-30,SUB_03185,Starter,49,2023-10-30,2024-02-19,Churned,2,1,796,7.0,45.142857142857146,3.857142857142857,1,High Risk (≤5 logins),112.0
CUST_03186,E-commerce,SMB,2023-11-21,SUB_03186,Starter,49,2023-11-21,,Active,35,13,72,4.0,41.25,3.5,0,Healthy (16+ logins),41.0
CUST_03187,Logistics,Enterprise,2023-10-10,SUB_03187,Starter,49,2023-10-10,,Active,45,10,390,2.0,29.5,4.5,0,Healthy (16+ logins),83.0
CUST_03188,Logistics,Mid-Market,2022-01-18,SUB_03188,Pro,199,2022-01-18,,Active,48,6,953,2.0,35.0,3.5,0,Healthy (16+ logins),713.0
CUST_03189,Logistics,SMB,2022-12-17,SUB_03189,Starter,49,2022-12-17,2023-10-11,Churned,1,1,75,1.0,53.0,2.0,1,High Risk (≤5 logins),298.0
CUST_03190,Healthcare,SMB,2022-06-04,SUB_03190,Starter,49,2022-06-04,,Active,7,10,187,1.0,28.0,5.0,0,Medium Risk (6-15 logins),576.0
CUST_03191,Logistics,SMB,2023-05-21,SUB_03191,Pro,199,2023-05-21,2024-02-25,Churned,0,0,690,5.0,50.2,4.0,1,High Risk (≤5 logins),280.0
CUST_03192,E-commerce,SMB,2022-12-26,SUB_03192,Starter,49,2022-12-26,,Active,29,10,990,3.0,35.333333333333336,4.666666666666667,0,Healthy (16+ logins),371.0
CUST_03193,E-commerce,Mid-Market,2022-11-28,SUB_03193,Pro,199,2022-11-28,2023-04-12,Churned,2,1,337,3.0,46.0,2.6666666666666665,1,High Risk (≤5 logins),135.0
CUST_03194,Healthcare,Mid-Market,2023-06-12,SUB_03194,Starter,49,2023-06-12,,Active,8,7,475,0.0,0.0,5.0,0,Medium Risk (6-15 logins),203.0
CUST_03195,Healthcare,SMB,2022-01-12,SUB_03195,Pro,199,2022-01-12,2022-10-29,Churned,1,0,305,1.0,36.0,2.0,1,High Risk (≤5 logins),290.0
CUST_03196,Logistics,Enterprise,2022-03-16,SUB_03196,Enterprise,999,2022-03-16,,Active,11,12,17907,1.0,36.0,1.0,0,Medium Risk (6-15 logins),656.0
CUST_03197,EdTech,SMB,2022-07-31,SUB_03197,Starter,49,2022-07-31,2022-09-12,Churned,0,0,648,2.0,31.5,1.5,1,High Risk (≤5 logins),43.0
CUST_03198,Healthcare,SMB,2023-11-22,SUB_03198,Pro,199,2023-11-22,2024-03-10,Churned,2,0,161,1.0,24.0,5.0,1,High Risk (≤5 logins),109.0
CUST_03199,FinTech,SMB,2023-10-03,SUB_03199,Pro,199,2023-10-03,,Active,19,5,801,2.0,46.5,2.5,0,Healthy (16+ logins),90.0
CUST_03200,E-commerce,Mid-Market,2022-10-10,SUB_03200,Pro,199,2022-10-10,2023-04-17,Churned,3,1,46,4.0,44.5,3.75,1,High Risk (≤5 logins),189.0
CUST_03201,FinTech,SMB,2022-07-14,SUB_03201,Starter,49,2022-07-14,,Active,8,11,23,2.0,54.0,3.0,0,Medium Risk (6-15 logins),536.0
CUST_03202,E-commerce,SMB,2022-01-30,SUB_03202,Starter,49,2022-01-30,,Active,38,5,335,8.0,33.5,3.125,0,Healthy (16+ logins),701.0
CUST_03203,E-commerce,SMB,2022-01-09,SUB_03203,Pro,199,2022-01-09,2022-08-04,Churned,4,0,283,2.0,50.0,4.0,1,High Risk (≤5 logins),207.0
CUST_03204,Healthcare,SMB,2022-11-05,SUB_03204,Pro,199,2022-11-05,,Active,48,8,173,1.0,55.0,2.0,0,Healthy (16+ logins),422.0
CUST_03205,Healthcare,Mid-Market,2023-03-21,SUB_03205,Starter,49,2023-03-21,,Active,46,11,306,6.0,35.666666666666664,3.6666666666666665,0,Healthy (16+ logins),286.0
CUST_03206,FinTech,SMB,2022-11-06,SUB_03206,Starter,49,2022-11-06,,Active,23,5,878,1.0,58.0,5.0,0,Healthy (16+ logins),421.0
CUST_03207,E-commerce,SMB,2023-11-08,SUB_03207,Starter,49,2023-11-08,2024-05-10,Churned,1,0,994,2.0,46.5,4.0,1,High Risk (≤5 logins),184.0
CUST_03208,FinTech,Mid-Market,2023-03-02,SUB_03208,Starter,49,2023-03-02,,Active,31,1,773,2.0,58.0,3.5,0,Healthy (16+ logins),305.0
CUST_03209,EdTech,Enterprise,2023-08-14,SUB_03209,Starter,49,2023-08-14,,Active,9,3,229,1.0,23.0,4.0,0,Medium Risk (6-15 logins),140.0
CUST_03210,FinTech,Enterprise,2023-11-22,SUB_03210,Starter,49,2023-11-22,,Active,17,7,702,1.0,61.0,5.0,0,Healthy (16+ logins),40.0
CUST_03211,Logistics,SMB,2022-04-01,SUB_03211,Starter,49,2022-04-01,2022-06-04,Churned,4,1,117,3.0,59.333333333333336,2.3333333333333335,1,High Risk (≤5 logins),64.0
CUST_03212,FinTech,SMB,2023-04-01,SUB_03212,Starter,49,2023-04-01,2024-01-14,Churned,4,1,52,3.0,30.0,3.6666666666666665,1,High Risk (≤5 logins),288.0
CUST_03213,Logistics,SMB,2023-03-20,SUB_03213,Enterprise,999,2023-03-20,2024-01-03,Churned,2,1,48668,1.0,27.0,5.0,1,High Risk (≤5 logins),289.0
CUST_03214,Logistics,SMB,2022-03-20,SUB_03214,Starter,49,2022-03-20,2022-08-31,Churned,4,1,947,3.0,46.0,3.6666666666666665,1,High Risk (≤5 logins),164.0
CUST_03215,Logistics,Enterprise,2023-04-20,SUB_03215,Starter,49,2023-04-20,,Active,5,6,571,1.0,64.0,5.0,0,High Risk (≤5 logins),256.0
CUST_03216,EdTech,SMB,2022-04-13,SUB_03216,Starter,49,2022-04-13,,Active,28,14,936,2.0,23.5,4.0,0,Healthy (16+ logins),628.0
CUST_03217,FinTech,SMB,2023-09-15,SUB_03217,Enterprise,999,2023-09-15,2024-02-22,Churned,0,0,42942,1.0,62.0,1.0,1,High Risk (≤5 logins),160.0
CUST_03218,FinTech,SMB,2023-04-01,SUB_03218,Pro,199,2023-04-01,2023-07-20,Churned,2,0,771,5.0,43.8,3.4,1,High Risk (≤5 logins),110.0
CUST_03219,EdTech,SMB,2022-11-10,SUB_03219,Pro,199,2022-11-10,2023-02-06,Churned,2,0,781,1.0,43.0,4.0,1,High Risk (≤5 logins),88.0
CUST_03220,E-commerce,Mid-Market,2022-09-04,SUB_03220,Starter,49,2022-09-04,,Active,35,7,140,3.0,38.333333333333336,4.0,0,Healthy (16+ logins),484.0
CUST_03221,Healthcare,SMB,2022-08-22,SUB_03221,Pro,199,2022-08-22,,Active,21,9,654,3.0,36.666666666666664,4.333333333333333,0,Healthy (16+ logins),497.0
CUST_03222,FinTech,SMB,2023-08-17,SUB_03222,Starter,49,2023-08-17,,Active,34,9,112,1.0,30.0,4.0,0,Healthy (16+ logins),137.0
CUST_03223,Healthcare,SMB,2023-10-06,SUB_03223,Starter,49,2023-10-06,2024-01-17,Churned,2,0,263,3.0,53.666666666666664,3.3333333333333335,1,High Risk (≤5 logins),103.0
CUST_03224,EdTech,SMB,2022-08-23,SUB_03224,Pro,199,2022-08-23,2023-05-18,Churned,0,0,490,2.0,38.5,5.0,1,High Risk (≤5 logins),268.0
CUST_03225,E-commerce,SMB,2023-01-22,SUB_03225,Pro,199,2023-01-22,,Active,40,14,343,2.0,43.0,4.5,0,Healthy (16+ logins),344.0
CUST_03226,E-commerce,Mid-Market,2023-09-03,SUB_03226,Pro,199,2023-09-03,,Active,11,1,522,0.0,0.0,5.0,0,Medium Risk (6-15 logins),120.0
CUST_03227,E-commerce,SMB,2022-02-07,SUB_03227,Pro,199,2022-02-07,2022-07-15,Churned,2,1,879,1.0,51.0,5.0,1,High Risk (≤5 logins),158.0
CUST_03228,EdTech,Mid-Market,2022-06-10,SUB_03228,Enterprise,999,2022-06-10,,Active,24,4,16580,5.0,35.4,3.2,0,Healthy (16+ logins),570.0
CUST_03229,Logistics,Enterprise,2023-04-07,SUB_03229,Starter,49,2023-04-07,,Active,18,14,472,1.0,69.0,5.0,0,Healthy (16+ logins),269.0
CUST_03230,Logistics,Enterprise,2023-03-25,SUB_03230,Starter,49,2023-03-25,,Active,34,5,22,3.0,31.333333333333332,3.0,0,Healthy (16+ logins),282.0
CUST_03231,Healthcare,Enterprise,2022-04-27,SUB_03231,Starter,49,2022-04-27,2023-04-06,Churned,0,1,238,2.0,24.0,4.0,1,High Risk (≤5 logins),344.0
CUST_03232,Logistics,SMB,2022-08-29,SUB_03232,Pro,199,2022-08-29,2023-02-12,Churned,3,1,620,2.0,51.5,3.5,1,High Risk (≤5 logins),167.0
CUST_03233,Logistics,SMB,2022-01-26,SUB_03233,Starter,49,2022-01-26,,Active,45,8,262,4.0,51.25,4.25,0,Healthy (16+ logins),705.0
CUST_03234,E-commerce,SMB,2023-10-10,SUB_03234,Pro,199,2023-10-10,,Active,29,7,324,0.0,0.0,5.0,0,Healthy (16+ logins),83.0
CUST_03235,E-commerce,Mid-Market,2023-07-16,SUB_03235,Starter,49,2023-07-16,,Active,38,1,671,4.0,33.0,2.75,0,Healthy (16+ logins),169.0
CUST_03236,Healthcare,Enterprise,2022-10-25,SUB_03236,Starter,49,2022-10-25,,Active,12,12,731,3.0,27.0,3.3333333333333335,0,Medium Risk (6-15 logins),433.0
CUST_03237,FinTech,Mid-Market,2022-06-03,SUB_03237,Starter,49,2022-06-03,,Active,24,2,683,2.0,46.0,3.5,0,Healthy (16+ logins),577.0
CUST_03238,Healthcare,SMB,2023-10-14,SUB_03238,Starter,49,2023-10-14,,Active,34,7,386,3.0,24.333333333333332,3.3333333333333335,0,Healthy (16+ logins),79.0
CUST_03239,Healthcare,Enterprise,2023-04-13,SUB_03239,Pro,199,2023-04-13,,Active,8,3,605,2.0,48.5,3.0,0,Medium Risk (6-15 logins),263.0
CUST_03240,EdTech,SMB,2022-02-18,SUB_03240,Starter,49,2022-02-18,2022-06-30,Churned,2,1,121,3.0,40.0,3.3333333333333335,1,High Risk (≤5 logins),132.0
CUST_03241,EdTech,SMB,2023-10-16,SUB_03241,Starter,49,2023-10-16,,Active,31,11,299,3.0,31.333333333333332,2.0,0,Healthy (16+ logins),77.0
CUST_03242,Healthcare,SMB,2022-02-15,SUB_03242,Starter,49,2022-02-15,,Active,14,12,708,2.0,43.5,3.5,0,Medium Risk (6-15 logins),685.0
CUST_03243,Healthcare,SMB,2023-11-06,SUB_03243,Starter,49,2023-11-06,,Active,27,14,562,1.0,51.0,4.0,0,Healthy (16+ logins),56.0
CUST_03244,Healthcare,SMB,2022-10-12,SUB_03244,Starter,49,2022-10-12,,Active,37,9,316,0.0,0.0,5.0,0,Healthy (16+ logins),446.0
CUST_03245,Logistics,SMB,2023-09-20,SUB_03245,Starter,49,2023-09-20,,Active,15,12,818,1.0,14.0,3.0,0,Medium Risk (6-15 logins),103.0
CUST_03246,EdTech,SMB,2022-03-23,SUB_03246,Pro,199,2022-03-23,,Active,45,10,928,2.0,42.0,4.5,0,Healthy (16+ logins),649.0
CUST_03247,Healthcare,Mid-Market,2022-02-13,SUB_03247,Starter,49,2022-02-13,2022-03-23,Churned,2,1,19,2.0,20.5,2.5,1,High Risk (≤5 logins),38.0
CUST_03248,E-commerce,Mid-Market,2022-09-30,SUB_03248,Starter,49,2022-09-30,,Active,15,8,541,2.0,43.5,4.0,0,Medium Risk (6-15 logins),458.0
CUST_03249,E-commerce,Mid-Market,2023-01-29,SUB_03249,Pro,199,2023-01-29,2023-10-17,Churned,1,1,888,4.0,60.5,3.25,1,High Risk (≤5 logins),261.0
CUST_03250,Logistics,SMB,2023-08-18,SUB_03250,Starter,49,2023-08-18,2023-12-24,Churned,4,1,299,3.0,48.333333333333336,2.6666666666666665,1,High Risk (≤5 logins),128.0
CUST_03251,Logistics,Mid-Market,2022-02-27,SUB_03251,Starter,49,2022-02-27,,Active,9,11,469,0.0,0.0,5.0,0,Medium Risk (6-15 logins),673.0
CUST_03252,FinTech,Enterprise,2023-07-19,SUB_03252,Pro,199,2023-07-19,,Active,9,10,85,5.0,39.2,3.8,0,Medium Risk (6-15 logins),166.0
CUST_03253,FinTech,SMB,2022-01-01,SUB_03253,Starter,49,2022-01-01,2022-09-05,Churned,4,0,741,3.0,33.0,2.6666666666666665,1,High Risk (≤5 logins),247.0
CUST_03254,FinTech,SMB,2022-08-04,SUB_03254,Pro,199,2022-08-04,,Active,21,8,668,0.0,0.0,5.0,0,Healthy (16+ logins),515.0
CUST_03255,Logistics,SMB,2022-11-13,SUB_03255,Starter,49,2022-11-13,,Active,7,12,404,2.0,44.5,2.5,0,Medium Risk (6-15 logins),414.0
CUST_03256,Logistics,SMB,2022-08-16,SUB_03256,Pro,199,2022-08-16,,Active,47,2,977,5.0,41.6,3.4,0,Healthy (16+ logins),503.0
CUST_03257,Logistics,Mid-Market,2023-04-18,SUB_03257,Enterprise,999,2023-04-18,2024-01-09,Churned,1,0,28573,8.0,25.25,3.125,1,High Risk (≤5 logins),266.0
CUST_03258,E-commerce,Mid-Market,2023-04-29,SUB_03258,Starter,49,2023-04-29,2024-01-05,Churned,3,1,111,2.0,22.0,3.5,1,High Risk (≤5 logins),251.0
CUST_03259,Logistics,SMB,2023-11-02,SUB_03259,Starter,49,2023-11-02,2024-05-17,Churned,4,0,138,2.0,19.0,4.0,1,High Risk (≤5 logins),197.0
CUST_03260,E-commerce,Mid-Market,2022-10-14,SUB_03260,Starter,49,2022-10-14,,Active,27,7,9,2.0,24.5,5.0,0,Healthy (16+ logins),444.0
CUST_03261,FinTech,Mid-Market,2023-05-26,SUB_03261,Starter,49,2023-05-26,,Active,6,9,290,5.0,38.2,3.8,0,Medium Risk (6-15 logins),220.0
CUST_03262,FinTech,Enterprise,2023-08-01,SUB_03262,Pro,199,2023-08-01,2023-10-31,Churned,3,1,921,1.0,28.0,5.0,1,High Risk (≤5 logins),91.0
CUST_03263,FinTech,SMB,2023-04-03,SUB_03263,Pro,199,2023-04-03,2024-03-15,Churned,0,0,378,4.0,34.75,2.75,1,High Risk (≤5 logins),347.0
CUST_03264,Healthcare,Enterprise,2022-04-05,SUB_03264,Starter,49,2022-04-05,2022-05-14,Churned,3,1,881,2.0,40.5,5.0,1,High Risk (≤5 logins),39.0
CUST_03265,Healthcare,SMB,2023-05-08,SUB_03265,Pro,199,2023-05-08,,Active,42,7,939,4.0,49.5,3.25,0,Healthy (16+ logins),238.0
CUST_03266,EdTech,SMB,2022-05-30,SUB_03266,Starter,49,2022-05-30,,Active,24,1,237,2.0,36.5,4.0,0,Healthy (16+ logins),581.0
CUST_03267,EdTech,SMB,2022-01-23,SUB_03267,Pro,199,2022-01-23,2022-10-13,Churned,1,0,643,4.0,40.5,3.5,1,High Risk (≤5 logins),263.0
CUST_03268,EdTech,SMB,2022-08-03,SUB_03268,Pro,199,2022-08-03,,Active,31,14,329,3.0,64.33333333333333,3.3333333333333335,0,Healthy (16+ logins),516.0
CUST_03269,Healthcare,Mid-Market,2023-02-03,SUB_03269,Pro,199,2023-02-03,2023-05-30,Churned,3,0,184,3.0,33.0,3.0,1,High Risk (≤5 logins),116.0
CUST_03270,Healthcare,SMB,2023-02-14,SUB_03270,Starter,49,2023-02-14,,Active,43,13,806,3.0,37.333333333333336,4.333333333333333,0,Healthy (16+ logins),321.0
CUST_03271,EdTech,SMB,2022-05-11,SUB_03271,Pro,199,2022-05-11,2023-03-03,Churned,3,1,719,2.0,44.5,4.0,1,High Risk (≤5 logins),296.0
CUST_03272,EdTech,SMB,2022-05-28,SUB_03272,Starter,49,2022-05-28,,Active,37,11,761,1.0,62.0,5.0,0,Healthy (16+ logins),583.0
CUST_03273,Logistics,Mid-Market,2023-01-16,SUB_03273,Pro,199,2023-01-16,,Active,33,14,424,4.0,28.25,3.25,0,Healthy (16+ logins),350.0
CUST_03274,EdTech,SMB,2022-04-19,SUB_03274,Starter,49,2022-04-19,,Active,14,1,861,0.0,0.0,5.0,0,Medium Risk (6-15 logins),622.0
CUST_03275,Logistics,Mid-Market,2023-07-06,SUB_03275,Starter,49,2023-07-06,,Active,14,12,322,2.0,20.5,2.5,0,Medium Risk (6-15 logins),179.0
CUST_03276,E-commerce,SMB,2022-05-01,SUB_03276,Pro,199,2022-05-01,,Active,16,10,481,2.0,17.5,2.5,0,Healthy (16+ logins),610.0
CUST_03277,Healthcare,SMB,2022-10-22,SUB_03277,Pro,199,2022-10-22,2023-06-12,Churned,2,1,600,4.0,45.25,3.25,1,High Risk (≤5 logins),233.0
CUST_03278,EdTech,SMB,2022-04-30,SUB_03278,Starter,49,2022-04-30,2023-04-12,Churned,1,1,357,1.0,43.0,4.0,1,High Risk (≤5 logins),347.0
CUST_03279,Healthcare,SMB,2023-04-01,SUB_03279,Enterprise,999,2023-04-01,,Active,17,13,33853,2.0,22.5,3.5,0,Healthy (16+ logins),275.0
CUST_03280,Healthcare,SMB,2023-06-14,SUB_03280,Pro,199,2023-06-14,2024-06-10,Churned,1,0,35,4.0,48.0,4.25,1,High Risk (≤5 logins),362.0
CUST_03281,Healthcare,SMB,2022-06-18,SUB_03281,Pro,199,2022-06-18,,Active,35,8,515,1.0,49.0,4.0,0,Healthy (16+ logins),562.0
CUST_03282,E-commerce,Enterprise,2022-05-23,SUB_03282,Pro,199,2022-05-23,,Active,31,9,745,4.0,54.75,4.0,0,Healthy (16+ logins),588.0
CUST_03283,FinTech,Mid-Market,2022-02-06,SUB_03283,Starter,49,2022-02-06,,Active,10,10,329,3.0,31.666666666666668,2.6666666666666665,0,Medium Risk (6-15 logins),694.0
CUST_03284,EdTech,SMB,2023-11-29,SUB_03284,Pro,199,2023-11-29,2024-08-25,Churned,1,1,268,3.0,23.666666666666668,3.0,1,High Risk (≤5 logins),270.0
CUST_03285,FinTech,SMB,2022-09-18,SUB_03285,Starter,49,2022-09-18,,Active,39,10,69,2.0,45.0,2.5,0,Healthy (16+ logins),470.0
CUST_03286,FinTech,Mid-Market,2022-08-19,SUB_03286,Starter,49,2022-08-19,,Active,13,4,518,0.0,0.0,5.0,0,Medium Risk (6-15 logins),500.0
CUST_03287,FinTech,SMB,2022-09-11,SUB_03287,Pro,199,2022-09-11,2022-12-05,Churned,1,1,667,3.0,30.333333333333332,2.3333333333333335,1,High Risk (≤5 logins),85.0
CUST_03288,Healthcare,SMB,2022-11-25,SUB_03288,Pro,199,2022-11-25,2023-04-13,Churned,0,0,954,3.0,31.0,2.3333333333333335,1,High Risk (≤5 logins),139.0
CUST_03289,Logistics,Mid-Market,2022-10-24,SUB_03289,Pro,199,2022-10-24,,Active,44,14,377,1.0,41.0,4.0,0,Healthy (16+ logins),434.0
CUST_03290,Healthcare,Mid-Market,2022-01-10,SUB_03290,Pro,199,2022-01-10,,Active,30,9,292,1.0,33.0,5.0,0,Healthy (16+ logins),721.0
CUST_03291,Healthcare,SMB,2023-03-22,SUB_03291,Pro,199,2023-03-22,2023-06-08,Churned,1,0,910,0.0,0.0,5.0,1,High Risk (≤5 logins),78.0
CUST_03292,FinTech,SMB,2022-08-18,SUB_03292,Starter,49,2022-08-18,,Active,23,1,285,4.0,38.25,3.5,0,Healthy (16+ logins),501.0
CUST_03293,Healthcare,SMB,2023-06-20,SUB_03293,Enterprise,999,2023-06-20,2024-03-18,Churned,3,0,11353,0.0,0.0,5.0,1,High Risk (≤5 logins),272.0
CUST_03294,FinTech,Mid-Market,2022-03-19,SUB_03294,Starter,49,2022-03-19,,Active,45,10,585,4.0,56.5,4.0,0,Healthy (16+ logins),653.0
CUST_03295,Logistics,SMB,2023-03-01,SUB_03295,Pro,199,2023-03-01,2023-04-15,Churned,1,0,523,4.0,43.5,4.0,1,High Risk (≤5 logins),45.0
CUST_03296,EdTech,SMB,2022-07-12,SUB_03296,Pro,199,2022-07-12,,Active,15,2,336,1.0,66.0,3.0,0,Medium Risk (6-15 logins),538.0
CUST_03297,FinTech,SMB,2023-02-05,SUB_03297,Pro,199,2023-02-05,2023-05-18,Churned,4,1,623,2.0,40.5,2.0,1,High Risk (≤5 logins),102.0
CUST_03298,Logistics,SMB,2022-04-19,SUB_03298,Starter,49,2022-04-19,,Active,33,2,541,3.0,46.666666666666664,3.0,0,Healthy (16+ logins),622.0
CUST_03299,EdTech,Enterprise,2022-09-20,SUB_03299,Enterprise,999,2022-09-20,,Active,42,13,44377,3.0,33.666666666666664,4.0,0,Healthy (16+ logins),468.0
CUST_03300,E-commerce,Mid-Market,2022-11-25,SUB_03300,Pro,199,2022-11-25,,Active,24,5,35,6.0,45.166666666666664,3.5,0,Healthy (16+ logins),402.0
CUST_03301,FinTech,Mid-Market,2022-12-29,SUB_03301,Enterprise,999,2022-12-29,,Active,25,14,22670,2.0,43.5,3.0,0,Healthy (16+ logins),368.0
CUST_03302,FinTech,SMB,2023-01-13,SUB_03302,Starter,49,2023-01-13,,Active,32,9,378,2.0,44.5,2.5,0,Healthy (16+ logins),353.0
CUST_03303,E-commerce,SMB,2022-12-07,SUB_03303,Pro,199,2022-12-07,2023-07-26,Churned,3,1,343,0.0,0.0,5.0,1,High Risk (≤5 logins),231.0
CUST_03304,E-commerce,SMB,2022-09-16,SUB_03304,Pro,199,2022-09-16,,Active,44,13,229,1.0,47.0,3.0,0,Healthy (16+ logins),472.0
CUST_03305,FinTech,SMB,2022-12-01,SUB_03305,Pro,199,2022-12-01,,Active,30,7,788,3.0,47.666666666666664,4.333333333333333,0,Healthy (16+ logins),396.0
CUST_03306,E-commerce,Enterprise,2022-03-26,SUB_03306,Enterprise,999,2022-03-26,,Active,14,2,44748,1.0,62.0,5.0,0,Medium Risk (6-15 logins),646.0
CUST_03307,Healthcare,SMB,2023-06-06,SUB_03307,Starter,49,2023-06-06,2023-10-06,Churned,4,0,799,0.0,0.0,5.0,1,High Risk (≤5 logins),122.0
CUST_03308,EdTech,SMB,2023-07-25,SUB_03308,Starter,49,2023-07-25,,Active,13,5,761,1.0,25.0,5.0,0,Medium Risk (6-15 logins),160.0
CUST_03309,EdTech,SMB,2022-11-04,SUB_03309,Starter,49,2022-11-04,2023-04-19,Churned,3,1,574,0.0,0.0,5.0,1,High Risk (≤5 logins),166.0
CUST_03310,EdTech,Mid-Market,2022-09-19,SUB_03310,Starter,49,2022-09-19,,Active,15,14,977,0.0,0.0,5.0,0,Medium Risk (6-15 logins),469.0
CUST_03311,Healthcare,SMB,2023-09-23,SUB_03311,Enterprise,999,2023-09-23,,Active,14,7,28009,1.0,65.0,1.0,0,Medium Risk (6-15 logins),100.0
CUST_03312,E-commerce,SMB,2023-11-11,SUB_03312,Starter,49,2023-11-11,,Active,11,7,420,5.0,39.4,4.2,0,Medium Risk (6-15 logins),51.0
CUST_03313,Logistics,SMB,2023-03-28,SUB_03313,Starter,49,2023-03-28,2023-05-29,Churned,3,1,555,2.0,43.0,3.5,1,High Risk (≤5 logins),62.0
CUST_03314,E-commerce,Mid-Market,2022-09-08,SUB_03314,Starter,49,2022-09-08,,Active,20,3,660,3.0,41.0,4.666666666666667,0,Healthy (16+ logins),480.0
CUST_03315,FinTech,SMB,2022-11-20,SUB_03315,Pro,199,2022-11-20,,Active,30,14,401,2.0,39.0,3.0,0,Healthy (16+ logins),407.0
CUST_03316,EdTech,Enterprise,2022-08-17,SUB_03316,Starter,49,2022-08-17,,Active,36,1,487,3.0,28.666666666666668,2.3333333333333335,0,Healthy (16+ logins),502.0
CUST_03317,E-commerce,Mid-Market,2023-09-28,SUB_03317,Starter,49,2023-09-28,,Active,35,9,45,3.0,34.0,4.0,0,Healthy (16+ logins),95.0
CUST_03318,Logistics,SMB,2023-08-19,SUB_03318,Starter,49,2023-08-19,,Active,36,1,686,2.0,19.5,3.0,0,Healthy (16+ logins),135.0
CUST_03319,FinTech,Mid-Market,2022-10-24,SUB_03319,Starter,49,2022-10-24,2023-02-18,Churned,3,1,153,2.0,35.5,2.5,1,High Risk (≤5 logins),117.0
CUST_03320,Healthcare,SMB,2022-08-25,SUB_03320,Enterprise,999,2022-08-25,,Active,16,14,43396,2.0,50.0,5.0,0,Healthy (16+ logins),494.0
CUST_03321,Healthcare,Enterprise,2023-09-17,SUB_03321,Starter,49,2023-09-17,,Active,31,14,644,2.0,55.0,5.0,0,Healthy (16+ logins),106.0
CUST_03322,Logistics,SMB,2022-08-05,SUB_03322,Pro,199,2022-08-05,,Active,26,5,286,2.0,33.0,1.5,0,Healthy (16+ logins),514.0
CUST_03323,FinTech,SMB,2022-09-03,SUB_03323,Enterprise,999,2022-09-03,,Active,19,8,22905,3.0,45.0,4.333333333333333,0,Healthy (16+ logins),485.0
CUST_03324,EdTech,SMB,2023-03-24,SUB_03324,Pro,199,2023-03-24,2023-11-11,Churned,1,1,844,2.0,53.5,3.0,1,High Risk (≤5 logins),232.0
CUST_03325,E-commerce,SMB,2022-11-15,SUB_03325,Enterprise,999,2022-11-15,,Active,8,9,26168,3.0,36.0,3.3333333333333335,0,Medium Risk (6-15 logins),412.0
CUST_03326,FinTech,Enterprise,2023-03-08,SUB_03326,Enterprise,999,2023-03-08,2023-05-15,Churned,0,0,40606,3.0,34.666666666666664,3.3333333333333335,1,High Risk (≤5 logins),68.0
CUST_03327,Healthcare,SMB,2023-02-08,SUB_03327,Starter,49,2023-02-08,,Active,27,9,638,2.0,24.0,3.0,0,Healthy (16+ logins),327.0
CUST_03328,Logistics,Mid-Market,2022-02-06,SUB_03328,Pro,199,2022-02-06,,Active,20,10,704,2.0,50.0,4.5,0,Healthy (16+ logins),694.0
CUST_03329,Logistics,SMB,2023-07-30,SUB_03329,Starter,49,2023-07-30,,Active,38,5,471,2.0,47.5,4.0,0,Healthy (16+ logins),155.0
CUST_03330,E-commerce,Enterprise,2022-12-08,SUB_03330,Starter,49,2022-12-08,,Active,26,5,268,3.0,38.0,3.6666666666666665,0,Healthy (16+ logins),389.0
CUST_03331,Logistics,SMB,2023-01-24,SUB_03331,Pro,199,2023-01-24,2023-06-16,Churned,2,0,633,2.0,24.5,5.0,1,High Risk (≤5 logins),143.0
CUST_03332,Logistics,SMB,2022-02-03,SUB_03332,Pro,199,2022-02-03,2023-01-31,Churned,3,0,657,3.0,29.666666666666668,3.6666666666666665,1,High Risk (≤5 logins),362.0
CUST_03333,FinTech,SMB,2022-02-08,SUB_03333,Pro,199,2022-02-08,,Active,41,10,663,3.0,23.0,5.0,0,Healthy (16+ logins),692.0
CUST_03334,EdTech,Mid-Market,2023-08-02,SUB_03334,Pro,199,2023-08-02,,Active,48,10,156,4.0,20.75,4.0,0,Healthy (16+ logins),152.0
CUST_03335,E-commerce,SMB,2022-07-28,SUB_03335,Starter,49,2022-07-28,,Active,11,10,667,3.0,28.666666666666668,4.666666666666667,0,Medium Risk (6-15 logins),522.0
CUST_03336,FinTech,SMB,2022-06-01,SUB_03336,Pro,199,2022-06-01,2023-03-04,Churned,2,0,613,0.0,0.0,5.0,1,High Risk (≤5 logins),276.0
CUST_03337,EdTech,SMB,2022-12-31,SUB_03337,Starter,49,2022-12-31,,Active,30,3,428,2.0,36.5,4.5,0,Healthy (16+ logins),366.0
CUST_03338,FinTech,Mid-Market,2022-07-18,SUB_03338,Starter,49,2022-07-18,2023-03-12,Churned,2,1,884,1.0,51.0,3.0,1,High Risk (≤5 logins),237.0
CUST_03339,FinTech,SMB,2023-08-24,SUB_03339,Pro,199,2023-08-24,,Active,8,10,981,3.0,66.0,4.333333333333333,0,Medium Risk (6-15 logins),130.0
CUST_03340,Logistics,SMB,2022-03-20,SUB_03340,Starter,49,2022-03-20,,Active,36,3,851,2.0,37.5,4.0,0,Healthy (16+ logins),652.0
CUST_03341,EdTech,SMB,2023-04-22,SUB_03341,Pro,199,2023-04-22,,Active,42,3,251,2.0,35.0,4.0,0,Healthy (16+ logins),254.0
CUST_03342,E-commerce,Mid-Market,2023-03-10,SUB_03342,Pro,199,2023-03-10,,Active,13,13,266,4.0,36.25,3.5,0,Medium Risk (6-15 logins),297.0
CUST_03343,E-commerce,Enterprise,2022-02-01,SUB_03343,Starter,49,2022-02-01,,Active,40,4,818,0.0,0.0,5.0,0,Healthy (16+ logins),699.0
CUST_03344,EdTech,SMB,2022-03-28,SUB_03344,Pro,199,2022-03-28,,Active,30,9,58,3.0,43.666666666666664,3.0,0,Healthy (16+ logins),644.0
CUST_03345,Logistics,SMB,2023-07-05,SUB_03345,Pro,199,2023-07-05,2024-06-10,Churned,1,1,851,3.0,54.0,4.0,1,High Risk (≤5 logins),341.0
CUST_03346,Healthcare,SMB,2023-01-28,SUB_03346,Starter,49,2023-01-28,,Active,24,8,616,2.0,19.0,5.0,0,Healthy (16+ logins),338.0
CUST_03347,FinTech,SMB,2023-09-05,SUB_03347,Starter,49,2023-09-05,2024-07-27,Churned,0,1,780,2.0,38.0,3.0,1,High Risk (≤5 logins),326.0
CUST_03348,Logistics,SMB,2022-09-01,SUB_03348,Pro,199,2022-09-01,,Active,19,6,558,2.0,19.0,3.5,0,Healthy (16+ logins),487.0
CUST_03349,EdTech,Mid-Market,2022-08-20,SUB_03349,Starter,49,2022-08-20,2023-04-17,Churned,3,1,599,1.0,23.0,5.0,1,High Risk (≤5 logins),240.0
CUST_03350,FinTech,SMB,2023-08-03,SUB_03350,Pro,199,2023-08-03,2023-10-30,Churned,1,0,170,3.0,35.666666666666664,2.6666666666666665,1,High Risk (≤5 logins),88.0
CUST_03351,E-commerce,Enterprise,2022-07-11,SUB_03351,Starter,49,2022-07-11,,Active,37,1,663,2.0,64.0,3.5,0,Healthy (16+ logins),539.0
CUST_03352,Healthcare,SMB,2023-06-24,SUB_03352,Pro,199,2023-06-24,2023-12-26,Churned,0,0,687,4.0,35.75,4.25,1,High Risk (≤5 logins),185.0
CUST_03353,E-commerce,Mid-Market,2022-09-27,SUB_03353,Enterprise,999,2022-09-27,,Active,26,1,17586,1.0,49.0,4.0,0,Healthy (16+ logins),461.0
CUST_03354,EdTech,SMB,2022-03-18,SUB_03354,Starter,49,2022-03-18,2022-08-16,Churned,4,1,656,0.0,0.0,5.0,1,High Risk (≤5 logins),151.0
CUST_03355,FinTech,SMB,2022-06-16,SUB_03355,Pro,199,2022-06-16,2022-11-12,Churned,1,1,836,1.0,37.0,4.0,1,High Risk (≤5 logins),149.0
CUST_03356,EdTech,SMB,2022-10-11,SUB_03356,Pro,199,2022-10-11,,Active,25,9,821,2.0,37.0,4.0,0,Healthy (16+ logins),447.0
CUST_03357,FinTech,SMB,2022-03-30,SUB_03357,Pro,199,2022-03-30,,Active,16,7,733,0.0,0.0,5.0,0,Healthy (16+ logins),642.0
CUST_03358,Logistics,SMB,2023-06-28,SUB_03358,Pro,199,2023-06-28,,Active,11,10,397,2.0,43.0,4.5,0,Medium Risk (6-15 logins),187.0
CUST_03359,Healthcare,Mid-Market,2023-10-11,SUB_03359,Pro,199,2023-10-11,,Active,6,1,14,1.0,9.0,1.0,0,Medium Risk (6-15 logins),82.0
CUST_03360,Logistics,Enterprise,2022-06-05,SUB_03360,Pro,199,2022-06-05,,Active,43,3,968,2.0,36.0,3.0,0,Healthy (16+ logins),575.0
CUST_03361,Logistics,SMB,2022-09-07,SUB_03361,Pro,199,2022-09-07,,Active,45,14,461,6.0,55.833333333333336,3.5,0,Healthy (16+ logins),481.0
CUST_03362,EdTech,SMB,2022-04-05,SUB_03362,Pro,199,2022-04-05,,Active,28,1,137,5.0,54.6,3.2,0,Healthy (16+ logins),636.0
CUST_03363,Healthcare,SMB,2022-01-17,SUB_03363,Starter,49,2022-01-17,2022-12-09,Churned,0,1,761,2.0,43.5,3.0,1,High Risk (≤5 logins),326.0
CUST_03364,FinTech,SMB,2022-04-27,SUB_03364,Enterprise,999,2022-04-27,,Active,29,4,25822,2.0,22.5,3.0,0,Healthy (16+ logins),614.0
CUST_03365,FinTech,SMB,2022-11-29,SUB_03365,Starter,49,2022-11-29,2023-11-15,Churned,4,1,862,3.0,54.333333333333336,1.0,1,High Risk (≤5 logins),351.0
CUST_03366,E-commerce,Mid-Market,2023-06-06,SUB_03366,Starter,49,2023-06-06,,Active,44,9,780,1.0,21.0,3.0,0,Healthy (16+ logins),209.0
CUST_03367,FinTech,Enterprise,2022-03-21,SUB_03367,Starter,49,2022-03-21,,Active,45,12,592,2.0,29.5,3.0,0,Healthy (16+ logins),651.0
CUST_03368,EdTech,Enterprise,2023-10-08,SUB_03368,Starter,49,2023-10-08,,Active,46,4,576,3.0,39.666666666666664,2.0,0,Healthy (16+ logins),85.0
CUST_03369,Logistics,SMB,2023-03-08,SUB_03369,Starter,49,2023-03-08,,Active,48,3,653,2.0,18.5,5.0,0,Healthy (16+ logins),299.0
CUST_03370,Logistics,Mid-Market,2022-07-22,SUB_03370,Starter,49,2022-07-22,,Active,6,14,299,2.0,34.5,1.5,0,Medium Risk (6-15 logins),528.0
CUST_03371,Logistics,Mid-Market,2022-04-26,SUB_03371,Starter,49,2022-04-26,,Active,46,4,422,3.0,37.0,4.333333333333333,0,Healthy (16+ logins),615.0
CUST_03372,Healthcare,SMB,2022-08-08,SUB_03372,Pro,199,2022-08-08,,Active,39,3,418,2.0,17.0,3.5,0,Healthy (16+ logins),511.0
CUST_03373,FinTech,SMB,2022-09-10,SUB_03373,Starter,49,2022-09-10,,Active,37,6,758,5.0,25.0,3.4,0,Healthy (16+ logins),478.0
CUST_03374,EdTech,Mid-Market,2022-06-18,SUB_03374,Starter,49,2022-06-18,,Active,21,1,884,2.0,30.0,2.0,0,Healthy (16+ logins),562.0
CUST_03375,Healthcare,SMB,2022-11-12,SUB_03375,Starter,49,2022-11-12,,Active,26,2,192,3.0,48.333333333333336,4.666666666666667,0,Healthy (16+ logins),415.0
CUST_03376,E-commerce,SMB,2023-01-07,SUB_03376,Starter,49,2023-01-07,,Active,5,8,282,1.0,22.0,4.0,0,High Risk (≤5 logins),359.0
CUST_03377,EdTech,SMB,2023-08-06,SUB_03377,Starter,49,2023-08-06,,Active,41,3,253,2.0,59.0,2.5,0,Healthy (16+ logins),148.0
CUST_03378,EdTech,SMB,2022-06-05,SUB_03378,Pro,199,2022-06-05,,Active,34,4,503,2.0,26.0,4.0,0,Healthy (16+ logins),575.0
CUST_03379,EdTech,SMB,2023-09-06,SUB_03379,Enterprise,999,2023-09-06,,Active,10,12,21698,3.0,42.0,3.0,0,Medium Risk (6-15 logins),117.0
CUST_03380,Logistics,Enterprise,2022-01-13,SUB_03380,Pro,199,2022-01-13,,Active,45,1,312,2.0,29.5,3.5,0,Healthy (16+ logins),718.0
CUST_03381,EdTech,Mid-Market,2023-05-23,SUB_03381,Pro,199,2023-05-23,,Active,18,3,277,7.0,30.142857142857142,4.285714285714286,0,Healthy (16+ logins),223.0
CUST_03382,FinTech,Mid-Market,2023-04-10,SUB_03382,Starter,49,2023-04-10,,Active,40,1,801,2.0,66.5,5.0,0,Healthy (16+ logins),266.0
CUST_03383,EdTech,SMB,2022-08-08,SUB_03383,Starter,49,2022-08-08,,Active,37,11,904,3.0,55.0,2.3333333333333335,0,Healthy (16+ logins),511.0
CUST_03384,Logistics,Mid-Market,2022-01-15,SUB_03384,Starter,49,2022-01-15,,Active,42,10,817,3.0,51.0,5.0,0,Healthy (16+ logins),716.0
CUST_03385,EdTech,SMB,2022-04-27,SUB_03385,Pro,199,2022-04-27,,Active,43,5,309,2.0,45.0,3.0,0,Healthy (16+ logins),614.0
CUST_03386,E-commerce,SMB,2022-11-27,SUB_03386,Starter,49,2022-11-27,,Active,10,1,185,4.0,37.0,3.5,0,Medium Risk (6-15 logins),400.0
CUST_03387,E-commerce,SMB,2022-02-25,SUB_03387,Pro,199,2022-02-25,2022-05-27,Churned,0,0,867,9.0,32.55555555555556,3.5555555555555554,1,High Risk (≤5 logins),91.0
CUST_03388,Logistics,SMB,2022-12-17,SUB_03388,Starter,49,2022-12-17,2023-06-22,Churned,1,1,223,0.0,0.0,5.0,1,High Risk (≤5 logins),187.0
CUST_03389,FinTech,SMB,2022-05-12,SUB_03389,Starter,49,2022-05-12,,Active,37,7,573,1.0,60.0,1.0,0,Healthy (16+ logins),599.0
CUST_03390,FinTech,SMB,2022-08-14,SUB_03390,Enterprise,999,2022-08-14,2022-10-22,Churned,2,0,6623,1.0,23.0,4.0,1,High Risk (≤5 logins),69.0
CUST_03391,Healthcare,SMB,2022-11-04,SUB_03391,Pro,199,2022-11-04,,Active,48,8,595,1.0,63.0,5.0,0,Healthy (16+ logins),423.0
CUST_03392,Logistics,SMB,2023-04-20,SUB_03392,Pro,199,2023-04-20,,Active,47,9,26,1.0,59.0,5.0,0,Healthy (16+ logins),256.0
CUST_03393,EdTech,Enterprise,2022-08-10,SUB_03393,Pro,199,2022-08-10,2023-05-08,Churned,4,1,380,4.0,46.75,3.25,1,High Risk (≤5 logins),271.0
CUST_03394,Logistics,SMB,2022-06-22,SUB_03394,Pro,199,2022-06-22,2022-08-30,Churned,1,1,319,2.0,39.5,4.5,1,High Risk (≤5 logins),69.0
CUST_03395,Healthcare,Mid-Market,2022-12-06,SUB_03395,Pro,199,2022-12-06,,Active,28,3,130,2.0,22.5,5.0,0,Healthy (16+ logins),391.0
CUST_03396,Logistics,SMB,2023-05-21,SUB_03396,Enterprise,999,2023-05-21,2023-12-26,Churned,3,1,12766,3.0,47.333333333333336,3.3333333333333335,1,High Risk (≤5 logins),219.0
CUST_03397,Logistics,SMB,2022-06-06,SUB_03397,Starter,49,2022-06-06,2023-02-24,Churned,3,1,522,0.0,0.0,5.0,1,High Risk (≤5 logins),263.0
CUST_03398,Healthcare,Enterprise,2022-05-31,SUB_03398,Pro,199,2022-05-31,,Active,29,14,279,2.0,64.5,2.0,0,Healthy (16+ logins),580.0
CUST_03399,FinTech,SMB,2023-11-28,SUB_03399,Pro,199,2023-11-28,,Active,34,7,284,5.0,49.2,4.0,0,Healthy (16+ logins),34.0
CUST_03400,EdTech,SMB,2022-06-27,SUB_03400,Starter,49,2022-06-27,,Active,36,12,196,2.0,17.0,2.5,0,Healthy (16+ logins),553.0
CUST_03401,Healthcare,Mid-Market,2023-06-17,SUB_03401,Pro,199,2023-06-17,2023-07-31,Churned,1,0,736,4.0,43.0,3.5,1,High Risk (≤5 logins),44.0
CUST_03402,E-commerce,SMB,2022-04-22,SUB_03402,Enterprise,999,2022-04-22,,Active,11,4,8517,5.0,34.0,3.2,0,Medium Risk (6-15 logins),619.0
CUST_03403,FinTech,Mid-Market,2023-11-14,SUB_03403,Starter,49,2023-11-14,,Active,28,11,274,4.0,38.0,3.75,0,Healthy (16+ logins),48.0
CUST_03404,E-commerce,SMB,2022-05-18,SUB_03404,Starter,49,2022-05-18,,Active,13,6,67,1.0,34.0,4.0,0,Medium Risk (6-15 logins),593.0
CUST_03405,FinTech,SMB,2022-08-21,SUB_03405,Starter,49,2022-08-21,,Active,20,2,232,3.0,28.333333333333332,3.6666666666666665,0,Healthy (16+ logins),498.0
CUST_03406,EdTech,SMB,2022-11-28,SUB_03406,Pro,199,2022-11-28,,Active,6,7,610,2.0,31.0,4.5,0,Medium Risk (6-15 logins),399.0
CUST_03407,EdTech,SMB,2023-06-26,SUB_03407,Pro,199,2023-06-26,2023-11-26,Churned,1,1,221,5.0,52.8,3.6,1,High Risk (≤5 logins),153.0
CUST_03408,Logistics,Mid-Market,2022-11-03,SUB_03408,Starter,49,2022-11-03,,Active,38,5,452,3.0,30.666666666666668,3.6666666666666665,0,Healthy (16+ logins),424.0
CUST_03409,E-commerce,Mid-Market,2022-06-10,SUB_03409,Pro,199,2022-06-10,,Active,26,4,635,2.0,64.0,4.0,0,Healthy (16+ logins),570.0
CUST_03410,FinTech,SMB,2023-02-06,SUB_03410,Starter,49,2023-02-06,,Active,23,2,303,1.0,67.0,4.0,0,Healthy (16+ logins),329.0
CUST_03411,EdTech,SMB,2023-08-13,SUB_03411,Pro,199,2023-08-13,,Active,25,7,935,1.0,65.0,1.0,0,Healthy (16+ logins),141.0
CUST_03412,Healthcare,Mid-Market,2022-10-05,SUB_03412,Starter,49,2022-10-05,,Active,16,2,613,3.0,48.666666666666664,4.0,0,Healthy (16+ logins),453.0
CUST_03413,EdTech,SMB,2022-11-16,SUB_03413,Starter,49,2022-11-16,2023-07-31,Churned,4,1,962,2.0,34.5,3.0,1,High Risk (≤5 logins),257.0
CUST_03414,Healthcare,SMB,2023-06-17,SUB_03414,Pro,199,2023-06-17,,Active,23,9,399,3.0,34.333333333333336,4.666666666666667,0,Healthy (16+ logins),198.0
CUST_03415,FinTech,SMB,2023-05-12,SUB_03415,Starter,49,2023-05-12,,Active,10,2,319,5.0,35.2,4.2,0,Medium Risk (6-15 logins),234.0
CUST_03416,EdTech,SMB,2022-12-29,SUB_03416,Starter,49,2022-12-29,,Active,46,10,263,3.0,49.666666666666664,3.6666666666666665,0,Healthy (16+ logins),368.0
CUST_03417,EdTech,Mid-Market,2023-01-07,SUB_03417,Starter,49,2023-01-07,2023-11-12,Churned,1,0,364,5.0,31.2,3.6,1,High Risk (≤5 logins),309.0
CUST_03418,FinTech,Enterprise,2023-10-17,SUB_03418,Starter,49,2023-10-17,,Active,37,3,388,0.0,0.0,5.0,0,Healthy (16+ logins),76.0
CUST_03419,EdTech,SMB,2022-02-05,SUB_03419,Starter,49,2022-02-05,,Active,42,2,741,2.0,44.5,4.5,0,Healthy (16+ logins),695.0
CUST_03420,Healthcare,SMB,2022-10-30,SUB_03420,Enterprise,999,2022-10-30,,Active,17,10,29929,0.0,0.0,5.0,0,Healthy (16+ logins),428.0
CUST_03421,EdTech,SMB,2023-03-14,SUB_03421,Pro,199,2023-03-14,,Active,30,3,226,2.0,49.5,2.0,0,Healthy (16+ logins),293.0
CUST_03422,E-commerce,SMB,2022-02-01,SUB_03422,Pro,199,2022-02-01,,Active,18,9,455,2.0,46.0,1.5,0,Healthy (16+ logins),699.0
CUST_03423,Logistics,SMB,2022-07-05,SUB_03423,Enterprise,999,2022-07-05,,Active,49,11,12814,2.0,40.5,3.0,0,Healthy (16+ logins),545.0
CUST_03424,Healthcare,Mid-Market,2022-06-23,SUB_03424,Starter,49,2022-06-23,2022-09-08,Churned,0,1,664,3.0,32.666666666666664,4.666666666666667,1,High Risk (≤5 logins),77.0
CUST_03425,E-commerce,SMB,2023-07-20,SUB_03425,Starter,49,2023-07-20,,Active,5,11,820,3.0,32.666666666666664,4.333333333333333,0,High Risk (≤5 logins),165.0
CUST_03426,FinTech,SMB,2023-11-04,SUB_03426,Starter,49,2023-11-04,,Active,49,3,304,0.0,0.0,5.0,0,Healthy (16+ logins),58.0
CUST_03427,Healthcare,SMB,2022-09-07,SUB_03427,Pro,199,2022-09-07,,Active,34,5,504,5.0,43.4,4.0,0,Healthy (16+ logins),481.0
CUST_03428,Logistics,SMB,2022-10-06,SUB_03428,Pro,199,2022-10-06,,Active,14,12,327,3.0,44.333333333333336,3.0,0,Medium Risk (6-15 logins),452.0
CUST_03429,Logistics,SMB,2023-11-14,SUB_03429,Starter,49,2023-11-14,,Active,14,7,660,5.0,45.6,4.0,0,Medium Risk (6-15 logins),48.0
CUST_03430,FinTech,Mid-Market,2023-11-26,SUB_03430,Starter,49,2023-11-26,,Active,32,1,818,1.0,14.0,3.0,0,Healthy (16+ logins),36.0
CUST_03431,FinTech,SMB,2022-01-02,SUB_03431,Pro,199,2022-01-02,2022-08-08,Churned,4,0,941,1.0,15.0,3.0,1,High Risk (≤5 logins),218.0
CUST_03432,Healthcare,Mid-Market,2022-07-13,SUB_03432,Pro,199,2022-07-13,2023-06-11,Churned,3,0,520,2.0,45.0,5.0,1,High Risk (≤5 logins),333.0
CUST_03433,EdTech,SMB,2022-06-15,SUB_03433,Pro,199,2022-06-15,,Active,16,10,319,2.0,37.0,4.5,0,Healthy (16+ logins),565.0
CUST_03434,FinTech,SMB,2022-04-20,SUB_03434,Starter,49,2022-04-20,2022-07-05,Churned,0,1,735,2.0,37.0,3.5,1,High Risk (≤5 logins),76.0
CUST_03435,EdTech,SMB,2023-01-15,SUB_03435,Enterprise,999,2023-01-15,,Active,41,2,37669,0.0,0.0,5.0,0,Healthy (16+ logins),351.0
CUST_03436,E-commerce,SMB,2023-08-06,SUB_03436,Starter,49,2023-08-06,2024-03-06,Churned,1,0,460,0.0,0.0,5.0,1,High Risk (≤5 logins),213.0
CUST_03437,Logistics,SMB,2023-11-07,SUB_03437,Pro,199,2023-11-07,2024-03-20,Churned,4,0,534,1.0,20.0,5.0,1,High Risk (≤5 logins),134.0
CUST_03438,EdTech,SMB,2022-10-12,SUB_03438,Enterprise,999,2022-10-12,,Active,31,14,8670,3.0,35.666666666666664,4.333333333333333,0,Healthy (16+ logins),446.0
CUST_03439,Logistics,Mid-Market,2023-02-25,SUB_03439,Enterprise,999,2023-02-25,,Active,46,14,49984,4.0,48.0,3.25,0,Healthy (16+ logins),310.0
CUST_03440,EdTech,Mid-Market,2022-04-23,SUB_03440,Starter,49,2022-04-23,,Active,16,10,903,4.0,53.25,2.25,0,Healthy (16+ logins),618.0
CUST_03441,E-commerce,SMB,2022-08-16,SUB_03441,Starter,49,2022-08-16,2023-05-19,Churned,3,0,703,5.0,41.8,4.6,1,High Risk (≤5 logins),276.0
CUST_03442,FinTech,SMB,2023-04-16,SUB_03442,Starter,49,2023-04-16,,Active,8,10,226,3.0,26.666666666666668,4.0,0,Medium Risk (6-15 logins),260.0
CUST_03443,E-commerce,SMB,2023-06-12,SUB_03443,Starter,49,2023-06-12,2024-03-31,Churned,4,0,565,2.0,43.5,3.0,1,High Risk (≤5 logins),293.0
CUST_03444,FinTech,SMB,2023-05-11,SUB_03444,Pro,199,2023-05-11,,Active,40,12,603,1.0,13.0,1.0,0,Healthy (16+ logins),235.0
CUST_03445,FinTech,SMB,2022-01-31,SUB_03445,Enterprise,999,2022-01-31,,Active,49,3,3473,4.0,34.5,3.5,0,Healthy (16+ logins),700.0
CUST_03446,Logistics,Mid-Market,2022-06-11,SUB_03446,Starter,49,2022-06-11,,Active,18,1,819,2.0,53.0,4.0,0,Healthy (16+ logins),569.0
CUST_03447,E-commerce,SMB,2023-01-13,SUB_03447,Starter,49,2023-01-13,2023-09-05,Churned,0,0,988,1.0,22.0,1.0,1,High Risk (≤5 logins),235.0
CUST_03448,EdTech,SMB,2023-03-22,SUB_03448,Starter,49,2023-03-22,,Active,49,1,690,1.0,55.0,3.0,0,Healthy (16+ logins),285.0
CUST_03449,E-commerce,SMB,2023-03-03,SUB_03449,Pro,199,2023-03-03,,Active,24,3,515,3.0,37.666666666666664,4.666666666666667,0,Healthy (16+ logins),304.0
CUST_03450,Logistics,SMB,2023-11-27,SUB_03450,Enterprise,999,2023-11-27,,Active,49,4,32421,3.0,39.333333333333336,2.6666666666666665,0,Healthy (16+ logins),35.0
CUST_03451,FinTech,Mid-Market,2023-05-19,SUB_03451,Starter,49,2023-05-19,,Active,27,11,100,4.0,51.0,3.25,0,Healthy (16+ logins),227.0
CUST_03452,Logistics,SMB,2023-06-11,SUB_03452,Starter,49,2023-06-11,2023-07-28,Churned,1,1,407,2.0,61.5,3.5,1,High Risk (≤5 logins),47.0
CUST_03453,Healthcare,SMB,2023-11-15,SUB_03453,Pro,199,2023-11-15,,Active,38,11,404,1.0,15.0,4.0,0,Healthy (16+ logins),47.0
CUST_03454,Healthcare,Mid-Market,2023-06-16,SUB_03454,Pro,199,2023-06-16,,Active,25,14,129,2.0,61.5,5.0,0,Healthy (16+ logins),199.0
CUST_03455,EdTech,SMB,2023-08-05,SUB_03455,Starter,49,2023-08-05,2024-05-11,Churned,4,1,518,1.0,31.0,5.0,1,High Risk (≤5 logins),280.0
CUST_03456,Logistics,Mid-Market,2023-06-04,SUB_03456,Pro,199,2023-06-04,,Active,14,8,695,3.0,37.666666666666664,3.6666666666666665,0,Medium Risk (6-15 logins),211.0
CUST_03457,EdTech,SMB,2022-02-03,SUB_03457,Enterprise,999,2022-02-03,2022-10-28,Churned,2,1,21735,0.0,0.0,5.0,1,High Risk (≤5 logins),267.0
CUST_03458,EdTech,SMB,2023-11-22,SUB_03458,Pro,199,2023-11-22,2024-11-06,Churned,1,0,843,3.0,58.0,3.6666666666666665,1,High Risk (≤5 logins),350.0
CUST_03459,Healthcare,Mid-Market,2023-05-05,SUB_03459,Pro,199,2023-05-05,,Active,34,13,963,0.0,0.0,5.0,0,Healthy (16+ logins),241.0
CUST_03460,EdTech,SMB,2023-09-12,SUB_03460,Starter,49,2023-09-12,2024-08-08,Churned,4,0,34,1.0,19.0,2.0,1,High Risk (≤5 logins),331.0
CUST_03461,Healthcare,SMB,2023-02-27,SUB_03461,Pro,199,2023-02-27,,Active,6,11,743,0.0,0.0,5.0,0,Medium Risk (6-15 logins),308.0
CUST_03462,FinTech,SMB,2023-04-13,SUB_03462,Starter,49,2023-04-13,,Active,36,9,153,2.0,27.5,2.5,0,Healthy (16+ logins),263.0
CUST_03463,Logistics,SMB,2022-01-24,SUB_03463,Starter,49,2022-01-24,,Active,49,6,401,1.0,16.0,4.0,0,Healthy (16+ logins),707.0
CUST_03464,EdTech,Mid-Market,2022-08-04,SUB_03464,Starter,49,2022-08-04,,Active,21,10,63,3.0,23.666666666666668,3.6666666666666665,0,Healthy (16+ logins),515.0
CUST_03465,Healthcare,Mid-Market,2022-02-24,SUB_03465,Starter,49,2022-02-24,2022-05-30,Churned,0,1,758,3.0,35.666666666666664,2.6666666666666665,1,High Risk (≤5 logins),95.0
CUST_03466,E-commerce,Enterprise,2022-01-26,SUB_03466,Starter,49,2022-01-26,,Active,49,10,889,4.0,42.5,4.0,0,Healthy (16+ logins),705.0
CUST_03467,EdTech,Mid-Market,2022-10-08,SUB_03467,Pro,199,2022-10-08,,Active,21,5,567,2.0,17.5,2.0,0,Healthy (16+ logins),450.0
CUST_03468,FinTech,SMB,2022-11-23,SUB_03468,Pro,199,2022-11-23,,Active,18,13,228,5.0,36.8,3.4,0,Healthy (16+ logins),404.0
CUST_03469,FinTech,SMB,2022-07-05,SUB_03469,Pro,199,2022-07-05,2022-12-31,Churned,2,1,975,1.0,69.0,5.0,1,High Risk (≤5 logins),179.0
CUST_03470,E-commerce,SMB,2023-05-10,SUB_03470,Starter,49,2023-05-10,,Active,38,1,822,2.0,35.5,3.0,0,Healthy (16+ logins),236.0
CUST_03471,Healthcare,SMB,2022-01-12,SUB_03471,Starter,49,2022-01-12,,Active,18,7,907,2.0,33.0,4.5,0,Healthy (16+ logins),719.0
CUST_03472,EdTech,SMB,2023-10-03,SUB_03472,Pro,199,2023-10-03,,Active,21,11,252,2.0,48.5,4.5,0,Healthy (16+ logins),90.0
CUST_03473,Healthcare,Enterprise,2023-03-10,SUB_03473,Starter,49,2023-03-10,,Active,41,7,487,2.0,52.5,3.5,0,Healthy (16+ logins),297.0
CUST_03474,FinTech,SMB,2022-07-27,SUB_03474,Enterprise,999,2022-07-27,,Active,26,10,47659,6.0,46.666666666666664,3.1666666666666665,0,Healthy (16+ logins),523.0
CUST_03475,Healthcare,SMB,2022-05-13,SUB_03475,Starter,49,2022-05-13,2022-12-21,Churned,0,0,563,2.0,63.5,3.0,1,High Risk (≤5 logins),222.0
CUST_03476,FinTech,SMB,2022-12-05,SUB_03476,Pro,199,2022-12-05,,Active,39,14,914,4.0,33.75,4.0,0,Healthy (16+ logins),392.0
CUST_03477,Healthcare,Mid-Market,2022-07-15,SUB_03477,Starter,49,2022-07-15,2023-01-07,Churned,1,0,14,3.0,54.666666666666664,3.3333333333333335,1,High Risk (≤5 logins),176.0
CUST_03478,E-commerce,Mid-Market,2022-09-19,SUB_03478,Pro,199,2022-09-19,,Active,34,14,894,1.0,22.0,4.0,0,Healthy (16+ logins),469.0
CUST_03479,Logistics,Mid-Market,2022-10-09,SUB_03479,Pro,199,2022-10-09,,Active,41,9,853,2.0,44.5,1.0,0,Healthy (16+ logins),449.0
CUST_03480,E-commerce,SMB,2023-01-04,SUB_03480,Enterprise,999,2023-01-04,,Active,44,7,25466,1.0,23.0,2.0,0,Healthy (16+ logins),362.0
CUST_03481,E-commerce,Mid-Market,2022-04-13,SUB_03481,Enterprise,999,2022-04-13,2022-11-11,Churned,2,0,19932,3.0,46.666666666666664,3.3333333333333335,1,High Risk (≤5 logins),212.0
CUST_03482,Logistics,SMB,2023-09-24,SUB_03482,Starter,49,2023-09-24,2024-02-06,Churned,4,1,179,2.0,44.5,3.5,1,High Risk (≤5 logins),135.0
CUST_03483,Logistics,Mid-Market,2022-07-02,SUB_03483,Pro,199,2022-07-02,,Active,39,12,588,3.0,35.666666666666664,2.6666666666666665,0,Healthy (16+ logins),548.0
CUST_03484,EdTech,SMB,2023-02-27,SUB_03484,Starter,49,2023-02-27,2023-11-19,Churned,1,0,214,2.0,40.0,5.0,1,High Risk (≤5 logins),265.0
CUST_03485,EdTech,SMB,2022-01-09,SUB_03485,Pro,199,2022-01-09,,Active,45,3,734,0.0,0.0,5.0,0,Healthy (16+ logins),722.0
CUST_03486,E-commerce,SMB,2023-07-11,SUB_03486,Starter,49,2023-07-11,,Active,31,2,153,4.0,43.75,5.0,0,Healthy (16+ logins),174.0
CUST_03487,E-commerce,Mid-Market,2022-09-01,SUB_03487,Pro,199,2022-09-01,,Active,34,9,44,3.0,56.333333333333336,5.0,0,Healthy (16+ logins),487.0
CUST_03488,FinTech,SMB,2023-09-16,SUB_03488,Enterprise,999,2023-09-16,2024-02-18,Churned,3,1,36031,1.0,37.0,1.0,1,High Risk (≤5 logins),155.0
CUST_03489,FinTech,Mid-Market,2023-07-21,SUB_03489,Starter,49,2023-07-21,,Active,28,7,20,4.0,30.25,4.5,0,Healthy (16+ logins),164.0
CUST_03490,EdTech,SMB,2023-01-28,SUB_03490,Starter,49,2023-01-28,,Active,18,1,592,2.0,58.0,5.0,0,Healthy (16+ logins),338.0
CUST_03491,EdTech,SMB,2023-06-11,SUB_03491,Starter,49,2023-06-11,,Active,27,9,988,2.0,41.0,4.0,0,Healthy (16+ logins),204.0
CUST_03492,FinTech,SMB,2022-02-06,SUB_03492,Pro,199,2022-02-06,,Active,13,12,564,2.0,41.5,4.5,0,Medium Risk (6-15 logins),694.0
CUST_03493,FinTech,SMB,2022-06-27,SUB_03493,Starter,49,2022-06-27,,Active,46,9,668,1.0,33.0,5.0,0,Healthy (16+ logins),553.0
CUST_03494,Healthcare,SMB,2023-10-01,SUB_03494,Enterprise,999,2023-10-01,,Active,22,10,28245,2.0,22.0,3.5,0,Healthy (16+ logins),92.0
CUST_03495,Healthcare,SMB,2023-09-21,SUB_03495,Pro,199,2023-09-21,,Active,43,6,981,3.0,37.666666666666664,3.3333333333333335,0,Healthy (16+ logins),102.0
CUST_03496,FinTech,Mid-Market,2022-03-13,SUB_03496,Pro,199,2022-03-13,2022-10-07,Churned,3,0,368,0.0,0.0,5.0,1,High Risk (≤5 logins),208.0
CUST_03497,Healthcare,SMB,2022-12-18,SUB_03497,Pro,199,2022-12-18,,Active,9,14,658,0.0,0.0,5.0,0,Medium Risk (6-15 logins),379.0
CUST_03498,Logistics,Enterprise,2023-09-15,SUB_03498,Starter,49,2023-09-15,,Active,22,6,693,2.0,53.5,4.5,0,Healthy (16+ logins),108.0
CUST_03499,EdTech,SMB,2022-05-29,SUB_03499,Enterprise,999,2022-05-29,,Active,37,5,36582,2.0,46.5,4.5,0,Healthy (16+ logins),582.0
CUST_03500,EdTech,Mid-Market,2023-11-28,SUB_03500,Pro,199,2023-11-28,,Active,48,11,894,5.0,37.6,3.2,0,Healthy (16+ logins),34.0
CUST_03501,FinTech,SMB,2022-04-15,SUB_03501,Enterprise,999,2022-04-15,2022-05-27,Churned,0,1,34116,1.0,43.0,3.0,1,High Risk (≤5 logins),42.0
CUST_03502,E-commerce,SMB,2023-10-21,SUB_03502,Pro,199,2023-10-21,,Active,17,4,358,0.0,0.0,5.0,0,Healthy (16+ logins),72.0
CUST_03503,FinTech,SMB,2022-08-09,SUB_03503,Pro,199,2022-08-09,2023-04-26,Churned,2,1,854,1.0,63.0,1.0,1,High Risk (≤5 logins),260.0
CUST_03504,Healthcare,SMB,2023-01-09,SUB_03504,Starter,49,2023-01-09,2023-03-07,Churned,3,1,616,1.0,20.0,2.0,1,High Risk (≤5 logins),57.0
CUST_03505,E-commerce,Mid-Market,2023-06-02,SUB_03505,Pro,199,2023-06-02,,Active,5,5,513,4.0,43.25,4.0,0,High Risk (≤5 logins),213.0
CUST_03506,Healthcare,SMB,2022-09-17,SUB_03506,Pro,199,2022-09-17,,Active,16,13,626,0.0,0.0,5.0,0,Healthy (16+ logins),471.0
CUST_03507,Logistics,SMB,2022-10-26,SUB_03507,Pro,199,2022-10-26,,Active,28,4,502,4.0,38.0,3.5,0,Healthy (16+ logins),432.0
CUST_03508,Healthcare,Mid-Market,2022-02-11,SUB_03508,Pro,199,2022-02-11,,Active,5,8,31,2.0,29.0,3.0,0,High Risk (≤5 logins),689.0
CUST_03509,Logistics,SMB,2023-05-07,SUB_03509,Starter,49,2023-05-07,2024-04-23,Churned,1,0,357,2.0,64.0,3.5,1,High Risk (≤5 logins),352.0
CUST_03510,Logistics,Mid-Market,2023-03-15,SUB_03510,Enterprise,999,2023-03-15,,Active,11,8,14961,0.0,0.0,5.0,0,Medium Risk (6-15 logins),292.0
CUST_03511,Healthcare,SMB,2022-02-16,SUB_03511,Enterprise,999,2022-02-16,,Active,32,14,30456,4.0,39.0,3.25,0,Healthy (16+ logins),684.0
CUST_03512,Healthcare,Mid-Market,2022-03-26,SUB_03512,Starter,49,2022-03-26,,Active,41,8,377,4.0,36.25,3.5,0,Healthy (16+ logins),646.0
CUST_03513,Logistics,SMB,2023-11-17,SUB_03513,Enterprise,999,2023-11-17,2024-09-02,Churned,2,1,40117,4.0,47.0,3.75,1,High Risk (≤5 logins),290.0
CUST_03514,E-commerce,SMB,2022-02-27,SUB_03514,Starter,49,2022-02-27,2022-07-06,Churned,4,0,495,1.0,23.0,5.0,1,High Risk (≤5 logins),129.0
CUST_03515,Logistics,SMB,2022-07-28,SUB_03515,Pro,199,2022-07-28,,Active,36,13,609,0.0,0.0,5.0,0,Healthy (16+ logins),522.0
CUST_03516,EdTech,Enterprise,2022-09-05,SUB_03516,Starter,49,2022-09-05,,Active,35,9,451,1.0,64.0,4.0,0,Healthy (16+ logins),483.0
CUST_03517,Logistics,SMB,2022-07-30,SUB_03517,Enterprise,999,2022-07-30,,Active,48,6,2709,7.0,39.142857142857146,3.857142857142857,0,Healthy (16+ logins),520.0
CUST_03518,E-commerce,SMB,2022-02-08,SUB_03518,Starter,49,2022-02-08,,Active,19,1,83,4.0,43.75,3.75,0,Healthy (16+ logins),692.0
CUST_03519,EdTech,Mid-Market,2022-09-09,SUB_03519,Starter,49,2022-09-09,,Active,7,7,405,4.0,22.25,3.5,0,Medium Risk (6-15 logins),479.0
CUST_03520,FinTech,Enterprise,2023-10-05,SUB_03520,Starter,49,2023-10-05,,Active,19,7,668,2.0,52.5,5.0,0,Healthy (16+ logins),88.0
CUST_03521,FinTech,Mid-Market,2023-02-17,SUB_03521,Starter,49,2023-02-17,,Active,47,9,106,4.0,45.25,3.75,0,Healthy (16+ logins),318.0
CUST_03522,E-commerce,Enterprise,2023-03-22,SUB_03522,Pro,199,2023-03-22,,Active,22,1,488,0.0,0.0,5.0,0,Healthy (16+ logins),285.0
CUST_03523,Logistics,SMB,2022-02-21,SUB_03523,Starter,49,2022-02-21,2022-09-26,Churned,0,1,356,6.0,49.5,4.0,1,High Risk (≤5 logins),217.0
CUST_03524,Healthcare,SMB,2023-01-09,SUB_03524,Pro,199,2023-01-09,2023-12-04,Churned,4,0,130,3.0,31.666666666666668,3.6666666666666665,1,High Risk (≤5 logins),329.0
CUST_03525,E-commerce,Mid-Market,2023-06-10,SUB_03525,Enterprise,999,2023-06-10,2023-11-05,Churned,3,0,37604,3.0,49.333333333333336,3.3333333333333335,1,High Risk (≤5 logins),148.0
CUST_03526,EdTech,Mid-Market,2022-06-05,SUB_03526,Pro,199,2022-06-05,2022-08-19,Churned,1,1,595,2.0,39.0,3.0,1,High Risk (≤5 logins),75.0
CUST_03527,EdTech,SMB,2023-06-26,SUB_03527,Pro,199,2023-06-26,,Active,45,13,600,2.0,43.0,2.5,0,Healthy (16+ logins),189.0
CUST_03528,FinTech,SMB,2022-03-31,SUB_03528,Starter,49,2022-03-31,2022-07-06,Churned,3,1,225,4.0,38.25,4.5,1,High Risk (≤5 logins),97.0
CUST_03529,EdTech,Mid-Market,2023-11-10,SUB_03529,Starter,49,2023-11-10,2024-10-09,Churned,0,0,105,1.0,63.0,5.0,1,High Risk (≤5 logins),334.0
CUST_03530,E-commerce,SMB,2022-12-17,SUB_03530,Pro,199,2022-12-17,2023-07-05,Churned,3,0,948,2.0,46.5,5.0,1,High Risk (≤5 logins),200.0
CUST_03531,EdTech,SMB,2022-03-10,SUB_03531,Starter,49,2022-03-10,,Active,15,12,860,2.0,30.5,4.0,0,Medium Risk (6-15 logins),662.0
CUST_03532,E-commerce,SMB,2022-06-12,SUB_03532,Enterprise,999,2022-06-12,2023-01-23,Churned,3,1,30210,4.0,47.0,2.5,1,High Risk (≤5 logins),225.0
CUST_03533,Healthcare,SMB,2022-08-30,SUB_03533,Starter,49,2022-08-30,,Active,39,1,393,5.0,46.6,3.0,0,Healthy (16+ logins),489.0
CUST_03534,FinTech,Mid-Market,2023-05-10,SUB_03534,Enterprise,999,2023-05-10,,Active,25,11,12516,2.0,22.5,4.5,0,Healthy (16+ logins),236.0
CUST_03535,EdTech,SMB,2023-01-18,SUB_03535,Starter,49,2023-01-18,,Active,45,10,100,2.0,49.0,3.5,0,Healthy (16+ logins),348.0
CUST_03536,E-commerce,Mid-Market,2022-02-21,SUB_03536,Pro,199,2022-02-21,,Active,15,11,807,2.0,56.0,3.0,0,Medium Risk (6-15 logins),679.0
CUST_03537,Logistics,SMB,2023-10-16,SUB_03537,Starter,49,2023-10-16,,Active,35,8,881,1.0,39.0,3.0,0,Healthy (16+ logins),77.0
CUST_03538,FinTech,SMB,2022-03-04,SUB_03538,Starter,49,2022-03-04,,Active,5,12,147,1.0,64.0,4.0,0,High Risk (≤5 logins),668.0
CUST_03539,Healthcare,Mid-Market,2023-05-24,SUB_03539,Pro,199,2023-05-24,,Active,45,5,892,3.0,43.666666666666664,3.3333333333333335,0,Healthy (16+ logins),222.0
CUST_03540,E-commerce,SMB,2022-10-19,SUB_03540,Starter,49,2022-10-19,2023-10-16,Churned,0,1,229,2.0,69.0,3.5,1,High Risk (≤5 logins),362.0
CUST_03541,Healthcare,SMB,2022-04-01,SUB_03541,Pro,199,2022-04-01,2022-05-20,Churned,1,1,86,0.0,0.0,5.0,1,High Risk (≤5 logins),49.0
CUST_03542,Healthcare,SMB,2023-10-26,SUB_03542,Pro,199,2023-10-26,,Active,36,5,522,3.0,24.0,3.0,0,Healthy (16+ logins),67.0
CUST_03543,EdTech,SMB,2023-02-28,SUB_03543,Starter,49,2023-02-28,2023-07-18,Churned,0,0,647,3.0,35.333333333333336,4.0,1,High Risk (≤5 logins),140.0
CUST_03544,EdTech,SMB,2023-10-31,SUB_03544,Enterprise,999,2023-10-31,,Active,9,13,18451,5.0,39.0,2.6,0,Medium Risk (6-15 logins),62.0
CUST_03545,E-commerce,Mid-Market,2022-12-31,SUB_03545,Starter,49,2022-12-31,,Active,47,10,803,2.0,35.5,2.5,0,Healthy (16+ logins),366.0
CUST_03546,Logistics,Mid-Market,2022-05-30,SUB_03546,Pro,199,2022-05-30,,Active,41,3,152,3.0,38.666666666666664,3.0,0,Healthy (16+ logins),581.0
CUST_03547,E-commerce,Mid-Market,2022-09-28,SUB_03547,Pro,199,2022-09-28,2023-03-22,Churned,3,1,422,2.0,29.5,2.0,1,High Risk (≤5 logins),175.0
CUST_03548,Logistics,SMB,2023-08-04,SUB_03548,Pro,199,2023-08-04,,Active,18,4,353,0.0,0.0,5.0,0,Healthy (16+ logins),150.0
CUST_03549,Healthcare,SMB,2022-04-26,SUB_03549,Starter,49,2022-04-26,,Active,48,8,878,1.0,45.0,2.0,0,Healthy (16+ logins),615.0
CUST_03550,FinTech,SMB,2023-05-31,SUB_03550,Starter,49,2023-05-31,,Active,13,5,607,6.0,39.166666666666664,3.8333333333333335,0,Medium Risk (6-15 logins),215.0
CUST_03551,E-commerce,SMB,2023-08-10,SUB_03551,Pro,199,2023-08-10,,Active,11,6,573,4.0,46.25,2.25,0,Medium Risk (6-15 logins),144.0
CUST_03552,E-commerce,SMB,2022-08-29,SUB_03552,Starter,49,2022-08-29,2023-04-07,Churned,1,1,872,3.0,28.666666666666668,3.6666666666666665,1,High Risk (≤5 logins),221.0
CUST_03553,Logistics,SMB,2022-01-30,SUB_03553,Starter,49,2022-01-30,2022-10-15,Churned,4,1,982,1.0,27.0,5.0,1,High Risk (≤5 logins),258.0
CUST_03554,Healthcare,Enterprise,2022-05-23,SUB_03554,Pro,199,2022-05-23,,Active,11,9,916,1.0,50.0,3.0,0,Medium Risk (6-15 logins),588.0
CUST_03555,Healthcare,SMB,2022-11-22,SUB_03555,Pro,199,2022-11-22,,Active,18,8,914,1.0,40.0,5.0,0,Healthy (16+ logins),405.0
CUST_03556,Logistics,SMB,2023-11-26,SUB_03556,Starter,49,2023-11-26,,Active,36,8,408,3.0,45.333333333333336,2.3333333333333335,0,Healthy (16+ logins),36.0
CUST_03557,Healthcare,Mid-Market,2022-01-16,SUB_03557,Starter,49,2022-01-16,,Active,12,10,86,1.0,15.0,4.0,0,Medium Risk (6-15 logins),715.0
CUST_03558,EdTech,SMB,2022-04-21,SUB_03558,Starter,49,2022-04-21,,Active,31,5,210,0.0,0.0,5.0,0,Healthy (16+ logins),620.0
CUST_03559,FinTech,Mid-Market,2022-04-17,SUB_03559,Starter,49,2022-04-17,,Active,7,5,900,3.0,50.666666666666664,4.333333333333333,0,Medium Risk (6-15 logins),624.0
CUST_03560,E-commerce,Mid-Market,2023-01-14,SUB_03560,Starter,49,2023-01-14,,Active,31,3,382,0.0,0.0,5.0,0,Healthy (16+ logins),352.0
CUST_03561,FinTech,Enterprise,2022-06-11,SUB_03561,Starter,49,2022-06-11,,Active,34,13,594,1.0,71.0,1.0,0,Healthy (16+ logins),569.0
CUST_03562,E-commerce,SMB,2022-10-10,SUB_03562,Enterprise,999,2022-10-10,,Active,38,11,48744,0.0,0.0,5.0,0,Healthy (16+ logins),448.0
CUST_03563,EdTech,Mid-Market,2022-09-26,SUB_03563,Pro,199,2022-09-26,,Active,30,2,523,2.0,33.0,3.5,0,Healthy (16+ logins),462.0
CUST_03564,Healthcare,SMB,2023-04-29,SUB_03564,Starter,49,2023-04-29,,Active,41,9,870,1.0,38.0,5.0,0,Healthy (16+ logins),247.0
CUST_03565,Logistics,Mid-Market,2023-10-29,SUB_03565,Starter,49,2023-10-29,,Active,44,6,152,3.0,59.666666666666664,3.3333333333333335,0,Healthy (16+ logins),64.0
CUST_03566,EdTech,SMB,2022-03-14,SUB_03566,Pro,199,2022-03-14,2022-04-24,Churned,2,1,4,3.0,31.333333333333332,3.0,1,High Risk (≤5 logins),41.0
CUST_03567,FinTech,SMB,2022-07-16,SUB_03567,Starter,49,2022-07-16,,Active,36,4,75,0.0,0.0,5.0,0,Healthy (16+ logins),534.0
CUST_03568,Logistics,SMB,2022-08-31,SUB_03568,Pro,199,2022-08-31,,Active,45,5,410,5.0,38.2,3.0,0,Healthy (16+ logins),488.0
CUST_03569,Healthcare,SMB,2023-08-21,SUB_03569,Enterprise,999,2023-08-21,2024-04-23,Churned,2,0,11846,3.0,39.666666666666664,3.6666666666666665,1,High Risk (≤5 logins),246.0
CUST_03570,EdTech,Mid-Market,2022-09-16,SUB_03570,Pro,199,2022-09-16,2023-01-02,Churned,0,0,371,1.0,53.0,4.0,1,High Risk (≤5 logins),108.0
CUST_03571,Logistics,Mid-Market,2022-05-29,SUB_03571,Starter,49,2022-05-29,,Active,46,11,82,3.0,19.0,4.333333333333333,0,Healthy (16+ logins),582.0
CUST_03572,EdTech,Mid-Market,2023-01-25,SUB_03572,Pro,199,2023-01-25,,Active,11,10,940,5.0,44.4,4.0,0,Medium Risk (6-15 logins),341.0
CUST_03573,EdTech,SMB,2023-02-20,SUB_03573,Enterprise,999,2023-02-20,,Active,23,4,39310,2.0,31.5,4.5,0,Healthy (16+ logins),315.0
CUST_03574,Healthcare,Mid-Market,2023-03-02,SUB_03574,Pro,199,2023-03-02,,Active,37,11,471,2.0,48.5,3.5,0,Healthy (16+ logins),305.0
CUST_03575,E-commerce,SMB,2022-08-05,SUB_03575,Pro,199,2022-08-05,2022-10-09,Churned,0,0,361,3.0,37.666666666666664,2.6666666666666665,1,High Risk (≤5 logins),65.0
CUST_03576,Logistics,Mid-Market,2022-03-27,SUB_03576,Starter,49,2022-03-27,,Active,7,14,411,3.0,61.0,3.0,0,Medium Risk (6-15 logins),645.0
CUST_03577,Healthcare,Enterprise,2022-08-04,SUB_03577,Starter,49,2022-08-04,,Active,32,6,992,3.0,58.333333333333336,3.6666666666666665,0,Healthy (16+ logins),515.0
CUST_03578,EdTech,SMB,2023-02-27,SUB_03578,Pro,199,2023-02-27,,Active,18,4,34,4.0,32.75,2.0,0,Healthy (16+ logins),308.0
CUST_03579,Healthcare,Mid-Market,2022-11-16,SUB_03579,Enterprise,999,2022-11-16,,Active,19,14,11316,1.0,34.0,5.0,0,Healthy (16+ logins),411.0
CUST_03580,E-commerce,SMB,2022-04-28,SUB_03580,Pro,199,2022-04-28,,Active,25,11,655,2.0,63.5,1.5,0,Healthy (16+ logins),613.0
CUST_03581,Logistics,SMB,2023-02-19,SUB_03581,Pro,199,2023-02-19,2023-12-09,Churned,0,0,907,0.0,0.0,5.0,1,High Risk (≤5 logins),293.0
CUST_03582,E-commerce,SMB,2023-08-22,SUB_03582,Starter,49,2023-08-22,,Active,44,10,79,3.0,43.0,4.0,0,Healthy (16+ logins),132.0
CUST_03583,FinTech,SMB,2022-02-09,SUB_03583,Starter,49,2022-02-09,,Active,22,3,74,3.0,42.666666666666664,2.3333333333333335,0,Healthy (16+ logins),691.0
CUST_03584,Logistics,Mid-Market,2022-06-10,SUB_03584,Pro,199,2022-06-10,,Active,43,8,810,3.0,33.0,3.0,0,Healthy (16+ logins),570.0
CUST_03585,E-commerce,SMB,2023-06-21,SUB_03585,Starter,49,2023-06-21,,Active,24,6,283,1.0,21.0,5.0,0,Healthy (16+ logins),194.0
CUST_03586,EdTech,SMB,2023-02-24,SUB_03586,Pro,199,2023-02-24,,Active,5,9,726,3.0,47.666666666666664,4.333333333333333,0,High Risk (≤5 logins),311.0
CUST_03587,Logistics,SMB,2023-10-26,SUB_03587,Starter,49,2023-10-26,,Active,13,5,757,0.0,0.0,5.0,0,Medium Risk (6-15 logins),67.0
CUST_03588,Logistics,Mid-Market,2022-04-05,SUB_03588,Pro,199,2022-04-05,,Active,13,6,237,4.0,23.0,4.0,0,Medium Risk (6-15 logins),636.0
CUST_03589,Healthcare,Enterprise,2023-03-18,SUB_03589,Pro,199,2023-03-18,,Active,47,9,336,0.0,0.0,5.0,0,Healthy (16+ logins),289.0
CUST_03590,EdTech,Mid-Market,2023-07-12,SUB_03590,Starter,49,2023-07-12,2023-09-07,Churned,2,1,530,4.0,29.25,3.5,1,High Risk (≤5 logins),57.0
CUST_03591,FinTech,Mid-Market,2023-10-12,SUB_03591,Starter,49,2023-10-12,,Active,43,10,970,3.0,27.333333333333332,3.6666666666666665,0,Healthy (16+ logins),81.0
CUST_03592,E-commerce,SMB,2023-04-11,SUB_03592,Pro,199,2023-04-11,2023-08-04,Churned,2,1,963,1.0,64.0,5.0,1,High Risk (≤5 logins),115.0
CUST_03593,Healthcare,SMB,2022-10-15,SUB_03593,Enterprise,999,2022-10-15,2023-05-20,Churned,2,0,8593,3.0,28.0,4.0,1,High Risk (≤5 logins),217.0
CUST_03594,E-commerce,SMB,2023-11-07,SUB_03594,Pro,199,2023-11-07,,Active,24,10,890,2.0,50.0,2.5,0,Healthy (16+ logins),55.0
CUST_03595,FinTech,SMB,2023-02-16,SUB_03595,Starter,49,2023-02-16,,Active,42,12,566,4.0,44.0,4.0,0,Healthy (16+ logins),319.0
CUST_03596,FinTech,Mid-Market,2023-02-04,SUB_03596,Starter,49,2023-02-04,,Active,45,10,82,3.0,50.0,4.0,0,Healthy (16+ logins),331.0
CUST_03597,Logistics,SMB,2023-06-12,SUB_03597,Starter,49,2023-06-12,2024-05-11,Churned,0,1,675,1.0,66.0,4.0,1,High Risk (≤5 logins),334.0
CUST_03598,FinTech,Mid-Market,2022-01-18,SUB_03598,Starter,49,2022-01-18,,Active,30,11,317,2.0,45.5,3.0,0,Healthy (16+ logins),713.0
CUST_03599,E-commerce,SMB,2022-05-16,SUB_03599,Pro,199,2022-05-16,,Active,10,6,874,2.0,39.0,3.5,0,Medium Risk (6-15 logins),595.0
CUST_03600,EdTech,SMB,2023-04-09,SUB_03600,Pro,199,2023-04-09,,Active,43,6,678,2.0,43.5,1.5,0,Healthy (16+ logins),267.0
CUST_03601,EdTech,SMB,2022-09-05,SUB_03601,Starter,49,2022-09-05,2023-06-15,Churned,1,0,627,1.0,43.0,4.0,1,High Risk (≤5 logins),283.0
CUST_03602,Logistics,Mid-Market,2022-01-01,SUB_03602,Starter,49,2022-01-01,,Active,10,14,296,7.0,53.285714285714285,3.4285714285714284,0,Medium Risk (6-15 logins),730.0
CUST_03603,E-commerce,Mid-Market,2023-01-16,SUB_03603,Starter,49,2023-01-16,,Active,32,4,699,2.0,59.5,4.5,0,Healthy (16+ logins),350.0
CUST_03604,E-commerce,Mid-Market,2023-05-24,SUB_03604,Enterprise,999,2023-05-24,,Active,13,10,13215,5.0,36.6,3.6,0,Medium Risk (6-15 logins),222.0
CUST_03605,FinTech,SMB,2023-04-05,SUB_03605,Pro,199,2023-04-05,,Active,31,6,341,0.0,0.0,5.0,0,Healthy (16+ logins),271.0
CUST_03606,E-commerce,Enterprise,2023-05-20,SUB_03606,Pro,199,2023-05-20,,Active,39,12,833,2.0,13.0,2.5,0,Healthy (16+ logins),226.0
CUST_03607,Healthcare,SMB,2023-04-21,SUB_03607,Starter,49,2023-04-21,,Active,10,7,954,1.0,70.0,5.0,0,Medium Risk (6-15 logins),255.0
CUST_03608,FinTech,SMB,2023-07-11,SUB_03608,Pro,199,2023-07-11,2023-10-28,Churned,1,1,864,3.0,36.666666666666664,4.333333333333333,1,High Risk (≤5 logins),109.0
CUST_03609,Healthcare,Enterprise,2022-02-01,SUB_03609,Starter,49,2022-02-01,,Active,20,14,423,5.0,31.8,4.6,0,Healthy (16+ logins),699.0
CUST_03610,Logistics,SMB,2022-04-28,SUB_03610,Starter,49,2022-04-28,2022-11-29,Churned,3,0,986,2.0,25.0,4.0,1,High Risk (≤5 logins),215.0
CUST_03611,EdTech,Mid-Market,2022-07-03,SUB_03611,Pro,199,2022-07-03,,Active,27,11,18,1.0,64.0,4.0,0,Healthy (16+ logins),547.0
CUST_03612,Logistics,SMB,2022-07-10,SUB_03612,Pro,199,2022-07-10,2022-08-13,Churned,0,1,822,3.0,40.0,4.0,1,High Risk (≤5 logins),34.0
CUST_03613,EdTech,SMB,2022-03-15,SUB_03613,Starter,49,2022-03-15,,Active,45,7,879,2.0,25.0,4.5,0,Healthy (16+ logins),657.0
CUST_03614,Logistics,Enterprise,2023-09-15,SUB_03614,Starter,49,2023-09-15,,Active,8,3,813,2.0,28.5,5.0,0,Medium Risk (6-15 logins),108.0
CUST_03615,E-commerce,SMB,2022-04-13,SUB_03615,Starter,49,2022-04-13,2022-06-27,Churned,3,1,3,2.0,47.5,4.5,1,High Risk (≤5 logins),75.0
CUST_03616,Healthcare,Mid-Market,2023-08-09,SUB_03616,Starter,49,2023-08-09,2023-12-18,Churned,0,1,466,2.0,34.0,1.5,1,High Risk (≤5 logins),131.0
CUST_03617,EdTech,SMB,2023-02-24,SUB_03617,Pro,199,2023-02-24,,Active,28,7,189,2.0,24.0,4.0,0,Healthy (16+ logins),311.0
CUST_03618,FinTech,Mid-Market,2023-04-18,SUB_03618,Enterprise,999,2023-04-18,2023-05-19,Churned,3,1,46701,4.0,41.0,4.25,1,High Risk (≤5 logins),31.0
CUST_03619,Healthcare,SMB,2022-04-24,SUB_03619,Starter,49,2022-04-24,2022-12-26,Churned,1,0,62,3.0,52.333333333333336,3.6666666666666665,1,High Risk (≤5 logins),246.0
CUST_03620,FinTech,SMB,2023-01-14,SUB_03620,Starter,49,2023-01-14,,Active,10,14,965,1.0,30.0,5.0,0,Medium Risk (6-15 logins),352.0
CUST_03621,Healthcare,SMB,2022-11-09,SUB_03621,Starter,49,2022-11-09,,Active,18,5,878,2.0,52.0,3.5,0,Healthy (16+ logins),418.0
CUST_03622,Healthcare,SMB,2022-11-26,SUB_03622,Pro,199,2022-11-26,2023-01-19,Churned,3,1,780,2.0,36.5,4.5,1,High Risk (≤5 logins),54.0
CUST_03623,Logistics,Enterprise,2022-12-05,SUB_03623,Starter,49,2022-12-05,,Active,49,6,253,2.0,53.0,4.0,0,Healthy (16+ logins),392.0
CUST_03624,EdTech,SMB,2022-08-26,SUB_03624,Pro,199,2022-08-26,,Active,39,11,626,5.0,35.0,3.8,0,Healthy (16+ logins),493.0
CUST_03625,EdTech,SMB,2022-06-22,SUB_03625,Starter,49,2022-06-22,2023-04-04,Churned,1,1,853,6.0,46.666666666666664,3.1666666666666665,1,High Risk (≤5 logins),286.0
CUST_03626,Healthcare,SMB,2022-03-20,SUB_03626,Pro,199,2022-03-20,,Active,27,7,771,2.0,43.5,3.0,0,Healthy (16+ logins),652.0
CUST_03627,E-commerce,SMB,2023-04-09,SUB_03627,Pro,199,2023-04-09,,Active,24,4,1,2.0,21.5,2.5,0,Healthy (16+ logins),267.0
CUST_03628,E-commerce,Mid-Market,2023-08-28,SUB_03628,Enterprise,999,2023-08-28,,Active,21,2,44560,0.0,0.0,5.0,0,Healthy (16+ logins),126.0
CUST_03629,FinTech,Enterprise,2023-05-16,SUB_03629,Enterprise,999,2023-05-16,,Active,24,11,40673,4.0,28.0,3.75,0,Healthy (16+ logins),230.0
CUST_03630,FinTech,SMB,2023-07-16,SUB_03630,Pro,199,2023-07-16,2024-03-24,Churned,0,1,285,2.0,36.0,3.5,1,High Risk (≤5 logins),252.0
CUST_03631,Logistics,Mid-Market,2022-10-12,SUB_03631,Enterprise,999,2022-10-12,,Active,44,9,28736,0.0,0.0,5.0,0,Healthy (16+ logins),446.0
CUST_03632,Healthcare,SMB,2022-08-11,SUB_03632,Starter,49,2022-08-11,,Active,32,3,47,2.0,40.5,4.0,0,Healthy (16+ logins),508.0
CUST_03633,FinTech,SMB,2023-08-16,SUB_03633,Starter,49,2023-08-16,2024-08-03,Churned,0,1,554,1.0,37.0,4.0,1,High Risk (≤5 logins),353.0
CUST_03634,FinTech,Mid-Market,2022-09-23,SUB_03634,Starter,49,2022-09-23,2022-12-30,Churned,0,1,604,1.0,27.0,5.0,1,High Risk (≤5 logins),98.0
CUST_03635,Healthcare,SMB,2023-10-29,SUB_03635,Pro,199,2023-10-29,,Active,49,14,940,3.0,51.333333333333336,3.0,0,Healthy (16+ logins),64.0
CUST_03636,Logistics,Mid-Market,2023-01-08,SUB_03636,Enterprise,999,2023-01-08,2023-08-22,Churned,4,0,11339,2.0,42.5,2.5,1,High Risk (≤5 logins),226.0
CUST_03637,FinTech,Mid-Market,2022-08-21,SUB_03637,Starter,49,2022-08-21,,Active,21,3,652,2.0,50.5,4.0,0,Healthy (16+ logins),498.0
CUST_03638,Logistics,SMB,2022-08-24,SUB_03638,Pro,199,2022-08-24,,Active,39,14,46,1.0,4.0,4.0,0,Healthy (16+ logins),495.0
CUST_03639,EdTech,Enterprise,2023-11-02,SUB_03639,Pro,199,2023-11-02,,Active,49,14,230,4.0,36.5,3.5,0,Healthy (16+ logins),60.0
CUST_03640,Logistics,Mid-Market,2022-11-10,SUB_03640,Enterprise,999,2022-11-10,,Active,43,14,12659,3.0,31.333333333333332,3.6666666666666665,0,Healthy (16+ logins),417.0
CUST_03641,E-commerce,SMB,2023-01-15,SUB_03641,Pro,199,2023-01-15,,Active,41,5,283,3.0,40.333333333333336,4.333333333333333,0,Healthy (16+ logins),351.0
CUST_03642,E-commerce,Mid-Market,2023-09-06,SUB_03642,Enterprise,999,2023-09-06,,Active,47,2,40430,3.0,53.0,5.0,0,Healthy (16+ logins),117.0
CUST_03643,Logistics,SMB,2023-07-17,SUB_03643,Starter,49,2023-07-17,2024-05-13,Churned,4,1,27,2.0,41.5,3.5,1,High Risk (≤5 logins),301.0
CUST_03644,E-commerce,Enterprise,2023-02-24,SUB_03644,Starter,49,2023-02-24,,Active,22,14,410,5.0,36.2,3.6,0,Healthy (16+ logins),311.0
CUST_03645,EdTech,Mid-Market,2022-02-21,SUB_03645,Pro,199,2022-02-21,,Active,40,10,472,4.0,40.25,4.25,0,Healthy (16+ logins),679.0
CUST_03646,Healthcare,SMB,2023-10-05,SUB_03646,Starter,49,2023-10-05,,Active,24,14,669,3.0,34.333333333333336,4.333333333333333,0,Healthy (16+ logins),88.0
CUST_03647,E-commerce,SMB,2023-05-24,SUB_03647,Starter,49,2023-05-24,,Active,11,4,901,1.0,43.0,4.0,0,Medium Risk (6-15 logins),222.0
CUST_03648,E-commerce,Mid-Market,2022-07-24,SUB_03648,Pro,199,2022-07-24,,Active,40,7,221,2.0,28.0,4.0,0,Healthy (16+ logins),526.0
CUST_03649,Logistics,SMB,2022-09-14,SUB_03649,Pro,199,2022-09-14,,Active,46,12,375,4.0,49.0,4.5,0,Healthy (16+ logins),474.0
CUST_03650,EdTech,SMB,2022-07-04,SUB_03650,Pro,199,2022-07-04,,Active,5,12,8,3.0,36.0,3.6666666666666665,0,High Risk (≤5 logins),546.0
CUST_03651,Healthcare,SMB,2022-05-25,SUB_03651,Starter,49,2022-05-25,,Active,41,2,901,5.0,36.4,3.8,0,Healthy (16+ logins),586.0
CUST_03652,Logistics,SMB,2023-11-21,SUB_03652,Pro,199,2023-11-21,,Active,39,10,412,2.0,35.5,3.5,0,Healthy (16+ logins),41.0
CUST_03653,Logistics,SMB,2022-01-14,SUB_03653,Starter,49,2022-01-14,2022-08-13,Churned,3,0,470,2.0,54.5,3.5,1,High Risk (≤5 logins),211.0
CUST_03654,EdTech,SMB,2022-09-03,SUB_03654,Starter,49,2022-09-03,2022-10-20,Churned,0,0,69,1.0,1.0,1.0,1,High Risk (≤5 logins),47.0
CUST_03655,Healthcare,SMB,2022-07-06,SUB_03655,Pro,199,2022-07-06,2022-11-19,Churned,0,0,341,3.0,53.666666666666664,5.0,1,High Risk (≤5 logins),136.0
CUST_03656,EdTech,Mid-Market,2022-12-03,SUB_03656,Starter,49,2022-12-03,,Active,33,5,65,5.0,31.2,3.8,0,Healthy (16+ logins),394.0
CUST_03657,Healthcare,SMB,2022-09-16,SUB_03657,Starter,49,2022-09-16,,Active,13,10,606,2.0,46.0,5.0,0,Medium Risk (6-15 logins),472.0
CUST_03658,EdTech,SMB,2022-02-09,SUB_03658,Pro,199,2022-02-09,2022-03-27,Churned,3,0,692,3.0,42.0,2.6666666666666665,1,High Risk (≤5 logins),46.0
CUST_03659,Logistics,SMB,2023-08-24,SUB_03659,Starter,49,2023-08-24,2024-01-25,Churned,1,1,69,0.0,0.0,5.0,1,High Risk (≤5 logins),154.0
CUST_03660,Logistics,SMB,2023-09-29,SUB_03660,Enterprise,999,2023-09-29,,Active,29,8,35124,2.0,19.5,3.5,0,Healthy (16+ logins),94.0
CUST_03661,FinTech,SMB,2023-02-22,SUB_03661,Pro,199,2023-02-22,,Active,16,7,260,2.0,51.5,2.0,0,Healthy (16+ logins),313.0
CUST_03662,E-commerce,SMB,2022-12-17,SUB_03662,Enterprise,999,2022-12-17,,Active,42,4,22889,1.0,36.0,4.0,0,Healthy (16+ logins),380.0
CUST_03663,EdTech,SMB,2022-01-09,SUB_03663,Starter,49,2022-01-09,2022-04-30,Churned,3,0,395,2.0,33.5,3.5,1,High Risk (≤5 logins),111.0
CUST_03664,FinTech,Mid-Market,2022-12-16,SUB_03664,Pro,199,2022-12-16,,Active,11,13,357,3.0,44.666666666666664,4.0,0,Medium Risk (6-15 logins),381.0
CUST_03665,E-commerce,Mid-Market,2022-03-25,SUB_03665,Starter,49,2022-03-25,,Active,8,5,357,2.0,41.0,3.0,0,Medium Risk (6-15 logins),647.0
CUST_03666,EdTech,Mid-Market,2023-06-17,SUB_03666,Pro,199,2023-06-17,2023-07-20,Churned,3,1,391,1.0,50.0,3.0,1,High Risk (≤5 logins),33.0
CUST_03667,Healthcare,Mid-Market,2022-12-24,SUB_03667,Starter,49,2022-12-24,,Active,35,11,375,1.0,14.0,3.0,0,Healthy (16+ logins),373.0
CUST_03668,E-commerce,Mid-Market,2023-01-13,SUB_03668,Starter,49,2023-01-13,,Active,43,4,185,4.0,38.25,2.25,0,Healthy (16+ logins),353.0
CUST_03669,Logistics,SMB,2022-06-21,SUB_03669,Pro,199,2022-06-21,,Active,14,2,304,2.0,40.5,3.5,0,Medium Risk (6-15 logins),559.0
CUST_03670,FinTech,Mid-Market,2022-01-25,SUB_03670,Starter,49,2022-01-25,,Active,27,12,63,4.0,35.0,3.0,0,Healthy (16+ logins),706.0
CUST_03671,E-commerce,SMB,2023-01-28,SUB_03671,Starter,49,2023-01-28,,Active,30,9,177,3.0,40.333333333333336,3.6666666666666665,0,Healthy (16+ logins),338.0
CUST_03672,E-commerce,Mid-Market,2022-04-13,SUB_03672,Starter,49,2022-04-13,,Active,27,1,234,1.0,57.0,4.0,0,Healthy (16+ logins),628.0
CUST_03673,Logistics,Mid-Market,2022-08-24,SUB_03673,Pro,199,2022-08-24,,Active,33,8,864,3.0,30.333333333333332,4.333333333333333,0,Healthy (16+ logins),495.0
CUST_03674,EdTech,SMB,2023-02-14,SUB_03674,Starter,49,2023-02-14,2023-07-08,Churned,1,1,761,1.0,58.0,4.0,1,High Risk (≤5 logins),144.0
CUST_03675,Healthcare,SMB,2023-07-03,SUB_03675,Starter,49,2023-07-03,2023-12-16,Churned,1,0,806,6.0,56.5,1.6666666666666667,1,High Risk (≤5 logins),166.0
CUST_03676,Logistics,SMB,2022-11-28,SUB_03676,Starter,49,2022-11-28,,Active,33,3,39,2.0,37.0,5.0,0,Healthy (16+ logins),399.0
CUST_03677,Healthcare,Mid-Market,2023-10-26,SUB_03677,Pro,199,2023-10-26,,Active,47,7,286,3.0,32.333333333333336,3.0,0,Healthy (16+ logins),67.0
CUST_03678,EdTech,Mid-Market,2023-06-16,SUB_03678,Pro,199,2023-06-16,2024-04-27,Churned,1,0,258,2.0,29.0,3.0,1,High Risk (≤5 logins),316.0
CUST_03679,E-commerce,Mid-Market,2023-10-11,SUB_03679,Starter,49,2023-10-11,,Active,33,10,466,1.0,69.0,2.0,0,Healthy (16+ logins),82.0
CUST_03680,Healthcare,SMB,2022-01-29,SUB_03680,Starter,49,2022-01-29,,Active,28,12,239,1.0,48.0,5.0,0,Healthy (16+ logins),702.0
CUST_03681,FinTech,Mid-Market,2023-06-27,SUB_03681,Starter,49,2023-06-27,,Active,14,7,502,1.0,42.0,4.0,0,Medium Risk (6-15 logins),188.0
CUST_03682,FinTech,SMB,2022-01-19,SUB_03682,Starter,49,2022-01-19,,Active,18,2,583,3.0,55.666666666666664,2.6666666666666665,0,Healthy (16+ logins),712.0
CUST_03683,Logistics,Mid-Market,2022-05-28,SUB_03683,Starter,49,2022-05-28,,Active,10,3,541,3.0,41.0,5.0,0,Medium Risk (6-15 logins),583.0
CUST_03684,EdTech,SMB,2023-04-16,SUB_03684,Starter,49,2023-04-16,2023-12-29,Churned,1,1,350,3.0,38.0,4.0,1,High Risk (≤5 logins),257.0
CUST_03685,Logistics,SMB,2023-05-06,SUB_03685,Pro,199,2023-05-06,,Active,19,7,540,4.0,42.25,2.25,0,Healthy (16+ logins),240.0
CUST_03686,Logistics,SMB,2022-10-10,SUB_03686,Enterprise,999,2022-10-10,2022-11-24,Churned,1,1,3363,1.0,60.0,3.0,1,High Risk (≤5 logins),45.0
CUST_03687,Logistics,Mid-Market,2023-11-06,SUB_03687,Starter,49,2023-11-06,,Active,43,3,311,2.0,25.5,3.5,0,Healthy (16+ logins),56.0
CUST_03688,FinTech,Enterprise,2022-04-23,SUB_03688,Pro,199,2022-04-23,,Active,32,8,961,4.0,38.0,4.25,0,Healthy (16+ logins),618.0
CUST_03689,FinTech,SMB,2023-03-31,SUB_03689,Pro,199,2023-03-31,,Active,6,13,598,0.0,0.0,5.0,0,Medium Risk (6-15 logins),276.0
CUST_03690,Logistics,SMB,2023-10-24,SUB_03690,Pro,199,2023-10-24,,Active,17,9,107,1.0,62.0,5.0,0,Healthy (16+ logins),69.0
CUST_03691,FinTech,Enterprise,2022-11-26,SUB_03691,Pro,199,2022-11-26,,Active,6,2,830,4.0,11.5,3.0,0,Medium Risk (6-15 logins),401.0
CUST_03692,EdTech,SMB,2022-09-12,SUB_03692,Starter,49,2022-09-12,,Active,45,2,29,2.0,24.5,5.0,0,Healthy (16+ logins),476.0
CUST_03693,Logistics,Mid-Market,2023-08-22,SUB_03693,Starter,49,2023-08-22,2024-07-14,Churned,3,0,308,3.0,55.666666666666664,3.0,1,High Risk (≤5 logins),327.0
CUST_03694,FinTech,SMB,2023-02-03,SUB_03694,Pro,199,2023-02-03,,Active,9,11,485,3.0,43.333333333333336,3.0,0,Medium Risk (6-15 logins),332.0
CUST_03695,Healthcare,SMB,2023-09-02,SUB_03695,Starter,49,2023-09-02,,Active,7,8,45,4.0,40.5,4.0,0,Medium Risk (6-15 logins),121.0
CUST_03696,Logistics,Mid-Market,2023-05-23,SUB_03696,Starter,49,2023-05-23,,Active,6,5,358,1.0,62.0,1.0,0,Medium Risk (6-15 logins),223.0
CUST_03697,Logistics,Mid-Market,2023-10-06,SUB_03697,Starter,49,2023-10-06,,Active,18,2,136,0.0,0.0,5.0,0,Healthy (16+ logins),87.0
CUST_03698,EdTech,SMB,2023-04-11,SUB_03698,Starter,49,2023-04-11,,Active,44,14,774,2.0,44.0,4.5,0,Healthy (16+ logins),265.0
CUST_03699,E-commerce,SMB,2023-02-11,SUB_03699,Pro,199,2023-02-11,2023-10-10,Churned,0,1,574,2.0,41.0,3.5,1,High Risk (≤5 logins),241.0
CUST_03700,E-commerce,Mid-Market,2023-09-01,SUB_03700,Starter,49,2023-09-01,2024-06-02,Churned,0,1,430,0.0,0.0,5.0,1,High Risk (≤5 logins),275.0
CUST_03701,EdTech,SMB,2022-04-08,SUB_03701,Starter,49,2022-04-08,2023-02-17,Churned,1,1,555,1.0,25.0,1.0,1,High Risk (≤5 logins),315.0
CUST_03702,EdTech,Mid-Market,2022-10-17,SUB_03702,Starter,49,2022-10-17,,Active,10,13,250,1.0,34.0,3.0,0,Medium Risk (6-15 logins),441.0
CUST_03703,EdTech,SMB,2023-10-19,SUB_03703,Starter,49,2023-10-19,,Active,38,9,432,2.0,35.0,3.5,0,Healthy (16+ logins),74.0
CUST_03704,E-commerce,SMB,2022-06-05,SUB_03704,Enterprise,999,2022-06-05,,Active,12,2,28600,4.0,36.25,3.75,0,Medium Risk (6-15 logins),575.0
CUST_03705,EdTech,Enterprise,2022-06-11,SUB_03705,Starter,49,2022-06-11,,Active,6,9,206,1.0,35.0,5.0,0,Medium Risk (6-15 logins),569.0
CUST_03706,FinTech,Mid-Market,2023-09-16,SUB_03706,Enterprise,999,2023-09-16,,Active,30,2,48670,3.0,46.333333333333336,3.3333333333333335,0,Healthy (16+ logins),107.0
CUST_03707,Logistics,SMB,2023-11-28,SUB_03707,Pro,199,2023-11-28,,Active,21,1,445,5.0,40.4,3.2,0,Healthy (16+ logins),34.0
CUST_03708,Logistics,Mid-Market,2022-04-07,SUB_03708,Pro,199,2022-04-07,,Active,28,10,58,2.0,57.0,4.5,0,Healthy (16+ logins),634.0
CUST_03709,Healthcare,SMB,2023-01-12,SUB_03709,Starter,49,2023-01-12,,Active,35,6,205,0.0,0.0,5.0,0,Healthy (16+ logins),354.0
CUST_03710,Healthcare,SMB,2023-07-21,SUB_03710,Starter,49,2023-07-21,,Active,20,11,970,2.0,9.0,2.5,0,Healthy (16+ logins),164.0
CUST_03711,Logistics,Enterprise,2023-03-26,SUB_03711,Pro,199,2023-03-26,,Active,25,6,330,4.0,44.5,4.25,0,Healthy (16+ logins),281.0
CUST_03712,FinTech,Mid-Market,2022-04-27,SUB_03712,Pro,199,2022-04-27,2023-03-04,Churned,0,0,595,0.0,0.0,5.0,1,High Risk (≤5 logins),311.0
CUST_03713,E-commerce,Mid-Market,2023-08-28,SUB_03713,Starter,49,2023-08-28,2024-03-21,Churned,3,1,524,0.0,0.0,5.0,1,High Risk (≤5 logins),206.0
CUST_03714,E-commerce,SMB,2023-05-21,SUB_03714,Starter,49,2023-05-21,2023-07-20,Churned,1,0,748,4.0,29.25,3.5,1,High Risk (≤5 logins),60.0
CUST_03715,FinTech,SMB,2022-07-08,SUB_03715,Starter,49,2022-07-08,2022-09-25,Churned,0,1,157,1.0,35.0,3.0,1,High Risk (≤5 logins),79.0
CUST_03716,E-commerce,SMB,2023-04-21,SUB_03716,Enterprise,999,2023-04-21,,Active,8,10,39207,3.0,42.666666666666664,3.3333333333333335,0,Medium Risk (6-15 logins),255.0
CUST_03717,EdTech,SMB,2022-11-19,SUB_03717,Starter,49,2022-11-19,2023-05-10,Churned,4,0,358,2.0,37.5,4.5,1,High Risk (≤5 logins),172.0
CUST_03718,Logistics,Mid-Market,2023-08-19,SUB_03718,Pro,199,2023-08-19,,Active,8,11,851,1.0,57.0,4.0,0,Medium Risk (6-15 logins),135.0
CUST_03719,Logistics,SMB,2022-06-29,SUB_03719,Pro,199,2022-06-29,2022-09-18,Churned,0,1,364,1.0,55.0,4.0,1,High Risk (≤5 logins),81.0
CUST_03720,FinTech,Mid-Market,2022-06-30,SUB_03720,Pro,199,2022-06-30,,Active,42,13,554,3.0,38.0,3.3333333333333335,0,Healthy (16+ logins),550.0
CUST_03721,E-commerce,SMB,2023-11-24,SUB_03721,Pro,199,2023-11-24,,Active,29,6,178,2.0,36.5,2.5,0,Healthy (16+ logins),38.0
CUST_03722,Healthcare,SMB,2022-10-14,SUB_03722,Starter,49,2022-10-14,,Active,12,4,357,1.0,17.0,2.0,0,Medium Risk (6-15 logins),444.0
CUST_03723,Healthcare,SMB,2023-04-20,SUB_03723,Enterprise,999,2023-04-20,,Active,22,5,3966,1.0,66.0,3.0,0,Healthy (16+ logins),256.0
CUST_03724,E-commerce,SMB,2023-09-10,SUB_03724,Pro,199,2023-09-10,2024-05-29,Churned,3,1,754,3.0,44.333333333333336,2.6666666666666665,1,High Risk (≤5 logins),262.0
CUST_03725,Healthcare,SMB,2023-10-03,SUB_03725,Pro,199,2023-10-03,,Active,11,9,548,0.0,0.0,5.0,0,Medium Risk (6-15 logins),90.0
CUST_03726,FinTech,Enterprise,2022-09-19,SUB_03726,Starter,49,2022-09-19,,Active,21,5,873,2.0,41.0,3.5,0,Healthy (16+ logins),469.0
CUST_03727,FinTech,SMB,2023-06-07,SUB_03727,Pro,199,2023-06-07,2023-12-19,Churned,3,0,352,1.0,23.0,5.0,1,High Risk (≤5 logins),195.0
CUST_03728,E-commerce,Enterprise,2022-06-11,SUB_03728,Starter,49,2022-06-11,,Active,26,11,857,2.0,40.0,3.0,0,Healthy (16+ logins),569.0
CUST_03729,Healthcare,SMB,2023-05-02,SUB_03729,Starter,49,2023-05-02,,Active,19,8,363,1.0,26.0,1.0,0,Healthy (16+ logins),244.0
CUST_03730,FinTech,Enterprise,2022-06-30,SUB_03730,Pro,199,2022-06-30,,Active,35,2,249,2.0,54.5,4.0,0,Healthy (16+ logins),550.0
CUST_03731,FinTech,SMB,2023-04-14,SUB_03731,Pro,199,2023-04-14,,Active,40,12,119,1.0,59.0,1.0,0,Healthy (16+ logins),262.0
CUST_03732,EdTech,Enterprise,2022-01-21,SUB_03732,Pro,199,2022-01-21,,Active,30,14,191,2.0,52.5,5.0,0,Healthy (16+ logins),710.0
CUST_03733,EdTech,SMB,2022-10-02,SUB_03733,Starter,49,2022-10-02,,Active,18,6,806,4.0,38.5,2.5,0,Healthy (16+ logins),456.0
CUST_03734,FinTech,Mid-Market,2022-09-17,SUB_03734,Pro,199,2022-09-17,,Active,21,11,903,5.0,37.4,3.8,0,Healthy (16+ logins),471.0
CUST_03735,E-commerce,Enterprise,2022-11-29,SUB_03735,Starter,49,2022-11-29,,Active,13,11,61,1.0,15.0,5.0,0,Medium Risk (6-15 logins),398.0
CUST_03736,Logistics,SMB,2023-04-11,SUB_03736,Pro,199,2023-04-11,,Active,11,6,209,5.0,30.8,2.6,0,Medium Risk (6-15 logins),265.0
CUST_03737,Logistics,SMB,2022-04-26,SUB_03737,Starter,49,2022-04-26,2022-07-02,Churned,0,0,806,1.0,25.0,3.0,1,High Risk (≤5 logins),67.0
CUST_03738,FinTech,SMB,2023-02-17,SUB_03738,Pro,199,2023-02-17,2023-04-07,Churned,2,0,909,2.0,61.0,3.0,1,High Risk (≤5 logins),49.0
CUST_03739,FinTech,Enterprise,2023-06-21,SUB_03739,Pro,199,2023-06-21,,Active,16,14,51,3.0,48.666666666666664,3.3333333333333335,0,Healthy (16+ logins),194.0
CUST_03740,FinTech,SMB,2022-09-14,SUB_03740,Starter,49,2022-09-14,,Active,21,5,721,3.0,22.666666666666668,3.0,0,Healthy (16+ logins),474.0
CUST_03741,E-commerce,SMB,2022-06-17,SUB_03741,Starter,49,2022-06-17,,Active,13,2,312,1.0,14.0,4.0,0,Medium Risk (6-15 logins),563.0
CUST_03742,EdTech,SMB,2023-06-17,SUB_03742,Pro,199,2023-06-17,,Active,48,5,916,0.0,0.0,5.0,0,Healthy (16+ logins),198.0
CUST_03743,FinTech,SMB,2023-08-21,SUB_03743,Pro,199,2023-08-21,,Active,48,1,278,5.0,51.2,3.0,0,Healthy (16+ logins),133.0
CUST_03744,FinTech,Mid-Market,2022-01-15,SUB_03744,Pro,199,2022-01-15,2022-05-23,Churned,0,1,387,2.0,23.0,3.5,1,High Risk (≤5 logins),128.0
CUST_03745,Healthcare,SMB,2022-02-19,SUB_03745,Pro,199,2022-02-19,,Active,31,14,201,1.0,44.0,1.0,0,Healthy (16+ logins),681.0
CUST_03746,E-commerce,Mid-Market,2022-10-31,SUB_03746,Starter,49,2022-10-31,,Active,46,7,938,3.0,34.666666666666664,4.333333333333333,0,Healthy (16+ logins),427.0
CUST_03747,FinTech,Enterprise,2023-05-02,SUB_03747,Starter,49,2023-05-02,,Active,16,4,138,2.0,37.0,3.0,0,Healthy (16+ logins),244.0
CUST_03748,Healthcare,SMB,2023-02-20,SUB_03748,Starter,49,2023-02-20,,Active,41,8,851,1.0,12.0,4.0,0,Healthy (16+ logins),315.0
CUST_03749,Logistics,Mid-Market,2022-11-01,SUB_03749,Starter,49,2022-11-01,,Active,24,3,18,3.0,59.0,4.666666666666667,0,Healthy (16+ logins),426.0
CUST_03750,FinTech,SMB,2022-07-15,SUB_03750,Pro,199,2022-07-15,,Active,5,7,320,3.0,27.333333333333332,3.6666666666666665,0,High Risk (≤5 logins),535.0
CUST_03751,FinTech,Mid-Market,2023-01-23,SUB_03751,Starter,49,2023-01-23,,Active,13,14,94,3.0,44.333333333333336,4.0,0,Medium Risk (6-15 logins),343.0
CUST_03752,Healthcare,SMB,2023-03-31,SUB_03752,Enterprise,999,2023-03-31,,Active,28,2,25616,1.0,17.0,4.0,0,Healthy (16+ logins),276.0
CUST_03753,E-commerce,Mid-Market,2023-10-20,SUB_03753,Pro,199,2023-10-20,2024-06-20,Churned,3,1,104,4.0,32.75,3.5,1,High Risk (≤5 logins),244.0
CUST_03754,FinTech,SMB,2022-11-06,SUB_03754,Pro,199,2022-11-06,,Active,40,8,944,3.0,24.666666666666668,4.0,0,Healthy (16+ logins),421.0
CUST_03755,Logistics,SMB,2022-05-07,SUB_03755,Enterprise,999,2022-05-07,2022-07-19,Churned,1,0,32045,0.0,0.0,5.0,1,High Risk (≤5 logins),73.0
CUST_03756,FinTech,SMB,2022-06-24,SUB_03756,Starter,49,2022-06-24,,Active,33,3,929,3.0,47.666666666666664,3.0,0,Healthy (16+ logins),556.0
CUST_03757,Logistics,SMB,2022-05-14,SUB_03757,Pro,199,2022-05-14,2022-10-01,Churned,4,1,259,3.0,35.666666666666664,3.3333333333333335,1,High Risk (≤5 logins),140.0
CUST_03758,EdTech,Mid-Market,2022-03-07,SUB_03758,Starter,49,2022-03-07,,Active,39,6,986,3.0,43.333333333333336,3.3333333333333335,0,Healthy (16+ logins),665.0
CUST_03759,EdTech,SMB,2023-01-28,SUB_03759,Starter,49,2023-01-28,,Active,20,2,38,3.0,25.666666666666668,4.0,0,Healthy (16+ logins),338.0
CUST_03760,Logistics,Mid-Market,2022-12-31,SUB_03760,Pro,199,2022-12-31,2023-04-28,Churned,1,1,500,0.0,0.0,5.0,1,High Risk (≤5 logins),118.0
CUST_03761,E-commerce,SMB,2022-10-06,SUB_03761,Starter,49,2022-10-06,2023-09-19,Churned,2,1,816,4.0,47.25,4.25,1,High Risk (≤5 logins),348.0
CUST_03762,FinTech,Mid-Market,2022-12-29,SUB_03762,Enterprise,999,2022-12-29,,Active,43,4,48836,1.0,71.0,4.0,0,Healthy (16+ logins),368.0
CUST_03763,FinTech,SMB,2022-06-20,SUB_03763,Pro,199,2022-06-20,,Active,16,6,153,1.0,16.0,5.0,0,Healthy (16+ logins),560.0
CUST_03764,EdTech,SMB,2022-02-20,SUB_03764,Pro,199,2022-02-20,,Active,48,2,552,2.0,22.5,5.0,0,Healthy (16+ logins),680.0
CUST_03765,Logistics,SMB,2022-11-24,SUB_03765,Starter,49,2022-11-24,2023-04-20,Churned,3,1,320,1.0,15.0,2.0,1,High Risk (≤5 logins),147.0
CUST_03766,FinTech,Mid-Market,2023-10-27,SUB_03766,Pro,199,2023-10-27,,Active,29,3,121,2.0,44.5,5.0,0,Healthy (16+ logins),66.0
CUST_03767,FinTech,SMB,2023-08-15,SUB_03767,Starter,49,2023-08-15,2024-05-09,Churned,4,0,755,1.0,26.0,2.0,1,High Risk (≤5 logins),268.0
CUST_03768,E-commerce,Mid-Market,2022-05-25,SUB_03768,Pro,199,2022-05-25,,Active,7,1,756,2.0,15.5,3.5,0,Medium Risk (6-15 logins),586.0
CUST_03769,Healthcare,Mid-Market,2022-10-01,SUB_03769,Starter,49,2022-10-01,,Active,43,13,143,2.0,37.5,4.5,0,Healthy (16+ logins),457.0
CUST_03770,EdTech,SMB,2022-06-04,SUB_03770,Pro,199,2022-06-04,,Active,28,6,185,5.0,48.8,3.6,0,Healthy (16+ logins),576.0
CUST_03771,EdTech,Mid-Market,2023-05-23,SUB_03771,Starter,49,2023-05-23,,Active,25,11,546,1.0,32.0,3.0,0,Healthy (16+ logins),223.0
CUST_03772,Healthcare,SMB,2022-12-29,SUB_03772,Starter,49,2022-12-29,2023-04-09,Churned,3,0,210,1.0,44.0,4.0,1,High Risk (≤5 logins),101.0
CUST_03773,FinTech,SMB,2022-11-21,SUB_03773,Starter,49,2022-11-21,,Active,37,4,399,1.0,51.0,3.0,0,Healthy (16+ logins),406.0
CUST_03774,E-commerce,Mid-Market,2023-10-17,SUB_03774,Starter,49,2023-10-17,,Active,12,8,32,4.0,27.75,2.0,0,Medium Risk (6-15 logins),76.0
CUST_03775,E-commerce,Mid-Market,2022-10-25,SUB_03775,Pro,199,2022-10-25,,Active,37,5,158,2.0,47.0,4.0,0,Healthy (16+ logins),433.0
CUST_03776,EdTech,Mid-Market,2023-05-09,SUB_03776,Starter,49,2023-05-09,,Active,7,10,405,0.0,0.0,5.0,0,Medium Risk (6-15 logins),237.0
CUST_03777,E-commerce,SMB,2023-06-30,SUB_03777,Starter,49,2023-06-30,,Active,6,14,828,4.0,48.0,4.25,0,Medium Risk (6-15 logins),185.0
CUST_03778,Healthcare,SMB,2022-10-31,SUB_03778,Pro,199,2022-10-31,,Active,42,4,363,2.0,39.0,3.0,0,Healthy (16+ logins),427.0
CUST_03779,FinTech,SMB,2023-04-12,SUB_03779,Starter,49,2023-04-12,,Active,44,7,979,1.0,12.0,3.0,0,Healthy (16+ logins),264.0
CUST_03780,Healthcare,Mid-Market,2022-08-27,SUB_03780,Starter,49,2022-08-27,2023-08-01,Churned,1,1,703,1.0,41.0,3.0,1,High Risk (≤5 logins),339.0
CUST_03781,Logistics,SMB,2023-10-12,SUB_03781,Pro,199,2023-10-12,,Active,43,10,965,2.0,65.5,3.5,0,Healthy (16+ logins),81.0
CUST_03782,EdTech,Mid-Market,2023-06-01,SUB_03782,Starter,49,2023-06-01,,Active,28,8,162,1.0,56.0,4.0,0,Healthy (16+ logins),214.0
CUST_03783,E-commerce,SMB,2022-06-25,SUB_03783,Starter,49,2022-06-25,,Active,25,2,763,3.0,20.666666666666668,4.333333333333333,0,Healthy (16+ logins),555.0
CUST_03784,Logistics,SMB,2023-02-14,SUB_03784,Starter,49,2023-02-14,,Active,22,13,550,3.0,45.0,3.6666666666666665,0,Healthy (16+ logins),321.0
CUST_03785,E-commerce,SMB,2022-12-30,SUB_03785,Starter,49,2022-12-30,,Active,39,1,130,3.0,54.0,4.0,0,Healthy (16+ logins),367.0
CUST_03786,FinTech,SMB,2022-01-23,SUB_03786,Pro,199,2022-01-23,,Active,15,6,95,0.0,0.0,5.0,0,Medium Risk (6-15 logins),708.0
CUST_03787,FinTech,SMB,2022-11-14,SUB_03787,Starter,49,2022-11-14,,Active,15,2,652,1.0,13.0,4.0,0,Medium Risk (6-15 logins),413.0
CUST_03788,FinTech,Mid-Market,2023-06-09,SUB_03788,Pro,199,2023-06-09,,Active,7,11,269,1.0,68.0,5.0,0,Medium Risk (6-15 logins),206.0
CUST_03789,E-commerce,Mid-Market,2022-10-03,SUB_03789,Starter,49,2022-10-03,,Active,27,8,680,3.0,32.0,4.0,0,Healthy (16+ logins),455.0
CUST_03790,Logistics,SMB,2023-08-27,SUB_03790,Starter,49,2023-08-27,2024-07-25,Churned,0,1,903,1.0,61.0,4.0,1,High Risk (≤5 logins),333.0
CUST_03791,FinTech,SMB,2023-09-12,SUB_03791,Starter,49,2023-09-12,2024-03-22,Churned,0,1,366,3.0,29.666666666666668,3.6666666666666665,1,High Risk (≤5 logins),192.0
CUST_03792,Logistics,SMB,2022-08-17,SUB_03792,Pro,199,2022-08-17,2023-05-24,Churned,1,1,786,1.0,16.0,4.0,1,High Risk (≤5 logins),280.0
CUST_03793,E-commerce,Mid-Market,2023-10-26,SUB_03793,Enterprise,999,2023-10-26,,Active,46,11,10312,3.0,22.666666666666668,1.6666666666666667,0,Healthy (16+ logins),67.0
CUST_03794,Logistics,SMB,2022-04-18,SUB_03794,Pro,199,2022-04-18,,Active,34,12,909,3.0,40.0,4.666666666666667,0,Healthy (16+ logins),623.0
CUST_03795,E-commerce,Enterprise,2022-06-25,SUB_03795,Enterprise,999,2022-06-25,,Active,6,5,2924,3.0,67.66666666666667,4.666666666666667,0,Medium Risk (6-15 logins),555.0
CUST_03796,E-commerce,SMB,2022-11-16,SUB_03796,Starter,49,2022-11-16,,Active,21,2,433,2.0,55.5,3.5,0,Healthy (16+ logins),411.0
CUST_03797,EdTech,SMB,2022-10-13,SUB_03797,Starter,49,2022-10-13,2023-05-25,Churned,1,0,610,5.0,30.4,4.4,1,High Risk (≤5 logins),224.0
CUST_03798,E-commerce,Enterprise,2022-11-25,SUB_03798,Starter,49,2022-11-25,,Active,24,8,60,0.0,0.0,5.0,0,Healthy (16+ logins),402.0
CUST_03799,E-commerce,SMB,2023-10-19,SUB_03799,Starter,49,2023-10-19,2024-01-16,Churned,3,1,931,1.0,52.0,5.0,1,High Risk (≤5 logins),89.0
CUST_03800,Healthcare,SMB,2022-12-22,SUB_03800,Starter,49,2022-12-22,2023-04-28,Churned,1,0,322,0.0,0.0,5.0,1,High Risk (≤5 logins),127.0
CUST_03801,FinTech,SMB,2022-01-14,SUB_03801,Starter,49,2022-01-14,2022-04-26,Churned,0,1,728,3.0,43.666666666666664,4.333333333333333,1,High Risk (≤5 logins),102.0
CUST_03802,EdTech,SMB,2022-10-02,SUB_03802,Starter,49,2022-10-02,2023-06-10,Churned,1,0,588,2.0,29.0,4.5,1,High Risk (≤5 logins),251.0
CUST_03803,EdTech,SMB,2022-03-12,SUB_03803,Starter,49,2022-03-12,,Active,22,9,207,1.0,58.0,3.0,0,Healthy (16+ logins),660.0
CUST_03804,EdTech,Mid-Market,2022-07-14,SUB_03804,Starter,49,2022-07-14,2022-12-09,Churned,3,0,347,1.0,53.0,1.0,1,High Risk (≤5 logins),148.0
CUST_03805,Healthcare,Mid-Market,2023-06-07,SUB_03805,Starter,49,2023-06-07,,Active,48,8,44,2.0,43.5,2.5,0,Healthy (16+ logins),208.0
CUST_03806,E-commerce,SMB,2022-04-16,SUB_03806,Pro,199,2022-04-16,2022-11-13,Churned,2,1,346,4.0,35.25,4.0,1,High Risk (≤5 logins),211.0
CUST_03807,FinTech,Enterprise,2022-07-15,SUB_03807,Starter,49,2022-07-15,,Active,33,14,713,1.0,14.0,3.0,0,Healthy (16+ logins),535.0
CUST_03808,Logistics,SMB,2022-05-25,SUB_03808,Pro,199,2022-05-25,,Active,12,4,721,2.0,16.0,4.5,0,Medium Risk (6-15 logins),586.0
CUST_03809,E-commerce,SMB,2022-12-16,SUB_03809,Pro,199,2022-12-16,2023-08-20,Churned,2,1,839,2.0,45.0,4.5,1,High Risk (≤5 logins),247.0
CUST_03810,Healthcare,SMB,2023-02-28,SUB_03810,Starter,49,2023-02-28,,Active,32,4,646,0.0,0.0,5.0,0,Healthy (16+ logins),307.0
CUST_03811,E-commerce,SMB,2023-04-16,SUB_03811,Starter,49,2023-04-16,2024-01-26,Churned,3,0,368,3.0,36.666666666666664,2.6666666666666665,1,High Risk (≤5 logins),285.0
CUST_03812,E-commerce,SMB,2023-11-17,SUB_03812,Starter,49,2023-11-17,,Active,24,10,533,2.0,51.0,3.0,0,Healthy (16+ logins),45.0
CUST_03813,Healthcare,Enterprise,2022-08-04,SUB_03813,Pro,199,2022-08-04,,Active,12,2,357,1.0,49.0,5.0,0,Medium Risk (6-15 logins),515.0
CUST_03814,EdTech,SMB,2022-04-03,SUB_03814,Starter,49,2022-04-03,2022-07-29,Churned,4,1,494,7.0,38.0,4.0,1,High Risk (≤5 logins),117.0
CUST_03815,EdTech,SMB,2022-09-17,SUB_03815,Starter,49,2022-09-17,2023-07-18,Churned,2,0,904,3.0,33.0,3.3333333333333335,1,High Risk (≤5 logins),304.0
CUST_03816,FinTech,SMB,2023-07-29,SUB_03816,Starter,49,2023-07-29,,Active,44,14,59,4.0,33.25,3.25,0,Healthy (16+ logins),156.0
CUST_03817,FinTech,Mid-Market,2023-06-25,SUB_03817,Pro,199,2023-06-25,,Active,21,4,297,1.0,43.0,5.0,0,Healthy (16+ logins),190.0
CUST_03818,EdTech,Mid-Market,2022-10-12,SUB_03818,Starter,49,2022-10-12,2022-12-06,Churned,1,0,58,2.0,18.5,3.0,1,High Risk (≤5 logins),55.0
CUST_03819,Logistics,SMB,2023-04-29,SUB_03819,Pro,199,2023-04-29,,Active,10,13,423,3.0,29.333333333333332,4.666666666666667,0,Medium Risk (6-15 logins),247.0
CUST_03820,E-commerce,SMB,2023-01-07,SUB_03820,Starter,49,2023-01-07,,Active,21,6,230,1.0,16.0,5.0,0,Healthy (16+ logins),359.0
CUST_03821,Logistics,SMB,2022-03-11,SUB_03821,Pro,199,2022-03-11,,Active,8,5,796,2.0,42.0,1.5,0,Medium Risk (6-15 logins),661.0
CUST_03822,E-commerce,SMB,2023-01-14,SUB_03822,Pro,199,2023-01-14,,Active,29,10,694,4.0,26.75,5.0,0,Healthy (16+ logins),352.0
CUST_03823,EdTech,SMB,2022-10-06,SUB_03823,Starter,49,2022-10-06,,Active,11,13,447,2.0,49.5,2.5,0,Medium Risk (6-15 logins),452.0
CUST_03824,FinTech,SMB,2022-10-29,SUB_03824,Enterprise,999,2022-10-29,,Active,21,10,25726,0.0,0.0,5.0,0,Healthy (16+ logins),429.0
CUST_03825,FinTech,SMB,2022-09-12,SUB_03825,Pro,199,2022-09-12,,Active,26,7,625,3.0,44.666666666666664,2.3333333333333335,0,Healthy (16+ logins),476.0
CUST_03826,Logistics,SMB,2023-11-15,SUB_03826,Starter,49,2023-11-15,2024-04-13,Churned,0,0,367,2.0,32.5,4.0,1,High Risk (≤5 logins),150.0
CUST_03827,FinTech,SMB,2023-11-23,SUB_03827,Starter,49,2023-11-23,,Active,10,14,553,1.0,58.0,4.0,0,Medium Risk (6-15 logins),39.0
CUST_03828,EdTech,Enterprise,2022-09-21,SUB_03828,Pro,199,2022-09-21,2023-08-05,Churned,2,0,28,5.0,41.2,3.6,1,High Risk (≤5 logins),318.0
CUST_03829,Logistics,Enterprise,2023-11-26,SUB_03829,Pro,199,2023-11-26,,Active,14,11,987,1.0,47.0,2.0,0,Medium Risk (6-15 logins),36.0
CUST_03830,E-commerce,SMB,2023-02-28,SUB_03830,Pro,199,2023-02-28,,Active,43,10,276,4.0,39.75,3.5,0,Healthy (16+ logins),307.0
CUST_03831,FinTech,SMB,2022-08-01,SUB_03831,Pro,199,2022-08-01,,Active,18,9,608,0.0,0.0,5.0,0,Healthy (16+ logins),518.0
CUST_03832,Healthcare,SMB,2023-11-02,SUB_03832,Pro,199,2023-11-02,,Active,46,7,702,1.0,19.0,2.0,0,Healthy (16+ logins),60.0
CUST_03833,FinTech,SMB,2022-04-10,SUB_03833,Starter,49,2022-04-10,,Active,26,1,378,4.0,30.5,3.25,0,Healthy (16+ logins),631.0
CUST_03834,E-commerce,Mid-Market,2022-04-22,SUB_03834,Pro,199,2022-04-22,2022-06-20,Churned,0,1,830,1.0,58.0,2.0,1,High Risk (≤5 logins),59.0
CUST_03835,Logistics,SMB,2022-11-04,SUB_03835,Starter,49,2022-11-04,,Active,30,4,985,4.0,37.5,3.5,0,Healthy (16+ logins),423.0
CUST_03836,E-commerce,Mid-Market,2023-11-09,SUB_03836,Enterprise,999,2023-11-09,,Active,14,7,26409,2.0,50.5,4.5,0,Medium Risk (6-15 logins),53.0
CUST_03837,Healthcare,Enterprise,2023-04-20,SUB_03837,Pro,199,2023-04-20,,Active,6,11,206,3.0,30.666666666666668,4.0,0,Medium Risk (6-15 logins),256.0
CUST_03838,EdTech,SMB,2023-07-02,SUB_03838,Pro,199,2023-07-02,,Active,7,2,705,2.0,36.0,2.5,0,Medium Risk (6-15 logins),183.0
CUST_03839,FinTech,SMB,2022-04-22,SUB_03839,Starter,49,2022-04-22,,Active,46,12,651,5.0,54.0,3.8,0,Healthy (16+ logins),619.0
CUST_03840,Logistics,SMB,2022-03-28,SUB_03840,Starter,49,2022-03-28,2022-11-14,Churned,2,1,288,0.0,0.0,5.0,1,High Risk (≤5 logins),231.0
CUST_03841,EdTech,SMB,2022-07-02,SUB_03841,Starter,49,2022-07-02,,Active,14,1,974,1.0,23.0,3.0,0,Medium Risk (6-15 logins),548.0
CUST_03842,E-commerce,SMB,2023-08-20,SUB_03842,Pro,199,2023-08-20,2023-10-24,Churned,2,1,492,2.0,28.5,2.5,1,High Risk (≤5 logins),65.0
CUST_03843,Logistics,SMB,2022-06-14,SUB_03843,Pro,199,2022-06-14,,Active,18,11,768,2.0,15.0,3.0,0,Healthy (16+ logins),566.0
CUST_03844,EdTech,Mid-Market,2022-03-31,SUB_03844,Starter,49,2022-03-31,,Active,34,5,224,2.0,23.5,4.5,0,Healthy (16+ logins),641.0
CUST_03845,Logistics,SMB,2023-03-31,SUB_03845,Pro,199,2023-03-31,,Active,45,2,451,2.0,48.5,3.5,0,Healthy (16+ logins),276.0
CUST_03846,Healthcare,SMB,2022-08-26,SUB_03846,Pro,199,2022-08-26,2023-01-27,Churned,3,1,27,2.0,39.5,3.0,1,High Risk (≤5 logins),154.0
CUST_03847,Healthcare,Mid-Market,2023-06-18,SUB_03847,Starter,49,2023-06-18,,Active,34,6,701,1.0,46.0,4.0,0,Healthy (16+ logins),197.0
CUST_03848,FinTech,Mid-Market,2023-11-10,SUB_03848,Starter,49,2023-11-10,,Active,42,6,756,2.0,49.0,4.5,0,Healthy (16+ logins),52.0
CUST_03849,FinTech,SMB,2022-02-27,SUB_03849,Pro,199,2022-02-27,2022-11-06,Churned,3,0,333,0.0,0.0,5.0,1,High Risk (≤5 logins),252.0
CUST_03850,Healthcare,Mid-Market,2023-06-26,SUB_03850,Pro,199,2023-06-26,,Active,5,12,372,0.0,0.0,5.0,0,High Risk (≤5 logins),189.0
CUST_03851,Logistics,SMB,2023-09-10,SUB_03851,Pro,199,2023-09-10,2024-05-31,Churned,4,1,826,2.0,21.5,3.0,1,High Risk (≤5 logins),264.0
CUST_03852,Healthcare,SMB,2023-02-06,SUB_03852,Pro,199,2023-02-06,2023-07-09,Churned,0,0,560,4.0,34.25,3.5,1,High Risk (≤5 logins),153.0
CUST_03853,FinTech,SMB,2023-11-10,SUB_03853,Enterprise,999,2023-11-10,2024-05-28,Churned,1,0,19449,3.0,26.333333333333332,3.6666666666666665,1,High Risk (≤5 logins),200.0
CUST_03854,Healthcare,SMB,2023-10-28,SUB_03854,Starter,49,2023-10-28,2024-05-25,Churned,3,0,203,2.0,52.0,3.5,1,High Risk (≤5 logins),210.0
CUST_03855,Healthcare,Mid-Market,2023-06-03,SUB_03855,Starter,49,2023-06-03,,Active,13,3,378,2.0,39.5,2.5,0,Medium Risk (6-15 logins),212.0
CUST_03856,Logistics,Mid-Market,2022-07-16,SUB_03856,Starter,49,2022-07-16,,Active,47,10,901,1.0,53.0,4.0,0,Healthy (16+ logins),534.0
CUST_03857,EdTech,Mid-Market,2022-02-15,SUB_03857,Starter,49,2022-02-15,,Active,30,7,114,4.0,50.5,4.5,0,Healthy (16+ logins),685.0
CUST_03858,FinTech,SMB,2023-06-14,SUB_03858,Starter,49,2023-06-14,,Active,29,13,19,3.0,66.0,4.333333333333333,0,Healthy (16+ logins),201.0
CUST_03859,Logistics,SMB,2023-02-01,SUB_03859,Starter,49,2023-02-01,,Active,21,13,596,3.0,47.333333333333336,4.333333333333333,0,Healthy (16+ logins),334.0
CUST_03860,Healthcare,SMB,2023-10-27,SUB_03860,Enterprise,999,2023-10-27,,Active,10,4,25569,2.0,34.0,4.0,0,Medium Risk (6-15 logins),66.0
CUST_03861,Healthcare,SMB,2022-03-15,SUB_03861,Enterprise,999,2022-03-15,,Active,19,6,7400,2.0,15.5,3.5,0,Healthy (16+ logins),657.0
CUST_03862,EdTech,Mid-Market,2023-02-20,SUB_03862,Starter,49,2023-02-20,,Active,7,12,764,1.0,49.0,2.0,0,Medium Risk (6-15 logins),315.0
CUST_03863,FinTech,Mid-Market,2023-10-19,SUB_03863,Pro,199,2023-10-19,,Active,35,8,51,1.0,30.0,2.0,0,Healthy (16+ logins),74.0
CUST_03864,FinTech,SMB,2023-09-06,SUB_03864,Pro,199,2023-09-06,,Active,32,3,659,7.0,31.571428571428573,3.4285714285714284,0,Healthy (16+ logins),117.0
CUST_03865,E-commerce,SMB,2022-12-01,SUB_03865,Pro,199,2022-12-01,2023-08-02,Churned,1,1,185,4.0,53.25,4.25,1,High Risk (≤5 logins),244.0
CUST_03866,FinTech,SMB,2023-09-25,SUB_03866,Pro,199,2023-09-25,,Active,48,9,684,1.0,23.0,5.0,0,Healthy (16+ logins),98.0
CUST_03867,EdTech,SMB,2023-11-19,SUB_03867,Starter,49,2023-11-19,2024-04-14,Churned,3,0,352,5.0,44.0,3.8,1,High Risk (≤5 logins),147.0
CUST_03868,E-commerce,SMB,2023-07-29,SUB_03868,Pro,199,2023-07-29,,Active,44,6,113,2.0,49.5,4.5,0,Healthy (16+ logins),156.0
CUST_03869,E-commerce,SMB,2022-10-23,SUB_03869,Pro,199,2022-10-23,,Active,36,5,513,3.0,65.0,4.666666666666667,0,Healthy (16+ logins),435.0
CUST_03870,Healthcare,SMB,2022-03-25,SUB_03870,Pro,199,2022-03-25,,Active,23,4,545,3.0,33.0,3.0,0,Healthy (16+ logins),647.0
CUST_03871,Healthcare,SMB,2022-01-15,SUB_03871,Enterprise,999,2022-01-15,,Active,9,8,7140,3.0,21.666666666666668,3.3333333333333335,0,Medium Risk (6-15 logins),716.0
CUST_03872,FinTech,SMB,2022-05-14,SUB_03872,Enterprise,999,2022-05-14,,Active,48,10,23542,2.0,19.0,4.0,0,Healthy (16+ logins),597.0
CUST_03873,E-commerce,SMB,2023-04-23,SUB_03873,Pro,199,2023-04-23,,Active,10,9,169,1.0,37.0,5.0,0,Medium Risk (6-15 logins),253.0
CUST_03874,Healthcare,Mid-Market,2023-09-25,SUB_03874,Pro,199,2023-09-25,,Active,16,12,605,4.0,34.5,2.75,0,Healthy (16+ logins),98.0
CUST_03875,EdTech,SMB,2022-11-15,SUB_03875,Enterprise,999,2022-11-15,,Active,46,9,22324,1.0,52.0,5.0,0,Healthy (16+ logins),412.0
CUST_03876,Healthcare,Enterprise,2023-01-27,SUB_03876,Starter,49,2023-01-27,,Active,21,5,320,4.0,29.0,4.25,0,Healthy (16+ logins),339.0
CUST_03877,Healthcare,SMB,2023-04-24,SUB_03877,Starter,49,2023-04-24,,Active,43,5,365,3.0,28.333333333333332,4.333333333333333,0,Healthy (16+ logins),252.0
CUST_03878,E-commerce,SMB,2023-10-02,SUB_03878,Starter,49,2023-10-02,,Active,11,11,519,1.0,71.0,5.0,0,Medium Risk (6-15 logins),91.0
CUST_03879,E-commerce,SMB,2023-01-03,SUB_03879,Pro,199,2023-01-03,2023-09-16,Churned,2,1,832,1.0,44.0,4.0,1,High Risk (≤5 logins),256.0
CUST_03880,Logistics,SMB,2023-01-02,SUB_03880,Pro,199,2023-01-02,,Active,38,9,109,0.0,0.0,5.0,0,Healthy (16+ logins),364.0
CUST_03881,EdTech,Mid-Market,2022-10-15,SUB_03881,Starter,49,2022-10-15,2022-12-20,Churned,3,0,905,4.0,50.25,4.0,1,High Risk (≤5 logins),66.0
CUST_03882,E-commerce,SMB,2023-01-13,SUB_03882,Enterprise,999,2023-01-13,,Active,18,12,42280,3.0,46.666666666666664,4.0,0,Healthy (16+ logins),353.0
CUST_03883,FinTech,Enterprise,2023-11-23,SUB_03883,Pro,199,2023-11-23,,Active,22,3,562,1.0,66.0,4.0,0,Healthy (16+ logins),39.0
CUST_03884,EdTech,Mid-Market,2023-04-08,SUB_03884,Pro,199,2023-04-08,,Active,47,7,952,3.0,28.666666666666668,4.0,0,Healthy (16+ logins),268.0
CUST_03885,EdTech,SMB,2023-08-17,SUB_03885,Starter,49,2023-08-17,,Active,13,7,679,1.0,28.0,4.0,0,Medium Risk (6-15 logins),137.0
CUST_03886,E-commerce,SMB,2022-01-13,SUB_03886,Pro,199,2022-01-13,,Active,43,5,577,2.0,45.0,3.5,0,Healthy (16+ logins),718.0
CUST_03887,EdTech,Mid-Market,2023-06-20,SUB_03887,Pro,199,2023-06-20,2024-05-31,Churned,3,0,542,1.0,12.0,4.0,1,High Risk (≤5 logins),346.0
CUST_03888,E-commerce,SMB,2022-06-17,SUB_03888,Pro,199,2022-06-17,,Active,18,4,958,1.0,40.0,5.0,0,Healthy (16+ logins),563.0
CUST_03889,Healthcare,Mid-Market,2022-09-27,SUB_03889,Pro,199,2022-09-27,,Active,15,8,323,1.0,31.0,4.0,0,Medium Risk (6-15 logins),461.0
CUST_03890,Logistics,SMB,2022-03-11,SUB_03890,Pro,199,2022-03-11,,Active,34,4,951,3.0,48.0,3.0,0,Healthy (16+ logins),661.0
CUST_03891,Healthcare,SMB,2022-11-14,SUB_03891,Starter,49,2022-11-14,,Active,44,10,11,1.0,24.0,5.0,0,Healthy (16+ logins),413.0
CUST_03892,E-commerce,SMB,2023-01-11,SUB_03892,Pro,199,2023-01-11,,Active,47,6,798,1.0,46.0,3.0,0,Healthy (16+ logins),355.0
CUST_03893,E-commerce,SMB,2022-03-30,SUB_03893,Starter,49,2022-03-30,,Active,31,5,22,4.0,31.75,3.5,0,Healthy (16+ logins),642.0
CUST_03894,Healthcare,Mid-Market,2022-09-14,SUB_03894,Starter,49,2022-09-14,,Active,33,12,160,3.0,29.666666666666668,4.333333333333333,0,Healthy (16+ logins),474.0
CUST_03895,FinTech,SMB,2022-08-05,SUB_03895,Starter,49,2022-08-05,,Active,36,14,263,3.0,30.0,4.0,0,Healthy (16+ logins),514.0
CUST_03896,FinTech,Mid-Market,2023-03-26,SUB_03896,Starter,49,2023-03-26,,Active,34,10,701,4.0,39.25,3.25,0,Healthy (16+ logins),281.0
CUST_03897,FinTech,SMB,2023-06-28,SUB_03897,Starter,49,2023-06-28,,Active,30,6,379,3.0,45.666666666666664,3.3333333333333335,0,Healthy (16+ logins),187.0
CUST_03898,E-commerce,SMB,2022-05-21,SUB_03898,Pro,199,2022-05-21,,Active,34,3,752,0.0,0.0,5.0,0,Healthy (16+ logins),590.0
CUST_03899,EdTech,SMB,2022-06-10,SUB_03899,Pro,199,2022-06-10,,Active,14,13,79,1.0,55.0,3.0,0,Medium Risk (6-15 logins),570.0
CUST_03900,E-commerce,SMB,2022-02-01,SUB_03900,Starter,49,2022-02-01,,Active,16,3,270,2.0,44.0,3.5,0,Healthy (16+ logins),699.0
CUST_03901,EdTech,SMB,2022-06-01,SUB_03901,Pro,199,2022-06-01,2022-10-04,Churned,4,1,424,2.0,27.0,3.0,1,High Risk (≤5 logins),125.0
CUST_03902,Healthcare,SMB,2022-09-17,SUB_03902,Starter,49,2022-09-17,2023-02-13,Churned,4,1,615,1.0,44.0,4.0,1,High Risk (≤5 logins),149.0
CUST_03903,Logistics,Mid-Market,2022-10-06,SUB_03903,Starter,49,2022-10-06,2022-11-16,Churned,0,1,435,0.0,0.0,5.0,1,High Risk (≤5 logins),41.0
CUST_03904,EdTech,SMB,2022-10-12,SUB_03904,Pro,199,2022-10-12,2023-03-12,Churned,2,1,921,5.0,34.4,3.0,1,High Risk (≤5 logins),151.0
CUST_03905,FinTech,SMB,2023-09-02,SUB_03905,Pro,199,2023-09-02,2023-11-05,Churned,0,1,77,3.0,52.666666666666664,4.0,1,High Risk (≤5 logins),64.0
CUST_03906,E-commerce,Mid-Market,2023-06-26,SUB_03906,Pro,199,2023-06-26,,Active,49,1,523,2.0,32.5,3.0,0,Healthy (16+ logins),189.0
CUST_03907,Healthcare,Mid-Market,2023-08-25,SUB_03907,Starter,49,2023-08-25,2024-05-31,Churned,1,1,794,4.0,48.5,3.75,1,High Risk (≤5 logins),280.0
CUST_03908,FinTech,SMB,2022-05-28,SUB_03908,Pro,199,2022-05-28,2022-09-01,Churned,1,1,110,2.0,27.0,4.0,1,High Risk (≤5 logins),96.0
CUST_03909,Healthcare,SMB,2023-10-18,SUB_03909,Pro,199,2023-10-18,2023-12-24,Churned,0,1,990,3.0,24.333333333333332,2.0,1,High Risk (≤5 logins),67.0
CUST_03910,Logistics,Mid-Market,2022-03-08,SUB_03910,Enterprise,999,2022-03-08,,Active,45,6,25432,3.0,65.66666666666667,4.666666666666667,0,Healthy (16+ logins),664.0
CUST_03911,E-commerce,SMB,2023-07-24,SUB_03911,Starter,49,2023-07-24,,Active,22,14,413,3.0,27.666666666666668,4.333333333333333,0,Healthy (16+ logins),161.0
CUST_03912,E-commerce,SMB,2022-10-06,SUB_03912,Pro,199,2022-10-06,2023-08-11,Churned,3,1,259,2.0,34.5,3.5,1,High Risk (≤5 logins),309.0
CUST_03913,Logistics,SMB,2023-03-19,SUB_03913,Pro,199,2023-03-19,,Active,26,1,821,1.0,13.0,3.0,0,Healthy (16+ logins),288.0
CUST_03914,E-commerce,Mid-Market,2023-02-03,SUB_03914,Enterprise,999,2023-02-03,2023-10-20,Churned,3,1,17553,1.0,15.0,3.0,1,High Risk (≤5 logins),259.0
CUST_03915,EdTech,SMB,2022-05-08,SUB_03915,Starter,49,2022-05-08,,Active,44,4,929,0.0,0.0,5.0,0,Healthy (16+ logins),603.0
CUST_03916,Healthcare,Enterprise,2022-12-03,SUB_03916,Pro,199,2022-12-03,,Active,27,2,707,2.0,43.0,2.0,0,Healthy (16+ logins),394.0
CUST_03917,FinTech,SMB,2023-04-27,SUB_03917,Starter,49,2023-04-27,2023-11-10,Churned,2,1,851,2.0,39.5,5.0,1,High Risk (≤5 logins),197.0
CUST_03918,Logistics,Mid-Market,2022-07-05,SUB_03918,Pro,199,2022-07-05,2023-06-27,Churned,4,1,183,2.0,41.0,4.5,1,High Risk (≤5 logins),357.0
CUST_03919,EdTech,SMB,2022-06-18,SUB_03919,Starter,49,2022-06-18,,Active,28,8,657,2.0,33.0,3.0,0,Healthy (16+ logins),562.0
CUST_03920,FinTech,SMB,2023-11-15,SUB_03920,Starter,49,2023-11-15,2024-08-16,Churned,1,1,174,2.0,34.5,3.0,1,High Risk (≤5 logins),275.0
CUST_03921,FinTech,Mid-Market,2022-09-17,SUB_03921,Pro,199,2022-09-17,,Active,49,4,711,0.0,0.0,5.0,0,Healthy (16+ logins),471.0
CUST_03922,Logistics,SMB,2023-10-09,SUB_03922,Starter,49,2023-10-09,,Active,29,2,699,3.0,48.333333333333336,5.0,0,Healthy (16+ logins),84.0
CUST_03923,EdTech,SMB,2023-07-12,SUB_03923,Starter,49,2023-07-12,,Active,48,12,617,3.0,48.333333333333336,3.6666666666666665,0,Healthy (16+ logins),173.0
CUST_03924,FinTech,SMB,2023-05-22,SUB_03924,Starter,49,2023-05-22,,Active,33,13,954,1.0,57.0,4.0,0,Healthy (16+ logins),224.0
CUST_03925,FinTech,SMB,2023-06-05,SUB_03925,Starter,49,2023-06-05,,Active,20,5,385,2.0,54.5,4.5,0,Healthy (16+ logins),210.0
CUST_03926,EdTech,SMB,2023-04-16,SUB_03926,Enterprise,999,2023-04-16,,Active,44,9,9714,3.0,57.666666666666664,3.6666666666666665,0,Healthy (16+ logins),260.0
CUST_03927,E-commerce,Mid-Market,2022-06-10,SUB_03927,Pro,199,2022-06-10,,Active,10,7,584,2.0,49.0,5.0,0,Medium Risk (6-15 logins),570.0
CUST_03928,FinTech,SMB,2022-10-16,SUB_03928,Pro,199,2022-10-16,,Active,12,4,271,3.0,30.0,4.666666666666667,0,Medium Risk (6-15 logins),442.0
CUST_03929,Healthcare,SMB,2022-12-06,SUB_03929,Starter,49,2022-12-06,2023-03-24,Churned,1,0,725,6.0,32.833333333333336,4.333333333333333,1,High Risk (≤5 logins),108.0
CUST_03930,EdTech,SMB,2023-05-17,SUB_03930,Enterprise,999,2023-05-17,,Active,22,8,3706,3.0,32.666666666666664,4.0,0,Healthy (16+ logins),229.0
CUST_03931,FinTech,Mid-Market,2022-04-16,SUB_03931,Starter,49,2022-04-16,,Active,47,11,651,3.0,46.666666666666664,3.6666666666666665,0,Healthy (16+ logins),625.0
CUST_03932,Logistics,Mid-Market,2023-04-20,SUB_03932,Pro,199,2023-04-20,,Active,36,13,900,4.0,42.75,3.5,0,Healthy (16+ logins),256.0
CUST_03933,Healthcare,SMB,2023-08-23,SUB_03933,Starter,49,2023-08-23,2024-01-13,Churned,4,1,166,2.0,37.5,4.5,1,High Risk (≤5 logins),143.0
CUST_03934,FinTech,SMB,2023-04-08,SUB_03934,Pro,199,2023-04-08,2024-03-03,Churned,3,1,142,2.0,31.0,4.5,1,High Risk (≤5 logins),330.0
CUST_03935,Healthcare,Enterprise,2023-04-28,SUB_03935,Pro,199,2023-04-28,,Active,27,6,492,2.0,45.0,3.0,0,Healthy (16+ logins),248.0
CUST_03936,Healthcare,SMB,2022-06-02,SUB_03936,Starter,49,2022-06-02,2023-02-03,Churned,0,0,71,2.0,23.0,3.0,1,High Risk (≤5 logins),246.0
CUST_03937,E-commerce,Mid-Market,2023-10-11,SUB_03937,Starter,49,2023-10-11,2024-05-27,Churned,1,0,343,3.0,38.666666666666664,4.333333333333333,1,High Risk (≤5 logins),229.0
CUST_03938,Healthcare,Mid-Market,2022-05-29,SUB_03938,Pro,199,2022-05-29,,Active,38,6,498,4.0,39.5,4.25,0,Healthy (16+ logins),582.0
CUST_03939,E-commerce,Mid-Market,2022-07-07,SUB_03939,Starter,49,2022-07-07,,Active,42,8,146,1.0,18.0,4.0,0,Healthy (16+ logins),543.0
CUST_03940,EdTech,SMB,2023-10-15,SUB_03940,Starter,49,2023-10-15,,Active,21,13,612,5.0,44.0,3.8,0,Healthy (16+ logins),78.0
CUST_03941,E-commerce,Mid-Market,2022-05-11,SUB_03941,Starter,49,2022-05-11,,Active,48,11,500,3.0,25.333333333333332,2.0,0,Healthy (16+ logins),600.0
CUST_03942,Logistics,Mid-Market,2023-03-28,SUB_03942,Pro,199,2023-03-28,,Active,9,5,337,4.0,31.75,4.5,0,Medium Risk (6-15 logins),279.0
CUST_03943,FinTech,SMB,2023-05-31,SUB_03943,Pro,199,2023-05-31,,Active,6,1,84,4.0,41.75,3.25,0,Medium Risk (6-15 logins),215.0
CUST_03944,EdTech,SMB,2023-05-06,SUB_03944,Starter,49,2023-05-06,,Active,45,4,816,1.0,24.0,3.0,0,Healthy (16+ logins),240.0
CUST_03945,EdTech,SMB,2023-04-21,SUB_03945,Starter,49,2023-04-21,2024-01-17,Churned,0,0,890,2.0,62.0,2.5,1,High Risk (≤5 logins),271.0
CUST_03946,Logistics,SMB,2022-09-20,SUB_03946,Pro,199,2022-09-20,,Active,24,2,806,3.0,51.666666666666664,4.0,0,Healthy (16+ logins),468.0
CUST_03947,E-commerce,SMB,2023-06-22,SUB_03947,Pro,199,2023-06-22,2023-08-03,Churned,3,0,845,2.0,23.0,4.0,1,High Risk (≤5 logins),42.0
CUST_03948,FinTech,SMB,2023-04-04,SUB_03948,Starter,49,2023-04-04,,Active,32,13,142,3.0,59.0,4.333333333333333,0,Healthy (16+ logins),272.0
CUST_03949,E-commerce,SMB,2023-06-20,SUB_03949,Pro,199,2023-06-20,,Active,22,13,890,6.0,36.666666666666664,2.5,0,Healthy (16+ logins),195.0
CUST_03950,Healthcare,SMB,2023-09-29,SUB_03950,Starter,49,2023-09-29,,Active,48,7,310,1.0,24.0,5.0,0,Healthy (16+ logins),94.0
CUST_03951,E-commerce,SMB,2023-11-15,SUB_03951,Starter,49,2023-11-15,,Active,43,8,368,4.0,50.5,3.0,0,Healthy (16+ logins),47.0
CUST_03952,EdTech,Mid-Market,2022-10-22,SUB_03952,Enterprise,999,2022-10-22,2023-06-15,Churned,1,0,40581,2.0,24.5,4.0,1,High Risk (≤5 logins),236.0
CUST_03953,FinTech,Enterprise,2023-03-11,SUB_03953,Enterprise,999,2023-03-11,,Active,19,5,28351,1.0,25.0,4.0,0,Healthy (16+ logins),296.0
CUST_03954,E-commerce,SMB,2022-10-02,SUB_03954,Starter,49,2022-10-02,,Active,43,1,812,2.0,37.5,3.5,0,Healthy (16+ logins),456.0
CUST_03955,FinTech,SMB,2023-08-11,SUB_03955,Starter,49,2023-08-11,2024-05-28,Churned,0,1,970,6.0,31.0,3.1666666666666665,1,High Risk (≤5 logins),291.0
CUST_03956,FinTech,SMB,2022-11-04,SUB_03956,Starter,49,2022-11-04,2023-03-10,Churned,2,1,440,4.0,38.5,2.75,1,High Risk (≤5 logins),126.0
CUST_03957,Healthcare,Mid-Market,2023-01-11,SUB_03957,Starter,49,2023-01-11,,Active,7,11,66,1.0,24.0,3.0,0,Medium Risk (6-15 logins),355.0
CUST_03958,Healthcare,Mid-Market,2022-06-07,SUB_03958,Starter,49,2022-06-07,,Active,23,8,733,2.0,53.0,4.5,0,Healthy (16+ logins),573.0
CUST_03959,EdTech,Enterprise,2022-07-23,SUB_03959,Starter,49,2022-07-23,,Active,27,13,773,3.0,39.666666666666664,4.0,0,Healthy (16+ logins),527.0
CUST_03960,Logistics,SMB,2023-10-23,SUB_03960,Enterprise,999,2023-10-23,,Active,23,10,29967,2.0,42.0,4.5,0,Healthy (16+ logins),70.0
CUST_03961,FinTech,Enterprise,2022-03-16,SUB_03961,Pro,199,2022-03-16,,Active,22,2,926,0.0,0.0,5.0,0,Healthy (16+ logins),656.0
CUST_03962,Logistics,SMB,2023-01-15,SUB_03962,Pro,199,2023-01-15,,Active,34,11,533,2.0,28.0,4.0,0,Healthy (16+ logins),351.0
CUST_03963,EdTech,Mid-Market,2022-10-31,SUB_03963,Pro,199,2022-10-31,,Active,43,9,340,3.0,41.0,4.333333333333333,0,Healthy (16+ logins),427.0
CUST_03964,FinTech,SMB,2022-03-03,SUB_03964,Starter,49,2022-03-03,,Active,23,11,677,3.0,40.0,3.6666666666666665,0,Healthy (16+ logins),669.0
CUST_03965,FinTech,Mid-Market,2023-07-24,SUB_03965,Starter,49,2023-07-24,2023-11-01,Churned,3,0,101,2.0,42.5,4.5,1,High Risk (≤5 logins),100.0
CUST_03966,Logistics,SMB,2022-04-18,SUB_03966,Starter,49,2022-04-18,2023-03-16,Churned,2,0,313,4.0,43.0,3.25,1,High Risk (≤5 logins),332.0
CUST_03967,E-commerce,Mid-Market,2022-07-06,SUB_03967,Pro,199,2022-07-06,,Active,38,1,965,2.0,53.0,3.5,0,Healthy (16+ logins),544.0
CUST_03968,Healthcare,Mid-Market,2022-08-17,SUB_03968,Starter,49,2022-08-17,,Active,28,9,924,1.0,12.0,4.0,0,Healthy (16+ logins),502.0
CUST_03969,E-commerce,SMB,2022-02-17,SUB_03969,Pro,199,2022-02-17,,Active,22,8,951,2.0,44.5,5.0,0,Healthy (16+ logins),683.0
CUST_03970,Logistics,SMB,2022-09-25,SUB_03970,Pro,199,2022-09-25,2023-06-11,Churned,2,1,109,4.0,32.5,3.5,1,High Risk (≤5 logins),259.0
CUST_03971,Healthcare,Mid-Market,2022-09-11,SUB_03971,Starter,49,2022-09-11,,Active,40,1,906,1.0,59.0,5.0,0,Healthy (16+ logins),477.0
CUST_03972,E-commerce,SMB,2022-03-28,SUB_03972,Starter,49,2022-03-28,2023-02-20,Churned,0,0,431,2.0,53.0,3.5,1,High Risk (≤5 logins),329.0
CUST_03973,Healthcare,SMB,2022-06-30,SUB_03973,Pro,199,2022-06-30,2022-08-30,Churned,1,0,341,2.0,34.0,4.5,1,High Risk (≤5 logins),61.0
CUST_03974,FinTech,SMB,2022-01-25,SUB_03974,Enterprise,999,2022-01-25,2022-10-31,Churned,1,1,32114,2.0,47.0,5.0,1,High Risk (≤5 logins),279.0
CUST_03975,E-commerce,SMB,2023-01-23,SUB_03975,Pro,199,2023-01-23,,Active,45,5,178,3.0,42.0,3.0,0,Healthy (16+ logins),343.0
CUST_03976,Healthcare,SMB,2022-08-10,SUB_03976,Starter,49,2022-08-10,,Active,42,13,678,0.0,0.0,5.0,0,Healthy (16+ logins),509.0
CUST_03977,Healthcare,SMB,2023-02-01,SUB_03977,Pro,199,2023-02-01,,Active,40,6,133,4.0,19.75,4.25,0,Healthy (16+ logins),334.0
CUST_03978,Healthcare,SMB,2023-05-26,SUB_03978,Starter,49,2023-05-26,,Active,42,4,29,2.0,36.5,2.5,0,Healthy (16+ logins),220.0
CUST_03979,E-commerce,SMB,2023-07-15,SUB_03979,Enterprise,999,2023-07-15,2024-04-23,Churned,4,0,40369,6.0,49.666666666666664,4.0,1,High Risk (≤5 logins),283.0
CUST_03980,EdTech,Mid-Market,2023-03-16,SUB_03980,Pro,199,2023-03-16,,Active,26,9,472,3.0,44.333333333333336,4.0,0,Healthy (16+ logins),291.0
CUST_03981,E-commerce,Enterprise,2022-06-24,SUB_03981,Pro,199,2022-06-24,,Active,33,13,995,3.0,56.0,2.6666666666666665,0,Healthy (16+ logins),556.0
CUST_03982,Logistics,Mid-Market,2022-11-07,SUB_03982,Starter,49,2022-11-07,2023-08-22,Churned,1,0,384,3.0,26.0,3.6666666666666665,1,High Risk (≤5 logins),288.0
CUST_03983,E-commerce,SMB,2022-10-01,SUB_03983,Pro,199,2022-10-01,,Active,31,14,597,3.0,54.666666666666664,2.6666666666666665,0,Healthy (16+ logins),457.0
CUST_03984,Healthcare,Enterprise,2022-02-04,SUB_03984,Starter,49,2022-02-04,,Active,48,1,8,2.0,26.0,3.0,0,Healthy (16+ logins),696.0
CUST_03985,FinTech,SMB,2022-08-05,SUB_03985,Starter,49,2022-08-05,2023-03-04,Churned,4,0,940,5.0,35.2,4.4,1,High Risk (≤5 logins),211.0
CUST_03986,E-commerce,SMB,2023-11-03,SUB_03986,Starter,49,2023-11-03,,Active,44,9,135,5.0,48.8,4.2,0,Healthy (16+ logins),59.0
CUST_03987,E-commerce,Enterprise,2023-02-12,SUB_03987,Enterprise,999,2023-02-12,,Active,21,3,10992,0.0,0.0,5.0,0,Healthy (16+ logins),323.0
CUST_03988,Healthcare,Mid-Market,2023-06-03,SUB_03988,Pro,199,2023-06-03,2023-12-15,Churned,3,0,975,3.0,35.666666666666664,2.0,1,High Risk (≤5 logins),195.0
CUST_03989,FinTech,Mid-Market,2022-09-26,SUB_03989,Starter,49,2022-09-26,,Active,7,2,978,1.0,56.0,5.0,0,Medium Risk (6-15 logins),462.0
CUST_03990,FinTech,Mid-Market,2023-09-30,SUB_03990,Pro,199,2023-09-30,,Active,8,4,647,4.0,35.75,3.5,0,Medium Risk (6-15 logins),93.0
CUST_03991,Logistics,SMB,2023-04-20,SUB_03991,Starter,49,2023-04-20,,Active,44,4,651,8.0,37.875,4.375,0,Healthy (16+ logins),256.0
CUST_03992,E-commerce,SMB,2022-11-21,SUB_03992,Starter,49,2022-11-21,,Active,20,9,42,2.0,26.5,2.5,0,Healthy (16+ logins),406.0
CUST_03993,FinTech,Mid-Market,2022-12-22,SUB_03993,Starter,49,2022-12-22,,Active,15,4,104,5.0,36.8,4.2,0,Medium Risk (6-15 logins),375.0
CUST_03994,FinTech,SMB,2022-03-31,SUB_03994,Pro,199,2022-03-31,2022-05-03,Churned,0,0,823,1.0,39.0,3.0,1,High Risk (≤5 logins),33.0
CUST_03995,EdTech,SMB,2022-02-11,SUB_03995,Pro,199,2022-02-11,2022-08-04,Churned,0,0,30,3.0,43.333333333333336,4.333333333333333,1,High Risk (≤5 logins),174.0
CUST_03996,EdTech,Mid-Market,2022-12-31,SUB_03996,Starter,49,2022-12-31,,Active,35,4,681,2.0,33.5,2.0,0,Healthy (16+ logins),366.0
CUST_03997,FinTech,Mid-Market,2023-11-02,SUB_03997,Pro,199,2023-11-02,2024-05-14,Churned,4,0,672,1.0,71.0,4.0,1,High Risk (≤5 logins),194.0
CUST_03998,Logistics,SMB,2022-07-21,SUB_03998,Starter,49,2022-07-21,2022-12-02,Churned,4,0,786,2.0,44.0,2.5,1,High Risk (≤5 logins),134.0
CUST_03999,FinTech,Mid-Market,2023-01-01,SUB_03999,Pro,199,2023-01-01,,Active,43,2,764,1.0,61.0,3.0,0,Healthy (16+ logins),365.0
CUST_04000,Healthcare,Mid-Market,2022-10-15,SUB_04000,Starter,49,2022-10-15,,Active,5,3,218,1.0,62.0,5.0,0,High Risk (≤5 logins),443.0
CUST_04001,E-commerce,Mid-Market,2023-08-26,SUB_04001,Pro,199,2023-08-26,,Active,6,4,983,1.0,18.0,5.0,0,Medium Risk (6-15 logins),128.0
CUST_04002,Logistics,SMB,2023-04-26,SUB_04002,Pro,199,2023-04-26,2023-06-30,Churned,0,1,112,0.0,0.0,5.0,1,High Risk (≤5 logins),65.0
CUST_04003,Healthcare,SMB,2023-09-29,SUB_04003,Pro,199,2023-09-29,,Active,49,13,731,1.0,67.0,1.0,0,Healthy (16+ logins),94.0
CUST_04004,Logistics,SMB,2023-05-16,SUB_04004,Starter,49,2023-05-16,2024-04-23,Churned,4,1,694,2.0,37.0,4.0,1,High Risk (≤5 logins),343.0
CUST_04005,Healthcare,SMB,2023-09-30,SUB_04005,Pro,199,2023-09-30,,Active,7,10,259,2.0,38.5,5.0,0,Medium Risk (6-15 logins),93.0
CUST_04006,E-commerce,SMB,2022-02-21,SUB_04006,Starter,49,2022-02-21,2022-09-07,Churned,1,0,11,2.0,41.0,3.5,1,High Risk (≤5 logins),198.0
CUST_04007,E-commerce,SMB,2022-04-13,SUB_04007,Pro,199,2022-04-13,,Active,20,11,470,2.0,51.0,2.0,0,Healthy (16+ logins),628.0
CUST_04008,EdTech,SMB,2022-12-27,SUB_04008,Starter,49,2022-12-27,2023-02-02,Churned,2,1,339,3.0,41.333333333333336,3.3333333333333335,1,High Risk (≤5 logins),37.0
CUST_04009,Healthcare,Enterprise,2023-02-28,SUB_04009,Starter,49,2023-02-28,2023-06-23,Churned,4,1,871,2.0,48.5,4.0,1,High Risk (≤5 logins),115.0
CUST_04010,EdTech,SMB,2023-11-30,SUB_04010,Pro,199,2023-11-30,,Active,39,11,923,4.0,20.0,3.25,0,Healthy (16+ logins),32.0
CUST_04011,Healthcare,Mid-Market,2022-07-24,SUB_04011,Pro,199,2022-07-24,,Active,26,8,245,6.0,37.666666666666664,3.8333333333333335,0,Healthy (16+ logins),526.0
CUST_04012,EdTech,Mid-Market,2022-01-14,SUB_04012,Starter,49,2022-01-14,,Active,36,8,249,1.0,43.0,2.0,0,Healthy (16+ logins),717.0
CUST_04013,E-commerce,SMB,2023-09-08,SUB_04013,Enterprise,999,2023-09-08,2024-01-12,Churned,1,0,26233,4.0,49.5,3.25,1,High Risk (≤5 logins),126.0
CUST_04014,Logistics,Enterprise,2023-09-21,SUB_04014,Enterprise,999,2023-09-21,,Active,10,4,43824,1.0,58.0,3.0,0,Medium Risk (6-15 logins),102.0
CUST_04015,EdTech,SMB,2023-04-15,SUB_04015,Pro,199,2023-04-15,,Active,15,7,303,2.0,6.0,2.5,0,Medium Risk (6-15 logins),261.0
CUST_04016,Healthcare,SMB,2023-04-11,SUB_04016,Starter,49,2023-04-11,2024-03-20,Churned,2,1,887,1.0,40.0,5.0,1,High Risk (≤5 logins),344.0
CUST_04017,Healthcare,Mid-Market,2022-10-31,SUB_04017,Pro,199,2022-10-31,,Active,25,14,891,7.0,39.57142857142857,3.142857142857143,0,Healthy (16+ logins),427.0
CUST_04018,E-commerce,SMB,2023-08-28,SUB_04018,Starter,49,2023-08-28,,Active,26,3,512,0.0,0.0,5.0,0,Healthy (16+ logins),126.0
CUST_04019,Healthcare,Mid-Market,2023-03-03,SUB_04019,Starter,49,2023-03-03,2023-05-01,Churned,0,0,360,1.0,16.0,4.0,1,High Risk (≤5 logins),59.0
CUST_04020,FinTech,SMB,2023-10-18,SUB_04020,Enterprise,999,2023-10-18,,Active,25,14,49465,3.0,40.666666666666664,4.0,0,Healthy (16+ logins),75.0
CUST_04021,Logistics,Mid-Market,2022-04-20,SUB_04021,Enterprise,999,2022-04-20,,Active,49,6,44415,3.0,40.0,3.6666666666666665,0,Healthy (16+ logins),621.0
CUST_04022,EdTech,SMB,2023-11-06,SUB_04022,Enterprise,999,2023-11-06,,Active,24,1,15924,3.0,42.0,3.0,0,Healthy (16+ logins),56.0
CUST_04023,Logistics,Mid-Market,2023-07-19,SUB_04023,Starter,49,2023-07-19,,Active,13,9,606,3.0,42.666666666666664,3.6666666666666665,0,Medium Risk (6-15 logins),166.0
CUST_04024,E-commerce,SMB,2023-05-30,SUB_04024,Starter,49,2023-05-30,,Active,31,12,488,2.0,27.5,4.5,0,Healthy (16+ logins),216.0
CUST_04025,EdTech,Mid-Market,2022-03-09,SUB_04025,Starter,49,2022-03-09,,Active,33,2,293,1.0,58.0,4.0,0,Healthy (16+ logins),663.0
CUST_04026,EdTech,Mid-Market,2022-09-03,SUB_04026,Starter,49,2022-09-03,,Active,47,13,508,0.0,0.0,5.0,0,Healthy (16+ logins),485.0
CUST_04027,FinTech,SMB,2023-01-24,SUB_04027,Starter,49,2023-01-24,,Active,37,3,520,1.0,7.0,4.0,0,Healthy (16+ logins),342.0
CUST_04028,E-commerce,Mid-Market,2023-10-12,SUB_04028,Starter,49,2023-10-12,,Active,49,5,773,5.0,37.0,3.8,0,Healthy (16+ logins),81.0
CUST_04029,Healthcare,SMB,2022-11-04,SUB_04029,Pro,199,2022-11-04,,Active,5,3,325,4.0,52.5,4.5,0,High Risk (≤5 logins),423.0
CUST_04030,FinTech,Mid-Market,2022-12-18,SUB_04030,Pro,199,2022-12-18,,Active,7,3,252,3.0,43.0,4.333333333333333,0,Medium Risk (6-15 logins),379.0
CUST_04031,FinTech,SMB,2022-03-07,SUB_04031,Pro,199,2022-03-07,,Active,36,8,307,2.0,38.5,4.0,0,Healthy (16+ logins),665.0
CUST_04032,Logistics,Mid-Market,2023-04-05,SUB_04032,Pro,199,2023-04-05,,Active,24,14,322,2.0,26.0,3.5,0,Healthy (16+ logins),271.0
CUST_04033,Logistics,Mid-Market,2022-12-13,SUB_04033,Starter,49,2022-12-13,,Active,21,4,607,3.0,57.0,2.6666666666666665,0,Healthy (16+ logins),384.0
CUST_04034,Logistics,SMB,2022-11-21,SUB_04034,Starter,49,2022-11-21,2023-03-31,Churned,3,1,866,3.0,51.0,3.6666666666666665,1,High Risk (≤5 logins),130.0
CUST_04035,FinTech,SMB,2023-10-29,SUB_04035,Pro,199,2023-10-29,2024-02-02,Churned,2,0,911,3.0,33.666666666666664,3.0,1,High Risk (≤5 logins),96.0
CUST_04036,Healthcare,SMB,2023-08-22,SUB_04036,Pro,199,2023-08-22,,Active,14,10,641,2.0,46.5,3.0,0,Medium Risk (6-15 logins),132.0
CUST_04037,EdTech,Mid-Market,2022-02-02,SUB_04037,Pro,199,2022-02-02,2022-05-05,Churned,4,0,35,3.0,42.666666666666664,2.6666666666666665,1,High Risk (≤5 logins),92.0
CUST_04038,Logistics,SMB,2022-03-09,SUB_04038,Starter,49,2022-03-09,2022-05-09,Churned,4,1,616,3.0,20.0,3.3333333333333335,1,High Risk (≤5 logins),61.0
CUST_04039,Healthcare,SMB,2022-07-06,SUB_04039,Starter,49,2022-07-06,,Active,33,2,710,5.0,51.4,3.2,0,Healthy (16+ logins),544.0
CUST_04040,E-commerce,Mid-Market,2022-07-11,SUB_04040,Pro,199,2022-07-11,2022-11-04,Churned,4,0,290,1.0,12.0,4.0,1,High Risk (≤5 logins),116.0
CUST_04041,Logistics,SMB,2022-08-01,SUB_04041,Pro,199,2022-08-01,,Active,36,11,887,3.0,33.666666666666664,3.0,0,Healthy (16+ logins),518.0
CUST_04042,EdTech,Mid-Market,2023-08-23,SUB_04042,Enterprise,999,2023-08-23,,Active,17,12,14057,8.0,44.875,3.75,0,Healthy (16+ logins),131.0
CUST_04043,E-commerce,SMB,2023-03-04,SUB_04043,Pro,199,2023-03-04,,Active,35,8,940,4.0,26.75,3.25,0,Healthy (16+ logins),303.0
CUST_04044,E-commerce,SMB,2022-12-17,SUB_04044,Pro,199,2022-12-17,2023-08-14,Churned,0,0,941,1.0,40.0,5.0,1,High Risk (≤5 logins),240.0
CUST_04045,EdTech,Mid-Market,2022-04-18,SUB_04045,Pro,199,2022-04-18,,Active,22,14,604,6.0,37.5,4.5,0,Healthy (16+ logins),623.0
CUST_04046,Logistics,SMB,2022-08-28,SUB_04046,Pro,199,2022-08-28,,Active,15,2,488,3.0,27.0,4.0,0,Medium Risk (6-15 logins),491.0
CUST_04047,FinTech,SMB,2022-08-04,SUB_04047,Pro,199,2022-08-04,,Active,46,3,960,2.0,23.0,3.0,0,Healthy (16+ logins),515.0
CUST_04048,EdTech,Mid-Market,2022-06-26,SUB_04048,Enterprise,999,2022-06-26,,Active,22,3,28982,2.0,20.5,4.0,0,Healthy (16+ logins),554.0
CUST_04049,EdTech,SMB,2023-07-19,SUB_04049,Pro,199,2023-07-19,,Active,45,1,384,2.0,38.5,4.5,0,Healthy (16+ logins),166.0
CUST_04050,EdTech,Enterprise,2022-11-26,SUB_04050,Enterprise,999,2022-11-26,,Active,41,3,45505,2.0,29.0,4.5,0,Healthy (16+ logins),401.0
CUST_04051,E-commerce,Enterprise,2023-07-15,SUB_04051,Starter,49,2023-07-15,,Active,37,3,952,3.0,28.0,3.6666666666666665,0,Healthy (16+ logins),170.0
CUST_04052,Healthcare,SMB,2023-09-18,SUB_04052,Pro,199,2023-09-18,2023-12-07,Churned,3,1,966,3.0,49.0,4.666666666666667,1,High Risk (≤5 logins),80.0
CUST_04053,FinTech,SMB,2023-03-26,SUB_04053,Pro,199,2023-03-26,,Active,7,13,706,4.0,42.0,4.0,0,Medium Risk (6-15 logins),281.0
CUST_04054,Logistics,Mid-Market,2023-08-30,SUB_04054,Starter,49,2023-08-30,,Active,5,8,255,3.0,38.666666666666664,4.333333333333333,0,High Risk (≤5 logins),124.0
CUST_04055,Logistics,SMB,2023-03-23,SUB_04055,Pro,199,2023-03-23,,Active,23,9,867,4.0,55.75,3.5,0,Healthy (16+ logins),284.0
CUST_04056,Healthcare,SMB,2023-06-21,SUB_04056,Starter,49,2023-06-21,,Active,10,1,358,2.0,55.0,3.5,0,Medium Risk (6-15 logins),194.0
CUST_04057,EdTech,Mid-Market,2023-10-06,SUB_04057,Pro,199,2023-10-06,,Active,14,1,542,3.0,41.333333333333336,4.0,0,Medium Risk (6-15 logins),87.0
CUST_04058,FinTech,SMB,2022-06-28,SUB_04058,Pro,199,2022-06-28,,Active,41,6,24,1.0,62.0,4.0,0,Healthy (16+ logins),552.0
CUST_04059,Logistics,Mid-Market,2023-01-30,SUB_04059,Starter,49,2023-01-30,,Active,16,1,814,0.0,0.0,5.0,0,Healthy (16+ logins),336.0
CUST_04060,Logistics,SMB,2022-05-25,SUB_04060,Starter,49,2022-05-25,,Active,48,12,951,2.0,28.0,4.5,0,Healthy (16+ logins),586.0
CUST_04061,EdTech,SMB,2022-07-17,SUB_04061,Pro,199,2022-07-17,,Active,21,5,983,1.0,45.0,4.0,0,Healthy (16+ logins),533.0
CUST_04062,Healthcare,SMB,2022-03-25,SUB_04062,Pro,199,2022-03-25,,Active,31,14,0,1.0,24.0,2.0,0,Healthy (16+ logins),647.0
CUST_04063,FinTech,Enterprise,2023-10-31,SUB_04063,Starter,49,2023-10-31,,Active,6,12,357,3.0,43.666666666666664,4.0,0,Medium Risk (6-15 logins),62.0
CUST_04064,Healthcare,Mid-Market,2022-03-26,SUB_04064,Pro,199,2022-03-26,,Active,29,1,117,1.0,28.0,5.0,0,Healthy (16+ logins),646.0
CUST_04065,Healthcare,Mid-Market,2023-04-02,SUB_04065,Pro,199,2023-04-02,,Active,48,13,478,0.0,0.0,5.0,0,Healthy (16+ logins),274.0
CUST_04066,FinTech,SMB,2023-04-21,SUB_04066,Pro,199,2023-04-21,,Active,32,8,676,5.0,34.4,4.4,0,Healthy (16+ logins),255.0
CUST_04067,FinTech,SMB,2022-09-10,SUB_04067,Starter,49,2022-09-10,2022-12-11,Churned,2,0,458,2.0,16.5,2.5,1,High Risk (≤5 logins),92.0
CUST_04068,Logistics,SMB,2022-03-13,SUB_04068,Enterprise,999,2022-03-13,,Active,41,5,6555,3.0,46.0,2.3333333333333335,0,Healthy (16+ logins),659.0
CUST_04069,Logistics,SMB,2022-08-11,SUB_04069,Starter,49,2022-08-11,,Active,41,6,194,1.0,24.0,2.0,0,Healthy (16+ logins),508.0
CUST_04070,FinTech,SMB,2022-10-03,SUB_04070,Pro,199,2022-10-03,,Active,21,4,651,3.0,37.666666666666664,3.6666666666666665,0,Healthy (16+ logins),455.0
CUST_04071,E-commerce,Mid-Market,2022-09-03,SUB_04071,Pro,199,2022-09-03,,Active,9,13,19,3.0,38.666666666666664,3.3333333333333335,0,Medium Risk (6-15 logins),485.0
CUST_04072,Logistics,SMB,2022-12-07,SUB_04072,Starter,49,2022-12-07,2023-03-26,Churned,2,1,285,2.0,43.0,4.5,1,High Risk (≤5 logins),109.0
CUST_04073,E-commerce,Enterprise,2023-07-27,SUB_04073,Pro,199,2023-07-27,2024-04-13,Churned,0,1,457,3.0,63.0,3.6666666666666665,1,High Risk (≤5 logins),261.0
CUST_04074,FinTech,SMB,2023-04-16,SUB_04074,Starter,49,2023-04-16,2023-08-24,Churned,3,0,742,3.0,29.333333333333332,5.0,1,High Risk (≤5 logins),130.0
CUST_04075,Logistics,Enterprise,2023-03-30,SUB_04075,Pro,199,2023-03-30,,Active,47,9,447,2.0,37.5,2.5,0,Healthy (16+ logins),277.0
CUST_04076,Healthcare,SMB,2022-01-07,SUB_04076,Pro,199,2022-01-07,,Active,42,1,590,2.0,37.0,3.0,0,Healthy (16+ logins),724.0
CUST_04077,FinTech,SMB,2022-07-07,SUB_04077,Pro,199,2022-07-07,,Active,49,14,639,3.0,41.0,3.3333333333333335,0,Healthy (16+ logins),543.0
CUST_04078,EdTech,SMB,2022-01-04,SUB_04078,Pro,199,2022-01-04,2022-06-11,Churned,0,0,84,2.0,9.5,4.0,1,High Risk (≤5 logins),158.0
CUST_04079,E-commerce,SMB,2023-10-07,SUB_04079,Pro,199,2023-10-07,2023-11-24,Churned,3,1,575,4.0,36.25,4.5,1,High Risk (≤5 logins),48.0
CUST_04080,FinTech,SMB,2022-05-05,SUB_04080,Pro,199,2022-05-05,,Active,36,13,273,1.0,56.0,3.0,0,Healthy (16+ logins),606.0
CUST_04081,FinTech,SMB,2022-01-15,SUB_04081,Pro,199,2022-01-15,,Active,41,13,799,8.0,44.0,3.875,0,Healthy (16+ logins),716.0
CUST_04082,Logistics,SMB,2023-06-09,SUB_04082,Starter,49,2023-06-09,,Active,31,10,402,2.0,19.5,1.5,0,Healthy (16+ logins),206.0
CUST_04083,Logistics,Mid-Market,2023-09-22,SUB_04083,Pro,199,2023-09-22,2024-01-23,Churned,0,1,252,1.0,21.0,3.0,1,High Risk (≤5 logins),123.0
CUST_04084,Logistics,Mid-Market,2022-08-28,SUB_04084,Enterprise,999,2022-08-28,,Active,46,8,13552,1.0,35.0,4.0,0,Healthy (16+ logins),491.0
CUST_04085,EdTech,Mid-Market,2022-12-26,SUB_04085,Starter,49,2022-12-26,,Active,15,7,800,0.0,0.0,5.0,0,Medium Risk (6-15 logins),371.0
CUST_04086,Logistics,SMB,2023-06-02,SUB_04086,Starter,49,2023-06-02,,Active,45,1,957,1.0,33.0,4.0,0,Healthy (16+ logins),213.0
CUST_04087,FinTech,Mid-Market,2022-11-16,SUB_04087,Starter,49,2022-11-16,,Active,17,1,661,6.0,33.333333333333336,3.5,0,Healthy (16+ logins),411.0
CUST_04088,Logistics,SMB,2022-08-19,SUB_04088,Starter,49,2022-08-19,2022-12-07,Churned,3,1,364,1.0,43.0,4.0,1,High Risk (≤5 logins),110.0
CUST_04089,Healthcare,SMB,2022-01-30,SUB_04089,Starter,49,2022-01-30,2022-06-11,Churned,2,0,668,1.0,30.0,2.0,1,High Risk (≤5 logins),132.0
CUST_04090,Logistics,SMB,2023-06-18,SUB_04090,Starter,49,2023-06-18,2023-12-18,Churned,2,0,727,3.0,23.666666666666668,4.666666666666667,1,High Risk (≤5 logins),183.0
CUST_04091,EdTech,SMB,2022-06-05,SUB_04091,Starter,49,2022-06-05,2023-03-30,Churned,1,1,259,1.0,71.0,3.0,1,High Risk (≤5 logins),298.0
CUST_04092,Healthcare,SMB,2023-09-22,SUB_04092,Pro,199,2023-09-22,,Active,41,9,433,3.0,40.0,3.3333333333333335,0,Healthy (16+ logins),101.0
CUST_04093,FinTech,SMB,2023-02-03,SUB_04093,Starter,49,2023-02-03,,Active,34,5,971,3.0,27.333333333333332,4.0,0,Healthy (16+ logins),332.0
CUST_04094,FinTech,SMB,2022-12-12,SUB_04094,Pro,199,2022-12-12,,Active,30,1,611,2.0,63.5,3.0,0,Healthy (16+ logins),385.0
CUST_04095,E-commerce,Mid-Market,2022-07-14,SUB_04095,Pro,199,2022-07-14,,Active,20,7,121,1.0,55.0,3.0,0,Healthy (16+ logins),536.0
CUST_04096,Healthcare,Mid-Market,2022-06-17,SUB_04096,Enterprise,999,2022-06-17,,Active,15,10,36132,5.0,48.2,3.8,0,Medium Risk (6-15 logins),563.0
CUST_04097,E-commerce,Enterprise,2023-01-12,SUB_04097,Pro,199,2023-01-12,,Active,8,2,516,3.0,49.666666666666664,2.6666666666666665,0,Medium Risk (6-15 logins),354.0
CUST_04098,Healthcare,Mid-Market,2023-05-04,SUB_04098,Starter,49,2023-05-04,,Active,45,3,978,3.0,35.666666666666664,3.3333333333333335,0,Healthy (16+ logins),242.0
CUST_04099,Healthcare,SMB,2022-12-28,SUB_04099,Enterprise,999,2022-12-28,,Active,19,4,17300,3.0,24.333333333333332,3.6666666666666665,0,Healthy (16+ logins),369.0
CUST_04100,EdTech,Mid-Market,2023-04-27,SUB_04100,Pro,199,2023-04-27,2023-09-21,Churned,4,0,678,4.0,26.5,4.0,1,High Risk (≤5 logins),147.0
CUST_04101,E-commerce,Mid-Market,2022-09-01,SUB_04101,Starter,49,2022-09-01,2023-07-06,Churned,0,1,568,3.0,62.333333333333336,3.3333333333333335,1,High Risk (≤5 logins),308.0
CUST_04102,EdTech,SMB,2023-08-04,SUB_04102,Starter,49,2023-08-04,,Active,8,9,542,3.0,53.0,3.3333333333333335,0,Medium Risk (6-15 logins),150.0
CUST_04103,Healthcare,SMB,2023-08-30,SUB_04103,Starter,49,2023-08-30,,Active,39,12,518,3.0,57.0,3.6666666666666665,0,Healthy (16+ logins),124.0
CUST_04104,FinTech,Enterprise,2023-08-12,SUB_04104,Starter,49,2023-08-12,2024-04-22,Churned,1,1,11,0.0,0.0,5.0,1,High Risk (≤5 logins),254.0
CUST_04105,Healthcare,SMB,2022-06-20,SUB_04105,Starter,49,2022-06-20,2023-04-13,Churned,1,0,9,2.0,40.5,5.0,1,High Risk (≤5 logins),297.0
CUST_04106,EdTech,Enterprise,2023-05-28,SUB_04106,Enterprise,999,2023-05-28,,Active,6,1,48054,5.0,36.8,3.6,0,Medium Risk (6-15 logins),218.0
CUST_04107,E-commerce,SMB,2023-02-10,SUB_04107,Pro,199,2023-02-10,,Active,43,13,724,2.0,39.0,4.5,0,Healthy (16+ logins),325.0
CUST_04108,E-commerce,SMB,2023-07-28,SUB_04108,Pro,199,2023-07-28,,Active,32,6,140,2.0,36.5,4.5,0,Healthy (16+ logins),157.0
CUST_04109,EdTech,SMB,2022-07-26,SUB_04109,Pro,199,2022-07-26,,Active,38,1,982,3.0,43.0,3.6666666666666665,0,Healthy (16+ logins),524.0
CUST_04110,E-commerce,SMB,2022-06-03,SUB_04110,Pro,199,2022-06-03,2022-11-16,Churned,0,1,638,4.0,35.75,3.75,1,High Risk (≤5 logins),166.0
CUST_04111,Logistics,Mid-Market,2022-02-17,SUB_04111,Pro,199,2022-02-17,,Active,12,7,709,1.0,40.0,5.0,0,Medium Risk (6-15 logins),683.0
CUST_04112,FinTech,Enterprise,2023-10-11,SUB_04112,Enterprise,999,2023-10-11,,Active,12,13,5042,4.0,42.75,2.75,0,Medium Risk (6-15 logins),82.0
CUST_04113,FinTech,SMB,2022-01-01,SUB_04113,Starter,49,2022-01-01,,Active,46,12,136,4.0,35.75,3.5,0,Healthy (16+ logins),730.0
CUST_04114,FinTech,SMB,2023-02-11,SUB_04114,Enterprise,999,2023-02-11,,Active,26,1,16329,2.0,24.5,4.0,0,Healthy (16+ logins),324.0
CUST_04115,E-commerce,Mid-Market,2022-04-17,SUB_04115,Pro,199,2022-04-17,,Active,31,9,599,3.0,46.0,2.6666666666666665,0,Healthy (16+ logins),624.0
CUST_04116,E-commerce,Mid-Market,2022-06-22,SUB_04116,Starter,49,2022-06-22,,Active,32,12,399,0.0,0.0,5.0,0,Healthy (16+ logins),558.0
CUST_04117,Healthcare,SMB,2023-05-21,SUB_04117,Pro,199,2023-05-21,,Active,15,11,442,3.0,26.333333333333332,2.3333333333333335,0,Medium Risk (6-15 logins),225.0
CUST_04118,Healthcare,SMB,2022-05-10,SUB_04118,Pro,199,2022-05-10,,Active,31,9,441,0.0,0.0,5.0,0,Healthy (16+ logins),601.0
CUST_04119,FinTech,Mid-Market,2023-02-02,SUB_04119,Enterprise,999,2023-02-02,,Active,5,6,5368,0.0,0.0,5.0,0,High Risk (≤5 logins),333.0
CUST_04120,Logistics,Mid-Market,2022-10-21,SUB_04120,Starter,49,2022-10-21,,Active,43,14,675,4.0,56.25,4.25,0,Healthy (16+ logins),437.0
CUST_04121,Healthcare,SMB,2023-07-06,SUB_04121,Pro,199,2023-07-06,,Active,32,2,760,3.0,27.333333333333332,4.0,0,Healthy (16+ logins),179.0
CUST_04122,Healthcare,SMB,2023-03-23,SUB_04122,Starter,49,2023-03-23,,Active,31,2,512,1.0,59.0,5.0,0,Healthy (16+ logins),284.0
CUST_04123,E-commerce,Enterprise,2022-01-16,SUB_04123,Starter,49,2022-01-16,,Active,12,9,276,2.0,40.0,4.5,0,Medium Risk (6-15 logins),715.0
CUST_04124,Logistics,Mid-Market,2023-10-01,SUB_04124,Starter,49,2023-10-01,,Active,28,13,683,5.0,36.4,3.6,0,Healthy (16+ logins),92.0
CUST_04125,FinTech,SMB,2022-12-15,SUB_04125,Pro,199,2022-12-15,2023-08-27,Churned,4,0,355,1.0,70.0,3.0,1,High Risk (≤5 logins),255.0
CUST_04126,Healthcare,SMB,2022-07-22,SUB_04126,Pro,199,2022-07-22,2023-07-20,Churned,1,1,932,2.0,54.0,5.0,1,High Risk (≤5 logins),363.0
CUST_04127,Logistics,Mid-Market,2022-05-14,SUB_04127,Starter,49,2022-05-14,,Active,28,4,773,0.0,0.0,5.0,0,Healthy (16+ logins),597.0
CUST_04128,Logistics,SMB,2023-06-10,SUB_04128,Pro,199,2023-06-10,2024-02-23,Churned,4,1,653,2.0,62.5,3.0,1,High Risk (≤5 logins),258.0
CUST_04129,FinTech,SMB,2023-05-23,SUB_04129,Starter,49,2023-05-23,,Active,26,13,92,3.0,30.0,4.666666666666667,0,Healthy (16+ logins),223.0
CUST_04130,Logistics,SMB,2022-03-07,SUB_04130,Starter,49,2022-03-07,,Active,14,10,640,1.0,16.0,2.0,0,Medium Risk (6-15 logins),665.0
CUST_04131,Logistics,SMB,2023-04-25,SUB_04131,Pro,199,2023-04-25,,Active,8,2,135,3.0,39.333333333333336,3.3333333333333335,0,Medium Risk (6-15 logins),251.0
CUST_04132,Logistics,Mid-Market,2023-04-04,SUB_04132,Starter,49,2023-04-04,,Active,12,4,110,1.0,17.0,5.0,0,Medium Risk (6-15 logins),272.0
CUST_04133,Healthcare,SMB,2022-12-08,SUB_04133,Pro,199,2022-12-08,,Active,43,2,43,4.0,41.5,2.75,0,Healthy (16+ logins),389.0
CUST_04134,FinTech,Mid-Market,2023-09-18,SUB_04134,Starter,49,2023-09-18,,Active,19,3,890,5.0,35.0,3.2,0,Healthy (16+ logins),105.0
CUST_04135,Logistics,SMB,2022-06-08,SUB_04135,Starter,49,2022-06-08,2023-05-26,Churned,3,1,210,1.0,33.0,3.0,1,High Risk (≤5 logins),352.0
CUST_04136,Logistics,SMB,2022-06-10,SUB_04136,Pro,199,2022-06-10,,Active,33,14,342,1.0,37.0,3.0,0,Healthy (16+ logins),570.0
CUST_04137,Healthcare,SMB,2022-09-11,SUB_04137,Pro,199,2022-09-11,,Active,46,8,358,1.0,56.0,4.0,0,Healthy (16+ logins),477.0
CUST_04138,FinTech,Enterprise,2023-06-11,SUB_04138,Starter,49,2023-06-11,,Active,43,5,360,1.0,50.0,2.0,0,Healthy (16+ logins),204.0
CUST_04139,E-commerce,Mid-Market,2023-07-03,SUB_04139,Pro,199,2023-07-03,,Active,39,5,330,5.0,34.4,3.2,0,Healthy (16+ logins),182.0
CUST_04140,Healthcare,SMB,2022-06-04,SUB_04140,Pro,199,2022-06-04,2022-10-19,Churned,4,1,410,3.0,38.666666666666664,4.0,1,High Risk (≤5 logins),137.0
CUST_04141,FinTech,Mid-Market,2023-05-01,SUB_04141,Pro,199,2023-05-01,,Active,18,11,758,0.0,0.0,5.0,0,Healthy (16+ logins),245.0
CUST_04142,Logistics,Mid-Market,2023-03-08,SUB_04142,Starter,49,2023-03-08,2024-01-31,Churned,4,1,507,2.0,27.0,3.0,1,High Risk (≤5 logins),329.0
CUST_04143,FinTech,Enterprise,2022-01-27,SUB_04143,Pro,199,2022-01-27,,Active,11,13,231,2.0,53.5,1.5,0,Medium Risk (6-15 logins),704.0
CUST_04144,FinTech,SMB,2022-01-12,SUB_04144,Pro,199,2022-01-12,,Active,48,7,803,1.0,66.0,5.0,0,Healthy (16+ logins),719.0
CUST_04145,FinTech,Mid-Market,2022-03-08,SUB_04145,Starter,49,2022-03-08,,Active,37,5,169,4.0,37.5,2.25,0,Healthy (16+ logins),664.0
CUST_04146,E-commerce,SMB,2023-06-26,SUB_04146,Pro,199,2023-06-26,,Active,39,7,403,3.0,49.0,4.333333333333333,0,Healthy (16+ logins),189.0
CUST_04147,FinTech,SMB,2022-04-06,SUB_04147,Enterprise,999,2022-04-06,,Active,31,13,5174,1.0,31.0,5.0,0,Healthy (16+ logins),635.0
CUST_04148,E-commerce,Enterprise,2022-08-03,SUB_04148,Pro,199,2022-08-03,,Active,5,1,519,2.0,50.0,2.0,0,High Risk (≤5 logins),516.0
CUST_04149,Logistics,SMB,2022-07-13,SUB_04149,Pro,199,2022-07-13,,Active,10,3,301,4.0,40.0,3.25,0,Medium Risk (6-15 logins),537.0
CUST_04150,E-commerce,SMB,2023-10-09,SUB_04150,Pro,199,2023-10-09,,Active,6,3,99,4.0,30.25,3.5,0,Medium Risk (6-15 logins),84.0
CUST_04151,Logistics,SMB,2022-10-17,SUB_04151,Pro,199,2022-10-17,2022-11-22,Churned,4,0,252,2.0,26.0,3.5,1,High Risk (≤5 logins),36.0
CUST_04152,Logistics,Mid-Market,2023-06-28,SUB_04152,Pro,199,2023-06-28,2023-12-02,Churned,0,1,307,1.0,19.0,3.0,1,High Risk (≤5 logins),157.0
CUST_04153,E-commerce,Mid-Market,2022-02-08,SUB_04153,Pro,199,2022-02-08,,Active,49,3,793,7.0,36.285714285714285,3.857142857142857,0,Healthy (16+ logins),692.0
CUST_04154,Healthcare,SMB,2022-07-25,SUB_04154,Pro,199,2022-07-25,2023-05-17,Churned,0,0,802,4.0,44.5,4.25,1,High Risk (≤5 logins),296.0
CUST_04155,EdTech,Enterprise,2023-07-09,SUB_04155,Starter,49,2023-07-09,,Active,20,3,699,1.0,69.0,5.0,0,Healthy (16+ logins),176.0
CUST_04156,FinTech,SMB,2023-04-29,SUB_04156,Starter,49,2023-04-29,,Active,33,7,386,0.0,0.0,5.0,0,Healthy (16+ logins),247.0
CUST_04157,EdTech,SMB,2022-12-03,SUB_04157,Pro,199,2022-12-03,,Active,35,4,122,2.0,35.0,3.5,0,Healthy (16+ logins),394.0
CUST_04158,FinTech,Enterprise,2023-05-11,SUB_04158,Starter,49,2023-05-11,,Active,26,5,131,1.0,12.0,5.0,0,Healthy (16+ logins),235.0
CUST_04159,FinTech,SMB,2022-09-06,SUB_04159,Pro,199,2022-09-06,,Active,14,14,235,2.0,59.0,2.0,0,Medium Risk (6-15 logins),482.0
CUST_04160,Logistics,SMB,2022-03-15,SUB_04160,Enterprise,999,2022-03-15,,Active,8,7,42307,0.0,0.0,5.0,0,Medium Risk (6-15 logins),657.0
CUST_04161,FinTech,SMB,2023-01-08,SUB_04161,Pro,199,2023-01-08,2023-07-29,Churned,2,0,61,1.0,27.0,5.0,1,High Risk (≤5 logins),202.0
CUST_04162,FinTech,Mid-Market,2022-05-18,SUB_04162,Enterprise,999,2022-05-18,2023-01-16,Churned,0,0,26966,1.0,29.0,5.0,1,High Risk (≤5 logins),243.0
CUST_04163,E-commerce,SMB,2023-04-02,SUB_04163,Pro,199,2023-04-02,,Active,21,6,689,4.0,49.0,4.5,0,Healthy (16+ logins),274.0
CUST_04164,EdTech,Enterprise,2023-03-20,SUB_04164,Starter,49,2023-03-20,,Active,44,9,731,5.0,40.6,3.2,0,Healthy (16+ logins),287.0
CUST_04165,E-commerce,Mid-Market,2022-12-19,SUB_04165,Pro,199,2022-12-19,,Active,12,6,402,4.0,35.75,3.75,0,Medium Risk (6-15 logins),378.0
CUST_04166,FinTech,SMB,2023-02-15,SUB_04166,Starter,49,2023-02-15,,Active,27,5,170,2.0,38.0,1.5,0,Healthy (16+ logins),320.0
CUST_04167,Logistics,Mid-Market,2023-11-09,SUB_04167,Starter,49,2023-11-09,,Active,11,12,475,7.0,35.0,3.142857142857143,0,Medium Risk (6-15 logins),53.0
CUST_04168,E-commerce,SMB,2023-06-22,SUB_04168,Starter,49,2023-06-22,,Active,36,14,593,1.0,54.0,4.0,0,Healthy (16+ logins),193.0
CUST_04169,E-commerce,SMB,2023-03-29,SUB_04169,Starter,49,2023-03-29,,Active,28,13,13,2.0,45.5,3.5,0,Healthy (16+ logins),278.0
CUST_04170,Healthcare,Mid-Market,2023-02-23,SUB_04170,Starter,49,2023-02-23,2023-11-26,Churned,2,1,269,2.0,32.0,3.0,1,High Risk (≤5 logins),276.0
CUST_04171,FinTech,Enterprise,2023-03-26,SUB_04171,Starter,49,2023-03-26,,Active,40,8,53,2.0,52.5,4.5,0,Healthy (16+ logins),281.0
CUST_04172,Logistics,SMB,2023-08-08,SUB_04172,Pro,199,2023-08-08,2023-12-21,Churned,4,0,412,1.0,48.0,4.0,1,High Risk (≤5 logins),135.0
CUST_04173,E-commerce,SMB,2022-04-25,SUB_04173,Pro,199,2022-04-25,,Active,10,5,130,4.0,41.0,2.5,0,Medium Risk (6-15 logins),616.0
CUST_04174,E-commerce,SMB,2022-02-20,SUB_04174,Starter,49,2022-02-20,,Active,46,3,609,4.0,31.0,3.5,0,Healthy (16+ logins),680.0
CUST_04175,Logistics,SMB,2023-01-04,SUB_04175,Starter,49,2023-01-04,,Active,35,10,712,1.0,35.0,5.0,0,Healthy (16+ logins),362.0
CUST_04176,FinTech,SMB,2023-11-14,SUB_04176,Pro,199,2023-11-14,,Active,16,12,871,1.0,19.0,2.0,0,Healthy (16+ logins),48.0
CUST_04177,Healthcare,SMB,2023-05-30,SUB_04177,Pro,199,2023-05-30,,Active,30,2,772,3.0,44.0,3.6666666666666665,0,Healthy (16+ logins),216.0
CUST_04178,E-commerce,Mid-Market,2022-07-29,SUB_04178,Enterprise,999,2022-07-29,,Active,29,1,10182,3.0,52.666666666666664,3.3333333333333335,0,Healthy (16+ logins),521.0
CUST_04179,Healthcare,SMB,2023-09-19,SUB_04179,Starter,49,2023-09-19,,Active,8,9,516,4.0,38.5,3.25,0,Medium Risk (6-15 logins),104.0
CUST_04180,EdTech,SMB,2023-11-10,SUB_04180,Pro,199,2023-11-10,,Active,10,5,628,4.0,41.0,3.0,0,Medium Risk (6-15 logins),52.0
CUST_04181,FinTech,Mid-Market,2023-03-11,SUB_04181,Pro,199,2023-03-11,,Active,17,10,300,3.0,16.333333333333332,3.0,0,Healthy (16+ logins),296.0
CUST_04182,EdTech,Mid-Market,2022-08-15,SUB_04182,Pro,199,2022-08-15,,Active,29,12,703,2.0,24.0,3.5,0,Healthy (16+ logins),504.0
CUST_04183,EdTech,SMB,2023-10-25,SUB_04183,Starter,49,2023-10-25,2024-02-14,Churned,4,1,959,2.0,55.5,2.5,1,High Risk (≤5 logins),112.0
CUST_04184,EdTech,SMB,2022-09-25,SUB_04184,Starter,49,2022-09-25,2023-08-12,Churned,0,0,938,5.0,51.2,3.6,1,High Risk (≤5 logins),321.0
CUST_04185,FinTech,Mid-Market,2022-04-26,SUB_04185,Starter,49,2022-04-26,2022-12-14,Churned,1,0,426,0.0,0.0,5.0,1,High Risk (≤5 logins),232.0
CUST_04186,FinTech,SMB,2023-08-23,SUB_04186,Starter,49,2023-08-23,,Active,25,4,115,0.0,0.0,5.0,0,Healthy (16+ logins),131.0
CUST_04187,Logistics,SMB,2022-12-26,SUB_04187,Pro,199,2022-12-26,,Active,19,11,235,2.0,22.5,4.0,0,Healthy (16+ logins),371.0
CUST_04188,Healthcare,Mid-Market,2022-11-25,SUB_04188,Pro,199,2022-11-25,,Active,7,2,562,5.0,34.2,3.8,0,Medium Risk (6-15 logins),402.0
CUST_04189,Healthcare,SMB,2022-02-09,SUB_04189,Pro,199,2022-02-09,2022-04-20,Churned,4,1,12,1.0,16.0,1.0,1,High Risk (≤5 logins),70.0
CUST_04190,Logistics,SMB,2022-07-01,SUB_04190,Pro,199,2022-07-01,,Active,49,8,217,4.0,27.5,4.5,0,Healthy (16+ logins),549.0
CUST_04191,Logistics,SMB,2023-05-05,SUB_04191,Pro,199,2023-05-05,,Active,30,12,328,3.0,51.333333333333336,4.0,0,Healthy (16+ logins),241.0
CUST_04192,EdTech,SMB,2022-07-28,SUB_04192,Starter,49,2022-07-28,,Active,21,4,67,2.0,34.5,4.0,0,Healthy (16+ logins),522.0
CUST_04193,Logistics,SMB,2022-09-30,SUB_04193,Enterprise,999,2022-09-30,2023-05-22,Churned,4,1,6751,2.0,24.5,3.0,1,High Risk (≤5 logins),234.0
CUST_04194,E-commerce,Enterprise,2022-04-29,SUB_04194,Pro,199,2022-04-29,,Active,39,12,990,2.0,33.0,3.0,0,Healthy (16+ logins),612.0
CUST_04195,Healthcare,SMB,2023-01-17,SUB_04195,Starter,49,2023-01-17,2023-04-05,Churned,0,1,836,1.0,67.0,4.0,1,High Risk (≤5 logins),78.0
CUST_04196,Logistics,SMB,2023-06-20,SUB_04196,Starter,49,2023-06-20,,Active,12,9,390,1.0,29.0,1.0,0,Medium Risk (6-15 logins),195.0
CUST_04197,E-commerce,SMB,2022-09-15,SUB_04197,Pro,199,2022-09-15,2023-03-06,Churned,3,0,91,4.0,32.5,4.0,1,High Risk (≤5 logins),172.0
CUST_04198,E-commerce,Enterprise,2023-04-28,SUB_04198,Pro,199,2023-04-28,,Active,28,4,103,4.0,62.5,4.75,0,Healthy (16+ logins),248.0
CUST_04199,E-commerce,SMB,2023-05-24,SUB_04199,Starter,49,2023-05-24,2023-11-10,Churned,4,0,589,1.0,23.0,5.0,1,High Risk (≤5 logins),170.0
CUST_04200,E-commerce,SMB,2022-04-02,SUB_04200,Pro,199,2022-04-02,2022-06-23,Churned,1,1,983,2.0,31.0,1.5,1,High Risk (≤5 logins),82.0
CUST_04201,EdTech,Mid-Market,2022-06-10,SUB_04201,Pro,199,2022-06-10,,Active,34,7,425,1.0,30.0,3.0,0,Healthy (16+ logins),570.0
CUST_04202,E-commerce,SMB,2022-05-29,SUB_04202,Pro,199,2022-05-29,2022-10-12,Churned,1,0,613,2.0,42.0,4.0,1,High Risk (≤5 logins),136.0
CUST_04203,EdTech,SMB,2022-04-27,SUB_04203,Starter,49,2022-04-27,,Active,38,10,772,1.0,42.0,3.0,0,Healthy (16+ logins),614.0
CUST_04204,EdTech,SMB,2023-04-03,SUB_04204,Starter,49,2023-04-03,,Active,24,12,942,6.0,36.166666666666664,3.3333333333333335,0,Healthy (16+ logins),273.0
CUST_04205,E-commerce,SMB,2023-07-19,SUB_04205,Enterprise,999,2023-07-19,,Active,40,10,37666,1.0,13.0,3.0,0,Healthy (16+ logins),166.0
CUST_04206,Healthcare,SMB,2022-02-14,SUB_04206,Pro,199,2022-02-14,,Active,38,13,378,2.0,55.5,3.5,0,Healthy (16+ logins),686.0
CUST_04207,E-commerce,Mid-Market,2022-08-22,SUB_04207,Starter,49,2022-08-22,,Active,38,7,737,2.0,38.0,4.0,0,Healthy (16+ logins),497.0
CUST_04208,E-commerce,SMB,2023-01-10,SUB_04208,Starter,49,2023-01-10,,Active,17,14,347,1.0,42.0,3.0,0,Healthy (16+ logins),356.0
CUST_04209,E-commerce,SMB,2023-07-01,SUB_04209,Starter,49,2023-07-01,2023-09-01,Churned,2,0,174,2.0,53.0,4.5,1,High Risk (≤5 logins),62.0
CUST_04210,Healthcare,SMB,2022-07-16,SUB_04210,Starter,49,2022-07-16,,Active,40,4,391,5.0,51.8,3.2,0,Healthy (16+ logins),534.0
CUST_04211,FinTech,SMB,2022-01-25,SUB_04211,Pro,199,2022-01-25,2022-09-11,Churned,3,1,404,4.0,28.25,3.75,1,High Risk (≤5 logins),229.0
CUST_04212,FinTech,SMB,2023-01-30,SUB_04212,Enterprise,999,2023-01-30,2023-06-27,Churned,0,0,38907,3.0,49.666666666666664,4.333333333333333,1,High Risk (≤5 logins),148.0
CUST_04213,EdTech,Enterprise,2022-02-05,SUB_04213,Starter,49,2022-02-05,,Active,35,13,629,3.0,35.333333333333336,3.3333333333333335,0,Healthy (16+ logins),695.0
CUST_04214,EdTech,SMB,2023-04-19,SUB_04214,Starter,49,2023-04-19,,Active,7,3,791,2.0,43.0,4.5,0,Medium Risk (6-15 logins),257.0
CUST_04215,Healthcare,Mid-Market,2022-08-11,SUB_04215,Pro,199,2022-08-11,,Active,32,5,652,6.0,43.166666666666664,3.6666666666666665,0,Healthy (16+ logins),508.0
CUST_04216,Logistics,SMB,2023-06-14,SUB_04216,Starter,49,2023-06-14,2024-04-26,Churned,0,1,624,5.0,38.6,3.0,1,High Risk (≤5 logins),317.0
CUST_04217,FinTech,SMB,2022-07-07,SUB_04217,Enterprise,999,2022-07-07,,Active,21,3,36282,5.0,38.6,4.6,0,Healthy (16+ logins),543.0
CUST_04218,EdTech,SMB,2023-02-06,SUB_04218,Pro,199,2023-02-06,,Active,42,10,248,2.0,23.5,3.0,0,Healthy (16+ logins),329.0
CUST_04219,FinTech,SMB,2022-09-14,SUB_04219,Enterprise,999,2022-09-14,2023-05-30,Churned,2,0,31312,3.0,51.333333333333336,3.0,1,High Risk (≤5 logins),258.0
CUST_04220,Healthcare,SMB,2023-10-16,SUB_04220,Starter,49,2023-10-16,,Active,24,5,88,0.0,0.0,5.0,0,Healthy (16+ logins),77.0
CUST_04221,Healthcare,SMB,2022-05-16,SUB_04221,Starter,49,2022-05-16,2022-10-10,Churned,1,1,876,1.0,43.0,5.0,1,High Risk (≤5 logins),147.0
CUST_04222,Logistics,Mid-Market,2023-08-14,SUB_04222,Starter,49,2023-08-14,,Active,9,6,820,3.0,31.666666666666668,4.0,0,Medium Risk (6-15 logins),140.0
CUST_04223,Logistics,SMB,2023-03-20,SUB_04223,Starter,49,2023-03-20,2023-10-11,Churned,4,1,731,3.0,27.0,3.3333333333333335,1,High Risk (≤5 logins),205.0
CUST_04224,Healthcare,SMB,2023-02-22,SUB_04224,Starter,49,2023-02-22,2023-09-24,Churned,1,0,998,2.0,44.5,3.5,1,High Risk (≤5 logins),214.0
CUST_04225,EdTech,SMB,2022-10-19,SUB_04225,Enterprise,999,2022-10-19,2023-10-01,Churned,3,0,22721,2.0,25.0,3.0,1,High Risk (≤5 logins),347.0
CUST_04226,FinTech,SMB,2023-07-28,SUB_04226,Pro,199,2023-07-28,,Active,35,12,414,3.0,51.666666666666664,2.6666666666666665,0,Healthy (16+ logins),157.0
CUST_04227,E-commerce,SMB,2022-05-09,SUB_04227,Pro,199,2022-05-09,,Active,32,13,454,5.0,47.6,4.2,0,Healthy (16+ logins),602.0
CUST_04228,Logistics,SMB,2022-12-07,SUB_04228,Starter,49,2022-12-07,2023-08-08,Churned,2,0,562,4.0,39.25,3.75,1,High Risk (≤5 logins),244.0
CUST_04229,E-commerce,SMB,2022-09-14,SUB_04229,Pro,199,2022-09-14,,Active,6,14,510,2.0,27.0,4.0,0,Medium Risk (6-15 logins),474.0
CUST_04230,EdTech,Mid-Market,2023-07-20,SUB_04230,Pro,199,2023-07-20,,Active,37,13,174,5.0,37.6,4.8,0,Healthy (16+ logins),165.0
CUST_04231,Logistics,Mid-Market,2023-11-18,SUB_04231,Starter,49,2023-11-18,,Active,44,10,934,2.0,55.0,4.0,0,Healthy (16+ logins),44.0
CUST_04232,E-commerce,SMB,2022-04-10,SUB_04232,Enterprise,999,2022-04-10,,Active,33,4,49699,1.0,67.0,5.0,0,Healthy (16+ logins),631.0
CUST_04233,EdTech,SMB,2022-02-08,SUB_04233,Starter,49,2022-02-08,,Active,8,3,628,0.0,0.0,5.0,0,Medium Risk (6-15 logins),692.0
CUST_04234,FinTech,Mid-Market,2022-09-20,SUB_04234,Starter,49,2022-09-20,2023-05-28,Churned,4,1,312,4.0,55.0,3.75,1,High Risk (≤5 logins),250.0
CUST_04235,EdTech,SMB,2022-05-30,SUB_04235,Starter,49,2022-05-30,,Active,28,8,945,2.0,61.5,2.5,0,Healthy (16+ logins),581.0
CUST_04236,Logistics,SMB,2023-09-25,SUB_04236,Pro,199,2023-09-25,,Active,36,3,370,2.0,35.5,5.0,0,Healthy (16+ logins),98.0
CUST_04237,Healthcare,SMB,2023-11-21,SUB_04237,Pro,199,2023-11-21,2024-04-28,Churned,4,0,312,5.0,51.0,4.2,1,High Risk (≤5 logins),159.0
CUST_04238,FinTech,SMB,2022-11-26,SUB_04238,Starter,49,2022-11-26,2023-11-23,Churned,2,0,802,3.0,45.333333333333336,3.3333333333333335,1,High Risk (≤5 logins),362.0
CUST_04239,E-commerce,SMB,2022-04-30,SUB_04239,Starter,49,2022-04-30,,Active,25,5,503,3.0,42.333333333333336,1.6666666666666667,0,Healthy (16+ logins),611.0
CUST_04240,Logistics,SMB,2023-08-07,SUB_04240,Starter,49,2023-08-07,2024-06-03,Churned,1,0,85,2.0,47.0,4.0,1,High Risk (≤5 logins),301.0
CUST_04241,Healthcare,SMB,2022-08-07,SUB_04241,Starter,49,2022-08-07,2023-05-09,Churned,0,1,646,5.0,57.8,2.0,1,High Risk (≤5 logins),275.0
CUST_04242,EdTech,SMB,2022-05-03,SUB_04242,Starter,49,2022-05-03,,Active,37,13,820,2.0,43.5,4.5,0,Healthy (16+ logins),608.0
CUST_04243,Healthcare,Mid-Market,2022-09-01,SUB_04243,Starter,49,2022-09-01,,Active,35,7,265,4.0,40.25,3.25,0,Healthy (16+ logins),487.0
CUST_04244,Logistics,SMB,2023-08-10,SUB_04244,Starter,49,2023-08-10,,Active,49,10,219,4.0,37.5,2.75,0,Healthy (16+ logins),144.0
CUST_04245,Logistics,SMB,2023-06-02,SUB_04245,Pro,199,2023-06-02,2023-11-01,Churned,0,1,294,5.0,53.4,4.0,1,High Risk (≤5 logins),152.0
CUST_04246,Healthcare,SMB,2022-01-21,SUB_04246,Pro,199,2022-01-21,2022-02-27,Churned,2,1,697,3.0,22.333333333333332,4.0,1,High Risk (≤5 logins),37.0
CUST_04247,EdTech,Mid-Market,2022-07-09,SUB_04247,Pro,199,2022-07-09,,Active,9,2,505,4.0,47.75,3.25,0,Medium Risk (6-15 logins),541.0
CUST_04248,Healthcare,Mid-Market,2022-08-13,SUB_04248,Starter,49,2022-08-13,2022-11-17,Churned,0,0,988,4.0,19.75,2.75,1,High Risk (≤5 logins),96.0
CUST_04249,Logistics,Mid-Market,2023-09-07,SUB_04249,Starter,49,2023-09-07,,Active,41,11,162,4.0,30.75,3.0,0,Healthy (16+ logins),116.0
CUST_04250,Logistics,SMB,2023-04-11,SUB_04250,Starter,49,2023-04-11,,Active,40,13,126,2.0,64.0,3.5,0,Healthy (16+ logins),265.0
CUST_04251,E-commerce,Mid-Market,2022-04-09,SUB_04251,Starter,49,2022-04-09,,Active,25,10,826,3.0,57.333333333333336,4.333333333333333,0,Healthy (16+ logins),632.0
CUST_04252,E-commerce,Mid-Market,2022-12-29,SUB_04252,Starter,49,2022-12-29,,Active,16,14,116,2.0,43.5,4.0,0,Healthy (16+ logins),368.0
CUST_04253,FinTech,SMB,2022-03-24,SUB_04253,Pro,199,2022-03-24,2022-08-15,Churned,1,0,405,3.0,23.0,3.3333333333333335,1,High Risk (≤5 logins),144.0
CUST_04254,Logistics,SMB,2023-11-24,SUB_04254,Enterprise,999,2023-11-24,,Active,18,7,42497,5.0,47.4,2.8,0,Healthy (16+ logins),38.0
CUST_04255,E-commerce,SMB,2023-10-26,SUB_04255,Starter,49,2023-10-26,,Active,47,11,767,2.0,35.0,4.0,0,Healthy (16+ logins),67.0
CUST_04256,Healthcare,Mid-Market,2022-02-25,SUB_04256,Starter,49,2022-02-25,,Active,46,1,355,3.0,43.666666666666664,3.3333333333333335,0,Healthy (16+ logins),675.0
CUST_04257,EdTech,SMB,2022-01-22,SUB_04257,Enterprise,999,2022-01-22,,Active,14,10,7960,1.0,59.0,3.0,0,Medium Risk (6-15 logins),709.0
CUST_04258,Healthcare,SMB,2023-08-03,SUB_04258,Starter,49,2023-08-03,2024-06-15,Churned,1,1,989,4.0,31.75,4.0,1,High Risk (≤5 logins),317.0
CUST_04259,EdTech,Enterprise,2022-07-04,SUB_04259,Pro,199,2022-07-04,,Active,45,14,221,5.0,24.8,4.2,0,Healthy (16+ logins),546.0
CUST_04260,E-commerce,Mid-Market,2023-06-06,SUB_04260,Enterprise,999,2023-06-06,2023-10-18,Churned,3,0,35339,4.0,50.25,4.25,1,High Risk (≤5 logins),134.0
CUST_04261,FinTech,Enterprise,2023-08-01,SUB_04261,Enterprise,999,2023-08-01,,Active,18,1,36783,2.0,41.0,4.5,0,Healthy (16+ logins),153.0
CUST_04262,Healthcare,Enterprise,2022-09-21,SUB_04262,Starter,49,2022-09-21,,Active,11,12,894,2.0,55.0,2.5,0,Medium Risk (6-15 logins),467.0
CUST_04263,Healthcare,SMB,2022-08-13,SUB_04263,Starter,49,2022-08-13,2022-10-06,Churned,2,1,862,3.0,46.666666666666664,3.6666666666666665,1,High Risk (≤5 logins),54.0
CUST_04264,Healthcare,Mid-Market,2023-09-27,SUB_04264,Starter,49,2023-09-27,,Active,24,9,149,1.0,25.0,4.0,0,Healthy (16+ logins),96.0
CUST_04265,EdTech,SMB,2022-02-07,SUB_04265,Pro,199,2022-02-07,2022-04-30,Churned,2,1,235,2.0,40.5,4.5,1,High Risk (≤5 logins),82.0
CUST_04266,E-commerce,Mid-Market,2022-05-03,SUB_04266,Enterprise,999,2022-05-03,2023-02-03,Churned,1,0,14819,4.0,29.75,3.5,1,High Risk (≤5 logins),276.0
CUST_04267,Healthcare,SMB,2022-06-05,SUB_04267,Pro,199,2022-06-05,,Active,40,4,167,1.0,71.0,4.0,0,Healthy (16+ logins),575.0
CUST_04268,Healthcare,Enterprise,2022-10-28,SUB_04268,Pro,199,2022-10-28,,Active,9,4,494,3.0,30.666666666666668,3.0,0,Medium Risk (6-15 logins),430.0
CUST_04269,FinTech,Mid-Market,2022-03-08,SUB_04269,Pro,199,2022-03-08,,Active,17,5,411,3.0,46.0,4.0,0,Healthy (16+ logins),664.0
CUST_04270,FinTech,Mid-Market,2023-10-07,SUB_04270,Pro,199,2023-10-07,,Active,43,9,941,1.0,36.0,5.0,0,Healthy (16+ logins),86.0
CUST_04271,E-commerce,SMB,2023-01-29,SUB_04271,Pro,199,2023-01-29,2023-12-05,Churned,3,0,68,5.0,36.4,3.6,1,High Risk (≤5 logins),310.0
CUST_04272,E-commerce,SMB,2023-10-14,SUB_04272,Pro,199,2023-10-14,2023-12-15,Churned,0,0,720,3.0,47.666666666666664,4.0,1,High Risk (≤5 logins),62.0
CUST_04273,Logistics,Mid-Market,2023-08-17,SUB_04273,Pro,199,2023-08-17,,Active,10,10,563,1.0,16.0,1.0,0,Medium Risk (6-15 logins),137.0
CUST_04274,FinTech,SMB,2023-07-24,SUB_04274,Starter,49,2023-07-24,2024-06-04,Churned,0,1,266,1.0,64.0,2.0,1,High Risk (≤5 logins),316.0
CUST_04275,Logistics,Mid-Market,2023-10-23,SUB_04275,Pro,199,2023-10-23,2023-12-27,Churned,0,0,149,3.0,57.333333333333336,4.0,1,High Risk (≤5 logins),65.0
CUST_04276,EdTech,SMB,2023-02-09,SUB_04276,Starter,49,2023-02-09,2023-11-04,Churned,2,0,814,5.0,36.4,3.2,1,High Risk (≤5 logins),268.0
CUST_04277,Logistics,Mid-Market,2023-03-25,SUB_04277,Starter,49,2023-03-25,,Active,45,9,856,2.0,44.0,1.5,0,Healthy (16+ logins),282.0
CUST_04278,Healthcare,SMB,2022-05-11,SUB_04278,Pro,199,2022-05-11,,Active,32,6,524,4.0,51.5,3.5,0,Healthy (16+ logins),600.0
CUST_04279,Logistics,Mid-Market,2022-03-10,SUB_04279,Pro,199,2022-03-10,2022-11-11,Churned,4,1,381,6.0,42.5,4.5,1,High Risk (≤5 logins),246.0
CUST_04280,E-commerce,Mid-Market,2022-12-11,SUB_04280,Enterprise,999,2022-12-11,2023-07-05,Churned,2,1,13452,5.0,37.8,4.2,1,High Risk (≤5 logins),206.0
CUST_04281,EdTech,SMB,2022-11-16,SUB_04281,Starter,49,2022-11-16,,Active,19,6,373,0.0,0.0,5.0,0,Healthy (16+ logins),411.0
CUST_04282,Healthcare,SMB,2022-06-26,SUB_04282,Pro,199,2022-06-26,2022-09-07,Churned,1,1,684,0.0,0.0,5.0,1,High Risk (≤5 logins),73.0
CUST_04283,Logistics,SMB,2023-08-07,SUB_04283,Starter,49,2023-08-07,,Active,44,10,505,5.0,34.6,3.4,0,Healthy (16+ logins),147.0
CUST_04284,EdTech,SMB,2023-06-13,SUB_04284,Enterprise,999,2023-06-13,,Active,27,1,39475,2.0,16.0,4.0,0,Healthy (16+ logins),202.0
CUST_04285,EdTech,SMB,2022-06-09,SUB_04285,Starter,49,2022-06-09,2023-05-08,Churned,3,0,586,3.0,52.333333333333336,4.0,1,High Risk (≤5 logins),333.0
CUST_04286,Healthcare,Mid-Market,2023-08-05,SUB_04286,Pro,199,2023-08-05,,Active,46,3,324,2.0,41.0,2.5,0,Healthy (16+ logins),149.0
CUST_04287,Logistics,SMB,2023-09-17,SUB_04287,Pro,199,2023-09-17,,Active,20,1,888,3.0,46.333333333333336,4.333333333333333,0,Healthy (16+ logins),106.0
CUST_04288,EdTech,SMB,2023-06-17,SUB_04288,Starter,49,2023-06-17,,Active,8,1,249,1.0,21.0,5.0,0,Medium Risk (6-15 logins),198.0
CUST_04289,EdTech,SMB,2022-05-15,SUB_04289,Enterprise,999,2022-05-15,,Active,12,5,44878,1.0,56.0,4.0,0,Medium Risk (6-15 logins),596.0
CUST_04290,FinTech,SMB,2022-04-21,SUB_04290,Pro,199,2022-04-21,,Active,40,14,789,3.0,43.0,3.6666666666666665,0,Healthy (16+ logins),620.0
CUST_04291,EdTech,SMB,2022-10-10,SUB_04291,Starter,49,2022-10-10,,Active,14,10,450,1.0,12.0,5.0,0,Medium Risk (6-15 logins),448.0
CUST_04292,FinTech,Enterprise,2023-06-04,SUB_04292,Starter,49,2023-06-04,2023-12-08,Churned,4,0,753,1.0,31.0,5.0,1,High Risk (≤5 logins),187.0
CUST_04293,Logistics,Mid-Market,2022-07-13,SUB_04293,Starter,49,2022-07-13,2023-05-07,Churned,1,1,930,1.0,57.0,5.0,1,High Risk (≤5 logins),298.0
CUST_04294,Logistics,SMB,2022-02-16,SUB_04294,Starter,49,2022-02-16,,Active,20,2,927,0.0,0.0,5.0,0,Healthy (16+ logins),684.0
CUST_04295,Logistics,SMB,2022-12-08,SUB_04295,Pro,199,2022-12-08,,Active,34,12,421,1.0,39.0,3.0,0,Healthy (16+ logins),389.0
CUST_04296,E-commerce,Mid-Market,2022-08-30,SUB_04296,Enterprise,999,2022-08-30,,Active,48,4,20464,2.0,28.5,4.0,0,Healthy (16+ logins),489.0
CUST_04297,Logistics,SMB,2023-06-06,SUB_04297,Starter,49,2023-06-06,2023-12-23,Churned,3,1,935,3.0,34.666666666666664,4.333333333333333,1,High Risk (≤5 logins),200.0
CUST_04298,EdTech,SMB,2023-01-05,SUB_04298,Starter,49,2023-01-05,,Active,15,11,215,4.0,31.75,3.5,0,Medium Risk (6-15 logins),361.0
CUST_04299,Healthcare,SMB,2022-05-11,SUB_04299,Pro,199,2022-05-11,,Active,38,12,731,2.0,40.5,3.5,0,Healthy (16+ logins),600.0
CUST_04300,FinTech,SMB,2022-09-27,SUB_04300,Starter,49,2022-09-27,,Active,20,12,20,1.0,11.0,1.0,0,Healthy (16+ logins),461.0
CUST_04301,E-commerce,Enterprise,2022-03-02,SUB_04301,Starter,49,2022-03-02,,Active,23,7,304,2.0,41.0,3.5,0,Healthy (16+ logins),670.0
CUST_04302,Logistics,Mid-Market,2022-06-13,SUB_04302,Starter,49,2022-06-13,,Active,48,8,352,1.0,62.0,4.0,0,Healthy (16+ logins),567.0
CUST_04303,Logistics,SMB,2023-06-09,SUB_04303,Pro,199,2023-06-09,2024-02-14,Churned,4,1,603,7.0,45.57142857142857,3.5714285714285716,1,High Risk (≤5 logins),250.0
CUST_04304,Healthcare,SMB,2022-09-29,SUB_04304,Pro,199,2022-09-29,2023-06-15,Churned,1,1,806,3.0,50.0,3.0,1,High Risk (≤5 logins),259.0
CUST_04305,Healthcare,Mid-Market,2022-05-13,SUB_04305,Pro,199,2022-05-13,,Active,35,7,444,2.0,42.5,1.5,0,Healthy (16+ logins),598.0
CUST_04306,E-commerce,Mid-Market,2022-09-01,SUB_04306,Starter,49,2022-09-01,,Active,39,9,611,4.0,36.0,4.25,0,Healthy (16+ logins),487.0
CUST_04307,FinTech,Mid-Market,2023-03-10,SUB_04307,Pro,199,2023-03-10,,Active,38,7,265,2.0,45.0,3.5,0,Healthy (16+ logins),297.0
CUST_04308,Logistics,Mid-Market,2022-02-07,SUB_04308,Pro,199,2022-02-07,,Active,30,4,996,3.0,46.666666666666664,3.3333333333333335,0,Healthy (16+ logins),693.0
CUST_04309,E-commerce,SMB,2023-07-22,SUB_04309,Pro,199,2023-07-22,,Active,43,9,167,1.0,60.0,5.0,0,Healthy (16+ logins),163.0
CUST_04310,EdTech,Mid-Market,2022-11-15,SUB_04310,Starter,49,2022-11-15,,Active,10,9,57,7.0,44.714285714285715,3.5714285714285716,0,Medium Risk (6-15 logins),412.0
CUST_04311,EdTech,Mid-Market,2023-05-25,SUB_04311,Pro,199,2023-05-25,,Active,37,3,600,3.0,40.666666666666664,3.0,0,Healthy (16+ logins),221.0
CUST_04312,E-commerce,SMB,2023-01-11,SUB_04312,Pro,199,2023-01-11,,Active,31,10,684,2.0,26.0,2.5,0,Healthy (16+ logins),355.0
CUST_04313,Logistics,Mid-Market,2023-07-14,SUB_04313,Starter,49,2023-07-14,,Active,16,14,656,6.0,37.0,3.6666666666666665,0,Healthy (16+ logins),171.0
CUST_04314,E-commerce,SMB,2023-09-09,SUB_04314,Starter,49,2023-09-09,2024-01-07,Churned,2,1,632,5.0,31.0,3.0,1,High Risk (≤5 logins),120.0
CUST_04315,Logistics,SMB,2023-04-19,SUB_04315,Enterprise,999,2023-04-19,,Active,12,1,48373,2.0,23.0,3.0,0,Medium Risk (6-15 logins),257.0
CUST_04316,Healthcare,SMB,2022-02-28,SUB_04316,Pro,199,2022-02-28,2022-08-07,Churned,3,1,323,3.0,47.0,3.3333333333333335,1,High Risk (≤5 logins),160.0
CUST_04317,E-commerce,SMB,2023-08-12,SUB_04317,Enterprise,999,2023-08-12,2024-04-23,Churned,2,1,11961,5.0,36.0,3.6,1,High Risk (≤5 logins),255.0
CUST_04318,Logistics,SMB,2023-05-14,SUB_04318,Pro,199,2023-05-14,2024-01-23,Churned,1,1,884,4.0,20.75,3.5,1,High Risk (≤5 logins),254.0
CUST_04319,E-commerce,SMB,2022-08-06,SUB_04319,Pro,199,2022-08-06,,Active,11,8,61,2.0,44.5,3.5,0,Medium Risk (6-15 logins),513.0
CUST_04320,E-commerce,SMB,2023-07-21,SUB_04320,Starter,49,2023-07-21,,Active,22,6,88,4.0,42.0,2.75,0,Healthy (16+ logins),164.0
CUST_04321,Logistics,SMB,2023-07-21,SUB_04321,Starter,49,2023-07-21,,Active,44,8,415,2.0,19.5,4.0,0,Healthy (16+ logins),164.0
CUST_04322,Logistics,SMB,2022-05-09,SUB_04322,Enterprise,999,2022-05-09,,Active,28,14,35337,4.0,53.75,3.25,0,Healthy (16+ logins),602.0
CUST_04323,FinTech,SMB,2023-01-18,SUB_04323,Starter,49,2023-01-18,2023-07-09,Churned,1,1,681,1.0,10.0,4.0,1,High Risk (≤5 logins),172.0
CUST_04324,E-commerce,Mid-Market,2023-01-23,SUB_04324,Starter,49,2023-01-23,,Active,14,8,684,6.0,40.333333333333336,3.8333333333333335,0,Medium Risk (6-15 logins),343.0
CUST_04325,EdTech,SMB,2022-03-26,SUB_04325,Pro,199,2022-03-26,2022-06-29,Churned,3,0,75,2.0,48.0,3.0,1,High Risk (≤5 logins),95.0
CUST_04326,E-commerce,SMB,2023-05-25,SUB_04326,Pro,199,2023-05-25,,Active,48,3,404,4.0,32.5,3.25,0,Healthy (16+ logins),221.0
CUST_04327,E-commerce,Mid-Market,2023-09-19,SUB_04327,Starter,49,2023-09-19,,Active,16,7,364,2.0,52.5,3.5,0,Healthy (16+ logins),104.0
CUST_04328,Logistics,Mid-Market,2023-03-13,SUB_04328,Starter,49,2023-03-13,,Active,26,3,922,2.0,31.5,3.0,0,Healthy (16+ logins),294.0
CUST_04329,E-commerce,Mid-Market,2022-10-20,SUB_04329,Starter,49,2022-10-20,,Active,31,13,895,3.0,23.666666666666668,3.6666666666666665,0,Healthy (16+ logins),438.0
CUST_04330,E-commerce,SMB,2022-02-18,SUB_04330,Starter,49,2022-02-18,2022-04-16,Churned,0,0,669,1.0,15.0,1.0,1,High Risk (≤5 logins),57.0
CUST_04331,EdTech,SMB,2022-03-08,SUB_04331,Pro,199,2022-03-08,,Active,22,2,841,4.0,32.25,3.75,0,Healthy (16+ logins),664.0
CUST_04332,Logistics,Mid-Market,2022-05-09,SUB_04332,Starter,49,2022-05-09,,Active,9,6,724,2.0,39.5,2.5,0,Medium Risk (6-15 logins),602.0
CUST_04333,E-commerce,SMB,2022-01-29,SUB_04333,Pro,199,2022-01-29,,Active,18,2,384,2.0,47.0,3.5,0,Healthy (16+ logins),702.0
CUST_04334,Healthcare,SMB,2022-12-09,SUB_04334,Pro,199,2022-12-09,,Active,29,14,8,2.0,42.5,2.5,0,Healthy (16+ logins),388.0
CUST_04335,FinTech,SMB,2023-06-29,SUB_04335,Pro,199,2023-06-29,2023-11-30,Churned,3,1,514,3.0,44.666666666666664,3.6666666666666665,1,High Risk (≤5 logins),154.0
CUST_04336,EdTech,Mid-Market,2022-04-29,SUB_04336,Starter,49,2022-04-29,2022-12-26,Churned,4,1,368,2.0,61.0,4.5,1,High Risk (≤5 logins),241.0
CUST_04337,E-commerce,SMB,2023-11-23,SUB_04337,Pro,199,2023-11-23,,Active,42,2,308,1.0,32.0,4.0,0,Healthy (16+ logins),39.0
CUST_04338,Healthcare,Enterprise,2023-10-25,SUB_04338,Starter,49,2023-10-25,,Active,24,4,169,2.0,44.0,4.5,0,Healthy (16+ logins),68.0
CUST_04339,E-commerce,Mid-Market,2022-05-13,SUB_04339,Starter,49,2022-05-13,,Active,18,14,146,4.0,54.5,3.0,0,Healthy (16+ logins),598.0
CUST_04340,E-commerce,SMB,2022-11-23,SUB_04340,Pro,199,2022-11-23,2023-03-12,Churned,4,1,517,3.0,27.0,4.666666666666667,1,High Risk (≤5 logins),109.0
CUST_04341,Logistics,Mid-Market,2022-07-04,SUB_04341,Starter,49,2022-07-04,2023-03-28,Churned,4,1,902,4.0,29.75,4.25,1,High Risk (≤5 logins),267.0
CUST_04342,Logistics,Mid-Market,2023-05-21,SUB_04342,Pro,199,2023-05-21,,Active,34,5,682,3.0,52.0,3.0,0,Healthy (16+ logins),225.0
CUST_04343,Logistics,Mid-Market,2023-10-08,SUB_04343,Starter,49,2023-10-08,,Active,47,4,79,1.0,42.0,3.0,0,Healthy (16+ logins),85.0
CUST_04344,Healthcare,SMB,2023-11-20,SUB_04344,Starter,49,2023-11-20,,Active,45,2,803,0.0,0.0,5.0,0,Healthy (16+ logins),42.0
CUST_04345,E-commerce,Mid-Market,2023-06-18,SUB_04345,Enterprise,999,2023-06-18,,Active,24,11,25105,5.0,45.4,3.6,0,Healthy (16+ logins),197.0
CUST_04346,FinTech,SMB,2022-08-29,SUB_04346,Pro,199,2022-08-29,,Active,11,8,465,2.0,46.0,4.0,0,Medium Risk (6-15 logins),490.0
CUST_04347,EdTech,Enterprise,2023-08-12,SUB_04347,Pro,199,2023-08-12,,Active,9,13,735,1.0,21.0,5.0,0,Medium Risk (6-15 logins),142.0
CUST_04348,Logistics,SMB,2023-05-31,SUB_04348,Pro,199,2023-05-31,,Active,35,12,863,3.0,25.333333333333332,2.6666666666666665,0,Healthy (16+ logins),215.0
CUST_04349,Logistics,SMB,2022-06-14,SUB_04349,Starter,49,2022-06-14,2022-11-22,Churned,4,0,977,2.0,36.5,4.0,1,High Risk (≤5 logins),161.0
CUST_04350,E-commerce,Mid-Market,2023-10-02,SUB_04350,Pro,199,2023-10-02,,Active,19,11,806,3.0,45.333333333333336,4.333333333333333,0,Healthy (16+ logins),91.0
CUST_04351,E-commerce,Mid-Market,2023-07-11,SUB_04351,Starter,49,2023-07-11,,Active,29,8,554,3.0,39.0,3.6666666666666665,0,Healthy (16+ logins),174.0
CUST_04352,Healthcare,SMB,2022-08-06,SUB_04352,Pro,199,2022-08-06,,Active,17,10,932,6.0,43.166666666666664,3.5,0,Healthy (16+ logins),513.0
CUST_04353,Healthcare,SMB,2023-10-10,SUB_04353,Pro,199,2023-10-10,,Active,48,14,756,3.0,41.666666666666664,4.666666666666667,0,Healthy (16+ logins),83.0
CUST_04354,Logistics,SMB,2023-11-11,SUB_04354,Enterprise,999,2023-11-11,,Active,28,4,40919,6.0,44.166666666666664,3.0,0,Healthy (16+ logins),51.0
CUST_04355,E-commerce,Enterprise,2023-08-28,SUB_04355,Pro,199,2023-08-28,,Active,19,12,561,2.0,55.0,4.0,0,Healthy (16+ logins),126.0
CUST_04356,FinTech,Mid-Market,2022-01-05,SUB_04356,Starter,49,2022-01-05,,Active,28,5,294,1.0,46.0,4.0,0,Healthy (16+ logins),726.0
CUST_04357,EdTech,Mid-Market,2023-10-30,SUB_04357,Pro,199,2023-10-30,2024-10-21,Churned,2,0,129,2.0,49.0,3.0,1,High Risk (≤5 logins),357.0
CUST_04358,E-commerce,SMB,2022-03-22,SUB_04358,Starter,49,2022-03-22,,Active,23,1,892,0.0,0.0,5.0,0,Healthy (16+ logins),650.0
CUST_04359,E-commerce,SMB,2022-09-04,SUB_04359,Starter,49,2022-09-04,,Active,28,2,763,1.0,43.0,4.0,0,Healthy (16+ logins),484.0
CUST_04360,Healthcare,Mid-Market,2023-05-08,SUB_04360,Starter,49,2023-05-08,2024-04-01,Churned,3,1,164,0.0,0.0,5.0,1,High Risk (≤5 logins),329.0
CUST_04361,EdTech,Mid-Market,2023-10-11,SUB_04361,Pro,199,2023-10-11,,Active,46,8,612,1.0,58.0,5.0,0,Healthy (16+ logins),82.0
CUST_04362,Logistics,SMB,2023-01-21,SUB_04362,Starter,49,2023-01-21,,Active,21,1,882,1.0,45.0,5.0,0,Healthy (16+ logins),345.0
CUST_04363,E-commerce,Mid-Market,2023-07-29,SUB_04363,Starter,49,2023-07-29,,Active,9,3,449,4.0,43.25,4.0,0,Medium Risk (6-15 logins),156.0
CUST_04364,Logistics,SMB,2022-11-03,SUB_04364,Enterprise,999,2022-11-03,2023-03-31,Churned,0,0,33421,2.0,62.5,3.0,1,High Risk (≤5 logins),148.0
CUST_04365,E-commerce,SMB,2023-09-20,SUB_04365,Pro,199,2023-09-20,,Active,26,10,506,2.0,28.0,3.5,0,Healthy (16+ logins),103.0
CUST_04366,Logistics,SMB,2023-09-17,SUB_04366,Starter,49,2023-09-17,,Active,14,5,68,2.0,25.5,5.0,0,Medium Risk (6-15 logins),106.0
CUST_04367,EdTech,SMB,2023-06-27,SUB_04367,Starter,49,2023-06-27,,Active,25,12,555,1.0,31.0,5.0,0,Healthy (16+ logins),188.0
CUST_04368,Healthcare,SMB,2022-01-07,SUB_04368,Pro,199,2022-01-07,,Active,29,4,908,4.0,42.75,3.5,0,Healthy (16+ logins),724.0
CUST_04369,EdTech,SMB,2023-05-30,SUB_04369,Pro,199,2023-05-30,,Active,10,4,661,2.0,32.0,2.5,0,Medium Risk (6-15 logins),216.0
CUST_04370,FinTech,SMB,2023-07-22,SUB_04370,Starter,49,2023-07-22,2023-10-05,Churned,2,1,499,2.0,28.0,3.0,1,High Risk (≤5 logins),75.0
CUST_04371,Healthcare,Mid-Market,2022-03-14,SUB_04371,Pro,199,2022-03-14,,Active,33,4,134,3.0,31.666666666666668,4.0,0,Healthy (16+ logins),658.0
CUST_04372,EdTech,SMB,2022-01-10,SUB_04372,Pro,199,2022-01-10,,Active,15,11,897,2.0,22.0,4.0,0,Medium Risk (6-15 logins),721.0
CUST_04373,FinTech,SMB,2023-07-27,SUB_04373,Pro,199,2023-07-27,2023-11-17,Churned,1,1,829,3.0,25.333333333333332,2.6666666666666665,1,High Risk (≤5 logins),113.0
CUST_04374,E-commerce,SMB,2023-07-16,SUB_04374,Enterprise,999,2023-07-16,2024-05-22,Churned,4,0,26132,5.0,44.2,3.4,1,High Risk (≤5 logins),311.0
CUST_04375,E-commerce,SMB,2022-05-02,SUB_04375,Pro,199,2022-05-02,2022-06-13,Churned,2,1,973,6.0,54.166666666666664,4.0,1,High Risk (≤5 logins),42.0
CUST_04376,Logistics,Mid-Market,2023-11-18,SUB_04376,Pro,199,2023-11-18,,Active,26,2,344,1.0,38.0,5.0,0,Healthy (16+ logins),44.0
CUST_04377,Healthcare,SMB,2023-05-28,SUB_04377,Starter,49,2023-05-28,,Active,32,13,729,2.0,33.0,3.0,0,Healthy (16+ logins),218.0
CUST_04378,E-commerce,Mid-Market,2023-03-17,SUB_04378,Pro,199,2023-03-17,2023-08-18,Churned,4,0,900,5.0,19.4,4.0,1,High Risk (≤5 logins),154.0
CUST_04379,Healthcare,Mid-Market,2022-02-07,SUB_04379,Pro,199,2022-02-07,,Active,41,4,659,2.0,59.5,3.5,0,Healthy (16+ logins),693.0
CUST_04380,E-commerce,SMB,2023-08-14,SUB_04380,Starter,49,2023-08-14,,Active,23,14,637,2.0,43.0,3.0,0,Healthy (16+ logins),140.0
CUST_04381,Logistics,SMB,2022-12-11,SUB_04381,Pro,199,2022-12-11,2023-11-30,Churned,3,0,760,3.0,39.333333333333336,3.6666666666666665,1,High Risk (≤5 logins),354.0
CUST_04382,EdTech,SMB,2022-12-04,SUB_04382,Starter,49,2022-12-04,,Active,44,7,53,0.0,0.0,5.0,0,Healthy (16+ logins),393.0
CUST_04383,Logistics,SMB,2022-07-03,SUB_04383,Starter,49,2022-07-03,,Active,40,1,331,0.0,0.0,5.0,0,Healthy (16+ logins),547.0
CUST_04384,FinTech,Mid-Market,2022-03-08,SUB_04384,Starter,49,2022-03-08,,Active,27,10,958,2.0,39.0,3.0,0,Healthy (16+ logins),664.0
CUST_04385,E-commerce,SMB,2022-01-17,SUB_04385,Pro,199,2022-01-17,2022-08-06,Churned,0,1,419,4.0,50.5,3.25,1,High Risk (≤5 logins),201.0
CUST_04386,FinTech,SMB,2023-01-18,SUB_04386,Enterprise,999,2023-01-18,,Active,15,9,35662,4.0,32.25,4.5,0,Medium Risk (6-15 logins),348.0
CUST_04387,FinTech,SMB,2023-01-03,SUB_04387,Starter,49,2023-01-03,2023-09-23,Churned,2,0,720,1.0,36.0,5.0,1,High Risk (≤5 logins),263.0
CUST_04388,Healthcare,SMB,2022-11-12,SUB_04388,Pro,199,2022-11-12,,Active,17,11,655,3.0,45.666666666666664,4.0,0,Healthy (16+ logins),415.0
CUST_04389,E-commerce,SMB,2023-05-12,SUB_04389,Starter,49,2023-05-12,,Active,28,6,312,4.0,30.0,3.25,0,Healthy (16+ logins),234.0
CUST_04390,FinTech,SMB,2022-12-11,SUB_04390,Enterprise,999,2022-12-11,,Active,20,14,39449,6.0,45.166666666666664,3.8333333333333335,0,Healthy (16+ logins),386.0
CUST_04391,EdTech,SMB,2023-07-07,SUB_04391,Pro,199,2023-07-07,,Active,32,2,137,1.0,29.0,5.0,0,Healthy (16+ logins),178.0
CUST_04392,FinTech,SMB,2023-04-18,SUB_04392,Pro,199,2023-04-18,,Active,34,6,354,4.0,34.0,4.5,0,Healthy (16+ logins),258.0
CUST_04393,EdTech,Mid-Market,2022-04-25,SUB_04393,Pro,199,2022-04-25,,Active,48,5,501,2.0,31.5,5.0,0,Healthy (16+ logins),616.0
CUST_04394,Healthcare,Mid-Market,2022-04-10,SUB_04394,Starter,49,2022-04-10,2022-11-06,Churned,0,1,224,3.0,40.333333333333336,4.666666666666667,1,High Risk (≤5 logins),210.0
CUST_04395,FinTech,SMB,2023-03-14,SUB_04395,Pro,199,2023-03-14,,Active,43,12,613,2.0,52.5,4.0,0,Healthy (16+ logins),293.0
CUST_04396,Logistics,SMB,2022-12-11,SUB_04396,Enterprise,999,2022-12-11,,Active,46,1,2698,1.0,61.0,1.0,0,Healthy (16+ logins),386.0
CUST_04397,Healthcare,Enterprise,2022-12-15,SUB_04397,Starter,49,2022-12-15,,Active,31,5,306,5.0,41.0,2.0,0,Healthy (16+ logins),382.0
CUST_04398,EdTech,SMB,2022-05-19,SUB_04398,Pro,199,2022-05-19,2022-08-07,Churned,4,0,794,7.0,42.142857142857146,3.5714285714285716,1,High Risk (≤5 logins),80.0
CUST_04399,Healthcare,SMB,2022-11-20,SUB_04399,Enterprise,999,2022-11-20,,Active,30,9,37194,3.0,34.666666666666664,3.0,0,Healthy (16+ logins),407.0
CUST_04400,FinTech,SMB,2022-10-29,SUB_04400,Starter,49,2022-10-29,,Active,11,12,90,5.0,60.0,3.2,0,Medium Risk (6-15 logins),429.0
CUST_04401,E-commerce,Mid-Market,2022-10-21,SUB_04401,Pro,199,2022-10-21,2023-08-15,Churned,0,0,808,3.0,33.0,5.0,1,High Risk (≤5 logins),298.0
CUST_04402,E-commerce,SMB,2023-06-13,SUB_04402,Enterprise,999,2023-06-13,,Active,19,6,46384,2.0,29.5,4.0,0,Healthy (16+ logins),202.0
CUST_04403,EdTech,Enterprise,2022-10-19,SUB_04403,Pro,199,2022-10-19,,Active,20,3,203,2.0,55.5,3.0,0,Healthy (16+ logins),439.0
CUST_04404,EdTech,Mid-Market,2022-03-15,SUB_04404,Starter,49,2022-03-15,,Active,25,1,893,4.0,41.0,3.25,0,Healthy (16+ logins),657.0
CUST_04405,E-commerce,Mid-Market,2023-04-29,SUB_04405,Starter,49,2023-04-29,,Active,21,11,749,4.0,38.25,3.25,0,Healthy (16+ logins),247.0
CUST_04406,EdTech,Mid-Market,2022-01-16,SUB_04406,Starter,49,2022-01-16,,Active,49,3,608,4.0,45.25,4.5,0,Healthy (16+ logins),715.0
CUST_04407,Healthcare,SMB,2023-06-10,SUB_04407,Pro,199,2023-06-10,,Active,30,2,632,5.0,30.2,3.2,0,Healthy (16+ logins),205.0
CUST_04408,Logistics,SMB,2022-12-02,SUB_04408,Pro,199,2022-12-02,2023-06-18,Churned,2,1,908,7.0,42.285714285714285,3.7142857142857144,1,High Risk (≤5 logins),198.0
CUST_04409,Logistics,Mid-Market,2023-05-31,SUB_04409,Pro,199,2023-05-31,,Active,24,12,116,1.0,49.0,2.0,0,Healthy (16+ logins),215.0
CUST_04410,Healthcare,Enterprise,2022-05-07,SUB_04410,Starter,49,2022-05-07,,Active,24,12,65,2.0,30.5,3.0,0,Healthy (16+ logins),604.0
CUST_04411,Logistics,SMB,2023-06-02,SUB_04411,Starter,49,2023-06-02,,Active,27,12,130,3.0,28.666666666666668,4.0,0,Healthy (16+ logins),213.0
CUST_04412,FinTech,Enterprise,2022-05-09,SUB_04412,Pro,199,2022-05-09,,Active,9,8,778,0.0,0.0,5.0,0,Medium Risk (6-15 logins),602.0
CUST_04413,Healthcare,SMB,2023-05-26,SUB_04413,Pro,199,2023-05-26,,Active,13,3,900,1.0,55.0,5.0,0,Medium Risk (6-15 logins),220.0
CUST_04414,EdTech,SMB,2023-02-27,SUB_04414,Enterprise,999,2023-02-27,,Active,27,11,18341,1.0,61.0,5.0,0,Healthy (16+ logins),308.0
CUST_04415,Healthcare,SMB,2023-01-20,SUB_04415,Pro,199,2023-01-20,2023-12-31,Churned,4,0,385,4.0,31.0,2.75,1,High Risk (≤5 logins),345.0
CUST_04416,E-commerce,SMB,2022-08-20,SUB_04416,Pro,199,2022-08-20,,Active,33,10,91,1.0,57.0,3.0,0,Healthy (16+ logins),499.0
CUST_04417,EdTech,SMB,2022-07-14,SUB_04417,Pro,199,2022-07-14,,Active,15,6,76,3.0,40.333333333333336,2.6666666666666665,0,Medium Risk (6-15 logins),536.0
CUST_04418,E-commerce,SMB,2022-03-06,SUB_04418,Pro,199,2022-03-06,2023-01-17,Churned,3,1,749,1.0,59.0,5.0,1,High Risk (≤5 logins),317.0
CUST_04419,EdTech,SMB,2023-09-07,SUB_04419,Starter,49,2023-09-07,,Active,12,11,251,3.0,32.0,3.6666666666666665,0,Medium Risk (6-15 logins),116.0
CUST_04420,Logistics,SMB,2022-10-04,SUB_04420,Enterprise,999,2022-10-04,2023-08-03,Churned,3,0,47784,3.0,23.666666666666668,2.3333333333333335,1,High Risk (≤5 logins),303.0
CUST_04421,Healthcare,SMB,2023-11-01,SUB_04421,Pro,199,2023-11-01,2024-06-24,Churned,4,0,871,2.0,34.0,2.5,1,High Risk (≤5 logins),236.0
CUST_04422,FinTech,Enterprise,2022-08-12,SUB_04422,Starter,49,2022-08-12,2023-02-05,Churned,0,1,319,1.0,68.0,3.0,1,High Risk (≤5 logins),177.0
CUST_04423,EdTech,SMB,2022-10-05,SUB_04423,Starter,49,2022-10-05,2023-08-30,Churned,1,0,652,1.0,50.0,5.0,1,High Risk (≤5 logins),329.0
CUST_04424,EdTech,SMB,2023-11-25,SUB_04424,Starter,49,2023-11-25,,Active,14,4,53,1.0,42.0,4.0,0,Medium Risk (6-15 logins),37.0
CUST_04425,E-commerce,SMB,2023-01-01,SUB_04425,Pro,199,2023-01-01,2023-03-08,Churned,3,0,651,2.0,30.0,3.5,1,High Risk (≤5 logins),66.0
CUST_04426,Logistics,SMB,2023-05-31,SUB_04426,Starter,49,2023-05-31,2023-12-07,Churned,1,1,657,2.0,32.0,2.0,1,High Risk (≤5 logins),190.0
CUST_04427,E-commerce,Mid-Market,2022-08-03,SUB_04427,Starter,49,2022-08-03,2023-06-03,Churned,2,1,785,4.0,40.0,4.0,1,High Risk (≤5 logins),304.0
CUST_04428,E-commerce,SMB,2023-03-15,SUB_04428,Pro,199,2023-03-15,,Active,41,5,144,5.0,40.0,3.8,0,Healthy (16+ logins),292.0
CUST_04429,Logistics,Mid-Market,2023-03-04,SUB_04429,Starter,49,2023-03-04,2024-01-15,Churned,0,0,678,1.0,51.0,1.0,1,High Risk (≤5 logins),317.0
CUST_04430,FinTech,SMB,2023-01-31,SUB_04430,Pro,199,2023-01-31,2023-06-15,Churned,4,1,85,5.0,40.8,4.0,1,High Risk (≤5 logins),135.0
CUST_04431,E-commerce,SMB,2022-07-28,SUB_04431,Starter,49,2022-07-28,2022-09-17,Churned,0,1,140,0.0,0.0,5.0,1,High Risk (≤5 logins),51.0
CUST_04432,E-commerce,SMB,2023-05-16,SUB_04432,Pro,199,2023-05-16,,Active,24,1,44,7.0,52.285714285714285,3.5714285714285716,0,Healthy (16+ logins),230.0
CUST_04433,EdTech,SMB,2023-04-08,SUB_04433,Starter,49,2023-04-08,,Active,12,5,639,1.0,47.0,4.0,0,Medium Risk (6-15 logins),268.0
CUST_04434,Logistics,SMB,2023-08-09,SUB_04434,Starter,49,2023-08-09,2024-04-27,Churned,3,0,869,4.0,54.0,3.5,1,High Risk (≤5 logins),262.0
CUST_04435,Healthcare,SMB,2022-08-15,SUB_04435,Starter,49,2022-08-15,,Active,41,12,116,4.0,39.0,3.75,0,Healthy (16+ logins),504.0
CUST_04436,FinTech,SMB,2023-01-10,SUB_04436,Pro,199,2023-01-10,,Active,45,3,146,1.0,26.0,2.0,0,Healthy (16+ logins),356.0
CUST_04437,FinTech,SMB,2023-05-15,SUB_04437,Pro,199,2023-05-15,2023-10-13,Churned,4,1,983,4.0,40.25,3.0,1,High Risk (≤5 logins),151.0
CUST_04438,Logistics,Enterprise,2022-04-03,SUB_04438,Starter,49,2022-04-03,,Active,39,10,658,2.0,35.0,3.0,0,Healthy (16+ logins),638.0
CUST_04439,EdTech,SMB,2023-04-05,SUB_04439,Pro,199,2023-04-05,,Active,48,5,20,2.0,45.0,3.5,0,Healthy (16+ logins),271.0
CUST_04440,EdTech,SMB,2023-07-31,SUB_04440,Starter,49,2023-07-31,,Active,43,7,535,5.0,38.8,3.8,0,Healthy (16+ logins),154.0
CUST_04441,Logistics,SMB,2022-11-17,SUB_04441,Enterprise,999,2022-11-17,,Active,19,14,11117,2.0,9.0,2.5,0,Healthy (16+ logins),410.0
CUST_04442,EdTech,SMB,2022-01-10,SUB_04442,Enterprise,999,2022-01-10,,Active,16,1,25686,4.0,37.75,2.5,0,Healthy (16+ logins),721.0
CUST_04443,FinTech,SMB,2022-10-30,SUB_04443,Pro,199,2022-10-30,,Active,38,6,47,3.0,37.666666666666664,3.0,0,Healthy (16+ logins),428.0
CUST_04444,FinTech,Mid-Market,2022-11-18,SUB_04444,Pro,199,2022-11-18,,Active,12,12,418,2.0,59.0,3.0,0,Medium Risk (6-15 logins),409.0
CUST_04445,Healthcare,Enterprise,2023-04-01,SUB_04445,Pro,199,2023-04-01,,Active,41,14,109,4.0,31.0,4.5,0,Healthy (16+ logins),275.0
CUST_04446,Logistics,SMB,2022-10-05,SUB_04446,Pro,199,2022-10-05,2023-03-12,Churned,3,0,570,2.0,37.5,4.0,1,High Risk (≤5 logins),158.0
CUST_04447,E-commerce,SMB,2023-08-21,SUB_04447,Pro,199,2023-08-21,,Active,7,6,997,1.0,52.0,4.0,0,Medium Risk (6-15 logins),133.0
CUST_04448,E-commerce,SMB,2023-06-22,SUB_04448,Enterprise,999,2023-06-22,,Active,34,4,3412,0.0,0.0,5.0,0,Healthy (16+ logins),193.0
CUST_04449,Healthcare,Mid-Market,2023-01-28,SUB_04449,Pro,199,2023-01-28,,Active,33,11,303,3.0,46.333333333333336,3.0,0,Healthy (16+ logins),338.0
CUST_04450,Healthcare,SMB,2022-04-05,SUB_04450,Pro,199,2022-04-05,2023-03-10,Churned,1,1,481,4.0,45.5,4.25,1,High Risk (≤5 logins),339.0
CUST_04451,EdTech,SMB,2022-04-17,SUB_04451,Pro,199,2022-04-17,2022-12-19,Churned,0,1,566,1.0,29.0,3.0,1,High Risk (≤5 logins),246.0
CUST_04452,Healthcare,SMB,2023-01-25,SUB_04452,Pro,199,2023-01-25,,Active,46,14,136,4.0,40.5,3.75,0,Healthy (16+ logins),341.0
CUST_04453,Healthcare,Mid-Market,2023-06-10,SUB_04453,Pro,199,2023-06-10,,Active,35,14,76,3.0,40.666666666666664,3.6666666666666665,0,Healthy (16+ logins),205.0
CUST_04454,E-commerce,SMB,2023-11-04,SUB_04454,Starter,49,2023-11-04,,Active,14,6,269,1.0,43.0,5.0,0,Medium Risk (6-15 logins),58.0
CUST_04455,EdTech,SMB,2022-03-12,SUB_04455,Starter,49,2022-03-12,2022-09-05,Churned,1,1,921,3.0,28.666666666666668,4.0,1,High Risk (≤5 logins),177.0
CUST_04456,Healthcare,Mid-Market,2023-10-26,SUB_04456,Starter,49,2023-10-26,,Active,47,12,691,5.0,28.8,3.4,0,Healthy (16+ logins),67.0
CUST_04457,Healthcare,SMB,2023-08-10,SUB_04457,Pro,199,2023-08-10,,Active,30,6,84,3.0,29.666666666666668,3.6666666666666665,0,Healthy (16+ logins),144.0
CUST_04458,EdTech,Mid-Market,2023-01-11,SUB_04458,Starter,49,2023-01-11,,Active,16,4,811,3.0,27.666666666666668,3.3333333333333335,0,Healthy (16+ logins),355.0
CUST_04459,Logistics,SMB,2023-01-03,SUB_04459,Enterprise,999,2023-01-03,2023-03-31,Churned,2,0,47282,1.0,57.0,5.0,1,High Risk (≤5 logins),87.0
CUST_04460,EdTech,Mid-Market,2022-02-20,SUB_04460,Pro,199,2022-02-20,,Active,9,12,650,2.0,43.5,4.0,0,Medium Risk (6-15 logins),680.0
CUST_04461,E-commerce,Mid-Market,2022-05-23,SUB_04461,Pro,199,2022-05-23,2023-02-13,Churned,2,1,818,2.0,47.0,3.0,1,High Risk (≤5 logins),266.0
CUST_04462,Logistics,SMB,2023-02-23,SUB_04462,Starter,49,2023-02-23,,Active,15,9,681,3.0,27.0,2.6666666666666665,0,Medium Risk (6-15 logins),312.0
CUST_04463,FinTech,Mid-Market,2023-07-02,SUB_04463,Pro,199,2023-07-02,,Active,27,8,241,2.0,38.5,4.5,0,Healthy (16+ logins),183.0
CUST_04464,EdTech,SMB,2023-05-15,SUB_04464,Pro,199,2023-05-15,,Active,21,14,957,4.0,56.25,4.25,0,Healthy (16+ logins),231.0
CUST_04465,E-commerce,Enterprise,2022-06-16,SUB_04465,Pro,199,2022-06-16,,Active,47,7,930,7.0,47.857142857142854,4.285714285714286,0,Healthy (16+ logins),564.0
CUST_04466,Logistics,SMB,2022-09-17,SUB_04466,Starter,49,2022-09-17,2022-12-25,Churned,0,1,63,5.0,44.0,4.0,1,High Risk (≤5 logins),99.0
CUST_04467,EdTech,Mid-Market,2022-07-11,SUB_04467,Pro,199,2022-07-11,,Active,21,13,239,3.0,19.333333333333332,3.6666666666666665,0,Healthy (16+ logins),539.0
CUST_04468,Healthcare,SMB,2022-07-21,SUB_04468,Pro,199,2022-07-21,,Active,27,7,94,2.0,48.0,3.0,0,Healthy (16+ logins),529.0
CUST_04469,EdTech,Enterprise,2022-07-04,SUB_04469,Pro,199,2022-07-04,,Active,43,1,657,0.0,0.0,5.0,0,Healthy (16+ logins),546.0
CUST_04470,FinTech,SMB,2022-06-07,SUB_04470,Enterprise,999,2022-06-07,,Active,13,8,20607,3.0,42.0,3.6666666666666665,0,Medium Risk (6-15 logins),573.0
CUST_04471,EdTech,Enterprise,2023-09-14,SUB_04471,Pro,199,2023-09-14,,Active,22,5,887,1.0,55.0,3.0,0,Healthy (16+ logins),109.0
CUST_04472,Logistics,Enterprise,2022-04-09,SUB_04472,Enterprise,999,2022-04-09,2022-11-13,Churned,1,0,46254,3.0,41.0,4.333333333333333,1,High Risk (≤5 logins),218.0
CUST_04473,Logistics,SMB,2022-08-29,SUB_04473,Pro,199,2022-08-29,,Active,34,7,452,3.0,53.0,4.0,0,Healthy (16+ logins),490.0
CUST_04474,EdTech,Mid-Market,2023-05-06,SUB_04474,Enterprise,999,2023-05-06,,Active,46,8,41749,2.0,58.0,4.0,0,Healthy (16+ logins),240.0
CUST_04475,Logistics,Enterprise,2022-07-21,SUB_04475,Pro,199,2022-07-21,,Active,48,7,916,2.0,35.0,4.5,0,Healthy (16+ logins),529.0
CUST_04476,Healthcare,SMB,2023-09-26,SUB_04476,Starter,49,2023-09-26,,Active,30,6,397,1.0,57.0,2.0,0,Healthy (16+ logins),97.0
CUST_04477,EdTech,SMB,2023-05-24,SUB_04477,Starter,49,2023-05-24,,Active,22,12,770,4.0,56.25,2.75,0,Healthy (16+ logins),222.0
CUST_04478,Healthcare,SMB,2023-09-21,SUB_04478,Starter,49,2023-09-21,,Active,25,6,670,3.0,53.0,2.3333333333333335,0,Healthy (16+ logins),102.0
CUST_04479,Healthcare,SMB,2022-04-06,SUB_04479,Starter,49,2022-04-06,,Active,45,5,728,0.0,0.0,5.0,0,Healthy (16+ logins),635.0
CUST_04480,E-commerce,SMB,2023-05-05,SUB_04480,Starter,49,2023-05-05,,Active,45,5,302,4.0,42.0,3.5,0,Healthy (16+ logins),241.0
CUST_04481,EdTech,SMB,2023-08-02,SUB_04481,Starter,49,2023-08-02,2024-04-29,Churned,0,1,427,2.0,44.5,2.5,1,High Risk (≤5 logins),271.0
CUST_04482,Logistics,SMB,2022-08-06,SUB_04482,Pro,199,2022-08-06,,Active,37,7,16,2.0,54.5,2.5,0,Healthy (16+ logins),513.0
CUST_04483,Healthcare,SMB,2023-06-11,SUB_04483,Starter,49,2023-06-11,,Active,47,13,985,2.0,37.0,4.0,0,Healthy (16+ logins),204.0
CUST_04484,E-commerce,SMB,2022-09-30,SUB_04484,Starter,49,2022-09-30,,Active,18,12,80,3.0,49.666666666666664,2.6666666666666665,0,Healthy (16+ logins),458.0
CUST_04485,EdTech,Mid-Market,2022-08-07,SUB_04485,Pro,199,2022-08-07,2022-11-07,Churned,1,0,183,4.0,28.5,3.0,1,High Risk (≤5 logins),92.0
CUST_04486,EdTech,Mid-Market,2023-10-21,SUB_04486,Pro,199,2023-10-21,,Active,32,14,466,2.0,48.5,4.5,0,Healthy (16+ logins),72.0
CUST_04487,FinTech,SMB,2022-11-28,SUB_04487,Enterprise,999,2022-11-28,2023-08-25,Churned,4,0,44336,1.0,36.0,5.0,1,High Risk (≤5 logins),270.0
CUST_04488,FinTech,Mid-Market,2023-03-29,SUB_04488,Pro,199,2023-03-29,,Active,23,5,70,5.0,50.6,4.0,0,Healthy (16+ logins),278.0
CUST_04489,Healthcare,Mid-Market,2022-06-01,SUB_04489,Starter,49,2022-06-01,,Active,30,3,89,3.0,43.0,4.0,0,Healthy (16+ logins),579.0
CUST_04490,FinTech,Enterprise,2022-12-13,SUB_04490,Starter,49,2022-12-13,,Active,14,8,708,5.0,49.2,3.2,0,Medium Risk (6-15 logins),384.0
CUST_04491,Healthcare,SMB,2023-02-18,SUB_04491,Starter,49,2023-02-18,2023-09-20,Churned,4,0,641,1.0,51.0,1.0,1,High Risk (≤5 logins),214.0
CUST_04492,Logistics,SMB,2023-06-11,SUB_04492,Starter,49,2023-06-11,,Active,38,11,591,2.0,36.5,4.0,0,Healthy (16+ logins),204.0
CUST_04493,Healthcare,Enterprise,2023-03-07,SUB_04493,Starter,49,2023-03-07,,Active,18,13,957,0.0,0.0,5.0,0,Healthy (16+ logins),300.0
CUST_04494,FinTech,Enterprise,2023-01-14,SUB_04494,Enterprise,999,2023-01-14,,Active,30,10,40467,4.0,53.0,3.25,0,Healthy (16+ logins),352.0
CUST_04495,Logistics,Mid-Market,2023-03-04,SUB_04495,Starter,49,2023-03-04,2023-12-17,Churned,0,1,202,3.0,30.666666666666668,3.3333333333333335,1,High Risk (≤5 logins),288.0
CUST_04496,FinTech,Mid-Market,2022-03-25,SUB_04496,Starter,49,2022-03-25,,Active,23,1,230,2.0,36.5,4.0,0,Healthy (16+ logins),647.0
CUST_04497,Healthcare,SMB,2022-07-11,SUB_04497,Starter,49,2022-07-11,,Active,28,14,598,5.0,42.2,3.2,0,Healthy (16+ logins),539.0
CUST_04498,E-commerce,SMB,2022-02-10,SUB_04498,Pro,199,2022-02-10,,Active,35,11,738,0.0,0.0,5.0,0,Healthy (16+ logins),690.0
CUST_04499,EdTech,SMB,2022-11-05,SUB_04499,Starter,49,2022-11-05,,Active,44,4,5,2.0,58.0,1.5,0,Healthy (16+ logins),422.0
CUST_04500,FinTech,SMB,2023-01-13,SUB_04500,Starter,49,2023-01-13,,Active,10,9,356,1.0,69.0,5.0,0,Medium Risk (6-15 logins),353.0
CUST_04501,Healthcare,Mid-Market,2022-05-16,SUB_04501,Starter,49,2022-05-16,,Active,24,5,448,6.0,32.333333333333336,3.1666666666666665,0,Healthy (16+ logins),595.0
CUST_04502,Logistics,SMB,2022-04-16,SUB_04502,Starter,49,2022-04-16,2022-12-30,Churned,3,1,736,2.0,42.0,2.0,1,High Risk (≤5 logins),258.0
CUST_04503,FinTech,SMB,2023-06-03,SUB_04503,Starter,49,2023-06-03,,Active,49,4,145,3.0,38.333333333333336,2.6666666666666665,0,Healthy (16+ logins),212.0
CUST_04504,FinTech,Enterprise,2023-06-26,SUB_04504,Pro,199,2023-06-26,,Active,38,12,54,3.0,38.333333333333336,3.6666666666666665,0,Healthy (16+ logins),189.0
CUST_04505,EdTech,SMB,2022-05-06,SUB_04505,Starter,49,2022-05-06,,Active,26,6,66,2.0,36.5,2.5,0,Healthy (16+ logins),605.0
CUST_04506,Healthcare,Enterprise,2022-12-23,SUB_04506,Pro,199,2022-12-23,,Active,11,7,696,2.0,16.0,3.0,0,Medium Risk (6-15 logins),374.0
CUST_04507,E-commerce,Enterprise,2023-02-04,SUB_04507,Pro,199,2023-02-04,,Active,37,7,146,1.0,22.0,5.0,0,Healthy (16+ logins),331.0
CUST_04508,Logistics,SMB,2022-03-20,SUB_04508,Pro,199,2022-03-20,,Active,10,8,585,2.0,18.0,3.5,0,Medium Risk (6-15 logins),652.0
CUST_04509,Healthcare,SMB,2023-01-24,SUB_04509,Starter,49,2023-01-24,,Active,20,5,979,2.0,42.0,3.5,0,Healthy (16+ logins),342.0
CUST_04510,Logistics,SMB,2023-08-02,SUB_04510,Starter,49,2023-08-02,2024-04-10,Churned,4,1,650,1.0,67.0,4.0,1,High Risk (≤5 logins),252.0
CUST_04511,FinTech,SMB,2023-06-19,SUB_04511,Starter,49,2023-06-19,2023-10-25,Churned,1,0,735,0.0,0.0,5.0,1,High Risk (≤5 logins),128.0
CUST_04512,EdTech,SMB,2022-03-15,SUB_04512,Pro,199,2022-03-15,,Active,27,11,231,1.0,36.0,2.0,0,Healthy (16+ logins),657.0
CUST_04513,EdTech,SMB,2022-01-05,SUB_04513,Pro,199,2022-01-05,,Active,22,2,467,5.0,32.8,4.2,0,Healthy (16+ logins),726.0
CUST_04514,E-commerce,Enterprise,2023-04-08,SUB_04514,Starter,49,2023-04-08,,Active,18,14,694,1.0,34.0,3.0,0,Healthy (16+ logins),268.0
CUST_04515,EdTech,SMB,2022-03-23,SUB_04515,Pro,199,2022-03-23,,Active,40,12,95,4.0,44.75,2.75,0,Healthy (16+ logins),649.0
CUST_04516,FinTech,Mid-Market,2023-06-21,SUB_04516,Pro,199,2023-06-21,,Active,19,10,490,3.0,35.666666666666664,3.0,0,Healthy (16+ logins),194.0
CUST_04517,E-commerce,SMB,2023-02-09,SUB_04517,Pro,199,2023-02-09,,Active,9,12,932,0.0,0.0,5.0,0,Medium Risk (6-15 logins),326.0
CUST_04518,Healthcare,SMB,2023-05-29,SUB_04518,Starter,49,2023-05-29,,Active,19,2,853,4.0,31.0,2.75,0,Healthy (16+ logins),217.0
CUST_04519,EdTech,Enterprise,2022-10-05,SUB_04519,Pro,199,2022-10-05,,Active,15,14,247,1.0,3.0,5.0,0,Medium Risk (6-15 logins),453.0
CUST_04520,E-commerce,SMB,2022-08-12,SUB_04520,Starter,49,2022-08-12,2023-05-15,Churned,1,0,131,4.0,46.5,3.5,1,High Risk (≤5 logins),276.0
CUST_04521,FinTech,SMB,2023-08-07,SUB_04521,Pro,199,2023-08-07,2023-10-20,Churned,4,0,524,1.0,53.0,2.0,1,High Risk (≤5 logins),74.0
CUST_04522,Logistics,Mid-Market,2022-03-09,SUB_04522,Starter,49,2022-03-09,2023-01-05,Churned,2,0,69,1.0,48.0,4.0,1,High Risk (≤5 logins),302.0
CUST_04523,Logistics,Mid-Market,2022-11-16,SUB_04523,Starter,49,2022-11-16,,Active,22,6,348,0.0,0.0,5.0,0,Healthy (16+ logins),411.0
CUST_04524,FinTech,Mid-Market,2023-08-29,SUB_04524,Pro,199,2023-08-29,,Active,8,3,441,3.0,41.666666666666664,4.333333333333333,0,Medium Risk (6-15 logins),125.0
CUST_04525,FinTech,SMB,2022-01-19,SUB_04525,Pro,199,2022-01-19,2022-02-22,Churned,0,1,255,4.0,26.75,3.75,1,High Risk (≤5 logins),34.0
CUST_04526,Logistics,SMB,2023-10-02,SUB_04526,Starter,49,2023-10-02,2023-11-11,Churned,4,1,385,3.0,46.333333333333336,3.6666666666666665,1,High Risk (≤5 logins),40.0
CUST_04527,E-commerce,Enterprise,2022-12-09,SUB_04527,Starter,49,2022-12-09,,Active,7,4,504,4.0,45.75,4.75,0,Medium Risk (6-15 logins),388.0
CUST_04528,Logistics,Enterprise,2023-08-17,SUB_04528,Pro,199,2023-08-17,,Active,36,9,699,5.0,35.2,3.4,0,Healthy (16+ logins),137.0
CUST_04529,FinTech,SMB,2022-12-09,SUB_04529,Enterprise,999,2022-12-09,,Active,40,10,40751,5.0,29.4,3.4,0,Healthy (16+ logins),388.0
CUST_04530,EdTech,Mid-Market,2022-04-07,SUB_04530,Pro,199,2022-04-07,,Active,25,8,415,1.0,56.0,4.0,0,Healthy (16+ logins),634.0
CUST_04531,Healthcare,SMB,2022-02-21,SUB_04531,Enterprise,999,2022-02-21,,Active,10,13,30246,3.0,47.666666666666664,4.0,0,Medium Risk (6-15 logins),679.0
CUST_04532,EdTech,SMB,2022-06-24,SUB_04532,Starter,49,2022-06-24,2022-08-31,Churned,3,0,315,2.0,67.0,5.0,1,High Risk (≤5 logins),68.0
CUST_04533,EdTech,SMB,2022-12-04,SUB_04533,Pro,199,2022-12-04,2023-02-13,Churned,4,1,665,4.0,30.75,4.0,1,High Risk (≤5 logins),71.0
CUST_04534,FinTech,SMB,2023-11-25,SUB_04534,Pro,199,2023-11-25,,Active,16,13,985,1.0,41.0,3.0,0,Healthy (16+ logins),37.0
CUST_04535,Logistics,SMB,2022-12-19,SUB_04535,Pro,199,2022-12-19,,Active,48,13,997,6.0,45.166666666666664,3.3333333333333335,0,Healthy (16+ logins),378.0
CUST_04536,E-commerce,SMB,2023-01-26,SUB_04536,Starter,49,2023-01-26,,Active,28,9,661,0.0,0.0,5.0,0,Healthy (16+ logins),340.0
CUST_04537,EdTech,SMB,2022-04-25,SUB_04537,Pro,199,2022-04-25,,Active,18,2,329,3.0,40.0,4.666666666666667,0,Healthy (16+ logins),616.0
CUST_04538,Logistics,Mid-Market,2022-12-14,SUB_04538,Pro,199,2022-12-14,,Active,45,3,982,1.0,43.0,4.0,0,Healthy (16+ logins),383.0
CUST_04539,E-commerce,Mid-Market,2022-01-01,SUB_04539,Pro,199,2022-01-01,,Active,16,1,131,4.0,41.5,3.5,0,Healthy (16+ logins),730.0
CUST_04540,EdTech,Mid-Market,2022-03-04,SUB_04540,Pro,199,2022-03-04,2022-10-22,Churned,1,1,143,3.0,45.0,5.0,1,High Risk (≤5 logins),232.0
CUST_04541,E-commerce,Enterprise,2022-08-14,SUB_04541,Pro,199,2022-08-14,,Active,14,2,246,0.0,0.0,5.0,0,Medium Risk (6-15 logins),505.0
CUST_04542,Logistics,SMB,2023-02-27,SUB_04542,Pro,199,2023-02-27,,Active,47,7,62,2.0,56.0,4.5,0,Healthy (16+ logins),308.0
CUST_04543,Healthcare,SMB,2022-01-19,SUB_04543,Starter,49,2022-01-19,2022-05-22,Churned,2,1,681,2.0,38.5,4.5,1,High Risk (≤5 logins),123.0
CUST_04544,Logistics,Mid-Market,2022-01-31,SUB_04544,Starter,49,2022-01-31,2022-03-06,Churned,2,1,928,3.0,33.0,4.0,1,High Risk (≤5 logins),34.0
CUST_04545,FinTech,SMB,2023-09-25,SUB_04545,Pro,199,2023-09-25,2023-12-15,Churned,3,0,908,1.0,50.0,1.0,1,High Risk (≤5 logins),81.0
CUST_04546,E-commerce,SMB,2022-01-24,SUB_04546,Enterprise,999,2022-01-24,,Active,20,2,25354,3.0,21.333333333333332,2.0,0,Healthy (16+ logins),707.0
CUST_04547,Healthcare,SMB,2022-07-30,SUB_04547,Starter,49,2022-07-30,2023-01-25,Churned,3,1,502,1.0,50.0,5.0,1,High Risk (≤5 logins),179.0
CUST_04548,E-commerce,Mid-Market,2022-06-10,SUB_04548,Pro,199,2022-06-10,,Active,26,12,235,1.0,15.0,5.0,0,Healthy (16+ logins),570.0
CUST_04549,E-commerce,SMB,2022-09-12,SUB_04549,Starter,49,2022-09-12,2023-05-04,Churned,1,1,396,1.0,66.0,1.0,1,High Risk (≤5 logins),234.0
CUST_04550,EdTech,Mid-Market,2023-07-25,SUB_04550,Starter,49,2023-07-25,,Active,35,12,800,2.0,67.0,3.5,0,Healthy (16+ logins),160.0
CUST_04551,FinTech,SMB,2022-04-24,SUB_04551,Pro,199,2022-04-24,2023-03-19,Churned,3,0,122,1.0,8.0,3.0,1,High Risk (≤5 logins),329.0
CUST_04552,E-commerce,Mid-Market,2023-05-19,SUB_04552,Pro,199,2023-05-19,,Active,38,11,269,2.0,35.5,3.5,0,Healthy (16+ logins),227.0
CUST_04553,Logistics,Mid-Market,2023-11-03,SUB_04553,Starter,49,2023-11-03,,Active,16,8,7,1.0,16.0,4.0,0,Healthy (16+ logins),59.0
CUST_04554,Logistics,Mid-Market,2022-08-08,SUB_04554,Pro,199,2022-08-08,2023-03-12,Churned,4,1,729,5.0,31.4,3.0,1,High Risk (≤5 logins),216.0
CUST_04555,EdTech,SMB,2022-12-23,SUB_04555,Pro,199,2022-12-23,2023-06-23,Churned,0,0,341,4.0,49.25,3.5,1,High Risk (≤5 logins),182.0
CUST_04556,FinTech,SMB,2022-06-18,SUB_04556,Enterprise,999,2022-06-18,,Active,16,12,46832,1.0,51.0,4.0,0,Healthy (16+ logins),562.0
CUST_04557,FinTech,Mid-Market,2023-06-08,SUB_04557,Starter,49,2023-06-08,2023-10-31,Churned,0,0,637,0.0,0.0,5.0,1,High Risk (≤5 logins),145.0
CUST_04558,Logistics,SMB,2022-08-30,SUB_04558,Pro,199,2022-08-30,,Active,27,9,896,3.0,40.333333333333336,5.0,0,Healthy (16+ logins),489.0
CUST_04559,Healthcare,SMB,2023-01-10,SUB_04559,Starter,49,2023-01-10,,Active,5,6,314,2.0,20.0,3.0,0,High Risk (≤5 logins),356.0
CUST_04560,EdTech,SMB,2022-05-19,SUB_04560,Starter,49,2022-05-19,2022-11-13,Churned,0,0,827,1.0,65.0,3.0,1,High Risk (≤5 logins),178.0
CUST_04561,EdTech,Enterprise,2022-04-07,SUB_04561,Pro,199,2022-04-07,,Active,6,2,560,2.0,62.0,4.0,0,Medium Risk (6-15 logins),634.0
CUST_04562,Logistics,SMB,2022-05-27,SUB_04562,Pro,199,2022-05-27,,Active,48,9,335,4.0,43.0,3.75,0,Healthy (16+ logins),584.0
CUST_04563,Logistics,Mid-Market,2022-07-01,SUB_04563,Starter,49,2022-07-01,,Active,35,5,747,4.0,57.25,3.75,0,Healthy (16+ logins),549.0
CUST_04564,Healthcare,SMB,2022-02-26,SUB_04564,Enterprise,999,2022-02-26,,Active,6,6,36218,1.0,14.0,3.0,0,Medium Risk (6-15 logins),674.0
CUST_04565,Healthcare,SMB,2022-02-11,SUB_04565,Pro,199,2022-02-11,,Active,29,1,828,0.0,0.0,5.0,0,Healthy (16+ logins),689.0
CUST_04566,FinTech,Mid-Market,2023-06-27,SUB_04566,Pro,199,2023-06-27,,Active,42,12,255,3.0,39.0,3.6666666666666665,0,Healthy (16+ logins),188.0
CUST_04567,EdTech,SMB,2023-11-23,SUB_04567,Pro,199,2023-11-23,2024-07-29,Churned,0,0,115,2.0,33.0,3.0,1,High Risk (≤5 logins),249.0
CUST_04568,EdTech,SMB,2022-01-02,SUB_04568,Starter,49,2022-01-02,,Active,32,14,790,3.0,25.333333333333332,3.6666666666666665,0,Healthy (16+ logins),729.0
CUST_04569,Logistics,Mid-Market,2022-10-15,SUB_04569,Pro,199,2022-10-15,,Active,10,2,388,0.0,0.0,5.0,0,Medium Risk (6-15 logins),443.0
CUST_04570,FinTech,Mid-Market,2022-05-18,SUB_04570,Starter,49,2022-05-18,,Active,43,1,84,4.0,44.25,3.75,0,Healthy (16+ logins),593.0
CUST_04571,EdTech,SMB,2023-09-09,SUB_04571,Pro,199,2023-09-09,2024-04-17,Churned,1,0,631,3.0,36.666666666666664,3.6666666666666665,1,High Risk (≤5 logins),221.0
CUST_04572,FinTech,Mid-Market,2023-05-27,SUB_04572,Starter,49,2023-05-27,,Active,21,2,895,4.0,53.75,4.5,0,Healthy (16+ logins),219.0
CUST_04573,FinTech,Mid-Market,2022-08-10,SUB_04573,Starter,49,2022-08-10,,Active,10,13,49,4.0,40.0,3.5,0,Medium Risk (6-15 logins),509.0
CUST_04574,Logistics,Mid-Market,2022-11-27,SUB_04574,Pro,199,2022-11-27,2023-08-16,Churned,0,1,163,2.0,45.5,5.0,1,High Risk (≤5 logins),262.0
CUST_04575,FinTech,SMB,2023-09-09,SUB_04575,Starter,49,2023-09-09,,Active,26,3,147,0.0,0.0,5.0,0,Healthy (16+ logins),114.0
CUST_04576,Healthcare,SMB,2023-02-08,SUB_04576,Starter,49,2023-02-08,,Active,45,4,554,4.0,36.0,2.75,0,Healthy (16+ logins),327.0
CUST_04577,Healthcare,Enterprise,2023-05-23,SUB_04577,Starter,49,2023-05-23,2024-05-10,Churned,4,1,135,3.0,45.666666666666664,3.3333333333333335,1,High Risk (≤5 logins),353.0
CUST_04578,E-commerce,Mid-Market,2022-05-07,SUB_04578,Pro,199,2022-05-07,,Active,9,3,757,2.0,27.5,4.5,0,Medium Risk (6-15 logins),604.0
CUST_04579,Logistics,SMB,2022-09-22,SUB_04579,Pro,199,2022-09-22,,Active,27,2,217,2.0,55.5,4.5,0,Healthy (16+ logins),466.0
CUST_04580,E-commerce,SMB,2022-01-15,SUB_04580,Starter,49,2022-01-15,2022-09-22,Churned,1,0,936,1.0,32.0,1.0,1,High Risk (≤5 logins),250.0
CUST_04581,Healthcare,SMB,2022-08-14,SUB_04581,Starter,49,2022-08-14,2022-10-29,Churned,3,0,505,3.0,47.666666666666664,3.6666666666666665,1,High Risk (≤5 logins),76.0
CUST_04582,E-commerce,SMB,2022-04-15,SUB_04582,Starter,49,2022-04-15,,Active,14,10,792,2.0,16.5,4.0,0,Medium Risk (6-15 logins),626.0
CUST_04583,Logistics,SMB,2023-05-08,SUB_04583,Pro,199,2023-05-08,,Active,8,13,371,4.0,37.75,2.5,0,Medium Risk (6-15 logins),238.0
CUST_04584,Logistics,SMB,2022-11-15,SUB_04584,Pro,199,2022-11-15,2023-04-20,Churned,4,0,233,3.0,40.333333333333336,3.0,1,High Risk (≤5 logins),156.0
CUST_04585,FinTech,Mid-Market,2022-08-07,SUB_04585,Starter,49,2022-08-07,,Active,14,2,774,1.0,45.0,5.0,0,Medium Risk (6-15 logins),512.0
CUST_04586,EdTech,SMB,2022-10-04,SUB_04586,Starter,49,2022-10-04,,Active,34,5,114,2.0,40.5,3.5,0,Healthy (16+ logins),454.0
CUST_04587,FinTech,Mid-Market,2022-12-07,SUB_04587,Starter,49,2022-12-07,,Active,28,7,853,1.0,41.0,3.0,0,Healthy (16+ logins),390.0
CUST_04588,Logistics,SMB,2023-03-28,SUB_04588,Starter,49,2023-03-28,,Active,9,9,188,1.0,67.0,5.0,0,Medium Risk (6-15 logins),279.0
CUST_04589,Healthcare,SMB,2023-01-04,SUB_04589,Starter,49,2023-01-04,2023-11-20,Churned,3,0,416,0.0,0.0,5.0,1,High Risk (≤5 logins),320.0
CUST_04590,Healthcare,SMB,2023-04-19,SUB_04590,Pro,199,2023-04-19,,Active,40,3,196,0.0,0.0,5.0,0,Healthy (16+ logins),257.0
CUST_04591,FinTech,SMB,2022-07-09,SUB_04591,Starter,49,2022-07-09,2023-03-10,Churned,2,0,549,0.0,0.0,5.0,1,High Risk (≤5 logins),244.0
CUST_04592,Logistics,Mid-Market,2023-02-23,SUB_04592,Pro,199,2023-02-23,2023-03-31,Churned,3,1,523,2.0,30.5,3.0,1,High Risk (≤5 logins),36.0
CUST_04593,Healthcare,Mid-Market,2023-05-10,SUB_04593,Pro,199,2023-05-10,2023-12-09,Churned,2,1,635,2.0,46.0,1.5,1,High Risk (≤5 logins),213.0
CUST_04594,Logistics,SMB,2022-02-08,SUB_04594,Starter,49,2022-02-08,2022-07-03,Churned,4,1,555,4.0,33.25,3.25,1,High Risk (≤5 logins),145.0
CUST_04595,Healthcare,SMB,2022-06-11,SUB_04595,Pro,199,2022-06-11,2022-08-31,Churned,4,1,820,3.0,30.666666666666668,3.0,1,High Risk (≤5 logins),81.0
CUST_04596,Logistics,SMB,2022-05-01,SUB_04596,Pro,199,2022-05-01,,Active,47,7,13,4.0,33.5,3.75,0,Healthy (16+ logins),610.0
CUST_04597,E-commerce,Mid-Market,2023-02-03,SUB_04597,Starter,49,2023-02-03,,Active,8,12,966,1.0,48.0,4.0,0,Medium Risk (6-15 logins),332.0
CUST_04598,Logistics,Mid-Market,2022-09-19,SUB_04598,Pro,199,2022-09-19,2022-12-03,Churned,2,0,859,4.0,43.0,4.25,1,High Risk (≤5 logins),75.0
CUST_04599,Logistics,SMB,2023-07-15,SUB_04599,Starter,49,2023-07-15,,Active,30,6,563,2.0,43.0,2.0,0,Healthy (16+ logins),170.0
CUST_04600,FinTech,Mid-Market,2023-08-27,SUB_04600,Pro,199,2023-08-27,,Active,48,6,244,3.0,54.333333333333336,4.666666666666667,0,Healthy (16+ logins),127.0
CUST_04601,E-commerce,Mid-Market,2022-05-09,SUB_04601,Pro,199,2022-05-09,,Active,46,4,691,4.0,35.0,3.0,0,Healthy (16+ logins),602.0
CUST_04602,EdTech,SMB,2023-06-24,SUB_04602,Pro,199,2023-06-24,,Active,14,8,301,3.0,43.666666666666664,3.6666666666666665,0,Medium Risk (6-15 logins),191.0
CUST_04603,FinTech,SMB,2022-12-22,SUB_04603,Pro,199,2022-12-22,2023-02-12,Churned,0,0,463,2.0,52.5,3.5,1,High Risk (≤5 logins),52.0
CUST_04604,EdTech,Enterprise,2023-10-22,SUB_04604,Pro,199,2023-10-22,,Active,46,12,936,3.0,46.0,2.0,0,Healthy (16+ logins),71.0
CUST_04605,Healthcare,Mid-Market,2023-03-08,SUB_04605,Pro,199,2023-03-08,,Active,13,5,641,3.0,28.666666666666668,4.666666666666667,0,Medium Risk (6-15 logins),299.0
CUST_04606,EdTech,SMB,2022-03-06,SUB_04606,Pro,199,2022-03-06,2022-08-13,Churned,1,1,432,5.0,30.6,3.8,1,High Risk (≤5 logins),160.0
CUST_04607,Logistics,SMB,2022-08-06,SUB_04607,Starter,49,2022-08-06,,Active,20,13,990,3.0,47.666666666666664,4.666666666666667,0,Healthy (16+ logins),513.0
CUST_04608,EdTech,SMB,2023-07-17,SUB_04608,Pro,199,2023-07-17,2023-12-20,Churned,2,0,611,5.0,55.4,4.8,1,High Risk (≤5 logins),156.0
CUST_04609,FinTech,SMB,2023-03-03,SUB_04609,Starter,49,2023-03-03,,Active,42,13,461,2.0,33.5,3.5,0,Healthy (16+ logins),304.0
CUST_04610,FinTech,Mid-Market,2022-03-15,SUB_04610,Starter,49,2022-03-15,,Active,18,12,877,0.0,0.0,5.0,0,Healthy (16+ logins),657.0
CUST_04611,EdTech,SMB,2023-04-05,SUB_04611,Pro,199,2023-04-05,,Active,44,4,283,2.0,44.5,3.5,0,Healthy (16+ logins),271.0
CUST_04612,FinTech,Mid-Market,2023-03-01,SUB_04612,Starter,49,2023-03-01,,Active,27,6,622,1.0,16.0,3.0,0,Healthy (16+ logins),306.0
CUST_04613,FinTech,Mid-Market,2022-07-11,SUB_04613,Starter,49,2022-07-11,2023-05-01,Churned,0,0,799,4.0,33.5,3.5,1,High Risk (≤5 logins),294.0
CUST_04614,EdTech,SMB,2022-07-08,SUB_04614,Pro,199,2022-07-08,,Active,32,6,603,2.0,56.0,3.5,0,Healthy (16+ logins),542.0
CUST_04615,E-commerce,SMB,2022-01-12,SUB_04615,Starter,49,2022-01-12,2022-12-16,Churned,0,1,587,4.0,37.5,4.0,1,High Risk (≤5 logins),338.0
CUST_04616,E-commerce,SMB,2022-08-27,SUB_04616,Starter,49,2022-08-27,,Active,5,11,716,2.0,56.0,4.0,0,High Risk (≤5 logins),492.0
CUST_04617,Healthcare,Mid-Market,2023-08-16,SUB_04617,Pro,199,2023-08-16,,Active,16,11,533,5.0,41.2,4.6,0,Healthy (16+ logins),138.0
CUST_04618,FinTech,SMB,2023-03-29,SUB_04618,Pro,199,2023-03-29,,Active,31,6,681,4.0,41.25,3.5,0,Healthy (16+ logins),278.0
CUST_04619,EdTech,Mid-Market,2023-01-18,SUB_04619,Pro,199,2023-01-18,,Active,47,14,367,2.0,15.5,4.0,0,Healthy (16+ logins),348.0
CUST_04620,FinTech,Mid-Market,2022-02-17,SUB_04620,Pro,199,2022-02-17,,Active,17,14,156,4.0,31.25,3.0,0,Healthy (16+ logins),683.0
CUST_04621,Logistics,SMB,2022-11-13,SUB_04621,Pro,199,2022-11-13,2023-06-26,Churned,0,1,733,4.0,41.0,4.0,1,High Risk (≤5 logins),225.0
CUST_04622,FinTech,Enterprise,2022-07-28,SUB_04622,Pro,199,2022-07-28,,Active,29,3,462,2.0,49.5,5.0,0,Healthy (16+ logins),522.0
CUST_04623,FinTech,Enterprise,2023-07-01,SUB_04623,Starter,49,2023-07-01,,Active,10,13,871,1.0,53.0,2.0,0,Medium Risk (6-15 logins),184.0
CUST_04624,E-commerce,SMB,2022-04-29,SUB_04624,Pro,199,2022-04-29,,Active,49,8,579,1.0,14.0,4.0,0,Healthy (16+ logins),612.0
CUST_04625,EdTech,SMB,2023-07-31,SUB_04625,Pro,199,2023-07-31,2023-10-16,Churned,4,1,160,1.0,49.0,5.0,1,High Risk (≤5 logins),77.0
CUST_04626,FinTech,Enterprise,2022-11-11,SUB_04626,Starter,49,2022-11-11,,Active,49,11,173,4.0,43.0,2.75,0,Healthy (16+ logins),416.0
CUST_04627,E-commerce,Enterprise,2022-02-05,SUB_04627,Starter,49,2022-02-05,,Active,42,2,904,0.0,0.0,5.0,0,Healthy (16+ logins),695.0
CUST_04628,Healthcare,SMB,2023-04-08,SUB_04628,Starter,49,2023-04-08,2023-07-28,Churned,0,1,498,4.0,27.25,3.5,1,High Risk (≤5 logins),111.0
CUST_04629,E-commerce,SMB,2023-07-08,SUB_04629,Pro,199,2023-07-08,,Active,7,11,549,1.0,51.0,3.0,0,Medium Risk (6-15 logins),177.0
CUST_04630,E-commerce,SMB,2023-08-04,SUB_04630,Starter,49,2023-08-04,,Active,19,8,335,3.0,24.333333333333332,4.666666666666667,0,Healthy (16+ logins),150.0
CUST_04631,E-commerce,Enterprise,2023-02-07,SUB_04631,Pro,199,2023-02-07,,Active,15,11,25,4.0,44.75,3.75,0,Medium Risk (6-15 logins),328.0
CUST_04632,FinTech,SMB,2022-04-17,SUB_04632,Pro,199,2022-04-17,,Active,38,4,765,2.0,38.0,4.0,0,Healthy (16+ logins),624.0
CUST_04633,FinTech,SMB,2022-02-08,SUB_04633,Pro,199,2022-02-08,,Active,31,6,503,5.0,44.6,4.0,0,Healthy (16+ logins),692.0
CUST_04634,Healthcare,Mid-Market,2023-08-04,SUB_04634,Starter,49,2023-08-04,,Active,27,8,298,2.0,36.5,4.0,0,Healthy (16+ logins),150.0
CUST_04635,Logistics,SMB,2022-06-29,SUB_04635,Pro,199,2022-06-29,,Active,21,5,436,3.0,32.666666666666664,3.6666666666666665,0,Healthy (16+ logins),551.0
CUST_04636,Logistics,Mid-Market,2022-01-12,SUB_04636,Starter,49,2022-01-12,2022-05-30,Churned,3,0,794,0.0,0.0,5.0,1,High Risk (≤5 logins),138.0
CUST_04637,Logistics,SMB,2022-12-05,SUB_04637,Pro,199,2022-12-05,2023-09-23,Churned,0,0,758,4.0,31.75,3.75,1,High Risk (≤5 logins),292.0
CUST_04638,Healthcare,Mid-Market,2023-07-02,SUB_04638,Pro,199,2023-07-02,,Active,25,6,10,3.0,39.333333333333336,4.666666666666667,0,Healthy (16+ logins),183.0
CUST_04639,Logistics,SMB,2022-05-06,SUB_04639,Starter,49,2022-05-06,,Active,37,12,237,3.0,16.333333333333332,2.6666666666666665,0,Healthy (16+ logins),605.0
CUST_04640,Logistics,Mid-Market,2022-03-04,SUB_04640,Enterprise,999,2022-03-04,,Active,9,13,13613,2.0,16.0,4.5,0,Medium Risk (6-15 logins),668.0
CUST_04641,E-commerce,Mid-Market,2022-03-23,SUB_04641,Starter,49,2022-03-23,2022-05-22,Churned,0,0,409,3.0,53.333333333333336,3.0,1,High Risk (≤5 logins),60.0
CUST_04642,FinTech,SMB,2022-10-26,SUB_04642,Enterprise,999,2022-10-26,2023-01-19,Churned,0,0,43309,2.0,60.5,3.0,1,High Risk (≤5 logins),85.0
CUST_04643,FinTech,SMB,2022-02-03,SUB_04643,Starter,49,2022-02-03,2022-09-09,Churned,2,1,312,3.0,36.666666666666664,4.333333333333333,1,High Risk (≤5 logins),218.0
CUST_04644,E-commerce,SMB,2023-09-01,SUB_04644,Starter,49,2023-09-01,,Active,7,5,0,2.0,64.0,2.5,0,Medium Risk (6-15 logins),122.0
CUST_04645,E-commerce,SMB,2022-02-18,SUB_04645,Starter,49,2022-02-18,2022-03-24,Churned,3,1,522,3.0,37.0,4.333333333333333,1,High Risk (≤5 logins),34.0
CUST_04646,E-commerce,Mid-Market,2023-10-20,SUB_04646,Starter,49,2023-10-20,2024-08-30,Churned,0,1,669,1.0,45.0,4.0,1,High Risk (≤5 logins),315.0
CUST_04647,FinTech,Mid-Market,2023-09-29,SUB_04647,Pro,199,2023-09-29,,Active,20,12,87,1.0,71.0,4.0,0,Healthy (16+ logins),94.0
CUST_04648,Logistics,SMB,2022-02-26,SUB_04648,Pro,199,2022-02-26,,Active,48,13,241,2.0,30.0,4.0,0,Healthy (16+ logins),674.0
CUST_04649,E-commerce,Mid-Market,2022-04-19,SUB_04649,Pro,199,2022-04-19,,Active,45,11,131,3.0,44.0,2.3333333333333335,0,Healthy (16+ logins),622.0
CUST_04650,Healthcare,Mid-Market,2023-06-01,SUB_04650,Starter,49,2023-06-01,,Active,18,5,597,2.0,48.0,5.0,0,Healthy (16+ logins),214.0
CUST_04651,E-commerce,Mid-Market,2022-01-24,SUB_04651,Starter,49,2022-01-24,,Active,48,1,621,4.0,32.5,4.5,0,Healthy (16+ logins),707.0
CUST_04652,EdTech,SMB,2022-08-09,SUB_04652,Pro,199,2022-08-09,,Active,30,5,327,2.0,24.5,3.0,0,Healthy (16+ logins),510.0
CUST_04653,E-commerce,SMB,2022-11-11,SUB_04653,Starter,49,2022-11-11,,Active,31,10,110,1.0,46.0,2.0,0,Healthy (16+ logins),416.0
CUST_04654,FinTech,SMB,2022-10-21,SUB_04654,Pro,199,2022-10-21,,Active,21,8,719,4.0,40.25,4.25,0,Healthy (16+ logins),437.0
CUST_04655,E-commerce,SMB,2022-01-10,SUB_04655,Pro,199,2022-01-10,,Active,48,3,288,1.0,13.0,4.0,0,Healthy (16+ logins),721.0
CUST_04656,EdTech,SMB,2023-11-08,SUB_04656,Starter,49,2023-11-08,2024-09-10,Churned,1,1,416,0.0,0.0,5.0,1,High Risk (≤5 logins),307.0
CUST_04657,Healthcare,SMB,2023-04-26,SUB_04657,Pro,199,2023-04-26,,Active,21,9,73,1.0,70.0,1.0,0,Healthy (16+ logins),250.0
CUST_04658,Logistics,SMB,2023-09-30,SUB_04658,Pro,199,2023-09-30,2024-03-22,Churned,3,0,833,2.0,31.0,2.5,1,High Risk (≤5 logins),174.0
CUST_04659,E-commerce,Mid-Market,2022-09-24,SUB_04659,Pro,199,2022-09-24,2023-05-07,Churned,3,0,760,2.0,27.0,4.5,1,High Risk (≤5 logins),225.0
CUST_04660,EdTech,SMB,2022-03-29,SUB_04660,Starter,49,2022-03-29,2022-05-24,Churned,0,0,107,1.0,40.0,4.0,1,High Risk (≤5 logins),56.0
CUST_04661,EdTech,SMB,2023-03-31,SUB_04661,Starter,49,2023-03-31,2023-09-03,Churned,0,0,515,3.0,61.333333333333336,4.0,1,High Risk (≤5 logins),156.0
CUST_04662,Healthcare,SMB,2023-09-18,SUB_04662,Starter,49,2023-09-18,,Active,15,1,726,6.0,42.333333333333336,2.6666666666666665,0,Medium Risk (6-15 logins),105.0
CUST_04663,FinTech,SMB,2023-06-17,SUB_04663,Starter,49,2023-06-17,,Active,34,14,690,4.0,36.0,3.75,0,Healthy (16+ logins),198.0
CUST_04664,E-commerce,SMB,2022-05-28,SUB_04664,Starter,49,2022-05-28,,Active,22,10,666,1.0,14.0,5.0,0,Healthy (16+ logins),583.0
CUST_04665,EdTech,SMB,2023-03-07,SUB_04665,Pro,199,2023-03-07,2023-08-18,Churned,3,1,800,2.0,41.0,5.0,1,High Risk (≤5 logins),164.0
CUST_04666,Healthcare,SMB,2022-08-30,SUB_04666,Pro,199,2022-08-30,,Active,38,5,736,1.0,31.0,4.0,0,Healthy (16+ logins),489.0
CUST_04667,Logistics,SMB,2022-03-07,SUB_04667,Pro,199,2022-03-07,,Active,45,5,104,3.0,35.333333333333336,4.0,0,Healthy (16+ logins),665.0
CUST_04668,EdTech,SMB,2023-01-13,SUB_04668,Starter,49,2023-01-13,2023-03-06,Churned,3,1,381,4.0,29.75,3.75,1,High Risk (≤5 logins),52.0
CUST_04669,Healthcare,SMB,2023-01-23,SUB_04669,Enterprise,999,2023-01-23,2024-01-18,Churned,2,0,45984,5.0,31.4,4.0,1,High Risk (≤5 logins),360.0
CUST_04670,FinTech,Mid-Market,2022-07-28,SUB_04670,Starter,49,2022-07-28,,Active,48,1,76,3.0,45.666666666666664,2.3333333333333335,0,Healthy (16+ logins),522.0
CUST_04671,FinTech,SMB,2023-02-19,SUB_04671,Pro,199,2023-02-19,2023-07-15,Churned,2,0,202,1.0,61.0,5.0,1,High Risk (≤5 logins),146.0
CUST_04672,EdTech,SMB,2022-01-16,SUB_04672,Enterprise,999,2022-01-16,,Active,49,12,8008,4.0,25.25,4.75,0,Healthy (16+ logins),715.0
CUST_04673,EdTech,SMB,2022-10-24,SUB_04673,Pro,199,2022-10-24,,Active,20,2,500,4.0,21.0,4.25,0,Healthy (16+ logins),434.0
CUST_04674,E-commerce,SMB,2022-08-08,SUB_04674,Enterprise,999,2022-08-08,,Active,35,1,40081,1.0,13.0,1.0,0,Healthy (16+ logins),511.0
CUST_04675,Healthcare,SMB,2023-01-02,SUB_04675,Pro,199,2023-01-02,2023-02-08,Churned,1,1,799,5.0,39.4,3.0,1,High Risk (≤5 logins),37.0
CUST_04676,EdTech,SMB,2022-08-17,SUB_04676,Starter,49,2022-08-17,,Active,17,8,706,0.0,0.0,5.0,0,Healthy (16+ logins),502.0
CUST_04677,E-commerce,Mid-Market,2023-09-23,SUB_04677,Starter,49,2023-09-23,,Active,27,12,371,6.0,36.5,3.1666666666666665,0,Healthy (16+ logins),100.0
CUST_04678,E-commerce,SMB,2023-03-16,SUB_04678,Starter,49,2023-03-16,2023-07-24,Churned,3,0,204,2.0,42.5,4.0,1,High Risk (≤5 logins),130.0
CUST_04679,EdTech,SMB,2023-11-21,SUB_04679,Starter,49,2023-11-21,,Active,43,4,411,3.0,40.0,4.0,0,Healthy (16+ logins),41.0
CUST_04680,FinTech,Mid-Market,2023-06-16,SUB_04680,Pro,199,2023-06-16,2024-04-01,Churned,3,0,213,3.0,42.666666666666664,4.333333333333333,1,High Risk (≤5 logins),290.0
CUST_04681,Healthcare,Enterprise,2023-03-26,SUB_04681,Starter,49,2023-03-26,,Active,16,8,440,1.0,60.0,1.0,0,Healthy (16+ logins),281.0
CUST_04682,Healthcare,SMB,2022-02-05,SUB_04682,Pro,199,2022-02-05,2022-09-21,Churned,2,0,530,1.0,23.0,3.0,1,High Risk (≤5 logins),228.0
CUST_04683,FinTech,SMB,2023-02-26,SUB_04683,Starter,49,2023-02-26,,Active,36,5,670,2.0,41.0,3.5,0,Healthy (16+ logins),309.0
CUST_04684,EdTech,SMB,2023-09-12,SUB_04684,Starter,49,2023-09-12,,Active,28,6,211,3.0,29.0,3.6666666666666665,0,Healthy (16+ logins),111.0
CUST_04685,Healthcare,SMB,2022-07-08,SUB_04685,Enterprise,999,2022-07-08,2022-10-31,Churned,3,0,18568,0.0,0.0,5.0,1,High Risk (≤5 logins),115.0
CUST_04686,EdTech,SMB,2022-06-27,SUB_04686,Starter,49,2022-06-27,2023-03-11,Churned,4,0,510,2.0,27.5,4.0,1,High Risk (≤5 logins),257.0
CUST_04687,EdTech,SMB,2023-08-31,SUB_04687,Pro,199,2023-08-31,,Active,46,6,87,4.0,44.5,3.75,0,Healthy (16+ logins),123.0
CUST_04688,E-commerce,Mid-Market,2022-11-11,SUB_04688,Pro,199,2022-11-11,,Active,22,3,671,3.0,57.333333333333336,2.6666666666666665,0,Healthy (16+ logins),416.0
CUST_04689,FinTech,SMB,2022-01-20,SUB_04689,Starter,49,2022-01-20,,Active,7,4,8,2.0,40.5,4.5,0,Medium Risk (6-15 logins),711.0
CUST_04690,EdTech,SMB,2023-11-07,SUB_04690,Pro,199,2023-11-07,2024-06-02,Churned,0,0,690,2.0,36.5,4.0,1,High Risk (≤5 logins),208.0
CUST_04691,Logistics,SMB,2023-01-17,SUB_04691,Starter,49,2023-01-17,,Active,17,8,82,2.0,36.5,4.5,0,Healthy (16+ logins),349.0
CUST_04692,FinTech,Mid-Market,2023-09-01,SUB_04692,Pro,199,2023-09-01,,Active,46,13,662,0.0,0.0,5.0,0,Healthy (16+ logins),122.0
CUST_04693,Healthcare,SMB,2022-05-23,SUB_04693,Pro,199,2022-05-23,2023-02-16,Churned,1,1,24,1.0,59.0,5.0,1,High Risk (≤5 logins),269.0
CUST_04694,E-commerce,Mid-Market,2022-03-03,SUB_04694,Starter,49,2022-03-03,,Active,6,14,224,1.0,24.0,4.0,0,Medium Risk (6-15 logins),669.0
CUST_04695,Healthcare,SMB,2022-08-30,SUB_04695,Pro,199,2022-08-30,2022-10-10,Churned,4,0,496,1.0,48.0,5.0,1,High Risk (≤5 logins),41.0
CUST_04696,Healthcare,SMB,2022-08-26,SUB_04696,Starter,49,2022-08-26,,Active,8,4,429,2.0,55.0,4.0,0,Medium Risk (6-15 logins),493.0
CUST_04697,FinTech,SMB,2022-05-11,SUB_04697,Pro,199,2022-05-11,,Active,9,14,427,2.0,13.0,5.0,0,Medium Risk (6-15 logins),600.0
CUST_04698,Healthcare,SMB,2023-08-28,SUB_04698,Pro,199,2023-08-28,,Active,43,3,193,2.0,53.0,4.0,0,Healthy (16+ logins),126.0
CUST_04699,EdTech,SMB,2023-08-26,SUB_04699,Pro,199,2023-08-26,,Active,45,11,117,4.0,27.0,3.5,0,Healthy (16+ logins),128.0
CUST_04700,Healthcare,SMB,2023-10-07,SUB_04700,Pro,199,2023-10-07,,Active,9,8,834,3.0,38.333333333333336,3.3333333333333335,0,Medium Risk (6-15 logins),86.0
CUST_04701,E-commerce,SMB,2022-05-03,SUB_04701,Starter,49,2022-05-03,,Active,12,6,894,1.0,41.0,1.0,0,Medium Risk (6-15 logins),608.0
CUST_04702,E-commerce,Mid-Market,2023-03-16,SUB_04702,Enterprise,999,2023-03-16,,Active,38,12,48180,1.0,35.0,3.0,0,Healthy (16+ logins),291.0
CUST_04703,Logistics,SMB,2022-12-08,SUB_04703,Starter,49,2022-12-08,2023-11-05,Churned,0,0,759,2.0,35.5,4.5,1,High Risk (≤5 logins),332.0
CUST_04704,E-commerce,SMB,2023-02-23,SUB_04704,Pro,199,2023-02-23,,Active,31,9,996,2.0,38.0,1.0,0,Healthy (16+ logins),312.0
CUST_04705,Healthcare,SMB,2023-09-22,SUB_04705,Starter,49,2023-09-22,2024-06-11,Churned,0,1,994,2.0,41.5,3.0,1,High Risk (≤5 logins),263.0
CUST_04706,E-commerce,Mid-Market,2023-03-31,SUB_04706,Enterprise,999,2023-03-31,,Active,40,10,24135,6.0,31.333333333333332,3.8333333333333335,0,Healthy (16+ logins),276.0
CUST_04707,FinTech,Enterprise,2022-07-17,SUB_04707,Pro,199,2022-07-17,,Active,36,11,151,1.0,29.0,5.0,0,Healthy (16+ logins),533.0
CUST_04708,E-commerce,SMB,2022-10-09,SUB_04708,Pro,199,2022-10-09,,Active,25,9,55,3.0,18.666666666666668,4.0,0,Healthy (16+ logins),449.0
CUST_04709,EdTech,SMB,2022-01-01,SUB_04709,Starter,49,2022-01-01,,Active,22,10,817,3.0,30.0,3.6666666666666665,0,Healthy (16+ logins),730.0
CUST_04710,FinTech,SMB,2022-11-28,SUB_04710,Pro,199,2022-11-28,,Active,6,1,356,4.0,48.0,3.25,0,Medium Risk (6-15 logins),399.0
CUST_04711,Logistics,Enterprise,2022-07-31,SUB_04711,Pro,199,2022-07-31,,Active,46,12,258,3.0,22.666666666666668,4.0,0,Healthy (16+ logins),519.0
CUST_04712,EdTech,Mid-Market,2022-03-28,SUB_04712,Pro,199,2022-03-28,,Active,9,14,534,3.0,38.0,2.6666666666666665,0,Medium Risk (6-15 logins),644.0
CUST_04713,Healthcare,SMB,2023-10-27,SUB_04713,Starter,49,2023-10-27,2024-05-26,Churned,3,0,673,4.0,22.5,4.0,1,High Risk (≤5 logins),212.0
CUST_04714,Healthcare,SMB,2023-11-30,SUB_04714,Starter,49,2023-11-30,,Active,46,9,776,7.0,33.0,4.0,0,Healthy (16+ logins),32.0
CUST_04715,Healthcare,SMB,2022-03-02,SUB_04715,Starter,49,2022-03-02,,Active,42,4,593,1.0,15.0,3.0,0,Healthy (16+ logins),670.0
CUST_04716,EdTech,SMB,2022-04-05,SUB_04716,Starter,49,2022-04-05,,Active,32,10,570,5.0,44.0,3.2,0,Healthy (16+ logins),636.0
CUST_04717,EdTech,Mid-Market,2023-07-07,SUB_04717,Starter,49,2023-07-07,,Active,35,12,577,4.0,12.75,3.75,0,Healthy (16+ logins),178.0
CUST_04718,EdTech,SMB,2022-05-27,SUB_04718,Starter,49,2022-05-27,,Active,48,2,405,2.0,54.5,3.0,0,Healthy (16+ logins),584.0
CUST_04719,FinTech,SMB,2022-09-03,SUB_04719,Starter,49,2022-09-03,2023-07-11,Churned,2,1,114,1.0,18.0,5.0,1,High Risk (≤5 logins),311.0
CUST_04720,FinTech,Mid-Market,2023-10-06,SUB_04720,Starter,49,2023-10-06,,Active,37,14,802,7.0,39.142857142857146,3.4285714285714284,0,Healthy (16+ logins),87.0
CUST_04721,Healthcare,Mid-Market,2022-10-24,SUB_04721,Starter,49,2022-10-24,2023-05-31,Churned,1,0,926,2.0,62.0,4.0,1,High Risk (≤5 logins),219.0
CUST_04722,E-commerce,SMB,2022-05-03,SUB_04722,Enterprise,999,2022-05-03,,Active,16,14,12403,1.0,33.0,3.0,0,Healthy (16+ logins),608.0
CUST_04723,Healthcare,Mid-Market,2023-10-17,SUB_04723,Pro,199,2023-10-17,2024-10-06,Churned,3,1,753,2.0,33.0,2.5,1,High Risk (≤5 logins),355.0
CUST_04724,Logistics,SMB,2023-11-25,SUB_04724,Starter,49,2023-11-25,,Active,13,5,333,3.0,50.666666666666664,2.3333333333333335,0,Medium Risk (6-15 logins),37.0
CUST_04725,FinTech,Mid-Market,2023-04-01,SUB_04725,Pro,199,2023-04-01,,Active,19,11,620,5.0,33.2,3.2,0,Healthy (16+ logins),275.0
CUST_04726,EdTech,Mid-Market,2023-02-03,SUB_04726,Pro,199,2023-02-03,,Active,27,5,815,3.0,32.333333333333336,2.6666666666666665,0,Healthy (16+ logins),332.0
CUST_04727,FinTech,SMB,2022-08-19,SUB_04727,Enterprise,999,2022-08-19,,Active,48,8,10921,4.0,30.25,3.75,0,Healthy (16+ logins),500.0
CUST_04728,EdTech,Mid-Market,2023-06-18,SUB_04728,Starter,49,2023-06-18,2024-02-17,Churned,4,0,987,2.0,44.0,4.0,1,High Risk (≤5 logins),244.0
CUST_04729,Logistics,Mid-Market,2023-02-06,SUB_04729,Starter,49,2023-02-06,,Active,26,3,330,1.0,56.0,3.0,0,Healthy (16+ logins),329.0
CUST_04730,Logistics,SMB,2023-08-15,SUB_04730,Enterprise,999,2023-08-15,,Active,40,9,40837,1.0,62.0,2.0,0,Healthy (16+ logins),139.0
CUST_04731,FinTech,SMB,2022-05-10,SUB_04731,Starter,49,2022-05-10,,Active,14,8,724,2.0,44.0,4.5,0,Medium Risk (6-15 logins),601.0
CUST_04732,EdTech,Mid-Market,2022-10-19,SUB_04732,Starter,49,2022-10-19,,Active,32,9,982,2.0,53.5,4.5,0,Healthy (16+ logins),439.0
CUST_04733,Logistics,SMB,2022-10-03,SUB_04733,Starter,49,2022-10-03,,Active,39,4,503,1.0,13.0,5.0,0,Healthy (16+ logins),455.0
CUST_04734,Healthcare,SMB,2023-01-11,SUB_04734,Starter,49,2023-01-11,,Active,33,13,87,1.0,69.0,2.0,0,Healthy (16+ logins),355.0
CUST_04735,Healthcare,Mid-Market,2022-02-24,SUB_04735,Enterprise,999,2022-02-24,,Active,9,8,29870,2.0,60.0,5.0,0,Medium Risk (6-15 logins),676.0
CUST_04736,EdTech,Mid-Market,2023-08-01,SUB_04736,Starter,49,2023-08-01,,Active,8,11,573,1.0,65.0,4.0,0,Medium Risk (6-15 logins),153.0
CUST_04737,FinTech,SMB,2022-01-26,SUB_04737,Enterprise,999,2022-01-26,,Active,19,3,2455,3.0,46.0,3.3333333333333335,0,Healthy (16+ logins),705.0
CUST_04738,Logistics,SMB,2023-03-17,SUB_04738,Enterprise,999,2023-03-17,,Active,34,5,14682,0.0,0.0,5.0,0,Healthy (16+ logins),290.0
CUST_04739,FinTech,SMB,2022-07-16,SUB_04739,Pro,199,2022-07-16,,Active,30,14,382,2.0,45.0,3.0,0,Healthy (16+ logins),534.0
CUST_04740,Healthcare,SMB,2023-10-04,SUB_04740,Starter,49,2023-10-04,,Active,27,7,623,1.0,15.0,4.0,0,Healthy (16+ logins),89.0
CUST_04741,Logistics,SMB,2022-08-31,SUB_04741,Starter,49,2022-08-31,,Active,43,1,523,4.0,37.0,2.75,0,Healthy (16+ logins),488.0
CUST_04742,FinTech,Mid-Market,2022-07-09,SUB_04742,Starter,49,2022-07-09,2023-04-22,Churned,1,1,564,4.0,39.5,2.5,1,High Risk (≤5 logins),287.0
CUST_04743,E-commerce,SMB,2023-07-22,SUB_04743,Starter,49,2023-07-22,2023-09-15,Churned,1,0,147,4.0,35.25,5.0,1,High Risk (≤5 logins),55.0
CUST_04744,EdTech,SMB,2023-07-21,SUB_04744,Pro,199,2023-07-21,2024-05-15,Churned,3,1,505,2.0,40.0,2.5,1,High Risk (≤5 logins),299.0
CUST_04745,EdTech,SMB,2022-10-03,SUB_04745,Starter,49,2022-10-03,,Active,22,4,645,3.0,46.666666666666664,4.333333333333333,0,Healthy (16+ logins),455.0
CUST_04746,E-commerce,Enterprise,2023-02-13,SUB_04746,Enterprise,999,2023-02-13,,Active,39,1,32635,0.0,0.0,5.0,0,Healthy (16+ logins),322.0
CUST_04747,Healthcare,SMB,2022-12-06,SUB_04747,Pro,199,2022-12-06,,Active,37,8,397,2.0,38.5,3.0,0,Healthy (16+ logins),391.0
CUST_04748,Logistics,SMB,2022-06-02,SUB_04748,Pro,199,2022-06-02,,Active,11,2,183,2.0,30.5,4.5,0,Medium Risk (6-15 logins),578.0
CUST_04749,EdTech,SMB,2023-07-19,SUB_04749,Pro,199,2023-07-19,,Active,38,11,168,3.0,37.333333333333336,4.0,0,Healthy (16+ logins),166.0
CUST_04750,E-commerce,SMB,2023-02-02,SUB_04750,Starter,49,2023-02-02,2023-05-24,Churned,2,1,560,3.0,43.666666666666664,1.6666666666666667,1,High Risk (≤5 logins),111.0
CUST_04751,E-commerce,SMB,2023-03-20,SUB_04751,Starter,49,2023-03-20,2023-10-20,Churned,0,1,107,2.0,51.0,2.0,1,High Risk (≤5 logins),214.0
CUST_04752,Healthcare,SMB,2023-09-15,SUB_04752,Starter,49,2023-09-15,,Active,29,14,192,4.0,26.25,4.5,0,Healthy (16+ logins),108.0
CUST_04753,Healthcare,SMB,2023-03-03,SUB_04753,Starter,49,2023-03-03,,Active,48,6,851,4.0,37.25,3.25,0,Healthy (16+ logins),304.0
CUST_04754,FinTech,SMB,2023-05-02,SUB_04754,Pro,199,2023-05-02,2024-03-14,Churned,3,0,213,3.0,47.666666666666664,2.6666666666666665,1,High Risk (≤5 logins),317.0
CUST_04755,EdTech,SMB,2022-07-23,SUB_04755,Starter,49,2022-07-23,2022-10-22,Churned,2,0,359,4.0,41.5,3.5,1,High Risk (≤5 logins),91.0
CUST_04756,FinTech,SMB,2022-04-22,SUB_04756,Starter,49,2022-04-22,2022-06-20,Churned,2,0,94,1.0,21.0,4.0,1,High Risk (≤5 logins),59.0
CUST_04757,E-commerce,SMB,2022-11-21,SUB_04757,Enterprise,999,2022-11-21,,Active,25,11,44037,4.0,49.75,2.75,0,Healthy (16+ logins),406.0
CUST_04758,Logistics,SMB,2022-09-15,SUB_04758,Starter,49,2022-09-15,,Active,45,1,155,1.0,17.0,5.0,0,Healthy (16+ logins),473.0
CUST_04759,Logistics,SMB,2023-06-12,SUB_04759,Pro,199,2023-06-12,,Active,23,3,523,2.0,43.0,4.0,0,Healthy (16+ logins),203.0
CUST_04760,Healthcare,SMB,2022-12-16,SUB_04760,Starter,49,2022-12-16,2023-02-14,Churned,4,0,271,1.0,46.0,3.0,1,High Risk (≤5 logins),60.0
CUST_04761,Logistics,Mid-Market,2023-11-09,SUB_04761,Starter,49,2023-11-09,,Active,43,8,736,5.0,46.2,4.0,0,Healthy (16+ logins),53.0
CUST_04762,Logistics,SMB,2023-03-11,SUB_04762,Pro,199,2023-03-11,,Active,47,6,162,1.0,42.0,5.0,0,Healthy (16+ logins),296.0
CUST_04763,Logistics,SMB,2023-03-02,SUB_04763,Enterprise,999,2023-03-02,,Active,27,2,21880,4.0,48.25,2.75,0,Healthy (16+ logins),305.0
CUST_04764,E-commerce,SMB,2022-10-07,SUB_04764,Starter,49,2022-10-07,2023-08-25,Churned,0,0,835,1.0,26.0,5.0,1,High Risk (≤5 logins),322.0
CUST_04765,Logistics,Enterprise,2023-01-06,SUB_04765,Starter,49,2023-01-06,,Active,46,14,905,2.0,18.5,2.5,0,Healthy (16+ logins),360.0
CUST_04766,Logistics,Mid-Market,2023-11-01,SUB_04766,Starter,49,2023-11-01,2024-05-21,Churned,2,1,737,2.0,33.5,1.5,1,High Risk (≤5 logins),202.0
CUST_04767,Logistics,SMB,2022-09-06,SUB_04767,Starter,49,2022-09-06,,Active,32,4,764,5.0,34.6,4.0,0,Healthy (16+ logins),482.0
CUST_04768,FinTech,SMB,2022-06-30,SUB_04768,Starter,49,2022-06-30,2022-11-08,Churned,0,1,744,1.0,63.0,3.0,1,High Risk (≤5 logins),131.0
CUST_04769,E-commerce,SMB,2023-10-13,SUB_04769,Pro,199,2023-10-13,2024-03-18,Churned,1,0,770,2.0,36.0,3.0,1,High Risk (≤5 logins),157.0
CUST_04770,Healthcare,SMB,2022-03-19,SUB_04770,Starter,49,2022-03-19,,Active,7,12,798,4.0,41.75,2.75,0,Medium Risk (6-15 logins),653.0
CUST_04771,FinTech,SMB,2022-12-02,SUB_04771,Starter,49,2022-12-02,2023-03-27,Churned,4,1,179,1.0,52.0,5.0,1,High Risk (≤5 logins),115.0
CUST_04772,EdTech,Mid-Market,2022-02-19,SUB_04772,Pro,199,2022-02-19,,Active,45,8,222,2.0,30.0,4.0,0,Healthy (16+ logins),681.0
CUST_04773,E-commerce,SMB,2022-03-26,SUB_04773,Starter,49,2022-03-26,2023-03-05,Churned,1,1,115,3.0,49.666666666666664,4.0,1,High Risk (≤5 logins),344.0
CUST_04774,E-commerce,Mid-Market,2023-11-26,SUB_04774,Starter,49,2023-11-26,2024-01-22,Churned,1,1,960,1.0,62.0,5.0,1,High Risk (≤5 logins),57.0
CUST_04775,EdTech,SMB,2023-11-26,SUB_04775,Enterprise,999,2023-11-26,,Active,12,8,31177,5.0,40.8,3.0,0,Medium Risk (6-15 logins),36.0
CUST_04776,EdTech,Mid-Market,2022-01-04,SUB_04776,Starter,49,2022-01-04,,Active,30,13,772,4.0,48.25,3.75,0,Healthy (16+ logins),727.0
CUST_04777,EdTech,Mid-Market,2022-11-13,SUB_04777,Pro,199,2022-11-13,,Active,42,8,65,4.0,36.75,4.0,0,Healthy (16+ logins),414.0
CUST_04778,Healthcare,SMB,2022-04-21,SUB_04778,Starter,49,2022-04-21,2022-09-19,Churned,2,0,526,4.0,20.5,2.75,1,High Risk (≤5 logins),151.0
CUST_04779,Logistics,SMB,2022-11-30,SUB_04779,Starter,49,2022-11-30,2023-09-06,Churned,4,1,448,3.0,56.0,3.6666666666666665,1,High Risk (≤5 logins),280.0
CUST_04780,E-commerce,SMB,2022-05-13,SUB_04780,Starter,49,2022-05-13,,Active,48,13,148,0.0,0.0,5.0,0,Healthy (16+ logins),598.0
CUST_04781,Logistics,SMB,2023-09-04,SUB_04781,Starter,49,2023-09-04,2023-12-03,Churned,1,0,100,3.0,38.333333333333336,3.0,1,High Risk (≤5 logins),90.0
CUST_04782,Logistics,SMB,2023-11-15,SUB_04782,Starter,49,2023-11-15,,Active,45,7,966,2.0,50.0,3.0,0,Healthy (16+ logins),47.0
CUST_04783,EdTech,SMB,2022-04-29,SUB_04783,Starter,49,2022-04-29,,Active,47,12,266,2.0,43.5,4.5,0,Healthy (16+ logins),612.0
CUST_04784,Healthcare,SMB,2022-12-16,SUB_04784,Pro,199,2022-12-16,,Active,42,8,729,3.0,38.666666666666664,4.333333333333333,0,Healthy (16+ logins),381.0
CUST_04785,FinTech,Enterprise,2023-11-18,SUB_04785,Pro,199,2023-11-18,,Active,6,4,553,2.0,49.5,3.0,0,Medium Risk (6-15 logins),44.0
CUST_04786,Healthcare,SMB,2023-06-26,SUB_04786,Starter,49,2023-06-26,,Active,11,14,65,2.0,45.0,2.0,0,Medium Risk (6-15 logins),189.0
CUST_04787,Logistics,Enterprise,2022-02-24,SUB_04787,Pro,199,2022-02-24,,Active,45,9,349,5.0,37.2,3.6,0,Healthy (16+ logins),676.0
CUST_04788,Healthcare,SMB,2022-12-27,SUB_04788,Pro,199,2022-12-27,,Active,29,11,828,2.0,51.0,3.0,0,Healthy (16+ logins),370.0
CUST_04789,EdTech,Mid-Market,2023-03-29,SUB_04789,Pro,199,2023-03-29,,Active,36,6,827,2.0,33.0,4.5,0,Healthy (16+ logins),278.0
CUST_04790,FinTech,SMB,2023-07-07,SUB_04790,Starter,49,2023-07-07,,Active,16,12,909,2.0,63.0,5.0,0,Healthy (16+ logins),178.0
CUST_04791,EdTech,SMB,2023-11-16,SUB_04791,Pro,199,2023-11-16,2024-06-03,Churned,1,0,119,2.0,22.0,4.0,1,High Risk (≤5 logins),200.0
CUST_04792,FinTech,Mid-Market,2022-11-26,SUB_04792,Starter,49,2022-11-26,,Active,14,13,244,4.0,47.5,3.75,0,Medium Risk (6-15 logins),401.0
CUST_04793,Logistics,SMB,2022-08-07,SUB_04793,Starter,49,2022-08-07,2023-06-04,Churned,4,0,388,1.0,25.0,1.0,1,High Risk (≤5 logins),301.0
CUST_04794,FinTech,Mid-Market,2022-07-27,SUB_04794,Pro,199,2022-07-27,,Active,48,12,286,1.0,55.0,1.0,0,Healthy (16+ logins),523.0
CUST_04795,FinTech,SMB,2023-11-01,SUB_04795,Pro,199,2023-11-01,2024-10-20,Churned,4,1,47,0.0,0.0,5.0,1,High Risk (≤5 logins),354.0
CUST_04796,FinTech,SMB,2022-03-26,SUB_04796,Enterprise,999,2022-03-26,2023-02-18,Churned,4,1,17742,1.0,29.0,4.0,1,High Risk (≤5 logins),329.0
CUST_04797,Healthcare,SMB,2023-11-16,SUB_04797,Enterprise,999,2023-11-16,2024-04-06,Churned,3,0,2500,1.0,50.0,3.0,1,High Risk (≤5 logins),142.0
CUST_04798,Healthcare,Mid-Market,2022-09-02,SUB_04798,Starter,49,2022-09-02,,Active,48,13,766,1.0,16.0,4.0,0,Healthy (16+ logins),486.0
CUST_04799,Logistics,SMB,2023-11-16,SUB_04799,Enterprise,999,2023-11-16,2024-06-26,Churned,0,1,31117,2.0,29.0,2.5,1,High Risk (≤5 logins),223.0
CUST_04800,FinTech,Mid-Market,2022-12-01,SUB_04800,Starter,49,2022-12-01,,Active,47,1,969,2.0,21.0,4.5,0,Healthy (16+ logins),396.0
CUST_04801,E-commerce,Mid-Market,2022-07-31,SUB_04801,Starter,49,2022-07-31,,Active,18,1,350,2.0,32.5,2.5,0,Healthy (16+ logins),519.0
CUST_04802,Logistics,SMB,2023-08-19,SUB_04802,Pro,199,2023-08-19,2023-10-06,Churned,0,0,154,2.0,38.0,3.5,1,High Risk (≤5 logins),48.0
CUST_04803,FinTech,SMB,2023-11-16,SUB_04803,Starter,49,2023-11-16,2024-03-17,Churned,1,0,337,4.0,35.75,4.25,1,High Risk (≤5 logins),122.0
CUST_04804,FinTech,Mid-Market,2022-07-02,SUB_04804,Pro,199,2022-07-02,2023-03-05,Churned,1,1,260,0.0,0.0,5.0,1,High Risk (≤5 logins),246.0
CUST_04805,Healthcare,SMB,2022-05-13,SUB_04805,Starter,49,2022-05-13,2022-12-07,Churned,0,0,528,1.0,33.0,5.0,1,High Risk (≤5 logins),208.0
CUST_04806,Logistics,SMB,2022-12-16,SUB_04806,Enterprise,999,2022-12-16,,Active,37,14,40062,4.0,40.25,3.5,0,Healthy (16+ logins),381.0
CUST_04807,FinTech,SMB,2022-10-09,SUB_04807,Starter,49,2022-10-09,,Active,24,2,964,3.0,48.333333333333336,3.0,0,Healthy (16+ logins),449.0
CUST_04808,FinTech,SMB,2022-10-20,SUB_04808,Starter,49,2022-10-20,,Active,34,1,884,1.0,45.0,3.0,0,Healthy (16+ logins),438.0
CUST_04809,Logistics,SMB,2022-09-26,SUB_04809,Enterprise,999,2022-09-26,,Active,46,7,35832,0.0,0.0,5.0,0,Healthy (16+ logins),462.0
CUST_04810,E-commerce,SMB,2022-07-16,SUB_04810,Starter,49,2022-07-16,2023-02-21,Churned,4,0,165,3.0,39.0,3.3333333333333335,1,High Risk (≤5 logins),220.0
CUST_04811,Logistics,Mid-Market,2023-06-21,SUB_04811,Pro,199,2023-06-21,,Active,24,1,378,2.0,65.0,3.0,0,Healthy (16+ logins),194.0
CUST_04812,Logistics,SMB,2023-10-15,SUB_04812,Pro,199,2023-10-15,,Active,5,12,437,5.0,46.8,3.4,0,High Risk (≤5 logins),78.0
CUST_04813,E-commerce,SMB,2022-01-20,SUB_04813,Pro,199,2022-01-20,2022-07-31,Churned,2,0,47,3.0,34.333333333333336,3.3333333333333335,1,High Risk (≤5 logins),192.0
CUST_04814,Logistics,Enterprise,2023-02-09,SUB_04814,Pro,199,2023-02-09,,Active,29,14,228,0.0,0.0,5.0,0,Healthy (16+ logins),326.0
CUST_04815,FinTech,Mid-Market,2022-04-25,SUB_04815,Starter,49,2022-04-25,,Active,37,10,724,3.0,31.666666666666668,2.3333333333333335,0,Healthy (16+ logins),616.0
CUST_04816,Logistics,Mid-Market,2022-01-26,SUB_04816,Pro,199,2022-01-26,,Active,27,12,727,3.0,38.666666666666664,3.3333333333333335,0,Healthy (16+ logins),705.0
CUST_04817,E-commerce,SMB,2023-07-20,SUB_04817,Starter,49,2023-07-20,,Active,15,9,989,7.0,43.0,3.4285714285714284,0,Medium Risk (6-15 logins),165.0
CUST_04818,EdTech,Mid-Market,2023-11-13,SUB_04818,Starter,49,2023-11-13,,Active,48,6,975,0.0,0.0,5.0,0,Healthy (16+ logins),49.0
CUST_04819,Logistics,SMB,2023-01-30,SUB_04819,Starter,49,2023-01-30,2023-06-08,Churned,3,1,816,4.0,45.25,4.0,1,High Risk (≤5 logins),129.0
CUST_04820,Healthcare,SMB,2023-01-16,SUB_04820,Pro,199,2023-01-16,2023-08-20,Churned,1,1,680,1.0,47.0,5.0,1,High Risk (≤5 logins),216.0
CUST_04821,FinTech,SMB,2023-06-07,SUB_04821,Pro,199,2023-06-07,,Active,5,3,21,3.0,41.666666666666664,3.3333333333333335,0,High Risk (≤5 logins),208.0
CUST_04822,FinTech,SMB,2023-06-23,SUB_04822,Enterprise,999,2023-06-23,2024-05-12,Churned,4,1,33212,6.0,35.833333333333336,3.5,1,High Risk (≤5 logins),324.0
CUST_04823,Healthcare,Mid-Market,2022-03-24,SUB_04823,Pro,199,2022-03-24,,Active,10,7,961,6.0,33.333333333333336,3.8333333333333335,0,Medium Risk (6-15 logins),648.0
CUST_04824,Healthcare,SMB,2023-07-04,SUB_04824,Pro,199,2023-07-04,2023-10-08,Churned,1,0,274,4.0,32.5,3.0,1,High Risk (≤5 logins),96.0
CUST_04825,Logistics,Mid-Market,2023-03-21,SUB_04825,Enterprise,999,2023-03-21,,Active,30,9,46663,3.0,30.666666666666668,2.6666666666666665,0,Healthy (16+ logins),286.0
CUST_04826,Healthcare,Mid-Market,2022-03-28,SUB_04826,Starter,49,2022-03-28,,Active,7,5,868,3.0,29.666666666666668,4.333333333333333,0,Medium Risk (6-15 logins),644.0
CUST_04827,EdTech,SMB,2023-01-22,SUB_04827,Pro,199,2023-01-22,,Active,10,1,897,2.0,42.5,3.0,0,Medium Risk (6-15 logins),344.0
CUST_04828,E-commerce,SMB,2023-10-30,SUB_04828,Pro,199,2023-10-30,,Active,44,5,714,0.0,0.0,5.0,0,Healthy (16+ logins),63.0
CUST_04829,Healthcare,SMB,2023-02-02,SUB_04829,Starter,49,2023-02-02,,Active,29,8,544,0.0,0.0,5.0,0,Healthy (16+ logins),333.0
CUST_04830,Healthcare,SMB,2022-10-13,SUB_04830,Pro,199,2022-10-13,,Active,21,8,968,1.0,6.0,2.0,0,Healthy (16+ logins),445.0
CUST_04831,EdTech,SMB,2023-11-29,SUB_04831,Starter,49,2023-11-29,2024-03-10,Churned,4,0,954,3.0,33.0,3.0,1,High Risk (≤5 logins),102.0
CUST_04832,FinTech,Enterprise,2023-11-25,SUB_04832,Pro,199,2023-11-25,,Active,36,4,88,1.0,64.0,5.0,0,Healthy (16+ logins),37.0
CUST_04833,FinTech,SMB,2023-01-04,SUB_04833,Pro,199,2023-01-04,2023-09-22,Churned,2,0,645,4.0,45.5,4.25,1,High Risk (≤5 logins),261.0
CUST_04834,Logistics,SMB,2023-10-17,SUB_04834,Enterprise,999,2023-10-17,2024-05-22,Churned,2,0,8353,1.0,32.0,2.0,1,High Risk (≤5 logins),218.0
CUST_04835,EdTech,Mid-Market,2023-02-26,SUB_04835,Pro,199,2023-02-26,,Active,45,8,26,2.0,33.5,5.0,0,Healthy (16+ logins),309.0
CUST_04836,E-commerce,SMB,2023-10-16,SUB_04836,Pro,199,2023-10-16,2024-01-03,Churned,2,1,455,2.0,21.0,4.5,1,High Risk (≤5 logins),79.0
CUST_04837,E-commerce,Mid-Market,2023-11-28,SUB_04837,Pro,199,2023-11-28,,Active,36,6,940,1.0,40.0,4.0,0,Healthy (16+ logins),34.0
CUST_04838,EdTech,SMB,2023-03-19,SUB_04838,Starter,49,2023-03-19,,Active,30,4,30,2.0,35.0,2.0,0,Healthy (16+ logins),288.0
CUST_04839,E-commerce,SMB,2023-06-04,SUB_04839,Starter,49,2023-06-04,2024-05-07,Churned,4,1,602,2.0,39.0,4.5,1,High Risk (≤5 logins),338.0
CUST_04840,FinTech,SMB,2023-08-07,SUB_04840,Enterprise,999,2023-08-07,,Active,23,13,43267,8.0,46.125,3.625,0,Healthy (16+ logins),147.0
CUST_04841,E-commerce,SMB,2022-10-15,SUB_04841,Enterprise,999,2022-10-15,,Active,45,9,14930,3.0,42.0,2.6666666666666665,0,Healthy (16+ logins),443.0
CUST_04842,E-commerce,SMB,2022-04-05,SUB_04842,Pro,199,2022-04-05,2023-03-02,Churned,1,0,680,2.0,43.0,4.5,1,High Risk (≤5 logins),331.0
CUST_04843,EdTech,Mid-Market,2023-10-31,SUB_04843,Starter,49,2023-10-31,,Active,42,2,558,2.0,46.5,5.0,0,Healthy (16+ logins),62.0
CUST_04844,EdTech,SMB,2022-02-10,SUB_04844,Pro,199,2022-02-10,2023-01-13,Churned,0,0,964,3.0,31.0,3.0,1,High Risk (≤5 logins),337.0
CUST_04845,E-commerce,Enterprise,2022-11-27,SUB_04845,Enterprise,999,2022-11-27,2023-04-29,Churned,1,1,2218,1.0,18.0,3.0,1,High Risk (≤5 logins),153.0
CUST_04846,Healthcare,SMB,2022-06-04,SUB_04846,Starter,49,2022-06-04,,Active,25,12,513,4.0,44.0,3.25,0,Healthy (16+ logins),576.0
CUST_04847,EdTech,SMB,2023-05-19,SUB_04847,Pro,199,2023-05-19,2023-11-21,Churned,4,1,398,4.0,25.75,4.0,1,High Risk (≤5 logins),186.0
CUST_04848,Logistics,SMB,2022-10-02,SUB_04848,Pro,199,2022-10-02,,Active,46,3,990,3.0,47.333333333333336,2.0,0,Healthy (16+ logins),456.0
CUST_04849,Logistics,Enterprise,2023-10-28,SUB_04849,Pro,199,2023-10-28,,Active,43,4,531,1.0,30.0,5.0,0,Healthy (16+ logins),65.0
CUST_04850,FinTech,SMB,2023-07-19,SUB_04850,Enterprise,999,2023-07-19,2024-05-04,Churned,0,0,25384,2.0,58.0,2.0,1,High Risk (≤5 logins),290.0
CUST_04851,E-commerce,SMB,2022-06-28,SUB_04851,Starter,49,2022-06-28,2023-02-07,Churned,1,1,617,5.0,39.2,3.8,1,High Risk (≤5 logins),224.0
CUST_04852,Healthcare,Mid-Market,2022-05-17,SUB_04852,Pro,199,2022-05-17,2023-05-11,Churned,1,0,806,1.0,16.0,1.0,1,High Risk (≤5 logins),359.0
CUST_04853,FinTech,SMB,2022-06-29,SUB_04853,Pro,199,2022-06-29,2023-06-24,Churned,0,0,329,2.0,26.5,4.5,1,High Risk (≤5 logins),360.0
CUST_04854,E-commerce,Mid-Market,2022-07-01,SUB_04854,Starter,49,2022-07-01,,Active,10,8,601,2.0,38.5,2.0,0,Medium Risk (6-15 logins),549.0
CUST_04855,EdTech,SMB,2022-09-16,SUB_04855,Pro,199,2022-09-16,2023-06-28,Churned,2,0,137,1.0,62.0,5.0,1,High Risk (≤5 logins),285.0
CUST_04856,Logistics,Mid-Market,2022-08-31,SUB_04856,Pro,199,2022-08-31,,Active,30,8,679,5.0,43.2,3.4,0,Healthy (16+ logins),488.0
CUST_04857,Healthcare,Enterprise,2022-04-06,SUB_04857,Starter,49,2022-04-06,,Active,21,8,652,2.0,57.0,3.5,0,Healthy (16+ logins),635.0
CUST_04858,Logistics,Mid-Market,2022-07-16,SUB_04858,Starter,49,2022-07-16,,Active,44,10,724,2.0,26.5,4.5,0,Healthy (16+ logins),534.0
CUST_04859,EdTech,SMB,2023-06-10,SUB_04859,Starter,49,2023-06-10,2024-01-25,Churned,1,0,481,5.0,32.0,3.6,1,High Risk (≤5 logins),229.0
CUST_04860,E-commerce,SMB,2023-09-24,SUB_04860,Pro,199,2023-09-24,,Active,25,2,299,1.0,43.0,5.0,0,Healthy (16+ logins),99.0
CUST_04861,EdTech,Enterprise,2023-01-22,SUB_04861,Enterprise,999,2023-01-22,,Active,11,5,40324,3.0,19.666666666666668,4.0,0,Medium Risk (6-15 logins),344.0
CUST_04862,EdTech,SMB,2023-02-12,SUB_04862,Starter,49,2023-02-12,2023-05-20,Churned,1,1,456,5.0,66.2,4.0,1,High Risk (≤5 logins),97.0
CUST_04863,Logistics,SMB,2022-09-26,SUB_04863,Starter,49,2022-09-26,,Active,24,12,541,5.0,40.0,3.2,0,Healthy (16+ logins),462.0
CUST_04864,Healthcare,Mid-Market,2022-06-20,SUB_04864,Starter,49,2022-06-20,,Active,7,6,384,0.0,0.0,5.0,0,Medium Risk (6-15 logins),560.0
CUST_04865,EdTech,SMB,2023-08-07,SUB_04865,Pro,199,2023-08-07,,Active,40,2,820,0.0,0.0,5.0,0,Healthy (16+ logins),147.0
CUST_04866,Logistics,SMB,2023-11-22,SUB_04866,Enterprise,999,2023-11-22,,Active,47,4,44265,4.0,43.5,4.25,0,Healthy (16+ logins),40.0
CUST_04867,Healthcare,SMB,2022-06-19,SUB_04867,Pro,199,2022-06-19,2022-10-06,Churned,0,0,43,4.0,31.75,2.75,1,High Risk (≤5 logins),109.0
CUST_04868,E-commerce,SMB,2022-06-08,SUB_04868,Pro,199,2022-06-08,,Active,23,8,546,2.0,61.0,3.0,0,Healthy (16+ logins),572.0
CUST_04869,E-commerce,SMB,2023-05-24,SUB_04869,Pro,199,2023-05-24,2024-02-10,Churned,1,0,983,4.0,48.75,3.0,1,High Risk (≤5 logins),262.0
CUST_04870,FinTech,Mid-Market,2023-03-23,SUB_04870,Starter,49,2023-03-23,,Active,15,1,423,4.0,45.75,4.75,0,Medium Risk (6-15 logins),284.0
CUST_04871,Logistics,SMB,2023-10-28,SUB_04871,Pro,199,2023-10-28,,Active,17,3,44,3.0,41.333333333333336,2.3333333333333335,0,Healthy (16+ logins),65.0
CUST_04872,Healthcare,Mid-Market,2022-03-23,SUB_04872,Pro,199,2022-03-23,,Active,37,4,955,3.0,26.0,3.6666666666666665,0,Healthy (16+ logins),649.0
CUST_04873,EdTech,Mid-Market,2022-02-26,SUB_04873,Pro,199,2022-02-26,,Active,42,2,379,4.0,36.75,4.5,0,Healthy (16+ logins),674.0
CUST_04874,E-commerce,Mid-Market,2023-06-03,SUB_04874,Pro,199,2023-06-03,,Active,6,12,496,2.0,47.5,3.5,0,Medium Risk (6-15 logins),212.0
CUST_04875,Healthcare,SMB,2022-04-22,SUB_04875,Pro,199,2022-04-22,,Active,27,2,883,2.0,50.5,3.0,0,Healthy (16+ logins),619.0
CUST_04876,Logistics,Mid-Market,2022-02-17,SUB_04876,Pro,199,2022-02-17,,Active,24,6,891,3.0,13.333333333333334,4.333333333333333,0,Healthy (16+ logins),683.0
CUST_04877,FinTech,SMB,2023-08-15,SUB_04877,Enterprise,999,2023-08-15,,Active,34,6,26008,1.0,29.0,4.0,0,Healthy (16+ logins),139.0
CUST_04878,E-commerce,SMB,2023-01-11,SUB_04878,Enterprise,999,2023-01-11,2023-08-14,Churned,0,0,22932,6.0,40.666666666666664,4.0,1,High Risk (≤5 logins),215.0
CUST_04879,Healthcare,Mid-Market,2022-02-02,SUB_04879,Pro,199,2022-02-02,,Active,6,8,558,0.0,0.0,5.0,0,Medium Risk (6-15 logins),698.0
CUST_04880,Healthcare,SMB,2023-05-19,SUB_04880,Starter,49,2023-05-19,2023-09-30,Churned,4,0,407,6.0,45.0,3.3333333333333335,1,High Risk (≤5 logins),134.0
CUST_04881,Healthcare,Enterprise,2023-09-19,SUB_04881,Starter,49,2023-09-19,,Active,29,3,184,2.0,39.0,2.5,0,Healthy (16+ logins),104.0
CUST_04882,Logistics,SMB,2022-01-03,SUB_04882,Pro,199,2022-01-03,,Active,8,2,488,1.0,47.0,2.0,0,Medium Risk (6-15 logins),728.0
CUST_04883,Logistics,Mid-Market,2023-05-01,SUB_04883,Starter,49,2023-05-01,,Active,5,5,17,2.0,54.5,4.0,0,High Risk (≤5 logins),245.0
CUST_04884,Logistics,SMB,2023-05-31,SUB_04884,Starter,49,2023-05-31,2024-05-19,Churned,3,0,696,4.0,48.0,4.0,1,High Risk (≤5 logins),354.0
CUST_04885,EdTech,Enterprise,2022-02-11,SUB_04885,Starter,49,2022-02-11,,Active,18,7,71,5.0,26.0,3.8,0,Healthy (16+ logins),689.0
CUST_04886,Healthcare,SMB,2022-01-09,SUB_04886,Pro,199,2022-01-09,,Active,15,1,634,5.0,40.2,3.2,0,Medium Risk (6-15 logins),722.0
CUST_04887,E-commerce,SMB,2023-10-19,SUB_04887,Pro,199,2023-10-19,,Active,28,2,941,2.0,37.0,3.0,0,Healthy (16+ logins),74.0
CUST_04888,Logistics,SMB,2023-09-01,SUB_04888,Starter,49,2023-09-01,2024-02-19,Churned,4,1,170,1.0,62.0,3.0,1,High Risk (≤5 logins),171.0
CUST_04889,Logistics,SMB,2022-05-22,SUB_04889,Starter,49,2022-05-22,,Active,36,8,76,1.0,27.0,1.0,0,Healthy (16+ logins),589.0
CUST_04890,Healthcare,SMB,2023-03-12,SUB_04890,Pro,199,2023-03-12,2024-01-07,Churned,0,1,399,3.0,45.333333333333336,4.666666666666667,1,High Risk (≤5 logins),301.0
CUST_04891,Logistics,SMB,2022-01-27,SUB_04891,Starter,49,2022-01-27,,Active,32,6,909,5.0,59.6,4.0,0,Healthy (16+ logins),704.0
CUST_04892,EdTech,SMB,2022-02-12,SUB_04892,Starter,49,2022-02-12,2022-07-15,Churned,4,1,520,1.0,56.0,5.0,1,High Risk (≤5 logins),153.0
CUST_04893,EdTech,SMB,2022-05-11,SUB_04893,Pro,199,2022-05-11,,Active,46,13,200,0.0,0.0,5.0,0,Healthy (16+ logins),600.0
CUST_04894,Logistics,SMB,2022-08-04,SUB_04894,Pro,199,2022-08-04,,Active,43,13,754,2.0,54.0,4.0,0,Healthy (16+ logins),515.0
CUST_04895,Healthcare,Mid-Market,2023-08-29,SUB_04895,Starter,49,2023-08-29,,Active,20,13,580,3.0,32.666666666666664,3.3333333333333335,0,Healthy (16+ logins),125.0
CUST_04896,Healthcare,Mid-Market,2023-06-04,SUB_04896,Pro,199,2023-06-04,2024-02-11,Churned,4,1,238,5.0,47.6,2.6,1,High Risk (≤5 logins),252.0
CUST_04897,Healthcare,Mid-Market,2023-08-21,SUB_04897,Starter,49,2023-08-21,,Active,16,4,316,1.0,24.0,5.0,0,Healthy (16+ logins),133.0
CUST_04898,FinTech,Mid-Market,2022-12-11,SUB_04898,Pro,199,2022-12-11,2023-07-02,Churned,2,0,522,1.0,43.0,4.0,1,High Risk (≤5 logins),203.0
CUST_04899,Logistics,SMB,2023-05-23,SUB_04899,Starter,49,2023-05-23,,Active,38,3,914,2.0,22.0,4.5,0,Healthy (16+ logins),223.0
CUST_04900,Healthcare,SMB,2023-10-12,SUB_04900,Starter,49,2023-10-12,,Active,42,12,319,2.0,56.5,4.0,0,Healthy (16+ logins),81.0
CUST_04901,EdTech,SMB,2023-02-17,SUB_04901,Pro,199,2023-02-17,,Active,24,14,549,1.0,57.0,3.0,0,Healthy (16+ logins),318.0
CUST_04902,E-commerce,Mid-Market,2022-09-03,SUB_04902,Pro,199,2022-09-03,,Active,19,4,521,2.0,33.5,2.0,0,Healthy (16+ logins),485.0
CUST_04903,E-commerce,Enterprise,2023-03-25,SUB_04903,Starter,49,2023-03-25,2023-10-31,Churned,0,1,527,2.0,37.0,3.0,1,High Risk (≤5 logins),220.0
CUST_04904,Healthcare,SMB,2022-01-21,SUB_04904,Starter,49,2022-01-21,2022-07-09,Churned,4,1,476,1.0,71.0,1.0,1,High Risk (≤5 logins),169.0
CUST_04905,E-commerce,SMB,2023-02-12,SUB_04905,Pro,199,2023-02-12,2024-01-04,Churned,4,0,324,4.0,39.25,2.75,1,High Risk (≤5 logins),326.0
CUST_04906,E-commerce,SMB,2023-04-02,SUB_04906,Pro,199,2023-04-02,,Active,7,7,465,2.0,34.0,4.5,0,Medium Risk (6-15 logins),274.0
CUST_04907,FinTech,SMB,2023-03-20,SUB_04907,Starter,49,2023-03-20,,Active,5,1,754,1.0,30.0,1.0,0,High Risk (≤5 logins),287.0
CUST_04908,EdTech,SMB,2022-09-22,SUB_04908,Pro,199,2022-09-22,2023-02-17,Churned,2,1,758,0.0,0.0,5.0,1,High Risk (≤5 logins),148.0
CUST_04909,EdTech,SMB,2023-10-22,SUB_04909,Starter,49,2023-10-22,,Active,42,3,41,2.0,42.5,5.0,0,Healthy (16+ logins),71.0
CUST_04910,FinTech,Enterprise,2022-07-03,SUB_04910,Pro,199,2022-07-03,,Active,21,9,233,1.0,60.0,5.0,0,Healthy (16+ logins),547.0
CUST_04911,FinTech,SMB,2022-08-15,SUB_04911,Starter,49,2022-08-15,,Active,45,6,555,1.0,17.0,1.0,0,Healthy (16+ logins),504.0
CUST_04912,E-commerce,Enterprise,2023-07-02,SUB_04912,Starter,49,2023-07-02,2024-05-01,Churned,1,1,436,2.0,46.0,4.0,1,High Risk (≤5 logins),304.0
CUST_04913,Logistics,Mid-Market,2022-09-03,SUB_04913,Starter,49,2022-09-03,2022-12-17,Churned,1,0,930,0.0,0.0,5.0,1,High Risk (≤5 logins),105.0
CUST_04914,E-commerce,Mid-Market,2022-03-14,SUB_04914,Starter,49,2022-03-14,2022-07-30,Churned,4,0,675,3.0,46.666666666666664,3.6666666666666665,1,High Risk (≤5 logins),138.0
CUST_04915,FinTech,Mid-Market,2022-05-30,SUB_04915,Starter,49,2022-05-30,,Active,6,9,661,5.0,17.0,4.4,0,Medium Risk (6-15 logins),581.0
CUST_04916,EdTech,Mid-Market,2023-05-28,SUB_04916,Starter,49,2023-05-28,,Active,6,14,279,1.0,16.0,4.0,0,Medium Risk (6-15 logins),218.0
CUST_04917,E-commerce,Mid-Market,2022-03-10,SUB_04917,Starter,49,2022-03-10,,Active,47,12,203,2.0,19.5,5.0,0,Healthy (16+ logins),662.0
CUST_04918,Logistics,Mid-Market,2022-08-18,SUB_04918,Starter,49,2022-08-18,,Active,29,3,742,4.0,34.75,3.75,0,Healthy (16+ logins),501.0
CUST_04919,E-commerce,SMB,2022-03-13,SUB_04919,Pro,199,2022-03-13,2022-08-08,Churned,2,0,907,4.0,27.0,3.0,1,High Risk (≤5 logins),148.0
CUST_04920,Healthcare,Enterprise,2023-08-31,SUB_04920,Starter,49,2023-08-31,,Active,30,13,802,2.0,47.5,4.0,0,Healthy (16+ logins),123.0
CUST_04921,E-commerce,Mid-Market,2023-02-01,SUB_04921,Pro,199,2023-02-01,,Active,39,6,305,3.0,57.333333333333336,4.333333333333333,0,Healthy (16+ logins),334.0
CUST_04922,FinTech,Mid-Market,2022-03-25,SUB_04922,Starter,49,2022-03-25,,Active,32,12,850,2.0,54.5,4.0,0,Healthy (16+ logins),647.0
CUST_04923,EdTech,Mid-Market,2022-10-26,SUB_04923,Starter,49,2022-10-26,2023-08-09,Churned,2,1,996,0.0,0.0,5.0,1,High Risk (≤5 logins),287.0
CUST_04924,EdTech,SMB,2022-10-20,SUB_04924,Pro,199,2022-10-20,,Active,22,3,845,4.0,54.25,3.25,0,Healthy (16+ logins),438.0
CUST_04925,FinTech,SMB,2022-08-11,SUB_04925,Enterprise,999,2022-08-11,2022-09-29,Churned,1,1,23720,4.0,20.0,3.75,1,High Risk (≤5 logins),49.0
CUST_04926,Healthcare,SMB,2022-08-04,SUB_04926,Starter,49,2022-08-04,,Active,45,1,509,3.0,41.666666666666664,4.0,0,Healthy (16+ logins),515.0
CUST_04927,FinTech,SMB,2022-08-19,SUB_04927,Starter,49,2022-08-19,,Active,13,3,295,2.0,40.0,4.0,0,Medium Risk (6-15 logins),500.0
CUST_04928,E-commerce,Mid-Market,2023-02-09,SUB_04928,Pro,199,2023-02-09,2023-07-07,Churned,1,0,21,0.0,0.0,5.0,1,High Risk (≤5 logins),148.0
CUST_04929,FinTech,SMB,2022-06-18,SUB_04929,Enterprise,999,2022-06-18,,Active,34,14,11414,1.0,56.0,3.0,0,Healthy (16+ logins),562.0
CUST_04930,FinTech,SMB,2022-11-25,SUB_04930,Enterprise,999,2022-11-25,,Active,7,6,1111,1.0,59.0,1.0,0,Medium Risk (6-15 logins),402.0
CUST_04931,Healthcare,SMB,2023-03-02,SUB_04931,Starter,49,2023-03-02,,Active,38,10,842,2.0,58.0,2.0,0,Healthy (16+ logins),305.0
CUST_04932,E-commerce,SMB,2023-07-08,SUB_04932,Starter,49,2023-07-08,,Active,37,14,577,2.0,40.5,3.5,0,Healthy (16+ logins),177.0
CUST_04933,Logistics,Mid-Market,2022-07-15,SUB_04933,Pro,199,2022-07-15,,Active,31,7,393,5.0,39.8,4.2,0,Healthy (16+ logins),535.0
CUST_04934,Logistics,Mid-Market,2023-08-31,SUB_04934,Pro,199,2023-08-31,,Active,13,3,426,2.0,30.0,4.0,0,Medium Risk (6-15 logins),123.0
CUST_04935,EdTech,SMB,2023-06-10,SUB_04935,Pro,199,2023-06-10,2023-11-23,Churned,2,0,452,1.0,40.0,3.0,1,High Risk (≤5 logins),166.0
CUST_04936,FinTech,SMB,2023-09-17,SUB_04936,Pro,199,2023-09-17,,Active,34,11,506,2.0,42.0,3.5,0,Healthy (16+ logins),106.0
CUST_04937,EdTech,SMB,2022-03-18,SUB_04937,Pro,199,2022-03-18,2023-01-18,Churned,0,0,605,1.0,12.0,1.0,1,High Risk (≤5 logins),306.0
CUST_04938,Healthcare,SMB,2022-10-04,SUB_04938,Starter,49,2022-10-04,2023-07-15,Churned,4,0,212,5.0,45.0,4.2,1,High Risk (≤5 logins),284.0
CUST_04939,Logistics,SMB,2023-04-11,SUB_04939,Starter,49,2023-04-11,2024-01-29,Churned,4,0,240,1.0,11.0,2.0,1,High Risk (≤5 logins),293.0
CUST_04940,FinTech,Enterprise,2023-03-24,SUB_04940,Pro,199,2023-03-24,2023-10-06,Churned,1,1,992,1.0,48.0,3.0,1,High Risk (≤5 logins),196.0
CUST_04941,Healthcare,SMB,2022-11-16,SUB_04941,Starter,49,2022-11-16,,Active,31,1,408,0.0,0.0,5.0,0,Healthy (16+ logins),411.0
CUST_04942,Healthcare,SMB,2022-06-09,SUB_04942,Starter,49,2022-06-09,,Active,19,1,621,1.0,42.0,3.0,0,Healthy (16+ logins),571.0
CUST_04943,FinTech,SMB,2023-05-07,SUB_04943,Starter,49,2023-05-07,2023-11-17,Churned,0,1,558,3.0,25.333333333333332,4.333333333333333,1,High Risk (≤5 logins),194.0
CUST_04944,Healthcare,Mid-Market,2022-11-09,SUB_04944,Starter,49,2022-11-09,,Active,7,10,902,9.0,39.55555555555556,3.3333333333333335,0,Medium Risk (6-15 logins),418.0
CUST_04945,FinTech,Mid-Market,2023-09-23,SUB_04945,Starter,49,2023-09-23,,Active,45,7,871,4.0,33.0,2.5,0,Healthy (16+ logins),100.0
CUST_04946,FinTech,Mid-Market,2022-06-10,SUB_04946,Pro,199,2022-06-10,,Active,5,4,667,2.0,33.0,4.0,0,High Risk (≤5 logins),570.0
CUST_04947,E-commerce,SMB,2022-11-04,SUB_04947,Starter,49,2022-11-04,,Active,5,1,591,3.0,30.0,4.333333333333333,0,High Risk (≤5 logins),423.0
CUST_04948,EdTech,Mid-Market,2022-05-26,SUB_04948,Pro,199,2022-05-26,,Active,10,6,44,1.0,23.0,4.0,0,Medium Risk (6-15 logins),585.0
CUST_04949,Healthcare,SMB,2023-11-06,SUB_04949,Starter,49,2023-11-06,,Active,15,11,868,0.0,0.0,5.0,0,Medium Risk (6-15 logins),56.0
CUST_04950,Healthcare,SMB,2023-01-31,SUB_04950,Starter,49,2023-01-31,,Active,20,12,706,1.0,36.0,4.0,0,Healthy (16+ logins),335.0
CUST_04951,E-commerce,SMB,2023-11-22,SUB_04951,Enterprise,999,2023-11-22,2024-01-19,Churned,4,1,25852,2.0,37.5,4.0,1,High Risk (≤5 logins),58.0
CUST_04952,E-commerce,SMB,2022-03-30,SUB_04952,Pro,199,2022-03-30,,Active,28,10,722,0.0,0.0,5.0,0,Healthy (16+ logins),642.0
CUST_04953,E-commerce,Mid-Market,2022-11-04,SUB_04953,Starter,49,2022-11-04,2023-01-07,Churned,4,1,779,1.0,71.0,5.0,1,High Risk (≤5 logins),64.0
CUST_04954,Logistics,Enterprise,2023-06-30,SUB_04954,Pro,199,2023-06-30,,Active,14,6,594,2.0,48.5,3.0,0,Medium Risk (6-15 logins),185.0
CUST_04955,Logistics,SMB,2023-01-06,SUB_04955,Starter,49,2023-01-06,2023-09-29,Churned,4,1,112,2.0,26.0,4.5,1,High Risk (≤5 logins),266.0
CUST_04956,Logistics,Mid-Market,2023-03-27,SUB_04956,Enterprise,999,2023-03-27,,Active,14,6,6931,1.0,64.0,5.0,0,Medium Risk (6-15 logins),280.0
CUST_04957,FinTech,Mid-Market,2022-06-16,SUB_04957,Starter,49,2022-06-16,,Active,17,8,506,2.0,46.0,3.0,0,Healthy (16+ logins),564.0
CUST_04958,Healthcare,Enterprise,2023-01-27,SUB_04958,Starter,49,2023-01-27,,Active,5,14,642,2.0,37.0,3.5,0,High Risk (≤5 logins),339.0
CUST_04959,EdTech,SMB,2023-09-29,SUB_04959,Pro,199,2023-09-29,,Active,39,6,828,2.0,43.0,4.5,0,Healthy (16+ logins),94.0
CUST_04960,FinTech,SMB,2023-05-06,SUB_04960,Pro,199,2023-05-06,2024-03-24,Churned,2,1,449,5.0,46.0,3.8,1,High Risk (≤5 logins),323.0
CUST_04961,Healthcare,SMB,2022-05-30,SUB_04961,Starter,49,2022-05-30,2022-09-26,Churned,0,1,567,3.0,34.0,3.6666666666666665,1,High Risk (≤5 logins),119.0
CUST_04962,Healthcare,Mid-Market,2023-04-13,SUB_04962,Pro,199,2023-04-13,,Active,42,13,889,2.0,33.5,4.0,0,Healthy (16+ logins),263.0
CUST_04963,E-commerce,SMB,2022-02-12,SUB_04963,Starter,49,2022-02-12,,Active,5,10,749,0.0,0.0,5.0,0,High Risk (≤5 logins),688.0
CUST_04964,E-commerce,SMB,2022-01-29,SUB_04964,Enterprise,999,2022-01-29,,Active,24,14,4985,3.0,60.333333333333336,3.0,0,Healthy (16+ logins),702.0
CUST_04965,FinTech,SMB,2023-09-24,SUB_04965,Starter,49,2023-09-24,,Active,9,13,853,3.0,29.333333333333332,3.6666666666666665,0,Medium Risk (6-15 logins),99.0
CUST_04966,E-commerce,SMB,2022-01-31,SUB_04966,Enterprise,999,2022-01-31,,Active,44,4,30941,4.0,26.5,4.0,0,Healthy (16+ logins),700.0
CUST_04967,Healthcare,Mid-Market,2023-11-24,SUB_04967,Starter,49,2023-11-24,2024-07-13,Churned,4,1,208,3.0,64.66666666666667,3.0,1,High Risk (≤5 logins),232.0
CUST_04968,E-commerce,Mid-Market,2023-11-05,SUB_04968,Starter,49,2023-11-05,,Active,36,11,289,4.0,37.75,4.0,0,Healthy (16+ logins),57.0
CUST_04969,Logistics,Mid-Market,2022-05-08,SUB_04969,Enterprise,999,2022-05-08,,Active,5,3,7549,3.0,45.0,4.333333333333333,0,High Risk (≤5 logins),603.0
CUST_04970,E-commerce,Mid-Market,2022-10-21,SUB_04970,Enterprise,999,2022-10-21,,Active,49,8,23530,1.0,56.0,4.0,0,Healthy (16+ logins),437.0
CUST_04971,Healthcare,SMB,2023-03-17,SUB_04971,Pro,199,2023-03-17,2023-11-29,Churned,2,1,718,2.0,24.0,3.0,1,High Risk (≤5 logins),257.0
CUST_04972,FinTech,SMB,2023-01-23,SUB_04972,Starter,49,2023-01-23,,Active,44,12,715,1.0,35.0,3.0,0,Healthy (16+ logins),343.0
CUST_04973,EdTech,SMB,2023-10-04,SUB_04973,Pro,199,2023-10-04,2024-01-09,Churned,1,0,399,2.0,54.0,3.0,1,High Risk (≤5 logins),97.0
CUST_04974,E-commerce,SMB,2023-06-08,SUB_04974,Pro,199,2023-06-08,2023-11-15,Churned,4,0,207,2.0,39.0,2.0,1,High Risk (≤5 logins),160.0
CUST_04975,Healthcare,SMB,2023-07-01,SUB_04975,Pro,199,2023-07-01,,Active,35,4,422,4.0,39.5,3.5,0,Healthy (16+ logins),184.0
CUST_04976,EdTech,Mid-Market,2022-04-20,SUB_04976,Pro,199,2022-04-20,,Active,30,11,389,0.0,0.0,5.0,0,Healthy (16+ logins),621.0
CUST_04977,EdTech,SMB,2022-11-24,SUB_04977,Starter,49,2022-11-24,2023-04-13,Churned,3,1,365,6.0,32.166666666666664,3.5,1,High Risk (≤5 logins),140.0
CUST_04978,Logistics,Mid-Market,2023-02-09,SUB_04978,Pro,199,2023-02-09,,Active,34,5,583,2.0,21.0,4.0,0,Healthy (16+ logins),326.0
CUST_04979,EdTech,SMB,2022-09-02,SUB_04979,Pro,199,2022-09-02,,Active,12,12,435,3.0,28.333333333333332,3.6666666666666665,0,Medium Risk (6-15 logins),486.0
CUST_04980,Healthcare,SMB,2022-06-12,SUB_04980,Starter,49,2022-06-12,,Active,9,4,920,1.0,69.0,4.0,0,Medium Risk (6-15 logins),568.0
CUST_04981,Healthcare,SMB,2023-07-14,SUB_04981,Pro,199,2023-07-14,,Active,43,3,311,3.0,44.666666666666664,2.0,0,Healthy (16+ logins),171.0
CUST_04982,E-commerce,SMB,2023-02-03,SUB_04982,Pro,199,2023-02-03,,Active,8,4,338,2.0,53.5,4.0,0,Medium Risk (6-15 logins),332.0
CUST_04983,E-commerce,SMB,2023-08-06,SUB_04983,Pro,199,2023-08-06,,Active,44,10,146,1.0,52.0,5.0,0,Healthy (16+ logins),148.0
CUST_04984,E-commerce,SMB,2023-02-03,SUB_04984,Starter,49,2023-02-03,,Active,40,13,715,4.0,36.5,4.75,0,Healthy (16+ logins),332.0
CUST_04985,EdTech,SMB,2023-05-08,SUB_04985,Pro,199,2023-05-08,2023-06-18,Churned,4,1,456,0.0,0.0,5.0,1,High Risk (≤5 logins),41.0
CUST_04986,EdTech,SMB,2023-10-08,SUB_04986,Starter,49,2023-10-08,2024-08-20,Churned,0,0,860,3.0,25.666666666666668,4.0,1,High Risk (≤5 logins),317.0
CUST_04987,Logistics,SMB,2022-08-27,SUB_04987,Pro,199,2022-08-27,2023-03-19,Churned,4,1,410,1.0,46.0,3.0,1,High Risk (≤5 logins),204.0
CUST_04988,E-commerce,Mid-Market,2023-04-10,SUB_04988,Pro,199,2023-04-10,,Active,44,2,644,4.0,39.5,3.0,0,Healthy (16+ logins),266.0
CUST_04989,FinTech,Mid-Market,2023-08-03,SUB_04989,Pro,199,2023-08-03,2024-07-16,Churned,0,0,281,2.0,20.5,4.0,1,High Risk (≤5 logins),348.0
CUST_04990,Logistics,SMB,2022-02-01,SUB_04990,Starter,49,2022-02-01,,Active,15,14,413,3.0,42.333333333333336,4.333333333333333,0,Medium Risk (6-15 logins),699.0
CUST_04991,FinTech,Mid-Market,2022-05-03,SUB_04991,Pro,199,2022-05-03,,Active,25,14,589,1.0,55.0,4.0,0,Healthy (16+ logins),608.0
CUST_04992,EdTech,Mid-Market,2023-06-18,SUB_04992,Enterprise,999,2023-06-18,2023-12-18,Churned,1,0,25594,2.0,31.0,4.5,1,High Risk (≤5 logins),183.0
CUST_04993,Logistics,Mid-Market,2023-10-29,SUB_04993,Starter,49,2023-10-29,,Active,41,9,162,3.0,42.333333333333336,3.3333333333333335,0,Healthy (16+ logins),64.0
CUST_04994,Logistics,SMB,2022-04-20,SUB_04994,Pro,199,2022-04-20,,Active,11,14,842,2.0,49.0,3.0,0,Medium Risk (6-15 logins),621.0
CUST_04995,Healthcare,SMB,2022-09-28,SUB_04995,Pro,199,2022-09-28,,Active,46,6,436,2.0,21.5,4.0,0,Healthy (16+ logins),460.0
CUST_04996,EdTech,Mid-Market,2023-01-15,SUB_04996,Pro,199,2023-01-15,,Active,17,11,195,2.0,40.0,2.5,0,Healthy (16+ logins),351.0
CUST_04997,EdTech,SMB,2022-10-27,SUB_04997,Starter,49,2022-10-27,2023-01-07,Churned,1,1,627,2.0,51.5,4.5,1,High Risk (≤5 logins),72.0
CUST_04998,Logistics,Enterprise,2023-09-19,SUB_04998,Starter,49,2023-09-19,2024-05-10,Churned,4,0,160,3.0,63.666666666666664,4.0,1,High Risk (≤5 logins),234.0
CUST_04999,EdTech,Mid-Market,2022-09-06,SUB_04999,Enterprise,999,2022-09-06,,Active,42,5,34410,3.0,33.333333333333336,3.0,0,Healthy (16+ logins),482.0
CUST_05000,Logistics,SMB,2023-06-05,SUB_05000,Starter,49,2023-06-05,2023-12-23,Churned,1,1,69,3.0,21.333333333333332,4.666666666666667,1,High Risk (≤5 logins),201.0
