customer_id,industry,segment,signup_date
CUST_00001,EdTech,SMB,2023-11-22
CUST_00002,Logistics,SMB,2023-07-30
CUST_00003,E-commerce,Mid-Market,2023-05-24
CUST_00004,Logistics,SMB,2022-05-12
CUST_00005,Logistics,SMB,2022-11-15
CUST_00006,Healthcare,SMB,2023-09-13
CUST_00007,E-commerce,SMB,2022-06-17
CUST_00008,E-commerce,SMB,2023-02-01
CUST_00009,E-commerce,SMB,2022-06-29
CUST_00010,Logistics,SMB,2022-02-27
CUST_00011,EdTech,SMB,2023-04-25
CUST_00012,E-commerce,Mid-Market,2023-08-14
CUST_00013,Logistics,Mid-Market,2023-04-05
CUST_00014,Healthcare,SMB,2022-03-02
CUST_00015,EdTech,SMB,2023-01-04
CUST_00016,Healthcare,SMB,2022-05-01
CUST_00017,EdTech,SMB,2023-06-30
CUST_00018,Logistics,SMB,2023-08-05
CUST_00019,FinTech,Mid-Market,2022-01-17
CUST_00020,EdTech,SMB,2023-05-11
CUST_00021,Healthcare,SMB,2023-05-12
CUST_00022,Logistics,SMB,2023-05-20
CUST_00023,EdTech,Mid-Market,2023-06-16
CUST_00024,FinTech,SMB,2022-11-11
CUST_00025,FinTech,Mid-Market,2022-03-10
CUST_00026,E-commerce,SMB,2022-06-10
CUST_00027,E-commerce,Mid-Market,2023-09-06
CUST_00028,Healthcare,Mid-Market,2022-05-25
CUST_00029,EdTech,SMB,2023-07-23
CUST_00030,EdTech,SMB,2023-08-18
CUST_00031,E-commerce,SMB,2023-01-20
CUST_00032,EdTech,SMB,2022-09-26
CUST_00033,EdTech,Mid-Market,2023-03-30
CUST_00034,FinTech,Mid-Market,2023-11-30
CUST_00035,E-commerce,Mid-Market,2023-06-02
CUST_00036,Logistics,Mid-Market,2022-12-16
CUST_00037,E-commerce,SMB,2022-04-20
CUST_00038,Logistics,SMB,2023-04-28
CUST_00039,FinTech,Mid-Market,2023-02-11
CUST_00040,Healthcare,SMB,2023-10-12
CUST_00041,EdTech,Mid-Market,2022-02-20
CUST_00042,FinTech,SMB,2023-02-07
CUST_00043,EdTech,SMB,2023-07-17
CUST_00044,Healthcare,Enterprise,2023-04-21
CUST_00045,Healthcare,SMB,2022-03-28
CUST_00046,FinTech,Enterprise,2022-03-09
CUST_00047,Healthcare,Enterprise,2023-08-19
CUST_00048,Logistics,Mid-Market,2022-02-11
CUST_00049,Healthcare,Mid-Market,2022-02-26
CUST_00050,EdTech,SMB,2022-07-15
CUST_00051,EdTech,Mid-Market,2023-11-09
CUST_00052,EdTech,SMB,2022-03-03
CUST_00053,EdTech,SMB,2022-09-20
CUST_00054,Logistics,Mid-Market,2022-04-22
CUST_00055,E-commerce,SMB,2022-06-27
CUST_00056,FinTech,SMB,2022-01-26
CUST_00057,EdTech,SMB,2023-02-14
CUST_00058,Healthcare,SMB,2023-06-15
CUST_00059,EdTech,Mid-Market,2022-11-13
CUST_00060,Healthcare,SMB,2023-06-16
CUST_00061,Healthcare,Enterprise,2022-04-16
CUST_00062,EdTech,Mid-Market,2023-04-09
CUST_00063,Logistics,Mid-Market,2022-09-03
CUST_00064,Healthcare,SMB,2022-03-22
CUST_00065,Healthcare,Mid-Market,2023-10-24
CUST_00066,EdTech,SMB,2023-01-31
CUST_00067,Healthcare,Mid-Market,2023-06-06
CUST_00068,Healthcare,SMB,2022-09-21
CUST_00069,EdTech,Mid-Market,2023-10-23
CUST_00070,EdTech,Enterprise,2022-10-01
CUST_00071,FinTech,SMB,2022-06-21
CUST_00072,Logistics,SMB,2022-09-22
CUST_00073,Logistics,Mid-Market,2022-01-26
CUST_00074,Healthcare,SMB,2023-04-14
CUST_00075,Logistics,Mid-Market,2023-04-21
CUST_00076,Healthcare,SMB,2022-12-22
CUST_00077,FinTech,SMB,2022-01-26
CUST_00078,EdTech,Enterprise,2022-02-03
CUST_00079,EdTech,Mid-Market,2022-09-21
CUST_00080,EdTech,Mid-Market,2022-05-18
CUST_00081,Logistics,SMB,2023-11-26
CUST_00082,FinTech,Mid-Market,2023-07-20
CUST_00083,Logistics,SMB,2023-04-07
CUST_00084,Logistics,Mid-Market,2022-06-17
CUST_00085,FinTech,Mid-Market,2023-09-23
CUST_00086,FinTech,SMB,2023-10-17
CUST_00087,FinTech,SMB,2022-03-22
CUST_00088,FinTech,SMB,2023-02-11
CUST_00089,EdTech,Mid-Market,2023-07-28
CUST_00090,E-commerce,SMB,2022-02-15
CUST_00091,E-commerce,Mid-Market,2023-08-22
CUST_00092,FinTech,SMB,2023-09-03
CUST_00093,E-commerce,Mid-Market,2022-02-22
CUST_00094,E-commerce,Mid-Market,2023-04-21
CUST_00095,FinTech,SMB,2023-08-15
CUST_00096,E-commerce,SMB,2022-01-16
CUST_00097,Logistics,SMB,2022-12-26
CUST_00098,Healthcare,Mid-Market,2023-05-02
CUST_00099,Healthcare,Mid-Market,2023-05-17
CUST_00100,FinTech,SMB,2022-05-21
CUST_00101,EdTech,Mid-Market,2023-09-12
CUST_00102,FinTech,SMB,2023-03-23
CUST_00103,EdTech,SMB,2022-10-17
CUST_00104,Healthcare,Enterprise,2022-07-28
CUST_00105,FinTech,SMB,2023-04-20
CUST_00106,Logistics,SMB,2023-02-17
CUST_00107,E-commerce,SMB,2023-11-08
CUST_00108,EdTech,SMB,2023-03-03
CUST_00109,E-commerce,SMB,2023-01-06
CUST_00110,E-commerce,SMB,2023-10-26
CUST_00111,FinTech,Mid-Market,2022-10-17
CUST_00112,E-commerce,SMB,2023-03-08
CUST_00113,Logistics,SMB,2022-09-25
CUST_00114,E-commerce,SMB,2022-05-31
CUST_00115,FinTech,SMB,2022-09-12
CUST_00116,Logistics,Mid-Market,2022-12-19
CUST_00117,Healthcare,Enterprise,2023-01-12
CUST_00118,E-commerce,SMB,2023-10-15
CUST_00119,FinTech,Mid-Market,2022-12-24
CUST_00120,Healthcare,SMB,2023-08-31
CUST_00121,Healthcare,SMB,2023-01-05
CUST_00122,EdTech,SMB,2022-08-15
CUST_00123,Logistics,SMB,2022-10-30
CUST_00124,E-commerce,SMB,2023-01-24
CUST_00125,FinTech,Mid-Market,2023-01-12
CUST_00126,EdTech,SMB,2022-04-28
CUST_00127,Logistics,Enterprise,2022-01-05
CUST_00128,EdTech,SMB,2023-03-20
CUST_00129,Logistics,SMB,2022-12-18
CUST_00130,Logistics,Mid-Market,2023-06-17
CUST_00131,E-commerce,SMB,2023-10-26
CUST_00132,Logistics,SMB,2023-10-02
CUST_00133,EdTech,Mid-Market,2022-05-04
CUST_00134,Logistics,Enterprise,2023-10-20
CUST_00135,E-commerce,Mid-Market,2022-10-04
CUST_00136,E-commerce,Mid-Market,2023-01-29
CUST_00137,EdTech,Mid-Market,2023-10-26
CUST_00138,Healthcare,Enterprise,2022-12-26
CUST_00139,Healthcare,SMB,2023-09-15
CUST_00140,Logistics,SMB,2023-04-14
CUST_00141,FinTech,SMB,2023-09-20
CUST_00142,Logistics,SMB,2023-12-01
CUST_00143,EdTech,Mid-Market,2022-02-26
CUST_00144,EdTech,Mid-Market,2022-09-08
CUST_00145,EdTech,SMB,2022-05-30
CUST_00146,EdTech,SMB,2023-03-28
CUST_00147,EdTech,Mid-Market,2022-06-11
CUST_00148,E-commerce,SMB,2022-04-30
CUST_00149,Healthcare,Mid-Market,2023-08-05
CUST_00150,EdTech,SMB,2022-12-17
CUST_00151,FinTech,SMB,2022-04-09
CUST_00152,FinTech,SMB,2022-06-16
CUST_00153,FinTech,SMB,2023-10-25
CUST_00154,FinTech,Mid-Market,2023-05-29
CUST_00155,E-commerce,Enterprise,2023-10-26
CUST_00156,FinTech,Mid-Market,2023-02-05
CUST_00157,EdTech,SMB,2022-12-31
CUST_00158,Logistics,SMB,2023-07-31
CUST_00159,FinTech,Mid-Market,2022-11-22
CUST_00160,E-commerce,Mid-Market,2023-08-04
CUST_00161,E-commerce,SMB,2023-09-25
CUST_00162,FinTech,SMB,2023-09-13
CUST_00163,Logistics,Mid-Market,2022-09-04
CUST_00164,FinTech,SMB,2023-03-10
CUST_00165,E-commerce,SMB,2022-04-03
CUST_00166,Healthcare,SMB,2022-09-25
CUST_00167,EdTech,SMB,2023-09-07
CUST_00168,E-commerce,Mid-Market,2023-09-16
CUST_00169,FinTech,Enterprise,2022-11-17
CUST_00170,EdTech,SMB,2022-03-03
CUST_00171,FinTech,SMB,2022-10-27
CUST_00172,FinTech,SMB,2023-02-07
CUST_00173,Healthcare,SMB,2023-10-10
CUST_00174,EdTech,SMB,2023-07-21
CUST_00175,EdTech,Mid-Market,2023-09-12
CUST_00176,Healthcare,SMB,2022-10-30
CUST_00177,E-commerce,SMB,2022-09-10
CUST_00178,FinTech,SMB,2023-04-23
CUST_00179,Logistics,SMB,2023-01-04
CUST_00180,FinTech,SMB,2023-11-10
CUST_00181,FinTech,SMB,2022-06-09
CUST_00182,E-commerce,Enterprise,2022-06-15
CUST_00183,FinTech,SMB,2022-07-24
CUST_00184,Healthcare,SMB,2022-09-24
CUST_00185,Healthcare,Mid-Market,2022-05-18
CUST_00186,EdTech,Enterprise,2023-01-03
CUST_00187,Logistics,SMB,2023-03-19
CUST_00188,FinTech,Mid-Market,2023-07-21
CUST_00189,FinTech,SMB,2022-01-17
CUST_00190,E-commerce,SMB,2022-03-09
CUST_00191,Healthcare,SMB,2022-05-13
CUST_00192,Logistics,Mid-Market,2023-12-01
CUST_00193,EdTech,Mid-Market,2023-03-06
CUST_00194,Healthcare,SMB,2022-11-04
CUST_00195,EdTech,SMB,2023-10-12
CUST_00196,E-commerce,Mid-Market,2022-06-23
CUST_00197,E-commerce,SMB,2023-02-16
CUST_00198,FinTech,SMB,2022-04-07
CUST_00199,Logistics,Mid-Market,2023-11-14
CUST_00200,EdTech,Mid-Market,2022-06-03
CUST_00201,Healthcare,Mid-Market,2023-11-26
CUST_00202,E-commerce,Mid-Market,2022-08-30
CUST_00203,FinTech,SMB,2022-10-31
CUST_00204,FinTech,Mid-Market,2022-10-12
CUST_00205,EdTech,Mid-Market,2022-01-27
CUST_00206,E-commerce,SMB,2023-02-06
CUST_00207,Logistics,SMB,2022-12-26
CUST_00208,E-commerce,SMB,2022-03-01
CUST_00209,EdTech,SMB,2022-07-21
CUST_00210,EdTech,Mid-Market,2023-08-04
CUST_00211,E-commerce,Mid-Market,2023-01-05
CUST_00212,EdTech,SMB,2023-06-17
CUST_00213,E-commerce,SMB,2022-06-01
CUST_00214,Healthcare,Enterprise,2022-04-12
CUST_00215,E-commerce,SMB,2023-08-30
CUST_00216,E-commerce,SMB,2023-03-22
CUST_00217,EdTech,SMB,2022-08-17
CUST_00218,EdTech,SMB,2022-05-05
CUST_00219,FinTech,SMB,2022-08-24
CUST_00220,FinTech,SMB,2022-06-11
CUST_00221,Healthcare,SMB,2023-07-08
CUST_00222,FinTech,SMB,2022-12-19
CUST_00223,E-commerce,SMB,2022-03-09
CUST_00224,EdTech,SMB,2022-06-22
CUST_00225,FinTech,Mid-Market,2023-09-29
CUST_00226,FinTech,Mid-Market,2023-11-13
CUST_00227,Healthcare,SMB,2023-07-13
CUST_00228,Healthcare,SMB,2022-09-18
CUST_00229,E-commerce,Mid-Market,2022-08-05
CUST_00230,EdTech,SMB,2022-05-04
CUST_00231,Healthcare,SMB,2022-06-11
CUST_00232,FinTech,Mid-Market,2022-07-20
CUST_00233,EdTech,Mid-Market,2023-03-30
CUST_00234,EdTech,Mid-Market,2023-02-06
CUST_00235,FinTech,SMB,2023-04-07
CUST_00236,Healthcare,Mid-Market,2022-10-02
CUST_00237,FinTech,SMB,2022-07-25
CUST_00238,EdTech,Mid-Market,2022-02-09
CUST_00239,Logistics,SMB,2022-09-30
CUST_00240,Logistics,SMB,2023-12-01
CUST_00241,E-commerce,Mid-Market,2022-04-03
CUST_00242,FinTech,SMB,2022-02-11
CUST_00243,FinTech,SMB,2023-04-10
CUST_00244,E-commerce,Enterprise,2023-01-14
CUST_00245,E-commerce,SMB,2022-04-17
CUST_00246,E-commerce,SMB,2022-11-24
CUST_00247,EdTech,SMB,2022-03-06
CUST_00248,FinTech,Mid-Market,2022-12-31
CUST_00249,EdTech,Mid-Market,2023-04-29
CUST_00250,E-commerce,SMB,2023-10-09
CUST_00251,FinTech,Mid-Market,2022-01-24
CUST_00252,EdTech,SMB,2023-06-24
CUST_00253,EdTech,Mid-Market,2022-03-03
CUST_00254,E-commerce,SMB,2023-05-06
CUST_00255,FinTech,SMB,2022-09-30
CUST_00256,E-commerce,Enterprise,2022-08-17
CUST_00257,FinTech,SMB,2022-01-20
CUST_00258,Logistics,SMB,2022-01-03
CUST_00259,Healthcare,SMB,2023-02-25
CUST_00260,Healthcare,Enterprise,2022-11-03
CUST_00261,Healthcare,SMB,2023-03-08
CUST_00262,E-commerce,SMB,2022-05-16
CUST_00263,Logistics,SMB,2023-05-30
CUST_00264,FinTech,SMB,2022-07-12
CUST_00265,EdTech,SMB,2023-08-08
CUST_00266,FinTech,Mid-Market,2023-02-19
CUST_00267,EdTech,Enterprise,2022-04-28
CUST_00268,FinTech,SMB,2023-10-28
CUST_00269,Logistics,SMB,2022-07-28
CUST_00270,EdTech,SMB,2022-02-03
CUST_00271,E-commerce,SMB,2023-10-11
CUST_00272,FinTech,Mid-Market,2022-11-14
CUST_00273,FinTech,SMB,2022-04-30
CUST_00274,EdTech,SMB,2023-09-19
CUST_00275,E-commerce,Mid-Market,2023-06-09
CUST_00276,E-commerce,SMB,2023-08-04
CUST_00277,Logistics,Mid-Market,2022-03-30
CUST_00278,E-commerce,SMB,2023-05-27
CUST_00279,E-commerce,Mid-Market,2022-02-16
CUST_00280,E-commerce,Enterprise,2023-11-23
CUST_00281,Healthcare,Mid-Market,2023-06-06
CUST_00282,Logistics,Enterprise,2022-10-11
CUST_00283,FinTech,SMB,2023-01-12
CUST_00284,EdTech,SMB,2023-09-30
CUST_00285,FinTech,Mid-Market,2022-05-14
CUST_00286,Logistics,SMB,2023-10-29
CUST_00287,EdTech,SMB,2022-09-05
CUST_00288,Logistics,SMB,2023-10-14
CUST_00289,E-commerce,SMB,2022-11-14
CUST_00290,EdTech,SMB,2023-03-12
CUST_00291,E-commerce,SMB,2022-06-25
CUST_00292,FinTech,Mid-Market,2023-11-17
CUST_00293,FinTech,SMB,2023-08-09
CUST_00294,EdTech,SMB,2022-12-17
CUST_00295,EdTech,SMB,2022-05-23
CUST_00296,Logistics,SMB,2023-02-02
CUST_00297,Logistics,Mid-Market,2023-09-16
CUST_00298,E-commerce,SMB,2023-10-05
CUST_00299,EdTech,SMB,2023-01-04
CUST_00300,FinTech,Mid-Market,2023-05-16
CUST_00301,Logistics,SMB,2023-09-14
CUST_00302,Logistics,SMB,2023-01-05
CUST_00303,FinTech,SMB,2023-08-02
CUST_00304,Logistics,Enterprise,2023-01-17
CUST_00305,E-commerce,SMB,2022-03-27
CUST_00306,EdTech,SMB,2023-04-05
CUST_00307,FinTech,SMB,2022-11-21
CUST_00308,EdTech,SMB,2023-06-06
CUST_00309,Logistics,SMB,2023-05-04
CUST_00310,Logistics,SMB,2023-02-01
CUST_00311,FinTech,SMB,2022-12-21
CUST_00312,E-commerce,Enterprise,2022-10-15
CUST_00313,Healthcare,Mid-Market,2023-04-04
CUST_00314,FinTech,SMB,2023-09-16
CUST_00315,Healthcare,Mid-Market,2023-06-20
CUST_00316,Healthcare,SMB,2022-10-18
CUST_00317,E-commerce,SMB,2022-06-17
CUST_00318,Healthcare,Mid-Market,2023-09-13
CUST_00319,Healthcare,Mid-Market,2023-03-04
CUST_00320,E-commerce,Mid-Market,2023-05-05
CUST_00321,Healthcare,SMB,2022-12-21
CUST_00322,Healthcare,Enterprise,2022-07-15
CUST_00323,Healthcare,SMB,2023-06-29
CUST_00324,FinTech,Mid-Market,2023-11-25
CUST_00325,FinTech,Enterprise,2023-10-21
CUST_00326,FinTech,SMB,2022-01-11
CUST_00327,E-commerce,Mid-Market,2023-08-05
CUST_00328,Logistics,SMB,2022-09-13
CUST_00329,Healthcare,SMB,2023-01-31
CUST_00330,Healthcare,SMB,2023-02-13
CUST_00331,E-commerce,SMB,2022-12-28
CUST_00332,Healthcare,Enterprise,2022-09-16
CUST_00333,FinTech,Mid-Market,2022-01-03
CUST_00334,Logistics,SMB,2022-03-25
CUST_00335,EdTech,Mid-Market,2022-06-05
CUST_00336,Healthcare,Enterprise,2023-10-25
CUST_00337,FinTech,SMB,2022-06-25
CUST_00338,EdTech,Enterprise,2023-04-17
CUST_00339,Logistics,SMB,2023-09-11
CUST_00340,EdTech,Mid-Market,2023-02-28
CUST_00341,FinTech,SMB,2022-05-14
CUST_00342,EdTech,SMB,2023-01-15
CUST_00343,E-commerce,SMB,2023-10-29
CUST_00344,EdTech,Mid-Market,2022-10-04
CUST_00345,Healthcare,SMB,2022-08-24
CUST_00346,Healthcare,SMB,2022-01-13
CUST_00347,E-commerce,SMB,2022-12-08
CUST_00348,FinTech,Enterprise,2022-02-04
CUST_00349,Healthcare,SMB,2023-07-13
CUST_00350,Logistics,SMB,2022-08-02
CUST_00351,Healthcare,SMB,2023-02-16
CUST_00352,Healthcare,SMB,2023-02-09
CUST_00353,FinTech,Mid-Market,2023-05-09
CUST_00354,EdTech,Mid-Market,2023-10-20
CUST_00355,Healthcare,SMB,2022-06-08
CUST_00356,E-commerce,SMB,2023-09-29
CUST_00357,EdTech,Mid-Market,2022-04-20
CUST_00358,Logistics,SMB,2023-07-03
CUST_00359,FinTech,Mid-Market,2023-06-10
CUST_00360,Logistics,Mid-Market,2022-12-13
CUST_00361,EdTech,Mid-Market,2023-09-28
CUST_00362,EdTech,SMB,2022-10-06
CUST_00363,EdTech,SMB,2023-04-24
CUST_00364,Logistics,Enterprise,2022-04-21
CUST_00365,EdTech,SMB,2023-09-28
CUST_00366,Logistics,Mid-Market,2023-03-07
CUST_00367,EdTech,SMB,2023-06-26
CUST_00368,E-commerce,Mid-Market,2022-04-25
CUST_00369,EdTech,SMB,2022-03-31
CUST_00370,Logistics,SMB,2022-07-31
CUST_00371,Healthcare,SMB,2023-07-04
CUST_00372,EdTech,Mid-Market,2023-08-18
CUST_00373,Healthcare,Mid-Market,2023-06-23
CUST_00374,E-commerce,SMB,2022-12-26
CUST_00375,FinTech,SMB,2023-05-01
CUST_00376,E-commerce,Mid-Market,2023-01-07
CUST_00377,EdTech,SMB,2022-08-03
CUST_00378,Healthcare,SMB,2022-01-15
CUST_00379,Healthcare,SMB,2022-09-16
CUST_00380,Logistics,SMB,2023-04-08
CUST_00381,Healthcare,SMB,2022-04-30
CUST_00382,Logistics,SMB,2022-05-08
CUST_00383,FinTech,SMB,2023-06-07
CUST_00384,EdTech,SMB,2023-11-19
CUST_00385,Logistics,SMB,2023-10-07
CUST_00386,FinTech,SMB,2022-11-21
CUST_00387,Healthcare,SMB,2022-11-16
CUST_00388,Healthcare,Mid-Market,2023-05-21
CUST_00389,FinTech,SMB,2023-06-10
CUST_00390,Healthcare,SMB,2022-02-19
CUST_00391,FinTech,SMB,2023-08-07
CUST_00392,Logistics,SMB,2022-03-10
CUST_00393,Logistics,SMB,2023-01-26
CUST_00394,FinTech,SMB,2023-01-18
CUST_00395,Logistics,Mid-Market,2022-01-16
CUST_00396,Logistics,SMB,2023-03-15
CUST_00397,Logistics,Enterprise,2023-07-22
CUST_00398,E-commerce,SMB,2023-09-09
CUST_00399,EdTech,SMB,2022-05-12
CUST_00400,Healthcare,SMB,2023-07-14
CUST_00401,E-commerce,SMB,2022-09-05
CUST_00402,Logistics,SMB,2022-09-30
CUST_00403,FinTech,Mid-Market,2023-09-15
CUST_00404,Logistics,SMB,2022-12-15
CUST_00405,EdTech,Enterprise,2023-04-29
CUST_00406,Logistics,Mid-Market,2023-07-04
CUST_00407,FinTech,SMB,2022-12-23
CUST_00408,EdTech,SMB,2022-11-14
CUST_00409,Logistics,SMB,2023-09-25
CUST_00410,EdTech,SMB,2022-02-17
CUST_00411,Healthcare,SMB,2022-01-10
CUST_00412,Healthcare,SMB,2022-08-21
CUST_00413,Logistics,SMB,2022-02-05
CUST_00414,EdTech,SMB,2023-02-17
CUST_00415,FinTech,Enterprise,2023-04-07
CUST_00416,Logistics,Mid-Market,2022-01-04
CUST_00417,Healthcare,Enterprise,2022-02-13
CUST_00418,Healthcare,SMB,2023-07-22
CUST_00419,Logistics,SMB,2023-07-08
CUST_00420,EdTech,SMB,2022-09-12
CUST_00421,Healthcare,SMB,2022-04-24
CUST_00422,EdTech,SMB,2023-02-01
CUST_00423,Healthcare,Mid-Market,2022-06-23
CUST_00424,Healthcare,Mid-Market,2022-09-12
CUST_00425,E-commerce,SMB,2023-04-11
CUST_00426,Healthcare,SMB,2022-10-04
CUST_00427,FinTech,SMB,2023-04-09
CUST_00428,Logistics,SMB,2023-05-17
CUST_00429,Logistics,SMB,2023-03-17
CUST_00430,EdTech,SMB,2022-03-10
CUST_00431,Healthcare,SMB,2023-05-24
CUST_00432,FinTech,Enterprise,2022-11-22
CUST_00433,EdTech,SMB,2022-03-08
CUST_00434,E-commerce,Mid-Market,2022-10-31
CUST_00435,EdTech,SMB,2023-04-29
CUST_00436,EdTech,SMB,2023-07-02
CUST_00437,Healthcare,SMB,2023-02-21
CUST_00438,E-commerce,SMB,2022-06-08
CUST_00439,EdTech,SMB,2022-05-29
CUST_00440,FinTech,Mid-Market,2022-01-27
CUST_00441,FinTech,Mid-Market,2023-08-07
CUST_00442,Logistics,SMB,2022-09-05
CUST_00443,E-commerce,SMB,2022-04-11
CUST_00444,E-commerce,Enterprise,2022-04-06
CUST_00445,Logistics,SMB,2023-01-19
CUST_00446,EdTech,SMB,2022-10-09
CUST_00447,E-commerce,SMB,2022-11-18
CUST_00448,FinTech,Mid-Market,2023-01-31
CUST_00449,FinTech,Enterprise,2022-10-05
CUST_00450,Healthcare,SMB,2023-06-13
CUST_00451,E-commerce,Mid-Market,2022-09-20
CUST_00452,EdTech,Mid-Market,2023-09-11
CUST_00453,Logistics,SMB,2023-08-03
CUST_00454,Logistics,SMB,2023-10-02
CUST_00455,EdTech,SMB,2022-10-20
CUST_00456,Healthcare,Enterprise,2022-10-21
CUST_00457,Logistics,SMB,2023-08-31
CUST_00458,E-commerce,Mid-Market,2023-01-30
CUST_00459,Healthcare,SMB,2023-05-28
CUST_00460,E-commerce,Mid-Market,2022-06-29
CUST_00461,FinTech,SMB,2023-11-24
CUST_00462,Healthcare,SMB,2022-08-23
CUST_00463,Logistics,Mid-Market,2022-12-03
CUST_00464,Healthcare,Mid-Market,2022-01-08
CUST_00465,Healthcare,Mid-Market,2023-03-19
CUST_00466,Healthcare,SMB,2023-06-23
CUST_00467,Healthcare,Mid-Market,2023-10-20
CUST_00468,E-commerce,SMB,2022-04-01
CUST_00469,FinTech,SMB,2022-09-29
CUST_00470,EdTech,SMB,2022-01-05
CUST_00471,Healthcare,SMB,2023-08-17
CUST_00472,Logistics,SMB,2022-08-07
CUST_00473,Healthcare,Enterprise,2022-04-28
CUST_00474,Logistics,SMB,2023-08-16
CUST_00475,E-commerce,Mid-Market,2023-08-05
CUST_00476,Logistics,SMB,2022-04-25
CUST_00477,EdTech,SMB,2022-09-20
CUST_00478,FinTech,SMB,2022-11-02
CUST_00479,Logistics,Enterprise,2023-10-16
CUST_00480,Logistics,Mid-Market,2023-02-26
CUST_00481,FinTech,Enterprise,2022-07-26
CUST_00482,EdTech,Enterprise,2023-09-15
CUST_00483,Healthcare,SMB,2022-10-30
CUST_00484,Logistics,SMB,2022-04-22
CUST_00485,FinTech,Mid-Market,2023-02-21
CUST_00486,E-commerce,SMB,2023-07-09
CUST_00487,FinTech,SMB,2022-10-12
CUST_00488,E-commerce,SMB,2023-10-02
CUST_00489,EdTech,SMB,2022-07-04
CUST_00490,Healthcare,SMB,2022-08-09
CUST_00491,FinTech,SMB,2023-03-20
CUST_00492,Logistics,SMB,2022-04-27
CUST_00493,EdTech,SMB,2022-03-11
CUST_00494,FinTech,SMB,2022-03-11
CUST_00495,Logistics,SMB,2023-09-14
CUST_00496,FinTech,Mid-Market,2023-03-03
CUST_00497,E-commerce,SMB,2023-10-06
CUST_00498,FinTech,SMB,2023-07-22
CUST_00499,FinTech,Mid-Market,2023-03-19
CUST_00500,FinTech,SMB,2023-08-24
CUST_00501,EdTech,SMB,2022-05-17
CUST_00502,FinTech,Mid-Market,2023-05-19
CUST_00503,Logistics,SMB,2022-05-11
CUST_00504,E-commerce,Mid-Market,2022-08-06
CUST_00505,E-commerce,Mid-Market,2023-11-19
CUST_00506,FinTech,Mid-Market,2022-06-20
CUST_00507,EdTech,SMB,2023-04-20
CUST_00508,EdTech,SMB,2023-09-04
CUST_00509,Logistics,SMB,2022-05-09
CUST_00510,FinTech,SMB,2022-02-26
CUST_00511,E-commerce,SMB,2022-06-30
CUST_00512,EdTech,SMB,2022-09-03
CUST_00513,FinTech,SMB,2022-05-24
CUST_00514,EdTech,SMB,2022-02-20
CUST_00515,EdTech,SMB,2023-01-03
CUST_00516,E-commerce,SMB,2023-04-04
CUST_00517,Healthcare,Mid-Market,2022-08-06
CUST_00518,Logistics,SMB,2023-09-08
CUST_00519,Logistics,SMB,2023-07-21
CUST_00520,E-commerce,Enterprise,2022-09-14
CUST_00521,EdTech,SMB,2022-06-05
CUST_00522,FinTech,SMB,2023-07-19
CUST_00523,EdTech,SMB,2023-03-18
CUST_00524,E-commerce,Mid-Market,2023-11-30
CUST_00525,Logistics,SMB,2023-10-24
CUST_00526,EdTech,SMB,2022-01-25
CUST_00527,Logistics,SMB,2023-10-26
CUST_00528,FinTech,Mid-Market,2023-06-20
CUST_00529,Logistics,SMB,2022-03-01
CUST_00530,Logistics,SMB,2023-04-12
CUST_00531,Healthcare,Mid-Market,2023-03-10
CUST_00532,Healthcare,SMB,2022-03-07
CUST_00533,Healthcare,Mid-Market,2023-07-19
CUST_00534,Logistics,SMB,2022-04-16
CUST_00535,E-commerce,Mid-Market,2022-04-06
CUST_00536,Logistics,SMB,2023-11-19
CUST_00537,E-commerce,Mid-Market,2023-07-05
CUST_00538,E-commerce,Enterprise,2022-06-17
CUST_00539,Healthcare,SMB,2022-02-11
CUST_00540,EdTech,SMB,2022-04-14
CUST_00541,FinTech,SMB,2022-07-23
CUST_00542,Healthcare,SMB,2023-06-04
CUST_00543,Healthcare,SMB,2022-10-09
CUST_00544,EdTech,SMB,2022-02-12
CUST_00545,FinTech,SMB,2022-04-20
CUST_00546,Logistics,SMB,2022-07-29
CUST_00547,Logistics,SMB,2022-02-18
CUST_00548,Healthcare,Mid-Market,2022-04-25
CUST_00549,FinTech,SMB,2022-06-04
CUST_00550,Healthcare,SMB,2023-10-11
CUST_00551,E-commerce,SMB,2023-05-18
CUST_00552,Healthcare,SMB,2023-11-10
CUST_00553,Healthcare,SMB,2022-03-12
CUST_00554,Logistics,SMB,2023-06-03
CUST_00555,Logistics,SMB,2022-12-02
CUST_00556,Logistics,Mid-Market,2022-03-08
CUST_00557,E-commerce,SMB,2023-05-08
CUST_00558,Logistics,Mid-Market,2023-10-12
CUST_00559,FinTech,Mid-Market,2022-08-01
CUST_00560,EdTech,Mid-Market,2022-06-30
CUST_00561,FinTech,Enterprise,2023-09-05
CUST_00562,FinTech,SMB,2023-08-22
CUST_00563,Logistics,SMB,2023-11-28
CUST_00564,EdTech,Mid-Market,2023-08-26
CUST_00565,EdTech,SMB,2022-09-05
CUST_00566,EdTech,SMB,2022-08-02
CUST_00567,E-commerce,Mid-Market,2022-12-25
CUST_00568,Logistics,Mid-Market,2022-09-06
CUST_00569,EdTech,Enterprise,2023-09-30
CUST_00570,E-commerce,Enterprise,2023-05-31
CUST_00571,Healthcare,Mid-Market,2022-03-29
CUST_00572,Healthcare,SMB,2023-10-25
CUST_00573,E-commerce,Mid-Market,2022-06-25
CUST_00574,E-commerce,SMB,2023-03-02
CUST_00575,Logistics,SMB,2023-08-26
CUST_00576,Logistics,Mid-Market,2022-03-22
CUST_00577,Healthcare,SMB,2022-05-18
CUST_00578,EdTech,SMB,2023-03-09
CUST_00579,Healthcare,SMB,2023-04-15
CUST_00580,EdTech,Mid-Market,2022-12-16
CUST_00581,EdTech,SMB,2022-05-06
CUST_00582,Logistics,Mid-Market,2022-11-05
CUST_00583,FinTech,SMB,2022-08-18
CUST_00584,FinTech,Mid-Market,2023-04-05
CUST_00585,E-commerce,Mid-Market,2022-12-11
CUST_00586,Logistics,SMB,2022-11-06
CUST_00587,EdTech,SMB,2022-01-20
CUST_00588,FinTech,SMB,2023-07-15
CUST_00589,EdTech,Enterprise,2023-10-09
CUST_00590,FinTech,Mid-Market,2023-06-25
CUST_00591,FinTech,Enterprise,2023-07-14
CUST_00592,FinTech,SMB,2023-04-22
CUST_00593,Logistics,Mid-Market,2022-09-26
CUST_00594,Healthcare,Mid-Market,2022-01-03
CUST_00595,EdTech,Mid-Market,2022-01-16
CUST_00596,Logistics,Enterprise,2023-08-29
CUST_00597,Logistics,SMB,2022-12-24
CUST_00598,Logistics,SMB,2023-10-08
CUST_00599,Logistics,Mid-Market,2022-05-13
CUST_00600,Logistics,Mid-Market,2022-11-08
CUST_00601,E-commerce,SMB,2023-04-27
CUST_00602,EdTech,SMB,2023-06-28
CUST_00603,Logistics,SMB,2022-11-01
CUST_00604,EdTech,SMB,2022-09-26
CUST_00605,E-commerce,SMB,2023-02-18
CUST_00606,E-commerce,Mid-Market,2022-01-25
CUST_00607,EdTech,Mid-Market,2022-11-12
CUST_00608,FinTech,SMB,2023-07-25
CUST_00609,Healthcare,SMB,2023-10-30
CUST_00610,FinTech,SMB,2022-10-03
CUST_00611,FinTech,SMB,2023-01-24
CUST_00612,FinTech,Mid-Market,2023-03-20
CUST_00613,Logistics,Enterprise,2023-03-03
CUST_00614,E-commerce,SMB,2022-02-26
CUST_00615,FinTech,Mid-Market,2023-11-28
CUST_00616,E-commerce,Mid-Market,2023-07-20
CUST_00617,EdTech,Mid-Market,2023-01-03
CUST_00618,Healthcare,SMB,2022-12-08
CUST_00619,EdTech,Enterprise,2022-10-31
CUST_00620,EdTech,SMB,2023-01-09
CUST_00621,Logistics,SMB,2022-04-22
CUST_00622,Healthcare,SMB,2022-01-06
CUST_00623,EdTech,SMB,2022-10-06
CUST_00624,EdTech,SMB,2023-01-17
CUST_00625,Healthcare,SMB,2022-01-13
CUST_00626,Healthcare,SMB,2022-10-30
CUST_00627,EdTech,Mid-Market,2023-07-10
CUST_00628,Healthcare,Mid-Market,2023-09-09
CUST_00629,EdTech,SMB,2022-06-09
CUST_00630,EdTech,Mid-Market,2022-06-03
CUST_00631,Logistics,Mid-Market,2022-06-30
CUST_00632,FinTech,Mid-Market,2023-06-10
CUST_00633,EdTech,SMB,2022-06-29
CUST_00634,E-commerce,Mid-Market,2023-01-12
CUST_00635,FinTech,Enterprise,2022-06-17
CUST_00636,FinTech,Mid-Market,2022-08-02
CUST_00637,FinTech,SMB,2022-05-30
CUST_00638,Logistics,SMB,2022-01-16
CUST_00639,EdTech,Mid-Market,2022-04-01
CUST_00640,Logistics,SMB,2022-04-30
CUST_00641,EdTech,SMB,2022-09-10
CUST_00642,Logistics,SMB,2022-03-01
CUST_00643,Logistics,Mid-Market,2022-09-23
CUST_00644,E-commerce,Mid-Market,2023-02-13
CUST_00645,Logistics,SMB,2022-01-31
CUST_00646,Healthcare,Enterprise,2022-01-21
CUST_00647,E-commerce,SMB,2023-08-16
CUST_00648,Logistics,Mid-Market,2022-10-16
CUST_00649,FinTech,Mid-Market,2023-06-27
CUST_00650,Healthcare,Mid-Market,2023-05-13
CUST_00651,Healthcare,Enterprise,2023-04-19
CUST_00652,Healthcare,SMB,2023-02-09
CUST_00653,E-commerce,Mid-Market,2023-07-02
CUST_00654,Logistics,SMB,2022-05-12
CUST_00655,Logistics,Mid-Market,2022-11-20
CUST_00656,FinTech,Mid-Market,2022-05-12
CUST_00657,FinTech,Mid-Market,2023-06-05
CUST_00658,Healthcare,SMB,2022-01-30
CUST_00659,FinTech,Mid-Market,2023-09-19
CUST_00660,E-commerce,SMB,2022-10-28
CUST_00661,Logistics,SMB,2022-01-04
CUST_00662,Healthcare,Mid-Market,2022-11-21
CUST_00663,FinTech,SMB,2023-05-24
CUST_00664,E-commerce,Mid-Market,2022-08-25
CUST_00665,E-commerce,SMB,2023-06-19
CUST_00666,FinTech,SMB,2022-01-16
CUST_00667,Logistics,Mid-Market,2023-06-18
CUST_00668,FinTech,SMB,2023-08-07
CUST_00669,Healthcare,SMB,2023-03-22
CUST_00670,FinTech,Mid-Market,2023-05-18
CUST_00671,E-commerce,SMB,2022-08-18
CUST_00672,FinTech,Mid-Market,2022-04-17
CUST_00673,Logistics,SMB,2023-01-24
CUST_00674,EdTech,Mid-Market,2022-09-20
CUST_00675,FinTech,Mid-Market,2023-07-17
CUST_00676,Logistics,Mid-Market,2022-03-06
CUST_00677,Logistics,SMB,2022-09-22
CUST_00678,E-commerce,Mid-Market,2022-12-04
CUST_00679,Logistics,Mid-Market,2022-10-28
CUST_00680,Logistics,Mid-Market,2023-01-13
CUST_00681,Logistics,SMB,2022-06-24
CUST_00682,Logistics,Mid-Market,2022-06-01
CUST_00683,Healthcare,Mid-Market,2023-04-21
CUST_00684,Healthcare,SMB,2022-09-23
CUST_00685,E-commerce,SMB,2022-11-25
CUST_00686,FinTech,Mid-Market,2022-06-12
CUST_00687,Logistics,SMB,2023-03-14
CUST_00688,FinTech,Enterprise,2022-12-09
CUST_00689,FinTech,Mid-Market,2023-01-02
CUST_00690,E-commerce,Mid-Market,2023-04-10
CUST_00691,Logistics,SMB,2022-07-18
CUST_00692,Logistics,SMB,2023-05-15
CUST_00693,EdTech,Enterprise,2022-01-16
CUST_00694,FinTech,SMB,2022-10-23
CUST_00695,FinTech,Mid-Market,2023-05-26
CUST_00696,Healthcare,SMB,2022-08-27
CUST_00697,EdTech,SMB,2023-08-04
CUST_00698,Healthcare,SMB,2022-10-28
CUST_00699,Healthcare,SMB,2022-01-06
CUST_00700,Healthcare,Enterprise,2022-08-08
CUST_00701,E-commerce,SMB,2023-03-29
CUST_00702,E-commerce,SMB,2023-03-09
CUST_00703,Healthcare,SMB,2023-01-21
CUST_00704,EdTech,SMB,2023-09-11
CUST_00705,FinTech,SMB,2022-10-22
CUST_00706,EdTech,Mid-Market,2022-04-28
CUST_00707,Logistics,SMB,2023-02-09
CUST_00708,E-commerce,SMB,2023-11-11
CUST_00709,FinTech,SMB,2023-08-17
CUST_00710,FinTech,Enterprise,2023-07-20
CUST_00711,Logistics,SMB,2022-01-12
CUST_00712,Logistics,SMB,2022-07-28
CUST_00713,Healthcare,Mid-Market,2022-06-14
CUST_00714,E-commerce,SMB,2022-10-21
CUST_00715,E-commerce,SMB,2023-06-03
CUST_00716,EdTech,SMB,2022-03-19
CUST_00717,Healthcare,Mid-Market,2023-03-10
CUST_00718,Healthcare,SMB,2023-07-31
CUST_00719,Healthcare,Mid-Market,2023-09-06
CUST_00720,Healthcare,Mid-Market,2023-11-14
CUST_00721,E-commerce,SMB,2022-03-18
CUST_00722,E-commerce,SMB,2022-02-17
CUST_00723,Healthcare,SMB,2022-03-23
CUST_00724,EdTech,Mid-Market,2022-07-28
CUST_00725,FinTech,SMB,2023-03-21
CUST_00726,FinTech,SMB,2023-08-19
CUST_00727,EdTech,SMB,2023-06-06
CUST_00728,Healthcare,Enterprise,2022-01-29
CUST_00729,E-commerce,SMB,2022-10-31
CUST_00730,FinTech,Enterprise,2023-04-10
CUST_00731,Logistics,SMB,2023-05-17
CUST_00732,Logistics,SMB,2023-03-22
CUST_00733,EdTech,SMB,2023-09-20
CUST_00734,Healthcare,SMB,2023-05-05
CUST_00735,FinTech,SMB,2023-03-04
CUST_00736,Healthcare,SMB,2023-07-13
CUST_00737,FinTech,Enterprise,2022-12-25
CUST_00738,EdTech,Mid-Market,2022-04-01
CUST_00739,EdTech,Mid-Market,2022-02-22
CUST_00740,Logistics,SMB,2023-08-12
CUST_00741,Healthcare,SMB,2022-07-23
CUST_00742,Logistics,SMB,2023-07-10
CUST_00743,Healthcare,Mid-Market,2022-06-05
CUST_00744,Logistics,Enterprise,2022-01-02
CUST_00745,E-commerce,SMB,2022-12-23
CUST_00746,E-commerce,SMB,2023-07-23
CUST_00747,E-commerce,SMB,2022-02-27
CUST_00748,E-commerce,SMB,2022-09-11
CUST_00749,FinTech,SMB,2022-06-29
CUST_00750,E-commerce,Mid-Market,2023-05-08
CUST_00751,EdTech,Mid-Market,2023-10-31
CUST_00752,EdTech,SMB,2022-02-04
CUST_00753,FinTech,SMB,2022-03-16
CUST_00754,E-commerce,Enterprise,2022-10-16
CUST_00755,E-commerce,SMB,2023-01-06
CUST_00756,E-commerce,SMB,2023-08-10
CUST_00757,Logistics,SMB,2022-11-25
CUST_00758,Healthcare,SMB,2023-08-13
CUST_00759,Logistics,SMB,2022-10-31
CUST_00760,Healthcare,Mid-Market,2023-08-02
CUST_00761,E-commerce,SMB,2022-08-09
CUST_00762,E-commerce,SMB,2022-06-13
CUST_00763,Logistics,Mid-Market,2023-04-25
CUST_00764,Logistics,SMB,2023-03-31
CUST_00765,Healthcare,Mid-Market,2023-01-10
CUST_00766,EdTech,Mid-Market,2022-08-08
CUST_00767,Healthcare,SMB,2023-11-15
CUST_00768,Logistics,Mid-Market,2022-09-11
CUST_00769,Logistics,SMB,2022-07-07
CUST_00770,FinTech,Enterprise,2022-07-10
CUST_00771,Logistics,SMB,2023-01-24
CUST_00772,FinTech,Enterprise,2022-08-03
CUST_00773,EdTech,Mid-Market,2023-01-10
CUST_00774,Healthcare,SMB,2022-03-27
CUST_00775,Healthcare,SMB,2023-04-19
CUST_00776,FinTech,Enterprise,2023-09-10
CUST_00777,Healthcare,Mid-Market,2023-06-15
CUST_00778,Logistics,SMB,2022-02-16
CUST_00779,E-commerce,Mid-Market,2022-03-06
CUST_00780,FinTech,SMB,2023-04-20
CUST_00781,Healthcare,SMB,2022-05-26
CUST_00782,FinTech,SMB,2023-01-17
CUST_00783,FinTech,SMB,2022-03-07
CUST_00784,E-commerce,Mid-Market,2023-06-01
CUST_00785,Logistics,SMB,2022-04-03
CUST_00786,FinTech,Mid-Market,2023-03-02
CUST_00787,Healthcare,SMB,2023-04-13
CUST_00788,EdTech,SMB,2022-04-04
CUST_00789,FinTech,SMB,2023-09-10
CUST_00790,FinTech,SMB,2022-05-13
CUST_00791,E-commerce,SMB,2023-03-10
CUST_00792,Logistics,SMB,2022-12-07
CUST_00793,EdTech,SMB,2022-11-10
CUST_00794,Healthcare,SMB,2023-08-14
CUST_00795,EdTech,SMB,2022-07-31
CUST_00796,Healthcare,SMB,2023-06-04
CUST_00797,Logistics,Mid-Market,2022-06-08
CUST_00798,Healthcare,Enterprise,2022-09-25
CUST_00799,E-commerce,SMB,2023-10-23
CUST_00800,E-commerce,SMB,2023-08-26
CUST_00801,E-commerce,SMB,2023-04-19
CUST_00802,E-commerce,Enterprise,2023-02-14
CUST_00803,EdTech,SMB,2023-04-19
CUST_00804,Logistics,SMB,2022-12-22
CUST_00805,Healthcare,SMB,2023-11-11
CUST_00806,Healthcare,SMB,2022-07-12
CUST_00807,E-commerce,SMB,2023-11-30
CUST_00808,E-commerce,Mid-Market,2022-09-28
CUST_00809,FinTech,SMB,2022-04-24
CUST_00810,Logistics,Mid-Market,2023-06-07
CUST_00811,EdTech,SMB,2022-02-24
CUST_00812,Healthcare,SMB,2022-03-06
CUST_00813,FinTech,Enterprise,2023-11-15
CUST_00814,FinTech,SMB,2022-09-29
CUST_00815,Healthcare,Mid-Market,2023-05-17
CUST_00816,EdTech,SMB,2023-10-24
CUST_00817,FinTech,SMB,2022-12-28
CUST_00818,FinTech,Enterprise,2022-05-26
CUST_00819,Logistics,SMB,2022-07-28
CUST_00820,EdTech,Mid-Market,2022-10-13
CUST_00821,FinTech,SMB,2022-01-10
CUST_00822,EdTech,Mid-Market,2022-07-05
CUST_00823,Healthcare,SMB,2023-07-28
CUST_00824,E-commerce,SMB,2023-08-20
CUST_00825,FinTech,Mid-Market,2023-04-09
CUST_00826,Logistics,Enterprise,2022-05-14
CUST_00827,Healthcare,Enterprise,2022-06-20
CUST_00828,EdTech,Mid-Market,2022-08-01
CUST_00829,Healthcare,Mid-Market,2023-06-14
CUST_00830,FinTech,SMB,2023-05-17
CUST_00831,EdTech,SMB,2023-07-26
CUST_00832,E-commerce,SMB,2023-08-23
CUST_00833,Healthcare,SMB,2022-01-27
CUST_00834,FinTech,SMB,2022-03-09
CUST_00835,Logistics,SMB,2023-02-12
CUST_00836,EdTech,SMB,2023-07-06
CUST_00837,Healthcare,Mid-Market,2022-04-19
CUST_00838,Healthcare,SMB,2022-03-15
CUST_00839,E-commerce,SMB,2023-08-01
CUST_00840,E-commerce,SMB,2023-11-11
CUST_00841,Logistics,Mid-Market,2022-09-19
CUST_00842,Logistics,Mid-Market,2023-01-03
CUST_00843,FinTech,Mid-Market,2022-08-25
CUST_00844,FinTech,SMB,2023-01-01
CUST_00845,Logistics,SMB,2022-10-13
CUST_00846,Logistics,SMB,2023-01-13
CUST_00847,EdTech,SMB,2023-10-23
CUST_00848,E-commerce,SMB,2023-01-11
CUST_00849,FinTech,SMB,2023-09-11
CUST_00850,E-commerce,SMB,2023-10-15
CUST_00851,E-commerce,Enterprise,2022-03-17
CUST_00852,Logistics,Enterprise,2022-01-09
CUST_00853,EdTech,SMB,2022-07-15
CUST_00854,Healthcare,SMB,2023-09-22
CUST_00855,EdTech,SMB,2022-10-17
CUST_00856,EdTech,SMB,2022-03-02
CUST_00857,E-commerce,Enterprise,2023-01-24
CUST_00858,EdTech,SMB,2023-07-17
CUST_00859,FinTech,Mid-Market,2023-07-18
CUST_00860,E-commerce,SMB,2023-09-26
CUST_00861,FinTech,Enterprise,2023-11-10
CUST_00862,Healthcare,SMB,2022-01-08
CUST_00863,E-commerce,Mid-Market,2023-01-04
CUST_00864,Healthcare,SMB,2022-02-14
CUST_00865,E-commerce,Mid-Market,2022-12-10
CUST_00866,Logistics,SMB,2023-01-10
CUST_00867,EdTech,SMB,2023-09-11
CUST_00868,Logistics,Enterprise,2022-01-27
CUST_00869,Healthcare,Enterprise,2022-07-12
CUST_00870,EdTech,Mid-Market,2022-12-23
CUST_00871,E-commerce,Mid-Market,2022-03-03
CUST_00872,EdTech,Mid-Market,2022-03-03
CUST_00873,FinTech,SMB,2023-02-26
CUST_00874,EdTech,SMB,2023-09-25
CUST_00875,FinTech,SMB,2023-07-05
CUST_00876,EdTech,Mid-Market,2023-01-15
CUST_00877,FinTech,SMB,2022-10-04
CUST_00878,Healthcare,SMB,2023-08-29
CUST_00879,Logistics,SMB,2023-03-07
CUST_00880,E-commerce,Mid-Market,2022-04-25
CUST_00881,EdTech,SMB,2023-11-19
CUST_00882,Logistics,SMB,2022-05-01
CUST_00883,E-commerce,SMB,2023-06-09
CUST_00884,E-commerce,SMB,2023-02-20
CUST_00885,FinTech,SMB,2022-06-12
CUST_00886,Healthcare,Mid-Market,2023-11-19
CUST_00887,Healthcare,Mid-Market,2022-12-03
CUST_00888,Logistics,Mid-Market,2023-01-14
CUST_00889,Healthcare,SMB,2022-11-20
CUST_00890,EdTech,Mid-Market,2022-06-22
CUST_00891,Healthcare,SMB,2022-03-05
CUST_00892,Logistics,SMB,2022-04-11
CUST_00893,Healthcare,Mid-Market,2022-11-18
CUST_00894,EdTech,SMB,2022-03-07
CUST_00895,FinTech,SMB,2023-07-11
CUST_00896,Logistics,Mid-Market,2023-08-22
CUST_00897,FinTech,SMB,2023-04-03
CUST_00898,FinTech,Mid-Market,2023-08-02
CUST_00899,FinTech,SMB,2023-03-29
CUST_00900,E-commerce,Mid-Market,2022-09-16
CUST_00901,E-commerce,SMB,2023-03-02
CUST_00902,FinTech,SMB,2022-06-27
CUST_00903,Logistics,Mid-Market,2022-10-07
CUST_00904,EdTech,SMB,2022-12-10
CUST_00905,EdTech,SMB,2022-01-17
CUST_00906,Healthcare,SMB,2022-10-23
CUST_00907,Logistics,SMB,2022-07-21
CUST_00908,E-commerce,SMB,2023-11-15
CUST_00909,FinTech,SMB,2022-07-13
CUST_00910,Healthcare,Enterprise,2022-05-29
CUST_00911,EdTech,SMB,2023-01-10
CUST_00912,E-commerce,SMB,2022-02-04
CUST_00913,E-commerce,SMB,2023-01-04
CUST_00914,FinTech,SMB,2022-01-29
CUST_00915,EdTech,Enterprise,2022-08-09
CUST_00916,Logistics,SMB,2022-02-22
CUST_00917,E-commerce,Enterprise,2022-12-19
CUST_00918,FinTech,SMB,2023-01-27
CUST_00919,Logistics,Mid-Market,2022-03-17
CUST_00920,EdTech,SMB,2023-05-09
CUST_00921,E-commerce,Mid-Market,2023-11-19
CUST_00922,Logistics,SMB,2023-06-06
CUST_00923,Logistics,SMB,2022-04-27
CUST_00924,Logistics,SMB,2022-10-07
CUST_00925,E-commerce,SMB,2022-06-24
CUST_00926,E-commerce,Enterprise,2022-10-22
CUST_00927,Healthcare,SMB,2023-03-27
CUST_00928,EdTech,SMB,2023-06-02
CUST_00929,FinTech,Mid-Market,2022-01-21
CUST_00930,Logistics,SMB,2022-03-14
CUST_00931,Healthcare,Enterprise,2022-02-05
CUST_00932,FinTech,Mid-Market,2023-05-22
CUST_00933,Healthcare,SMB,2022-08-21
CUST_00934,E-commerce,Mid-Market,2023-05-12
CUST_00935,Logistics,SMB,2022-07-25
CUST_00936,FinTech,SMB,2023-03-02
CUST_00937,FinTech,SMB,2022-02-13
CUST_00938,FinTech,SMB,2022-04-01
CUST_00939,FinTech,Mid-Market,2023-04-15
CUST_00940,FinTech,Enterprise,2023-08-28
CUST_00941,Healthcare,SMB,2023-04-12
CUST_00942,Logistics,SMB,2023-03-30
CUST_00943,E-commerce,Enterprise,2023-08-18
CUST_00944,E-commerce,SMB,2022-11-29
CUST_00945,E-commerce,SMB,2023-05-22
CUST_00946,E-commerce,SMB,2023-04-15
CUST_00947,Healthcare,Enterprise,2022-01-21
CUST_00948,EdTech,SMB,2022-08-16
CUST_00949,Logistics,Mid-Market,2023-01-11
CUST_00950,FinTech,Mid-Market,2022-05-10
CUST_00951,EdTech,SMB,2023-11-18
CUST_00952,E-commerce,SMB,2023-09-12
CUST_00953,EdTech,Mid-Market,2023-02-18
CUST_00954,Logistics,SMB,2022-03-12
CUST_00955,FinTech,Mid-Market,2023-02-08
CUST_00956,FinTech,Enterprise,2023-07-16
CUST_00957,Logistics,Mid-Market,2023-08-30
CUST_00958,Logistics,Mid-Market,2023-02-01
CUST_00959,E-commerce,Mid-Market,2022-12-03
CUST_00960,FinTech,Mid-Market,2023-10-06
CUST_00961,EdTech,SMB,2023-05-20
CUST_00962,Healthcare,SMB,2022-10-03
CUST_00963,Healthcare,SMB,2022-01-13
CUST_00964,Logistics,Mid-Market,2022-01-03
CUST_00965,E-commerce,SMB,2022-08-12
CUST_00966,Healthcare,Mid-Market,2022-06-24
CUST_00967,FinTech,SMB,2023-01-20
CUST_00968,Logistics,Mid-Market,2023-08-25
CUST_00969,EdTech,SMB,2022-08-29
CUST_00970,Logistics,Mid-Market,2023-07-01
CUST_00971,EdTech,SMB,2022-01-14
CUST_00972,Logistics,SMB,2022-07-14
CUST_00973,Logistics,SMB,2023-02-01
CUST_00974,Logistics,Mid-Market,2023-03-07
CUST_00975,EdTech,SMB,2022-11-02
CUST_00976,EdTech,SMB,2022-11-30
CUST_00977,Logistics,Enterprise,2023-02-14
CUST_00978,Healthcare,Mid-Market,2022-01-03
CUST_00979,E-commerce,Enterprise,2023-11-22
CUST_00980,E-commerce,SMB,2023-07-06
CUST_00981,E-commerce,SMB,2023-03-28
CUST_00982,EdTech,Mid-Market,2023-11-07
CUST_00983,EdTech,SMB,2023-05-10
CUST_00984,Healthcare,Mid-Market,2023-02-21
CUST_00985,E-commerce,SMB,2023-01-26
CUST_00986,E-commerce,SMB,2023-01-08
CUST_00987,Logistics,SMB,2023-09-20
CUST_00988,EdTech,SMB,2022-02-21
CUST_00989,E-commerce,SMB,2023-01-11
CUST_00990,Healthcare,SMB,2023-01-30
CUST_00991,Healthcare,Enterprise,2022-05-22
CUST_00992,E-commerce,SMB,2022-03-27
CUST_00993,EdTech,Mid-Market,2023-04-09
CUST_00994,Healthcare,Mid-Market,2022-02-15
CUST_00995,Logistics,SMB,2022-08-26
CUST_00996,Healthcare,SMB,2022-01-10
CUST_00997,FinTech,Mid-Market,2023-10-26
CUST_00998,FinTech,Mid-Market,2023-07-27
CUST_00999,EdTech,Mid-Market,2023-06-14
CUST_01000,E-commerce,Mid-Market,2023-08-21
CUST_01001,EdTech,Enterprise,2023-10-11
CUST_01002,EdTech,SMB,2023-10-02
CUST_01003,EdTech,SMB,2023-09-08
CUST_01004,EdTech,Mid-Market,2023-11-29
CUST_01005,Logistics,SMB,2022-06-27
CUST_01006,Logistics,Mid-Market,2022-01-06
CUST_01007,Healthcare,SMB,2022-11-03
CUST_01008,FinTech,SMB,2023-07-02
CUST_01009,EdTech,Mid-Market,2022-11-23
CUST_01010,Healthcare,SMB,2022-12-22
CUST_01011,FinTech,SMB,2023-01-30
CUST_01012,E-commerce,SMB,2022-10-27
CUST_01013,Logistics,Mid-Market,2023-06-10
CUST_01014,FinTech,SMB,2022-10-12
CUST_01015,E-commerce,Mid-Market,2022-11-26
CUST_01016,FinTech,SMB,2022-02-19
CUST_01017,Logistics,Mid-Market,2023-09-14
CUST_01018,Logistics,Mid-Market,2023-01-13
CUST_01019,Healthcare,SMB,2023-08-23
CUST_01020,EdTech,SMB,2023-06-22
CUST_01021,FinTech,SMB,2022-05-24
CUST_01022,FinTech,Mid-Market,2022-03-01
CUST_01023,E-commerce,SMB,2022-03-16
CUST_01024,Logistics,Mid-Market,2022-01-03
CUST_01025,FinTech,SMB,2023-07-29
CUST_01026,Logistics,SMB,2023-03-24
CUST_01027,FinTech,SMB,2022-10-02
CUST_01028,Healthcare,SMB,2023-06-14
CUST_01029,EdTech,SMB,2023-08-15
CUST_01030,FinTech,Mid-Market,2022-08-03
CUST_01031,Logistics,Mid-Market,2023-11-14
CUST_01032,Healthcare,SMB,2023-04-30
CUST_01033,FinTech,Enterprise,2022-11-25
CUST_01034,E-commerce,Mid-Market,2022-09-12
CUST_01035,EdTech,Enterprise,2023-01-22
CUST_01036,FinTech,SMB,2022-05-06
CUST_01037,Healthcare,SMB,2023-08-07
CUST_01038,E-commerce,SMB,2023-07-04
CUST_01039,Healthcare,Mid-Market,2022-11-20
CUST_01040,Healthcare,SMB,2022-07-23
CUST_01041,E-commerce,SMB,2022-06-21
CUST_01042,Healthcare,SMB,2022-08-05
CUST_01043,E-commerce,SMB,2022-09-02
CUST_01044,FinTech,Mid-Market,2022-12-02
CUST_01045,E-commerce,SMB,2022-10-25
CUST_01046,E-commerce,SMB,2022-07-01
CUST_01047,EdTech,Mid-Market,2022-11-30
CUST_01048,E-commerce,Enterprise,2023-05-26
CUST_01049,E-commerce,Mid-Market,2023-01-18
CUST_01050,FinTech,Enterprise,2022-07-18
CUST_01051,EdTech,Mid-Market,2022-11-28
CUST_01052,Logistics,SMB,2022-06-14
CUST_01053,FinTech,SMB,2022-08-30
CUST_01054,FinTech,Mid-Market,2023-10-04
CUST_01055,Logistics,Mid-Market,2022-08-15
CUST_01056,E-commerce,Mid-Market,2023-09-26
CUST_01057,Healthcare,SMB,2023-07-10
CUST_01058,EdTech,SMB,2023-03-27
CUST_01059,Healthcare,SMB,2022-07-15
CUST_01060,Logistics,SMB,2022-07-23
CUST_01061,FinTech,SMB,2023-04-03
CUST_01062,FinTech,Mid-Market,2022-09-14
CUST_01063,EdTech,SMB,2023-06-13
CUST_01064,FinTech,SMB,2022-09-29
CUST_01065,FinTech,SMB,2022-01-09
CUST_01066,EdTech,Mid-Market,2022-07-20
CUST_01067,EdTech,SMB,2022-02-28
CUST_01068,Logistics,SMB,2023-01-28
CUST_01069,FinTech,SMB,2023-10-14
CUST_01070,FinTech,SMB,2022-04-29
CUST_01071,Logistics,Enterprise,2023-07-07
CUST_01072,E-commerce,Enterprise,2023-02-03
CUST_01073,E-commerce,SMB,2022-11-27
CUST_01074,E-commerce,SMB,2022-09-24
CUST_01075,Logistics,Mid-Market,2023-06-04
CUST_01076,FinTech,SMB,2023-11-26
CUST_01077,Logistics,SMB,2023-04-25
CUST_01078,Logistics,SMB,2022-05-14
CUST_01079,E-commerce,Enterprise,2023-11-24
CUST_01080,Healthcare,SMB,2022-12-21
CUST_01081,FinTech,SMB,2023-08-07
CUST_01082,E-commerce,Mid-Market,2023-05-13
CUST_01083,Healthcare,SMB,2023-09-17
CUST_01084,Healthcare,SMB,2022-04-17
CUST_01085,EdTech,Enterprise,2022-10-17
CUST_01086,FinTech,SMB,2023-09-21
CUST_01087,Healthcare,Mid-Market,2023-09-24
CUST_01088,E-commerce,SMB,2022-05-27
CUST_01089,EdTech,SMB,2022-11-23
CUST_01090,FinTech,SMB,2023-02-19
CUST_01091,Logistics,SMB,2022-07-29
CUST_01092,E-commerce,SMB,2022-10-23
CUST_01093,Healthcare,Mid-Market,2023-02-02
CUST_01094,Healthcare,SMB,2022-04-13
CUST_01095,E-commerce,SMB,2023-09-28
CUST_01096,Healthcare,SMB,2023-05-23
CUST_01097,EdTech,Mid-Market,2022-07-28
CUST_01098,FinTech,SMB,2023-03-04
CUST_01099,EdTech,SMB,2023-01-28
CUST_01100,Healthcare,SMB,2022-04-19
CUST_01101,Logistics,SMB,2022-12-14
CUST_01102,FinTech,SMB,2022-02-19
CUST_01103,FinTech,Mid-Market,2022-04-15
CUST_01104,E-commerce,SMB,2023-02-24
CUST_01105,E-commerce,SMB,2023-01-08
CUST_01106,Logistics,SMB,2022-01-27
CUST_01107,FinTech,Mid-Market,2022-09-30
CUST_01108,Logistics,SMB,2023-10-11
CUST_01109,E-commerce,SMB,2022-12-06
CUST_01110,E-commerce,SMB,2022-10-28
CUST_01111,FinTech,SMB,2023-04-25
CUST_01112,EdTech,SMB,2023-06-28
CUST_01113,Healthcare,SMB,2023-07-11
CUST_01114,E-commerce,SMB,2022-09-22
CUST_01115,E-commerce,SMB,2023-06-26
CUST_01116,EdTech,SMB,2023-08-19
CUST_01117,EdTech,SMB,2022-06-15
CUST_01118,Logistics,SMB,2022-11-12
CUST_01119,Logistics,Mid-Market,2022-01-01
CUST_01120,Healthcare,Enterprise,2022-09-18
CUST_01121,Healthcare,Enterprise,2022-03-04
CUST_01122,FinTech,Mid-Market,2023-04-28
CUST_01123,Logistics,Mid-Market,2023-11-07
CUST_01124,E-commerce,Mid-Market,2022-11-17
CUST_01125,Logistics,SMB,2022-07-20
CUST_01126,E-commerce,Mid-Market,2022-08-10
CUST_01127,EdTech,SMB,2022-06-01
CUST_01128,Logistics,SMB,2023-10-06
CUST_01129,EdTech,Mid-Market,2023-09-18
CUST_01130,Healthcare,SMB,2023-04-07
CUST_01131,Healthcare,SMB,2022-08-05
CUST_01132,FinTech,Enterprise,2022-07-15
CUST_01133,Logistics,SMB,2022-07-21
CUST_01134,EdTech,SMB,2023-10-09
CUST_01135,E-commerce,Enterprise,2022-08-22
CUST_01136,Healthcare,Mid-Market,2022-05-21
CUST_01137,Healthcare,SMB,2023-05-13
CUST_01138,E-commerce,SMB,2023-07-09
CUST_01139,EdTech,SMB,2022-02-26
CUST_01140,EdTech,Mid-Market,2023-05-19
CUST_01141,Logistics,SMB,2022-05-22
CUST_01142,Logistics,SMB,2023-08-07
CUST_01143,FinTech,SMB,2023-06-23
CUST_01144,Healthcare,SMB,2023-10-02
CUST_01145,Logistics,Enterprise,2022-04-16
CUST_01146,EdTech,SMB,2022-06-14
CUST_01147,E-commerce,Mid-Market,2022-08-03
CUST_01148,EdTech,SMB,2022-03-12
CUST_01149,Healthcare,Mid-Market,2023-10-27
CUST_01150,EdTech,Enterprise,2023-08-02
CUST_01151,FinTech,SMB,2022-03-31
CUST_01152,Healthcare,SMB,2022-08-16
CUST_01153,E-commerce,SMB,2022-03-20
CUST_01154,FinTech,Mid-Market,2023-08-31
CUST_01155,Healthcare,SMB,2022-12-15
CUST_01156,E-commerce,Mid-Market,2022-09-03
CUST_01157,FinTech,Mid-Market,2022-09-29
CUST_01158,FinTech,Mid-Market,2023-02-07
CUST_01159,Healthcare,Mid-Market,2023-10-31
CUST_01160,Logistics,SMB,2022-04-26
CUST_01161,FinTech,SMB,2023-03-11
CUST_01162,FinTech,SMB,2023-06-14
CUST_01163,E-commerce,Enterprise,2023-03-18
CUST_01164,EdTech,Mid-Market,2022-06-21
CUST_01165,Healthcare,Mid-Market,2022-01-16
CUST_01166,Healthcare,SMB,2022-02-25
CUST_01167,Logistics,SMB,2023-08-14
CUST_01168,Logistics,Mid-Market,2022-04-13
CUST_01169,Healthcare,SMB,2022-10-11
CUST_01170,Logistics,SMB,2023-06-01
CUST_01171,E-commerce,Mid-Market,2023-09-10
CUST_01172,Healthcare,SMB,2022-10-05
CUST_01173,Logistics,SMB,2023-09-04
CUST_01174,Healthcare,SMB,2022-09-26
CUST_01175,EdTech,SMB,2023-02-04
CUST_01176,FinTech,Enterprise,2023-05-18
CUST_01177,Healthcare,SMB,2022-03-27
CUST_01178,FinTech,SMB,2022-11-16
CUST_01179,Logistics,SMB,2022-02-01
CUST_01180,FinTech,Mid-Market,2022-12-02
CUST_01181,Healthcare,SMB,2022-02-20
CUST_01182,EdTech,SMB,2022-03-20
CUST_01183,Logistics,SMB,2023-11-29
CUST_01184,Healthcare,SMB,2022-06-23
CUST_01185,Logistics,SMB,2023-09-10
CUST_01186,E-commerce,Mid-Market,2023-05-16
CUST_01187,FinTech,Mid-Market,2023-07-29
CUST_01188,E-commerce,SMB,2022-03-17
CUST_01189,Healthcare,SMB,2022-11-12
CUST_01190,EdTech,Enterprise,2023-01-08
CUST_01191,Logistics,SMB,2022-03-22
CUST_01192,FinTech,Mid-Market,2023-10-02
CUST_01193,Logistics,SMB,2023-11-26
CUST_01194,Healthcare,Enterprise,2023-11-28
CUST_01195,Logistics,Mid-Market,2022-03-12
CUST_01196,FinTech,Enterprise,2023-10-28
CUST_01197,Healthcare,Mid-Market,2023-10-14
CUST_01198,Logistics,SMB,2022-03-12
CUST_01199,EdTech,Enterprise,2022-02-15
CUST_01200,Healthcare,SMB,2022-02-16
CUST_01201,Healthcare,SMB,2023-08-14
CUST_01202,EdTech,Mid-Market,2023-02-26
CUST_01203,E-commerce,Mid-Market,2022-05-29
CUST_01204,FinTech,Enterprise,2022-05-10
CUST_01205,E-commerce,SMB,2023-04-01
CUST_01206,Logistics,Mid-Market,2023-10-01
CUST_01207,EdTech,Mid-Market,2023-09-23
CUST_01208,E-commerce,SMB,2023-05-20
CUST_01209,Healthcare,SMB,2022-09-01
CUST_01210,Logistics,SMB,2023-04-19
CUST_01211,Logistics,SMB,2023-01-17
CUST_01212,E-commerce,Enterprise,2022-04-13
CUST_01213,E-commerce,Mid-Market,2023-05-04
CUST_01214,EdTech,Mid-Market,2022-02-06
CUST_01215,FinTech,Enterprise,2023-10-16
CUST_01216,E-commerce,SMB,2023-07-03
CUST_01217,E-commerce,Mid-Market,2023-06-04
CUST_01218,Healthcare,SMB,2022-11-29
CUST_01219,Logistics,Mid-Market,2023-02-01
CUST_01220,FinTech,SMB,2022-10-23
CUST_01221,Healthcare,Enterprise,2022-04-17
CUST_01222,EdTech,SMB,2023-06-14
CUST_01223,EdTech,SMB,2022-03-24
CUST_01224,E-commerce,Mid-Market,2022-10-15
CUST_01225,E-commerce,SMB,2023-04-06
CUST_01226,EdTech,Mid-Market,2022-08-03
CUST_01227,E-commerce,SMB,2022-10-08
CUST_01228,FinTech,Mid-Market,2023-04-04
CUST_01229,E-commerce,SMB,2022-12-10
CUST_01230,Logistics,SMB,2022-07-13
CUST_01231,E-commerce,SMB,2022-06-07
CUST_01232,Healthcare,SMB,2023-04-10
CUST_01233,FinTech,SMB,2022-04-14
CUST_01234,Healthcare,SMB,2022-02-03
CUST_01235,Healthcare,SMB,2022-04-12
CUST_01236,Logistics,SMB,2023-10-01
CUST_01237,FinTech,SMB,2022-11-21
CUST_01238,FinTech,Mid-Market,2023-11-22
CUST_01239,FinTech,SMB,2023-08-15
CUST_01240,FinTech,SMB,2022-05-21
CUST_01241,FinTech,Mid-Market,2023-04-19
CUST_01242,Logistics,SMB,2022-01-31
CUST_01243,E-commerce,Mid-Market,2022-03-04
CUST_01244,Healthcare,SMB,2023-07-14
CUST_01245,FinTech,SMB,2022-03-28
CUST_01246,E-commerce,SMB,2022-10-31
CUST_01247,E-commerce,Mid-Market,2022-03-02
CUST_01248,Healthcare,Mid-Market,2023-01-31
CUST_01249,Logistics,SMB,2022-11-30
CUST_01250,EdTech,SMB,2023-02-15
CUST_01251,EdTech,Enterprise,2022-10-11
CUST_01252,E-commerce,SMB,2023-04-11
CUST_01253,Healthcare,SMB,2022-03-21
CUST_01254,EdTech,Enterprise,2023-11-23
CUST_01255,E-commerce,Mid-Market,2022-03-18
CUST_01256,Logistics,SMB,2023-06-24
CUST_01257,EdTech,Mid-Market,2022-12-27
CUST_01258,E-commerce,Mid-Market,2022-03-18
CUST_01259,E-commerce,SMB,2023-05-24
CUST_01260,FinTech,SMB,2022-06-13
CUST_01261,Logistics,SMB,2022-01-09
CUST_01262,FinTech,Enterprise,2022-06-24
CUST_01263,Healthcare,Mid-Market,2023-04-07
CUST_01264,FinTech,SMB,2022-11-03
CUST_01265,FinTech,Mid-Market,2023-08-11
CUST_01266,EdTech,SMB,2022-09-02
CUST_01267,E-commerce,SMB,2022-05-02
CUST_01268,Logistics,SMB,2022-07-04
CUST_01269,FinTech,SMB,2022-02-01
CUST_01270,Logistics,Mid-Market,2023-07-23
CUST_01271,FinTech,SMB,2022-11-06
CUST_01272,Healthcare,Mid-Market,2023-01-07
CUST_01273,FinTech,SMB,2023-10-18
CUST_01274,EdTech,SMB,2023-08-19
CUST_01275,E-commerce,Enterprise,2022-02-25
CUST_01276,Healthcare,SMB,2022-09-30
CUST_01277,FinTech,SMB,2023-04-09
CUST_01278,Logistics,SMB,2023-11-09
CUST_01279,Healthcare,Mid-Market,2023-04-01
CUST_01280,Healthcare,SMB,2023-11-01
CUST_01281,FinTech,SMB,2022-09-06
CUST_01282,Healthcare,SMB,2023-11-29
CUST_01283,Logistics,SMB,2022-03-19
CUST_01284,Healthcare,Mid-Market,2023-06-18
CUST_01285,Logistics,SMB,2022-04-18
CUST_01286,FinTech,SMB,2022-09-30
CUST_01287,E-commerce,SMB,2022-01-15
CUST_01288,Healthcare,SMB,2023-01-05
CUST_01289,E-commerce,Enterprise,2022-10-31
CUST_01290,Logistics,SMB,2023-11-03
CUST_01291,Healthcare,Enterprise,2022-07-24
CUST_01292,EdTech,SMB,2022-04-23
CUST_01293,E-commerce,SMB,2023-11-11
CUST_01294,Healthcare,Mid-Market,2022-09-10
CUST_01295,E-commerce,SMB,2023-03-17
CUST_01296,Healthcare,Mid-Market,2022-07-05
CUST_01297,FinTech,Enterprise,2022-08-15
CUST_01298,E-commerce,SMB,2023-06-12
CUST_01299,EdTech,SMB,2023-10-30
CUST_01300,EdTech,Mid-Market,2022-12-20
CUST_01301,Logistics,SMB,2023-09-15
CUST_01302,Healthcare,SMB,2022-01-01
CUST_01303,E-commerce,SMB,2023-07-07
CUST_01304,Logistics,SMB,2023-07-14
CUST_01305,E-commerce,Mid-Market,2023-02-24
CUST_01306,Healthcare,SMB,2023-09-12
CUST_01307,EdTech,SMB,2022-06-10
CUST_01308,FinTech,Mid-Market,2022-06-10
CUST_01309,EdTech,SMB,2022-05-08
CUST_01310,Logistics,SMB,2022-05-31
CUST_01311,FinTech,Mid-Market,2023-03-20
CUST_01312,Logistics,SMB,2023-04-16
CUST_01313,Healthcare,Mid-Market,2023-04-08
CUST_01314,FinTech,Mid-Market,2022-01-30
CUST_01315,Logistics,SMB,2023-04-18
CUST_01316,Healthcare,SMB,2023-07-11
CUST_01317,EdTech,SMB,2022-03-21
CUST_01318,Healthcare,SMB,2022-02-08
CUST_01319,E-commerce,Mid-Market,2022-08-28
CUST_01320,Healthcare,Mid-Market,2023-07-11
CUST_01321,Healthcare,SMB,2023-08-13
CUST_01322,E-commerce,Mid-Market,2022-12-03
CUST_01323,Logistics,Enterprise,2022-10-07
CUST_01324,Logistics,Enterprise,2022-04-26
CUST_01325,Healthcare,SMB,2022-09-26
CUST_01326,E-commerce,SMB,2022-12-01
CUST_01327,E-commerce,SMB,2022-11-08
CUST_01328,EdTech,Enterprise,2022-02-22
CUST_01329,Logistics,SMB,2022-03-09
CUST_01330,FinTech,SMB,2023-11-25
CUST_01331,Logistics,SMB,2022-02-03
CUST_01332,Logistics,SMB,2023-01-21
CUST_01333,EdTech,SMB,2022-09-06
CUST_01334,FinTech,Enterprise,2022-04-21
CUST_01335,EdTech,SMB,2022-04-04
CUST_01336,FinTech,SMB,2023-02-14
CUST_01337,Healthcare,SMB,2022-06-28
CUST_01338,FinTech,SMB,2022-02-16
CUST_01339,EdTech,SMB,2023-08-27
CUST_01340,Logistics,SMB,2023-01-11
CUST_01341,FinTech,SMB,2023-08-10
CUST_01342,FinTech,SMB,2022-07-21
CUST_01343,E-commerce,SMB,2023-03-21
CUST_01344,Logistics,SMB,2022-10-24
CUST_01345,Healthcare,Enterprise,2022-11-04
CUST_01346,EdTech,Enterprise,2023-05-08
CUST_01347,Healthcare,SMB,2022-12-04
CUST_01348,Logistics,SMB,2023-10-08
CUST_01349,FinTech,Enterprise,2022-03-07
CUST_01350,FinTech,SMB,2023-02-26
CUST_01351,Logistics,Mid-Market,2023-06-24
CUST_01352,FinTech,Enterprise,2023-09-21
CUST_01353,FinTech,SMB,2023-05-08
CUST_01354,FinTech,SMB,2022-11-13
CUST_01355,EdTech,Enterprise,2023-09-18
CUST_01356,EdTech,SMB,2022-03-16
CUST_01357,E-commerce,SMB,2022-02-28
CUST_01358,Healthcare,SMB,2023-01-21
CUST_01359,Logistics,SMB,2022-01-15
CUST_01360,Logistics,Mid-Market,2022-08-19
CUST_01361,Logistics,Mid-Market,2023-09-09
CUST_01362,E-commerce,Enterprise,2023-11-08
CUST_01363,EdTech,SMB,2022-07-18
CUST_01364,E-commerce,SMB,2022-12-20
CUST_01365,Logistics,SMB,2022-02-04
CUST_01366,Healthcare,SMB,2022-06-11
CUST_01367,FinTech,SMB,2023-04-16
CUST_01368,EdTech,Enterprise,2023-06-15
CUST_01369,EdTech,Mid-Market,2023-02-27
CUST_01370,E-commerce,SMB,2022-12-14
CUST_01371,EdTech,Mid-Market,2023-11-25
CUST_01372,Logistics,SMB,2022-05-27
CUST_01373,Logistics,SMB,2023-01-09
CUST_01374,E-commerce,Mid-Market,2023-11-19
CUST_01375,Logistics,SMB,2023-11-06
CUST_01376,Healthcare,Enterprise,2023-02-20
CUST_01377,E-commerce,Mid-Market,2023-11-18
CUST_01378,Healthcare,SMB,2023-05-09
CUST_01379,FinTech,Mid-Market,2023-07-13
CUST_01380,Healthcare,SMB,2022-09-13
CUST_01381,FinTech,SMB,2023-11-17
CUST_01382,FinTech,SMB,2022-04-13
CUST_01383,Healthcare,SMB,2022-05-01
CUST_01384,E-commerce,Mid-Market,2023-02-23
CUST_01385,Logistics,SMB,2022-12-16
CUST_01386,Logistics,Mid-Market,2023-10-19
CUST_01387,FinTech,SMB,2022-02-11
CUST_01388,FinTech,SMB,2023-01-02
CUST_01389,E-commerce,Mid-Market,2022-01-29
CUST_01390,EdTech,SMB,2022-01-14
CUST_01391,Healthcare,SMB,2023-04-30
CUST_01392,FinTech,SMB,2022-07-08
CUST_01393,Logistics,SMB,2022-10-22
CUST_01394,E-commerce,SMB,2022-07-02
CUST_01395,Healthcare,Mid-Market,2023-07-02
CUST_01396,E-commerce,SMB,2022-02-06
CUST_01397,Healthcare,SMB,2022-01-14
CUST_01398,Healthcare,Enterprise,2023-09-27
CUST_01399,FinTech,SMB,2023-08-18
CUST_01400,E-commerce,Mid-Market,2022-06-08
CUST_01401,E-commerce,SMB,2023-05-09
CUST_01402,Logistics,SMB,2022-11-25
CUST_01403,Logistics,Mid-Market,2023-09-06
CUST_01404,FinTech,SMB,2022-03-24
CUST_01405,FinTech,Mid-Market,2023-07-10
CUST_01406,EdTech,SMB,2023-08-03
CUST_01407,Logistics,SMB,2023-07-14
CUST_01408,Healthcare,SMB,2023-07-23
CUST_01409,E-commerce,SMB,2023-08-10
CUST_01410,FinTech,Mid-Market,2022-01-22
CUST_01411,E-commerce,SMB,2022-05-12
CUST_01412,E-commerce,Enterprise,2023-04-10
CUST_01413,EdTech,Enterprise,2023-04-01
CUST_01414,Logistics,SMB,2022-10-29
CUST_01415,FinTech,SMB,2022-09-24
CUST_01416,E-commerce,Mid-Market,2023-01-30
CUST_01417,FinTech,Enterprise,2022-04-30
CUST_01418,Healthcare,SMB,2022-09-03
CUST_01419,EdTech,SMB,2023-07-22
CUST_01420,Healthcare,SMB,2022-02-07
CUST_01421,FinTech,Mid-Market,2022-09-02
CUST_01422,FinTech,SMB,2022-01-21
CUST_01423,Logistics,Mid-Market,2022-04-20
CUST_01424,E-commerce,SMB,2023-08-29
CUST_01425,E-commerce,SMB,2023-01-29
CUST_01426,Healthcare,SMB,2023-02-14
CUST_01427,EdTech,SMB,2023-10-10
CUST_01428,E-commerce,SMB,2022-01-08
CUST_01429,Logistics,SMB,2023-03-20
CUST_01430,Healthcare,SMB,2022-11-24
CUST_01431,Healthcare,SMB,2022-10-17
CUST_01432,Logistics,SMB,2023-05-26
CUST_01433,EdTech,Enterprise,2022-12-27
CUST_01434,Logistics,SMB,2023-08-22
CUST_01435,EdTech,SMB,2022-08-07
CUST_01436,Logistics,SMB,2023-02-10
CUST_01437,Logistics,Enterprise,2023-09-13
CUST_01438,FinTech,SMB,2022-08-08
CUST_01439,Healthcare,Mid-Market,2023-08-18
CUST_01440,Logistics,Mid-Market,2022-04-17
CUST_01441,Logistics,Mid-Market,2023-08-04
CUST_01442,E-commerce,SMB,2023-09-01
CUST_01443,Healthcare,Mid-Market,2022-10-13
CUST_01444,E-commerce,SMB,2022-01-08
CUST_01445,Healthcare,SMB,2022-07-08
CUST_01446,E-commerce,Mid-Market,2022-03-22
CUST_01447,Logistics,SMB,2022-04-18
CUST_01448,Logistics,Mid-Market,2022-11-17
CUST_01449,FinTech,SMB,2023-08-02
CUST_01450,E-commerce,Mid-Market,2023-11-17
CUST_01451,EdTech,SMB,2022-12-12
CUST_01452,FinTech,SMB,2022-11-24
CUST_01453,E-commerce,SMB,2023-07-09
CUST_01454,E-commerce,Enterprise,2023-11-30
CUST_01455,FinTech,SMB,2022-10-29
CUST_01456,Logistics,SMB,2022-07-19
CUST_01457,E-commerce,SMB,2023-02-23
CUST_01458,Logistics,Mid-Market,2022-02-08
CUST_01459,FinTech,SMB,2022-11-03
CUST_01460,Logistics,SMB,2022-01-04
CUST_01461,Healthcare,SMB,2023-09-25
CUST_01462,EdTech,SMB,2022-03-18
CUST_01463,E-commerce,SMB,2023-04-13
CUST_01464,EdTech,SMB,2022-06-28
CUST_01465,Logistics,Mid-Market,2023-10-07
CUST_01466,E-commerce,SMB,2022-10-03
CUST_01467,Logistics,SMB,2022-06-01
CUST_01468,Healthcare,SMB,2022-06-13
CUST_01469,FinTech,Enterprise,2022-10-17
CUST_01470,E-commerce,Enterprise,2023-01-13
CUST_01471,Healthcare,Mid-Market,2023-09-13
CUST_01472,Healthcare,SMB,2023-09-30
CUST_01473,E-commerce,SMB,2022-11-06
CUST_01474,Logistics,SMB,2023-01-24
CUST_01475,Healthcare,SMB,2023-10-20
CUST_01476,EdTech,SMB,2022-07-02
CUST_01477,Healthcare,Mid-Market,2022-11-02
CUST_01478,Logistics,Mid-Market,2022-03-13
CUST_01479,Logistics,Mid-Market,2022-08-07
CUST_01480,EdTech,SMB,2022-06-22
CUST_01481,Healthcare,Mid-Market,2023-10-15
CUST_01482,Logistics,SMB,2022-09-29
CUST_01483,E-commerce,SMB,2023-04-13
CUST_01484,FinTech,Mid-Market,2022-09-26
CUST_01485,FinTech,SMB,2022-01-20
CUST_01486,FinTech,SMB,2023-08-01
CUST_01487,Healthcare,SMB,2023-05-18
CUST_01488,EdTech,Mid-Market,2022-05-27
CUST_01489,Logistics,Mid-Market,2023-03-05
CUST_01490,E-commerce,SMB,2022-06-14
CUST_01491,E-commerce,Mid-Market,2022-11-06
CUST_01492,Healthcare,SMB,2023-06-02
CUST_01493,FinTech,SMB,2022-01-14
CUST_01494,Healthcare,Mid-Market,2022-05-12
CUST_01495,EdTech,Mid-Market,2023-03-15
CUST_01496,EdTech,Enterprise,2023-11-05
CUST_01497,Logistics,SMB,2022-09-20
CUST_01498,Logistics,Mid-Market,2023-10-05
CUST_01499,EdTech,Mid-Market,2022-08-13
CUST_01500,EdTech,Enterprise,2022-09-15
CUST_01501,EdTech,SMB,2022-08-22
CUST_01502,Healthcare,Mid-Market,2022-12-02
CUST_01503,EdTech,SMB,2023-02-13
CUST_01504,E-commerce,SMB,2022-01-24
CUST_01505,FinTech,SMB,2022-09-28
CUST_01506,EdTech,SMB,2022-04-05
CUST_01507,FinTech,SMB,2022-05-22
CUST_01508,Healthcare,Mid-Market,2023-11-25
CUST_01509,FinTech,SMB,2022-03-22
CUST_01510,Healthcare,Mid-Market,2022-10-01
CUST_01511,E-commerce,SMB,2022-10-03
CUST_01512,Healthcare,SMB,2023-04-10
CUST_01513,Healthcare,SMB,2022-07-27
CUST_01514,Logistics,SMB,2022-10-23
CUST_01515,EdTech,SMB,2022-02-08
CUST_01516,EdTech,SMB,2022-10-15
CUST_01517,E-commerce,SMB,2022-05-04
CUST_01518,E-commerce,SMB,2022-10-10
CUST_01519,EdTech,SMB,2022-06-29
CUST_01520,Logistics,SMB,2022-04-07
CUST_01521,EdTech,SMB,2022-07-10
CUST_01522,Logistics,Enterprise,2022-03-15
CUST_01523,E-commerce,Mid-Market,2023-03-23
CUST_01524,FinTech,Mid-Market,2023-05-12
CUST_01525,E-commerce,SMB,2023-07-15
CUST_01526,E-commerce,Mid-Market,2023-04-29
CUST_01527,Healthcare,Mid-Market,2022-04-26
CUST_01528,Healthcare,Mid-Market,2023-06-19
CUST_01529,Healthcare,SMB,2022-04-08
CUST_01530,Healthcare,Mid-Market,2022-11-24
CUST_01531,Logistics,Mid-Market,2023-02-11
CUST_01532,EdTech,SMB,2022-11-09
CUST_01533,FinTech,Mid-Market,2023-11-25
CUST_01534,E-commerce,SMB,2022-05-28
CUST_01535,Logistics,SMB,2022-12-08
CUST_01536,FinTech,SMB,2023-05-10
CUST_01537,Logistics,Mid-Market,2022-01-23
CUST_01538,Logistics,SMB,2022-04-15
CUST_01539,E-commerce,SMB,2023-11-06
CUST_01540,EdTech,SMB,2023-08-02
CUST_01541,Healthcare,SMB,2023-07-12
CUST_01542,EdTech,SMB,2023-08-16
CUST_01543,E-commerce,Mid-Market,2023-10-21
CUST_01544,E-commerce,Mid-Market,2022-08-10
CUST_01545,E-commerce,SMB,2022-01-15
CUST_01546,FinTech,SMB,2023-09-25
CUST_01547,EdTech,SMB,2022-03-19
CUST_01548,EdTech,Mid-Market,2022-11-18
CUST_01549,Logistics,SMB,2022-08-29
CUST_01550,Logistics,SMB,2022-01-18
CUST_01551,Logistics,SMB,2023-03-30
CUST_01552,E-commerce,Mid-Market,2023-03-19
CUST_01553,EdTech,Mid-Market,2022-10-04
CUST_01554,E-commerce,Mid-Market,2023-02-28
CUST_01555,FinTech,Mid-Market,2023-04-21
CUST_01556,Logistics,SMB,2022-01-27
CUST_01557,E-commerce,SMB,2023-05-29
CUST_01558,E-commerce,SMB,2023-04-09
CUST_01559,FinTech,SMB,2022-12-29
CUST_01560,Healthcare,SMB,2023-01-18
CUST_01561,EdTech,SMB,2023-06-09
CUST_01562,Healthcare,SMB,2023-01-17
CUST_01563,Logistics,Enterprise,2022-07-03
CUST_01564,E-commerce,Mid-Market,2022-07-13
CUST_01565,FinTech,Mid-Market,2023-04-07
CUST_01566,FinTech,Mid-Market,2022-02-25
CUST_01567,EdTech,SMB,2022-08-18
CUST_01568,Healthcare,Mid-Market,2023-05-04
CUST_01569,EdTech,SMB,2022-01-28
CUST_01570,E-commerce,Mid-Market,2023-08-06
CUST_01571,EdTech,SMB,2022-07-03
CUST_01572,FinTech,Enterprise,2023-03-01
CUST_01573,FinTech,SMB,2023-01-10
CUST_01574,Logistics,SMB,2022-02-10
CUST_01575,Logistics,Enterprise,2023-04-29
CUST_01576,E-commerce,SMB,2022-09-17
CUST_01577,Healthcare,Mid-Market,2023-03-17
CUST_01578,EdTech,Mid-Market,2022-03-25
CUST_01579,E-commerce,Mid-Market,2022-02-15
CUST_01580,Logistics,Enterprise,2023-03-16
CUST_01581,EdTech,Enterprise,2023-11-02
CUST_01582,Logistics,SMB,2023-06-03
CUST_01583,EdTech,Mid-Market,2023-03-14
CUST_01584,Healthcare,Mid-Market,2022-05-16
CUST_01585,E-commerce,Mid-Market,2022-07-02
CUST_01586,EdTech,SMB,2022-06-21
CUST_01587,FinTech,Mid-Market,2023-08-13
CUST_01588,FinTech,Enterprise,2023-11-21
CUST_01589,EdTech,Enterprise,2023-06-23
CUST_01590,EdTech,SMB,2022-04-30
CUST_01591,EdTech,SMB,2022-10-08
CUST_01592,FinTech,SMB,2022-11-04
CUST_01593,FinTech,Mid-Market,2022-10-04
CUST_01594,EdTech,Mid-Market,2023-06-14
CUST_01595,Logistics,SMB,2022-10-22
CUST_01596,Logistics,SMB,2022-02-22
CUST_01597,Healthcare,SMB,2023-03-08
CUST_01598,E-commerce,SMB,2022-02-21
CUST_01599,Logistics,Enterprise,2022-03-13
CUST_01600,FinTech,Mid-Market,2022-01-28
CUST_01601,Logistics,SMB,2023-04-14
CUST_01602,Healthcare,SMB,2023-07-01
CUST_01603,Healthcare,SMB,2023-02-05
CUST_01604,E-commerce,Enterprise,2022-07-20
CUST_01605,Logistics,SMB,2023-09-03
CUST_01606,FinTech,SMB,2023-04-11
CUST_01607,FinTech,SMB,2023-10-14
CUST_01608,EdTech,Mid-Market,2023-08-18
CUST_01609,FinTech,Mid-Market,2023-07-14
CUST_01610,E-commerce,Mid-Market,2023-01-14
CUST_01611,E-commerce,SMB,2022-06-26
CUST_01612,FinTech,SMB,2022-02-21
CUST_01613,FinTech,SMB,2022-03-20
CUST_01614,EdTech,Mid-Market,2023-01-20
CUST_01615,FinTech,SMB,2023-07-30
CUST_01616,EdTech,SMB,2022-01-08
CUST_01617,EdTech,Mid-Market,2022-08-02
CUST_01618,FinTech,Mid-Market,2022-01-25
CUST_01619,Healthcare,SMB,2023-03-26
CUST_01620,Healthcare,SMB,2023-04-02
CUST_01621,EdTech,SMB,2023-04-06
CUST_01622,FinTech,Mid-Market,2022-07-17
CUST_01623,Healthcare,Mid-Market,2022-04-04
CUST_01624,FinTech,SMB,2023-03-13
CUST_01625,FinTech,SMB,2023-06-11
CUST_01626,FinTech,Mid-Market,2023-11-21
CUST_01627,Logistics,Mid-Market,2023-01-13
CUST_01628,FinTech,SMB,2023-08-10
CUST_01629,Logistics,SMB,2022-04-14
CUST_01630,EdTech,SMB,2023-11-11
CUST_01631,Healthcare,SMB,2023-09-19
CUST_01632,Healthcare,Enterprise,2022-02-08
CUST_01633,Healthcare,Mid-Market,2023-04-03
CUST_01634,Healthcare,Mid-Market,2022-12-30
CUST_01635,Healthcare,SMB,2022-05-15
CUST_01636,Healthcare,Mid-Market,2023-01-09
CUST_01637,Healthcare,SMB,2022-08-20
CUST_01638,EdTech,SMB,2022-02-08
CUST_01639,FinTech,SMB,2022-02-16
CUST_01640,E-commerce,SMB,2022-02-05
CUST_01641,Logistics,Mid-Market,2022-04-05
CUST_01642,E-commerce,SMB,2022-12-27
CUST_01643,E-commerce,SMB,2023-06-09
CUST_01644,FinTech,SMB,2022-05-26
CUST_01645,FinTech,SMB,2023-01-03
CUST_01646,FinTech,SMB,2022-03-06
CUST_01647,Healthcare,SMB,2022-08-16
CUST_01648,EdTech,Mid-Market,2023-06-04
CUST_01649,Healthcare,SMB,2023-07-09
CUST_01650,EdTech,SMB,2022-06-30
CUST_01651,EdTech,SMB,2023-05-16
CUST_01652,E-commerce,Mid-Market,2023-08-20
CUST_01653,E-commerce,SMB,2022-06-04
CUST_01654,EdTech,SMB,2023-06-19
CUST_01655,EdTech,SMB,2023-09-19
CUST_01656,Healthcare,SMB,2023-03-11
CUST_01657,Healthcare,SMB,2022-04-09
CUST_01658,E-commerce,Mid-Market,2023-09-08
CUST_01659,FinTech,Mid-Market,2023-01-07
CUST_01660,EdTech,SMB,2023-07-17
CUST_01661,Healthcare,Mid-Market,2022-12-28
CUST_01662,E-commerce,Mid-Market,2022-04-22
CUST_01663,Healthcare,SMB,2023-03-29
CUST_01664,EdTech,SMB,2022-06-18
CUST_01665,EdTech,SMB,2023-08-07
CUST_01666,Logistics,SMB,2022-05-19
CUST_01667,FinTech,Mid-Market,2022-08-19
CUST_01668,Logistics,Mid-Market,2022-08-27
CUST_01669,E-commerce,Enterprise,2022-09-10
CUST_01670,Healthcare,Mid-Market,2023-03-12
CUST_01671,E-commerce,SMB,2023-07-15
CUST_01672,EdTech,SMB,2023-02-26
CUST_01673,Logistics,Mid-Market,2022-10-30
CUST_01674,Logistics,SMB,2022-03-13
CUST_01675,Logistics,Mid-Market,2022-09-20
CUST_01676,E-commerce,Mid-Market,2022-08-10
CUST_01677,EdTech,Mid-Market,2022-03-18
CUST_01678,Healthcare,Mid-Market,2022-03-03
CUST_01679,Healthcare,SMB,2023-04-16
CUST_01680,E-commerce,Mid-Market,2022-06-06
CUST_01681,Logistics,Mid-Market,2022-05-05
CUST_01682,FinTech,SMB,2022-06-10
CUST_01683,E-commerce,Mid-Market,2023-06-25
CUST_01684,E-commerce,SMB,2023-09-18
CUST_01685,EdTech,Enterprise,2023-08-14
CUST_01686,Healthcare,SMB,2023-06-19
CUST_01687,E-commerce,SMB,2022-04-16
CUST_01688,E-commerce,SMB,2022-05-11
CUST_01689,Logistics,Mid-Market,2022-12-23
CUST_01690,Logistics,SMB,2023-11-16
CUST_01691,FinTech,SMB,2022-01-02
CUST_01692,EdTech,SMB,2022-08-21
CUST_01693,FinTech,Enterprise,2023-01-04
CUST_01694,Logistics,SMB,2022-09-08
CUST_01695,Healthcare,SMB,2022-04-18
CUST_01696,Logistics,Mid-Market,2022-10-03
CUST_01697,EdTech,SMB,2022-06-29
CUST_01698,Logistics,Enterprise,2022-10-20
CUST_01699,EdTech,SMB,2023-08-07
CUST_01700,EdTech,Mid-Market,2022-06-24
CUST_01701,EdTech,SMB,2022-05-03
CUST_01702,EdTech,SMB,2022-08-15
CUST_01703,EdTech,Mid-Market,2023-03-20
CUST_01704,Healthcare,SMB,2023-03-04
CUST_01705,FinTech,Mid-Market,2022-03-24
CUST_01706,E-commerce,SMB,2023-10-20
CUST_01707,FinTech,SMB,2023-09-24
CUST_01708,EdTech,SMB,2022-03-06
CUST_01709,Healthcare,Enterprise,2022-10-08
CUST_01710,Logistics,SMB,2023-01-26
CUST_01711,Healthcare,SMB,2023-03-04
CUST_01712,EdTech,SMB,2023-09-10
CUST_01713,Healthcare,SMB,2022-04-17
CUST_01714,Healthcare,SMB,2023-07-02
CUST_01715,EdTech,Enterprise,2023-10-21
CUST_01716,Healthcare,SMB,2022-09-19
CUST_01717,E-commerce,Mid-Market,2022-06-08
CUST_01718,E-commerce,SMB,2022-09-22
CUST_01719,Healthcare,Mid-Market,2023-04-13
CUST_01720,Logistics,Enterprise,2022-07-21
CUST_01721,EdTech,SMB,2022-06-04
CUST_01722,E-commerce,Enterprise,2022-01-13
CUST_01723,Logistics,SMB,2022-10-24
CUST_01724,Healthcare,Enterprise,2023-05-13
CUST_01725,Logistics,Mid-Market,2023-08-20
CUST_01726,FinTech,SMB,2022-09-02
CUST_01727,E-commerce,SMB,2022-10-27
CUST_01728,Healthcare,SMB,2022-12-28
CUST_01729,EdTech,SMB,2022-12-20
CUST_01730,Healthcare,SMB,2023-06-05
CUST_01731,EdTech,SMB,2023-01-21
CUST_01732,Healthcare,SMB,2022-11-08
CUST_01733,Logistics,Mid-Market,2023-02-18
CUST_01734,Logistics,SMB,2022-10-05
CUST_01735,Logistics,SMB,2023-08-16
CUST_01736,FinTech,Mid-Market,2022-12-22
CUST_01737,EdTech,SMB,2023-06-09
CUST_01738,Logistics,SMB,2022-01-16
CUST_01739,FinTech,SMB,2022-02-14
CUST_01740,EdTech,Enterprise,2022-11-17
CUST_01741,Healthcare,Mid-Market,2023-10-13
CUST_01742,FinTech,SMB,2022-11-22
CUST_01743,E-commerce,Mid-Market,2022-05-28
CUST_01744,FinTech,SMB,2022-12-21
CUST_01745,FinTech,Mid-Market,2022-08-24
CUST_01746,EdTech,Mid-Market,2023-09-05
CUST_01747,Healthcare,Mid-Market,2022-04-15
CUST_01748,E-commerce,SMB,2023-04-19
CUST_01749,Logistics,SMB,2023-01-31
CUST_01750,Logistics,SMB,2023-03-22
CUST_01751,FinTech,Mid-Market,2023-08-29
CUST_01752,EdTech,SMB,2022-08-08
CUST_01753,EdTech,Mid-Market,2023-03-18
CUST_01754,Logistics,Enterprise,2023-10-07
CUST_01755,E-commerce,SMB,2023-10-29
CUST_01756,Healthcare,Mid-Market,2022-01-28
CUST_01757,E-commerce,Mid-Market,2023-04-20
CUST_01758,Healthcare,Enterprise,2023-09-20
CUST_01759,Logistics,Enterprise,2022-11-01
CUST_01760,Healthcare,Mid-Market,2023-02-09
CUST_01761,EdTech,SMB,2023-05-28
CUST_01762,FinTech,Mid-Market,2023-05-17
CUST_01763,FinTech,SMB,2022-12-14
CUST_01764,Logistics,Mid-Market,2022-08-28
CUST_01765,EdTech,Enterprise,2023-07-24
CUST_01766,E-commerce,SMB,2023-11-26
CUST_01767,EdTech,Mid-Market,2022-12-03
CUST_01768,FinTech,SMB,2022-01-26
CUST_01769,FinTech,SMB,2023-02-13
CUST_01770,EdTech,SMB,2022-03-18
CUST_01771,EdTech,Mid-Market,2022-08-05
CUST_01772,FinTech,Enterprise,2022-11-24
CUST_01773,E-commerce,Enterprise,2022-01-23
CUST_01774,Logistics,SMB,2023-11-01
CUST_01775,Logistics,Mid-Market,2022-11-06
CUST_01776,EdTech,Mid-Market,2023-08-22
CUST_01777,Logistics,SMB,2022-09-24
CUST_01778,FinTech,SMB,2023-02-19
CUST_01779,FinTech,SMB,2023-10-08
CUST_01780,EdTech,Enterprise,2022-09-24
CUST_01781,EdTech,Mid-Market,2022-11-29
CUST_01782,EdTech,Mid-Market,2023-03-26
CUST_01783,E-commerce,SMB,2023-07-19
CUST_01784,Logistics,Mid-Market,2023-09-03
CUST_01785,EdTech,SMB,2022-09-04
CUST_01786,Healthcare,SMB,2022-02-05
CUST_01787,Healthcare,Mid-Market,2023-02-05
CUST_01788,FinTech,SMB,2022-01-28
CUST_01789,Logistics,Mid-Market,2022-08-08
CUST_01790,EdTech,SMB,2023-02-10
CUST_01791,Healthcare,Mid-Market,2023-09-06
CUST_01792,Logistics,SMB,2022-09-28
CUST_01793,FinTech,SMB,2023-10-13
CUST_01794,E-commerce,SMB,2023-05-26
CUST_01795,Logistics,SMB,2022-10-13
CUST_01796,Logistics,Enterprise,2023-03-30
CUST_01797,E-commerce,SMB,2022-11-13
CUST_01798,Logistics,Mid-Market,2023-08-13
CUST_01799,FinTech,Enterprise,2022-10-24
CUST_01800,FinTech,SMB,2022-12-04
CUST_01801,E-commerce,SMB,2022-11-03
CUST_01802,EdTech,Mid-Market,2023-03-04
CUST_01803,Healthcare,Enterprise,2022-12-17
CUST_01804,EdTech,Enterprise,2023-05-26
CUST_01805,Logistics,SMB,2023-06-09
CUST_01806,Healthcare,Mid-Market,2023-05-07
CUST_01807,E-commerce,SMB,2023-08-17
CUST_01808,E-commerce,Enterprise,2022-01-09
CUST_01809,Healthcare,Enterprise,2023-05-12
CUST_01810,FinTech,SMB,2023-07-14
CUST_01811,Healthcare,SMB,2023-07-15
CUST_01812,Logistics,SMB,2023-03-16
CUST_01813,FinTech,SMB,2023-07-06
CUST_01814,E-commerce,Mid-Market,2022-04-18
CUST_01815,Healthcare,SMB,2022-09-02
CUST_01816,EdTech,SMB,2022-09-12
CUST_01817,EdTech,SMB,2022-02-02
CUST_01818,Logistics,Enterprise,2022-01-23
CUST_01819,EdTech,Mid-Market,2023-07-20
CUST_01820,Healthcare,SMB,2022-02-18
CUST_01821,Healthcare,SMB,2023-04-07
CUST_01822,EdTech,Enterprise,2023-08-13
CUST_01823,Healthcare,Mid-Market,2022-12-02
CUST_01824,Logistics,SMB,2022-12-24
CUST_01825,FinTech,SMB,2022-05-02
CUST_01826,Logistics,SMB,2023-03-20
CUST_01827,Logistics,SMB,2022-12-25
CUST_01828,Healthcare,SMB,2023-08-25
CUST_01829,FinTech,Enterprise,2022-12-12
CUST_01830,Healthcare,SMB,2022-07-12
CUST_01831,E-commerce,Mid-Market,2023-02-20
CUST_01832,Healthcare,SMB,2023-01-12
CUST_01833,Healthcare,Mid-Market,2023-04-08
CUST_01834,Healthcare,Mid-Market,2023-10-23
CUST_01835,FinTech,SMB,2022-05-26
CUST_01836,Healthcare,SMB,2023-04-23
CUST_01837,FinTech,Mid-Market,2023-10-15
CUST_01838,EdTech,SMB,2023-02-12
CUST_01839,E-commerce,SMB,2022-10-13
CUST_01840,FinTech,SMB,2022-04-21
CUST_01841,EdTech,Enterprise,2023-09-12
CUST_01842,FinTech,SMB,2022-02-19
CUST_01843,FinTech,Mid-Market,2022-01-14
CUST_01844,E-commerce,SMB,2022-05-14
CUST_01845,Logistics,Mid-Market,2023-08-11
CUST_01846,Logistics,SMB,2023-08-19
CUST_01847,FinTech,Mid-Market,2022-12-09
CUST_01848,Healthcare,SMB,2023-11-01
CUST_01849,EdTech,Mid-Market,2022-10-13
CUST_01850,Healthcare,Mid-Market,2022-11-10
CUST_01851,Healthcare,SMB,2023-08-29
CUST_01852,FinTech,SMB,2022-10-24
CUST_01853,FinTech,SMB,2023-08-29
CUST_01854,FinTech,SMB,2023-07-23
CUST_01855,FinTech,Mid-Market,2022-06-13
CUST_01856,Logistics,SMB,2023-05-12
CUST_01857,FinTech,SMB,2023-09-02
CUST_01858,Logistics,Mid-Market,2022-01-16
CUST_01859,Logistics,SMB,2022-12-10
CUST_01860,FinTech,SMB,2022-03-19
CUST_01861,E-commerce,SMB,2022-12-12
CUST_01862,EdTech,Enterprise,2022-03-13
CUST_01863,Healthcare,Mid-Market,2022-09-27
CUST_01864,Logistics,Mid-Market,2022-10-14
CUST_01865,EdTech,SMB,2022-03-07
CUST_01866,E-commerce,Mid-Market,2022-03-09
CUST_01867,Healthcare,SMB,2022-07-12
CUST_01868,Healthcare,SMB,2022-02-24
CUST_01869,Logistics,SMB,2023-01-14
CUST_01870,FinTech,SMB,2022-06-17
CUST_01871,E-commerce,SMB,2023-02-13
CUST_01872,Logistics,SMB,2023-05-23
CUST_01873,E-commerce,SMB,2023-06-21
CUST_01874,FinTech,SMB,2023-10-05
CUST_01875,FinTech,Mid-Market,2022-04-12
CUST_01876,Logistics,SMB,2023-02-26
CUST_01877,FinTech,Mid-Market,2023-04-23
CUST_01878,EdTech,SMB,2022-04-30
CUST_01879,Healthcare,Mid-Market,2022-10-18
CUST_01880,Logistics,SMB,2023-05-03
CUST_01881,E-commerce,SMB,2022-06-10
CUST_01882,EdTech,SMB,2023-11-04
CUST_01883,Logistics,Mid-Market,2022-03-19
CUST_01884,FinTech,Mid-Market,2022-02-07
CUST_01885,FinTech,SMB,2023-01-29
CUST_01886,FinTech,SMB,2023-03-17
CUST_01887,FinTech,Mid-Market,2023-06-24
CUST_01888,E-commerce,Mid-Market,2023-04-07
CUST_01889,EdTech,SMB,2023-09-04
CUST_01890,Healthcare,SMB,2022-10-21
CUST_01891,E-commerce,SMB,2023-02-04
CUST_01892,E-commerce,Mid-Market,2023-09-28
CUST_01893,Healthcare,SMB,2022-04-02
CUST_01894,Healthcare,Enterprise,2023-09-01
CUST_01895,FinTech,SMB,2022-01-06
CUST_01896,E-commerce,SMB,2023-11-12
CUST_01897,Logistics,SMB,2022-09-28
CUST_01898,Healthcare,Enterprise,2023-09-12
CUST_01899,Healthcare,Mid-Market,2023-07-13
CUST_01900,EdTech,SMB,2022-04-09
CUST_01901,Logistics,Mid-Market,2023-06-10
CUST_01902,Logistics,SMB,2022-07-13
CUST_01903,Healthcare,SMB,2022-06-06
CUST_01904,FinTech,SMB,2023-10-28
CUST_01905,EdTech,SMB,2022-04-25
CUST_01906,Logistics,SMB,2023-01-31
CUST_01907,Healthcare,Enterprise,2023-10-19
CUST_01908,Logistics,SMB,2023-06-06
CUST_01909,EdTech,Enterprise,2022-08-02
CUST_01910,EdTech,SMB,2023-11-14
CUST_01911,E-commerce,Mid-Market,2023-06-17
CUST_01912,Healthcare,SMB,2022-01-15
CUST_01913,EdTech,SMB,2023-02-23
CUST_01914,E-commerce,SMB,2023-01-03
CUST_01915,E-commerce,SMB,2023-09-30
CUST_01916,Logistics,Mid-Market,2022-08-01
CUST_01917,Logistics,SMB,2023-12-01
CUST_01918,E-commerce,Mid-Market,2023-11-15
CUST_01919,Logistics,SMB,2022-01-05
CUST_01920,EdTech,SMB,2022-08-19
CUST_01921,FinTech,SMB,2022-07-20
CUST_01922,EdTech,Enterprise,2023-02-06
CUST_01923,E-commerce,Mid-Market,2022-05-29
CUST_01924,E-commerce,SMB,2023-08-07
CUST_01925,EdTech,SMB,2023-05-07
CUST_01926,Logistics,SMB,2022-08-14
CUST_01927,Logistics,Enterprise,2023-08-09
CUST_01928,E-commerce,Mid-Market,2022-06-18
CUST_01929,Healthcare,SMB,2022-06-01
CUST_01930,Logistics,SMB,2022-08-12
CUST_01931,EdTech,SMB,2023-05-19
CUST_01932,Logistics,Enterprise,2023-07-04
CUST_01933,EdTech,SMB,2022-02-13
CUST_01934,E-commerce,Mid-Market,2023-11-28
CUST_01935,Logistics,SMB,2023-05-19
CUST_01936,EdTech,Mid-Market,2022-08-29
CUST_01937,E-commerce,Mid-Market,2022-12-17
CUST_01938,Healthcare,Mid-Market,2022-01-23
CUST_01939,EdTech,Mid-Market,2023-09-28
CUST_01940,Healthcare,Mid-Market,2023-08-21
CUST_01941,Healthcare,SMB,2022-02-12
CUST_01942,FinTech,SMB,2023-04-11
CUST_01943,Logistics,SMB,2022-02-09
CUST_01944,EdTech,Enterprise,2022-10-30
CUST_01945,Healthcare,SMB,2023-11-12
CUST_01946,FinTech,Mid-Market,2022-06-24
CUST_01947,E-commerce,Mid-Market,2023-06-16
CUST_01948,EdTech,SMB,2023-04-06
CUST_01949,Healthcare,SMB,2023-09-13
CUST_01950,Logistics,SMB,2022-07-12
CUST_01951,FinTech,SMB,2022-09-01
CUST_01952,Healthcare,SMB,2022-10-07
CUST_01953,Logistics,SMB,2022-02-05
CUST_01954,Healthcare,Mid-Market,2023-07-11
CUST_01955,EdTech,Enterprise,2023-06-24
CUST_01956,EdTech,SMB,2022-06-03
CUST_01957,EdTech,SMB,2022-01-23
CUST_01958,FinTech,SMB,2022-04-01
CUST_01959,EdTech,Mid-Market,2023-01-25
CUST_01960,Logistics,Mid-Market,2022-12-25
CUST_01961,Healthcare,SMB,2023-07-04
CUST_01962,E-commerce,SMB,2022-08-16
CUST_01963,Logistics,Mid-Market,2022-07-21
CUST_01964,Logistics,Mid-Market,2022-12-16
CUST_01965,EdTech,SMB,2022-02-07
CUST_01966,FinTech,Mid-Market,2023-05-15
CUST_01967,Healthcare,SMB,2023-11-30
CUST_01968,FinTech,SMB,2022-02-12
CUST_01969,Healthcare,Mid-Market,2023-09-18
CUST_01970,Healthcare,Mid-Market,2023-06-01
CUST_01971,FinTech,SMB,2022-03-09
CUST_01972,Logistics,Enterprise,2022-05-03
CUST_01973,Healthcare,SMB,2023-11-16
CUST_01974,FinTech,Mid-Market,2022-12-02
CUST_01975,Healthcare,SMB,2022-06-02
CUST_01976,E-commerce,Mid-Market,2023-10-31
CUST_01977,Logistics,Enterprise,2022-06-11
CUST_01978,EdTech,SMB,2022-08-02
CUST_01979,Healthcare,Enterprise,2023-01-11
CUST_01980,E-commerce,Mid-Market,2023-03-19
CUST_01981,EdTech,Mid-Market,2023-02-27
CUST_01982,EdTech,SMB,2023-06-22
CUST_01983,Healthcare,Mid-Market,2023-09-26
CUST_01984,FinTech,Mid-Market,2022-08-18
CUST_01985,Healthcare,SMB,2022-02-28
CUST_01986,E-commerce,Enterprise,2022-04-06
CUST_01987,EdTech,SMB,2022-09-19
CUST_01988,Healthcare,SMB,2022-12-20
CUST_01989,FinTech,SMB,2022-11-08
CUST_01990,Healthcare,SMB,2022-05-16
CUST_01991,Logistics,Mid-Market,2023-04-18
CUST_01992,FinTech,SMB,2023-09-24
CUST_01993,E-commerce,Enterprise,2023-03-06
CUST_01994,EdTech,SMB,2023-06-21
CUST_01995,Healthcare,SMB,2022-05-26
CUST_01996,FinTech,SMB,2023-06-08
CUST_01997,Logistics,SMB,2022-03-28
CUST_01998,FinTech,Enterprise,2022-04-19
CUST_01999,Logistics,Mid-Market,2023-02-27
CUST_02000,E-commerce,Mid-Market,2022-12-11
CUST_02001,EdTech,SMB,2022-09-23
CUST_02002,E-commerce,SMB,2023-08-09
CUST_02003,Healthcare,SMB,2023-05-09
CUST_02004,FinTech,SMB,2022-11-29
CUST_02005,Logistics,SMB,2023-02-17
CUST_02006,Logistics,Mid-Market,2023-09-06
CUST_02007,FinTech,SMB,2023-10-11
CUST_02008,FinTech,Mid-Market,2022-07-10
CUST_02009,Healthcare,SMB,2022-05-22
CUST_02010,E-commerce,SMB,2022-03-14
CUST_02011,Logistics,Mid-Market,2022-06-16
CUST_02012,Healthcare,SMB,2022-06-17
CUST_02013,E-commerce,Mid-Market,2023-07-20
CUST_02014,Healthcare,Mid-Market,2022-09-16
CUST_02015,Logistics,SMB,2023-03-15
CUST_02016,FinTech,Enterprise,2022-04-21
CUST_02017,FinTech,SMB,2023-11-04
CUST_02018,E-commerce,SMB,2023-06-15
CUST_02019,EdTech,Mid-Market,2022-10-17
CUST_02020,E-commerce,SMB,2023-07-16
CUST_02021,EdTech,Mid-Market,2023-05-25
CUST_02022,Healthcare,Mid-Market,2022-06-24
CUST_02023,Healthcare,Enterprise,2022-10-29
CUST_02024,Logistics,SMB,2023-11-27
CUST_02025,EdTech,SMB,2022-07-04
CUST_02026,Logistics,Mid-Market,2022-12-05
CUST_02027,FinTech,SMB,2023-05-25
CUST_02028,EdTech,SMB,2022-11-06
CUST_02029,E-commerce,SMB,2023-05-22
CUST_02030,FinTech,SMB,2022-12-12
CUST_02031,FinTech,SMB,2022-03-22
CUST_02032,E-commerce,Mid-Market,2023-01-09
CUST_02033,FinTech,Mid-Market,2022-06-05
CUST_02034,EdTech,SMB,2023-03-08
CUST_02035,Logistics,SMB,2023-05-15
CUST_02036,FinTech,SMB,2022-05-27
CUST_02037,EdTech,Mid-Market,2023-04-26
CUST_02038,Healthcare,SMB,2023-03-11
CUST_02039,EdTech,Mid-Market,2023-06-03
CUST_02040,Logistics,SMB,2023-10-31
CUST_02041,EdTech,Mid-Market,2023-11-14
CUST_02042,E-commerce,SMB,2022-03-10
CUST_02043,Logistics,Mid-Market,2023-08-29
CUST_02044,Healthcare,SMB,2022-07-05
CUST_02045,E-commerce,Mid-Market,2023-11-13
CUST_02046,EdTech,SMB,2022-07-23
CUST_02047,Logistics,Mid-Market,2023-07-08
CUST_02048,Healthcare,Mid-Market,2022-01-13
CUST_02049,E-commerce,SMB,2023-10-28
CUST_02050,Healthcare,Mid-Market,2022-10-01
CUST_02051,EdTech,SMB,2022-10-25
CUST_02052,Healthcare,SMB,2022-02-20
CUST_02053,FinTech,SMB,2023-05-15
CUST_02054,E-commerce,SMB,2023-01-04
CUST_02055,Healthcare,Mid-Market,2023-10-18
CUST_02056,EdTech,Mid-Market,2022-12-23
CUST_02057,EdTech,SMB,2022-01-03
CUST_02058,Healthcare,SMB,2022-09-11
CUST_02059,EdTech,Mid-Market,2023-04-20
CUST_02060,Logistics,Enterprise,2023-05-21
CUST_02061,Logistics,SMB,2022-09-13
CUST_02062,Logistics,Enterprise,2023-09-02
CUST_02063,FinTech,SMB,2023-11-16
CUST_02064,Healthcare,SMB,2022-05-30
CUST_02065,FinTech,Mid-Market,2023-05-03
CUST_02066,EdTech,SMB,2022-10-06
CUST_02067,FinTech,SMB,2022-02-28
CUST_02068,EdTech,SMB,2023-03-22
CUST_02069,EdTech,Mid-Market,2022-04-23
CUST_02070,E-commerce,Mid-Market,2023-07-23
CUST_02071,Logistics,SMB,2023-05-04
CUST_02072,EdTech,SMB,2023-02-11
CUST_02073,E-commerce,SMB,2023-01-02
CUST_02074,Logistics,SMB,2022-03-01
CUST_02075,EdTech,SMB,2022-11-25
CUST_02076,EdTech,Mid-Market,2023-04-14
CUST_02077,FinTech,SMB,2023-07-21
CUST_02078,FinTech,SMB,2022-03-04
CUST_02079,Logistics,SMB,2022-07-03
CUST_02080,EdTech,SMB,2022-11-07
CUST_02081,Healthcare,Enterprise,2023-06-22
CUST_02082,FinTech,SMB,2022-06-26
CUST_02083,Logistics,SMB,2023-07-29
CUST_02084,EdTech,SMB,2023-03-05
CUST_02085,EdTech,SMB,2022-03-14
CUST_02086,Healthcare,SMB,2022-06-16
CUST_02087,Logistics,SMB,2022-08-13
CUST_02088,EdTech,SMB,2023-07-31
CUST_02089,FinTech,SMB,2023-08-04
CUST_02090,Healthcare,SMB,2022-01-09
CUST_02091,Logistics,SMB,2022-08-24
CUST_02092,Healthcare,Enterprise,2023-11-16
CUST_02093,FinTech,SMB,2022-01-28
CUST_02094,Logistics,SMB,2023-10-08
CUST_02095,Healthcare,SMB,2022-01-27
CUST_02096,E-commerce,SMB,2023-07-04
CUST_02097,FinTech,Mid-Market,2022-07-15
CUST_02098,FinTech,SMB,2022-07-22
CUST_02099,FinTech,Mid-Market,2022-03-26
CUST_02100,E-commerce,SMB,2022-01-30
CUST_02101,E-commerce,SMB,2023-04-11
CUST_02102,EdTech,Mid-Market,2022-04-09
CUST_02103,Healthcare,SMB,2022-07-09
CUST_02104,EdTech,SMB,2022-01-12
CUST_02105,Healthcare,SMB,2023-08-26
CUST_02106,E-commerce,Mid-Market,2022-01-30
CUST_02107,E-commerce,SMB,2022-02-07
CUST_02108,EdTech,Mid-Market,2023-07-26
CUST_02109,Logistics,SMB,2022-10-21
CUST_02110,EdTech,Mid-Market,2022-12-26
CUST_02111,Healthcare,SMB,2023-10-17
CUST_02112,EdTech,Mid-Market,2022-06-29
CUST_02113,FinTech,SMB,2022-04-22
CUST_02114,Healthcare,Enterprise,2023-03-20
CUST_02115,Healthcare,SMB,2022-01-21
CUST_02116,Logistics,SMB,2022-05-25
CUST_02117,E-commerce,SMB,2023-05-14
CUST_02118,Healthcare,SMB,2022-05-26
CUST_02119,E-commerce,SMB,2023-03-17
CUST_02120,EdTech,Enterprise,2023-02-25
CUST_02121,FinTech,Enterprise,2022-11-12
CUST_02122,Logistics,SMB,2022-06-15
CUST_02123,E-commerce,Enterprise,2023-10-14
CUST_02124,Healthcare,SMB,2022-07-22
CUST_02125,E-commerce,SMB,2023-05-11
CUST_02126,Healthcare,Mid-Market,2023-09-17
CUST_02127,E-commerce,Mid-Market,2023-04-13
CUST_02128,Healthcare,Enterprise,2023-01-20
CUST_02129,EdTech,SMB,2022-11-10
CUST_02130,Healthcare,Mid-Market,2022-09-12
CUST_02131,Healthcare,SMB,2022-01-23
CUST_02132,FinTech,SMB,2022-12-05
CUST_02133,Healthcare,SMB,2023-05-08
CUST_02134,FinTech,Enterprise,2023-05-26
CUST_02135,Logistics,Mid-Market,2023-01-01
CUST_02136,FinTech,Mid-Market,2023-01-07
CUST_02137,EdTech,SMB,2023-08-22
CUST_02138,FinTech,SMB,2022-08-07
CUST_02139,Logistics,SMB,2023-04-20
CUST_02140,EdTech,SMB,2023-02-27
CUST_02141,E-commerce,SMB,2022-12-22
CUST_02142,E-commerce,Mid-Market,2023-04-05
CUST_02143,FinTech,SMB,2023-05-18
CUST_02144,FinTech,SMB,2022-01-27
CUST_02145,Logistics,SMB,2022-08-11
CUST_02146,Logistics,SMB,2023-11-21
CUST_02147,Healthcare,SMB,2022-05-28
CUST_02148,Logistics,Enterprise,2023-02-28
CUST_02149,Healthcare,Mid-Market,2022-12-17
CUST_02150,EdTech,Mid-Market,2022-07-05
CUST_02151,FinTech,SMB,2023-02-19
CUST_02152,EdTech,SMB,2023-03-05
CUST_02153,Logistics,SMB,2022-02-10
CUST_02154,EdTech,Mid-Market,2023-01-28
CUST_02155,EdTech,Mid-Market,2022-03-20
CUST_02156,EdTech,SMB,2023-06-28
CUST_02157,Logistics,SMB,2023-03-26
CUST_02158,EdTech,SMB,2023-04-19
CUST_02159,Healthcare,Mid-Market,2022-05-22
CUST_02160,Logistics,Enterprise,2022-09-08
CUST_02161,EdTech,SMB,2022-10-21
CUST_02162,Logistics,SMB,2023-09-02
CUST_02163,E-commerce,SMB,2022-05-16
CUST_02164,Healthcare,SMB,2023-04-29
CUST_02165,EdTech,SMB,2022-11-08
CUST_02166,E-commerce,SMB,2023-07-09
CUST_02167,E-commerce,Mid-Market,2023-09-24
CUST_02168,Logistics,Mid-Market,2022-02-15
CUST_02169,E-commerce,SMB,2022-08-24
CUST_02170,Healthcare,Mid-Market,2022-02-17
CUST_02171,Healthcare,SMB,2022-07-17
CUST_02172,FinTech,SMB,2022-03-25
CUST_02173,Healthcare,SMB,2023-06-27
CUST_02174,E-commerce,SMB,2022-06-10
CUST_02175,Healthcare,SMB,2023-03-04
CUST_02176,Logistics,SMB,2022-03-12
CUST_02177,FinTech,SMB,2023-06-04
CUST_02178,E-commerce,Enterprise,2022-02-21
CUST_02179,FinTech,SMB,2022-02-14
CUST_02180,E-commerce,SMB,2022-10-20
CUST_02181,Logistics,SMB,2023-04-10
CUST_02182,FinTech,Mid-Market,2023-07-04
CUST_02183,EdTech,SMB,2023-01-15
CUST_02184,E-commerce,Mid-Market,2023-04-23
CUST_02185,EdTech,SMB,2022-09-19
CUST_02186,FinTech,SMB,2023-08-03
CUST_02187,EdTech,SMB,2022-06-28
CUST_02188,EdTech,SMB,2022-12-23
CUST_02189,FinTech,SMB,2023-02-23
CUST_02190,Logistics,SMB,2023-11-29
CUST_02191,EdTech,SMB,2022-07-20
CUST_02192,EdTech,SMB,2022-01-13
CUST_02193,Logistics,SMB,2023-03-19
CUST_02194,EdTech,Enterprise,2022-10-13
CUST_02195,EdTech,SMB,2022-09-15
CUST_02196,EdTech,Mid-Market,2023-07-24
CUST_02197,Healthcare,Mid-Market,2023-07-02
CUST_02198,Logistics,SMB,2023-05-05
CUST_02199,EdTech,SMB,2023-05-13
CUST_02200,Logistics,SMB,2022-11-29
CUST_02201,E-commerce,Mid-Market,2023-07-16
CUST_02202,E-commerce,Mid-Market,2022-02-01
CUST_02203,EdTech,Mid-Market,2023-09-02
CUST_02204,Logistics,Enterprise,2022-02-12
CUST_02205,Logistics,Mid-Market,2022-12-17
CUST_02206,Logistics,SMB,2022-11-30
CUST_02207,Healthcare,SMB,2023-07-13
CUST_02208,E-commerce,Mid-Market,2022-09-27
CUST_02209,Logistics,SMB,2023-02-17
CUST_02210,Logistics,SMB,2023-07-29
CUST_02211,Healthcare,Mid-Market,2022-01-19
CUST_02212,Healthcare,SMB,2022-12-13
CUST_02213,Logistics,Enterprise,2023-09-05
CUST_02214,FinTech,Mid-Market,2022-02-06
CUST_02215,Logistics,SMB,2023-09-11
CUST_02216,Logistics,Enterprise,2022-04-02
CUST_02217,Healthcare,SMB,2022-07-04
CUST_02218,Healthcare,SMB,2022-01-28
CUST_02219,Logistics,SMB,2023-07-02
CUST_02220,Logistics,SMB,2023-01-07
CUST_02221,Logistics,SMB,2023-06-14
CUST_02222,Healthcare,SMB,2022-12-11
CUST_02223,Logistics,SMB,2023-02-23
CUST_02224,Logistics,SMB,2022-07-15
CUST_02225,EdTech,Mid-Market,2022-03-19
CUST_02226,FinTech,Mid-Market,2022-06-16
CUST_02227,E-commerce,SMB,2022-03-31
CUST_02228,FinTech,SMB,2022-09-21
CUST_02229,EdTech,SMB,2023-04-17
CUST_02230,E-commerce,SMB,2022-07-27
CUST_02231,Logistics,Mid-Market,2022-09-28
CUST_02232,EdTech,Mid-Market,2022-09-20
CUST_02233,Logistics,SMB,2023-05-21
CUST_02234,Healthcare,SMB,2023-05-27
CUST_02235,EdTech,SMB,2023-07-30
CUST_02236,Healthcare,Mid-Market,2023-06-08
CUST_02237,EdTech,SMB,2022-11-08
CUST_02238,EdTech,Enterprise,2022-06-23
CUST_02239,Healthcare,Mid-Market,2023-03-07
CUST_02240,E-commerce,SMB,2023-04-08
CUST_02241,FinTech,SMB,2022-04-11
CUST_02242,Logistics,Enterprise,2022-01-16
CUST_02243,EdTech,SMB,2022-09-15
CUST_02244,Logistics,SMB,2022-09-01
CUST_02245,Healthcare,SMB,2022-12-14
CUST_02246,Logistics,Mid-Market,2022-09-06
CUST_02247,Healthcare,Mid-Market,2022-04-15
CUST_02248,Logistics,Mid-Market,2023-11-25
CUST_02249,FinTech,Mid-Market,2023-10-29
CUST_02250,FinTech,Mid-Market,2022-10-14
CUST_02251,FinTech,Enterprise,2022-06-18
CUST_02252,FinTech,SMB,2023-02-24
CUST_02253,FinTech,SMB,2022-02-16
CUST_02254,FinTech,Mid-Market,2022-02-12
CUST_02255,Healthcare,Mid-Market,2022-11-17
CUST_02256,EdTech,Mid-Market,2022-08-09
CUST_02257,Logistics,SMB,2023-05-28
CUST_02258,FinTech,Mid-Market,2023-03-17
CUST_02259,Healthcare,Mid-Market,2022-05-24
CUST_02260,Healthcare,SMB,2022-01-28
CUST_02261,Healthcare,SMB,2023-07-07
CUST_02262,EdTech,SMB,2023-10-21
CUST_02263,Logistics,SMB,2023-11-21
CUST_02264,EdTech,SMB,2022-06-16
CUST_02265,E-commerce,SMB,2023-09-27
CUST_02266,Healthcare,SMB,2023-08-09
CUST_02267,E-commerce,Mid-Market,2022-09-06
CUST_02268,FinTech,Mid-Market,2022-12-23
CUST_02269,FinTech,Mid-Market,2022-04-21
CUST_02270,EdTech,SMB,2023-11-23
CUST_02271,Logistics,SMB,2023-12-01
CUST_02272,E-commerce,Mid-Market,2022-08-22
CUST_02273,Logistics,SMB,2022-01-24
CUST_02274,EdTech,Enterprise,2022-01-26
CUST_02275,FinTech,Mid-Market,2023-01-16
CUST_02276,Logistics,SMB,2022-12-12
CUST_02277,Logistics,Enterprise,2023-01-13
CUST_02278,FinTech,SMB,2023-06-06
CUST_02279,E-commerce,SMB,2022-01-17
CUST_02280,FinTech,Mid-Market,2022-09-02
CUST_02281,Logistics,SMB,2023-09-16
CUST_02282,E-commerce,Enterprise,2023-06-23
CUST_02283,E-commerce,SMB,2023-08-06
CUST_02284,FinTech,SMB,2023-11-19
CUST_02285,Logistics,SMB,2022-07-21
CUST_02286,EdTech,Mid-Market,2022-09-05
CUST_02287,Logistics,SMB,2022-04-28
CUST_02288,Healthcare,SMB,2022-01-09
CUST_02289,EdTech,Mid-Market,2023-08-21
CUST_02290,E-commerce,SMB,2022-01-23
CUST_02291,EdTech,Mid-Market,2022-08-28
CUST_02292,E-commerce,SMB,2023-08-08
CUST_02293,E-commerce,Mid-Market,2022-01-27
CUST_02294,EdTech,Mid-Market,2022-03-22
CUST_02295,E-commerce,SMB,2023-08-19
CUST_02296,E-commerce,SMB,2022-07-18
CUST_02297,Healthcare,Mid-Market,2023-07-09
CUST_02298,Logistics,SMB,2022-04-02
CUST_02299,Logistics,Enterprise,2022-03-25
CUST_02300,Healthcare,SMB,2022-10-27
CUST_02301,EdTech,SMB,2022-10-23
CUST_02302,FinTech,SMB,2023-10-09
CUST_02303,FinTech,Enterprise,2023-03-30
CUST_02304,FinTech,SMB,2022-10-08
CUST_02305,Healthcare,Mid-Market,2022-02-28
CUST_02306,Healthcare,Mid-Market,2022-12-08
CUST_02307,E-commerce,SMB,2023-04-10
CUST_02308,FinTech,SMB,2022-12-08
CUST_02309,EdTech,Mid-Market,2023-09-02
CUST_02310,EdTech,SMB,2022-03-03
CUST_02311,FinTech,Mid-Market,2023-09-17
CUST_02312,FinTech,SMB,2023-03-05
CUST_02313,FinTech,SMB,2023-10-20
CUST_02314,Healthcare,Mid-Market,2022-09-13
CUST_02315,Healthcare,SMB,2022-12-13
CUST_02316,Healthcare,SMB,2023-06-10
CUST_02317,Logistics,SMB,2022-10-31
CUST_02318,EdTech,SMB,2023-09-07
CUST_02319,EdTech,SMB,2022-09-02
CUST_02320,E-commerce,Mid-Market,2023-02-16
CUST_02321,Healthcare,SMB,2022-08-05
CUST_02322,Logistics,SMB,2023-05-31
CUST_02323,Logistics,Mid-Market,2023-04-19
CUST_02324,EdTech,SMB,2022-02-05
CUST_02325,Healthcare,SMB,2022-06-27
CUST_02326,E-commerce,Enterprise,2023-01-22
CUST_02327,Healthcare,Mid-Market,2022-01-17
CUST_02328,FinTech,SMB,2022-02-17
CUST_02329,Healthcare,Mid-Market,2022-03-03
CUST_02330,FinTech,SMB,2022-03-10
CUST_02331,FinTech,Mid-Market,2023-10-21
CUST_02332,E-commerce,SMB,2023-01-01
CUST_02333,EdTech,SMB,2022-06-11
CUST_02334,Healthcare,SMB,2023-05-03
CUST_02335,FinTech,SMB,2023-03-07
CUST_02336,Healthcare,SMB,2023-05-04
CUST_02337,EdTech,Enterprise,2022-08-18
CUST_02338,EdTech,SMB,2023-01-05
CUST_02339,Logistics,SMB,2022-06-27
CUST_02340,EdTech,SMB,2023-02-14
CUST_02341,E-commerce,SMB,2023-07-22
CUST_02342,FinTech,Mid-Market,2023-08-13
CUST_02343,Logistics,SMB,2022-09-27
CUST_02344,E-commerce,SMB,2022-07-25
CUST_02345,Healthcare,SMB,2022-03-23
CUST_02346,FinTech,Mid-Market,2022-07-12
CUST_02347,EdTech,SMB,2023-09-10
CUST_02348,FinTech,SMB,2022-07-08
CUST_02349,Healthcare,SMB,2022-10-03
CUST_02350,Logistics,SMB,2022-03-15
CUST_02351,Logistics,SMB,2022-01-10
CUST_02352,Logistics,Mid-Market,2023-09-27
CUST_02353,EdTech,Mid-Market,2022-08-04
CUST_02354,E-commerce,Mid-Market,2022-10-17
CUST_02355,E-commerce,SMB,2023-03-21
CUST_02356,FinTech,SMB,2023-07-06
CUST_02357,EdTech,SMB,2022-07-12
CUST_02358,Logistics,Enterprise,2023-10-01
CUST_02359,Logistics,SMB,2022-10-16
CUST_02360,Healthcare,Mid-Market,2023-08-06
CUST_02361,Healthcare,SMB,2023-10-11
CUST_02362,Logistics,SMB,2022-05-24
CUST_02363,Logistics,SMB,2023-01-24
CUST_02364,EdTech,SMB,2023-02-11
CUST_02365,E-commerce,Enterprise,2023-01-05
CUST_02366,Healthcare,Enterprise,2023-03-17
CUST_02367,E-commerce,SMB,2023-10-13
CUST_02368,EdTech,SMB,2023-07-18
CUST_02369,Logistics,Enterprise,2023-06-13
CUST_02370,E-commerce,Mid-Market,2023-11-08
CUST_02371,Logistics,SMB,2022-01-13
CUST_02372,Logistics,SMB,2022-12-06
CUST_02373,FinTech,SMB,2022-11-08
CUST_02374,E-commerce,SMB,2022-04-14
CUST_02375,E-commerce,SMB,2022-12-05
CUST_02376,Logistics,SMB,2022-07-17
CUST_02377,EdTech,SMB,2022-10-27
CUST_02378,FinTech,SMB,2023-03-20
CUST_02379,Logistics,SMB,2022-12-25
CUST_02380,Healthcare,Mid-Market,2023-01-03
CUST_02381,Healthcare,Mid-Market,2022-06-18
CUST_02382,FinTech,SMB,2022-05-29
CUST_02383,EdTech,Enterprise,2022-02-11
CUST_02384,Logistics,Enterprise,2022-07-21
CUST_02385,E-commerce,SMB,2022-09-01
CUST_02386,FinTech,SMB,2023-10-31
CUST_02387,EdTech,Mid-Market,2023-04-09
CUST_02388,E-commerce,Mid-Market,2023-03-25
CUST_02389,Healthcare,Enterprise,2023-03-13
CUST_02390,Healthcare,Mid-Market,2023-06-15
CUST_02391,E-commerce,Mid-Market,2023-07-19
CUST_02392,FinTech,SMB,2023-08-20
CUST_02393,Healthcare,SMB,2022-09-30
CUST_02394,Logistics,SMB,2023-03-06
CUST_02395,E-commerce,SMB,2022-08-01
CUST_02396,E-commerce,Mid-Market,2022-04-14
CUST_02397,Healthcare,SMB,2022-07-11
CUST_02398,FinTech,Mid-Market,2023-11-20
CUST_02399,Logistics,SMB,2023-10-21
CUST_02400,FinTech,SMB,2023-01-15
CUST_02401,EdTech,SMB,2022-03-22
CUST_02402,EdTech,SMB,2023-07-03
CUST_02403,Healthcare,Mid-Market,2023-01-12
CUST_02404,Healthcare,Mid-Market,2022-06-03
CUST_02405,Healthcare,Enterprise,2023-10-04
CUST_02406,EdTech,SMB,2023-07-25
CUST_02407,FinTech,SMB,2022-08-28
CUST_02408,FinTech,SMB,2023-01-09
CUST_02409,Healthcare,SMB,2022-07-23
CUST_02410,Logistics,Mid-Market,2023-09-03
CUST_02411,FinTech,Mid-Market,2022-12-16
CUST_02412,EdTech,Mid-Market,2023-11-19
CUST_02413,E-commerce,SMB,2022-05-23
CUST_02414,E-commerce,Mid-Market,2022-07-08
CUST_02415,E-commerce,SMB,2022-09-29
CUST_02416,Logistics,Mid-Market,2023-06-16
CUST_02417,Healthcare,SMB,2022-10-27
CUST_02418,EdTech,SMB,2023-03-02
CUST_02419,Logistics,SMB,2022-02-15
CUST_02420,EdTech,Enterprise,2022-04-05
CUST_02421,EdTech,SMB,2022-03-05
CUST_02422,Healthcare,SMB,2023-02-17
CUST_02423,E-commerce,Mid-Market,2023-10-05
CUST_02424,Healthcare,SMB,2022-01-09
CUST_02425,Logistics,SMB,2023-04-04
CUST_02426,Logistics,SMB,2023-02-13
CUST_02427,Logistics,SMB,2023-04-15
CUST_02428,Healthcare,Enterprise,2023-05-21
CUST_02429,EdTech,Mid-Market,2023-11-17
CUST_02430,EdTech,SMB,2022-03-14
CUST_02431,FinTech,Enterprise,2022-03-25
CUST_02432,Logistics,SMB,2022-02-28
CUST_02433,EdTech,SMB,2022-01-21
CUST_02434,FinTech,SMB,2023-04-03
CUST_02435,EdTech,SMB,2022-06-06
CUST_02436,Logistics,SMB,2022-11-25
CUST_02437,E-commerce,Enterprise,2023-07-27
CUST_02438,Logistics,Mid-Market,2023-07-30
CUST_02439,Healthcare,SMB,2023-11-11
CUST_02440,EdTech,SMB,2022-07-22
CUST_02441,EdTech,Mid-Market,2023-10-03
CUST_02442,Healthcare,Enterprise,2022-04-16
CUST_02443,Healthcare,Mid-Market,2022-05-02
CUST_02444,E-commerce,SMB,2022-11-14
CUST_02445,EdTech,Mid-Market,2022-07-01
CUST_02446,EdTech,SMB,2023-09-07
CUST_02447,E-commerce,SMB,2022-11-12
CUST_02448,FinTech,SMB,2023-09-17
CUST_02449,E-commerce,SMB,2023-02-10
CUST_02450,Logistics,SMB,2022-03-11
CUST_02451,EdTech,SMB,2022-06-09
CUST_02452,Healthcare,SMB,2022-08-28
CUST_02453,Logistics,Mid-Market,2023-06-07
CUST_02454,EdTech,SMB,2022-05-18
CUST_02455,E-commerce,SMB,2023-05-10
CUST_02456,Logistics,SMB,2023-11-10
CUST_02457,EdTech,Enterprise,2022-09-04
CUST_02458,FinTech,SMB,2023-06-27
CUST_02459,FinTech,SMB,2023-06-08
CUST_02460,Healthcare,SMB,2022-08-31
CUST_02461,EdTech,Mid-Market,2023-09-12
CUST_02462,FinTech,Enterprise,2022-12-02
CUST_02463,E-commerce,SMB,2023-02-26
CUST_02464,EdTech,SMB,2022-07-13
CUST_02465,E-commerce,Enterprise,2022-11-04
CUST_02466,E-commerce,SMB,2023-10-07
CUST_02467,FinTech,Mid-Market,2023-05-21
CUST_02468,EdTech,SMB,2022-10-08
CUST_02469,Logistics,SMB,2023-11-06
CUST_02470,FinTech,SMB,2023-03-15
CUST_02471,FinTech,SMB,2023-08-31
CUST_02472,EdTech,Mid-Market,2023-04-28
CUST_02473,EdTech,Enterprise,2022-08-11
CUST_02474,E-commerce,SMB,2022-04-27
CUST_02475,EdTech,Mid-Market,2022-07-11
CUST_02476,E-commerce,SMB,2023-09-10
CUST_02477,FinTech,SMB,2023-05-31
CUST_02478,Healthcare,SMB,2023-06-14
CUST_02479,Logistics,Enterprise,2022-11-03
CUST_02480,FinTech,Mid-Market,2023-06-16
CUST_02481,EdTech,Mid-Market,2022-05-02
CUST_02482,Logistics,Mid-Market,2023-10-11
CUST_02483,Healthcare,Mid-Market,2023-08-15
CUST_02484,Healthcare,Enterprise,2022-06-03
CUST_02485,E-commerce,Mid-Market,2023-06-21
CUST_02486,Logistics,Enterprise,2023-03-28
CUST_02487,E-commerce,SMB,2022-06-18
CUST_02488,FinTech,SMB,2022-02-28
CUST_02489,Logistics,SMB,2022-10-28
CUST_02490,FinTech,SMB,2023-07-07
CUST_02491,E-commerce,SMB,2023-07-04
CUST_02492,Logistics,SMB,2022-04-27
CUST_02493,E-commerce,Mid-Market,2022-05-07
CUST_02494,Logistics,SMB,2023-02-09
CUST_02495,E-commerce,SMB,2023-02-03
CUST_02496,Healthcare,SMB,2023-05-30
CUST_02497,E-commerce,Enterprise,2023-05-13
CUST_02498,Healthcare,SMB,2023-06-12
CUST_02499,E-commerce,SMB,2023-02-02
CUST_02500,Logistics,Mid-Market,2022-09-22
CUST_02501,Logistics,Mid-Market,2022-09-20
CUST_02502,Logistics,SMB,2023-02-02
CUST_02503,EdTech,SMB,2023-10-08
CUST_02504,FinTech,SMB,2023-06-11
CUST_02505,Logistics,Enterprise,2023-03-12
CUST_02506,Healthcare,SMB,2022-12-26
CUST_02507,Logistics,SMB,2022-05-09
CUST_02508,EdTech,SMB,2023-09-26
CUST_02509,Healthcare,SMB,2022-08-29
CUST_02510,EdTech,Mid-Market,2023-09-19
CUST_02511,Healthcare,SMB,2022-08-10
CUST_02512,E-commerce,SMB,2022-08-02
CUST_02513,FinTech,SMB,2023-08-15
CUST_02514,FinTech,SMB,2022-05-15
CUST_02515,EdTech,SMB,2023-01-21
CUST_02516,FinTech,Mid-Market,2022-10-30
CUST_02517,EdTech,Mid-Market,2022-10-14
CUST_02518,EdTech,Enterprise,2023-07-16
CUST_02519,EdTech,Mid-Market,2022-07-08
CUST_02520,FinTech,Mid-Market,2022-10-24
CUST_02521,EdTech,SMB,2023-06-10
CUST_02522,FinTech,Mid-Market,2023-01-24
CUST_02523,EdTech,Mid-Market,2023-04-04
CUST_02524,Logistics,Mid-Market,2022-09-18
CUST_02525,EdTech,SMB,2022-04-23
CUST_02526,Healthcare,SMB,2022-02-05
CUST_02527,EdTech,Mid-Market,2022-03-20
CUST_02528,E-commerce,Mid-Market,2022-10-02
CUST_02529,EdTech,Enterprise,2022-10-05
CUST_02530,Healthcare,SMB,2023-11-05
CUST_02531,Healthcare,SMB,2022-11-08
CUST_02532,FinTech,SMB,2023-06-13
CUST_02533,Logistics,Mid-Market,2022-07-23
CUST_02534,EdTech,SMB,2022-01-17
CUST_02535,FinTech,SMB,2023-04-21
CUST_02536,Logistics,Enterprise,2023-05-26
CUST_02537,EdTech,SMB,2022-07-29
CUST_02538,E-commerce,Mid-Market,2023-05-14
CUST_02539,EdTech,SMB,2023-02-06
CUST_02540,Healthcare,Mid-Market,2023-03-05
CUST_02541,Healthcare,SMB,2022-03-19
CUST_02542,E-commerce,Enterprise,2023-07-22
CUST_02543,FinTech,Enterprise,2022-03-21
CUST_02544,Logistics,SMB,2022-11-02
CUST_02545,EdTech,SMB,2022-02-27
CUST_02546,Healthcare,SMB,2023-06-14
CUST_02547,FinTech,Mid-Market,2022-07-27
CUST_02548,E-commerce,Mid-Market,2023-05-26
CUST_02549,Healthcare,SMB,2022-05-15
CUST_02550,E-commerce,Mid-Market,2023-06-06
CUST_02551,EdTech,SMB,2023-08-04
CUST_02552,Logistics,Mid-Market,2022-03-24
CUST_02553,Healthcare,Enterprise,2023-09-13
CUST_02554,Healthcare,SMB,2022-02-13
CUST_02555,EdTech,SMB,2023-04-28
CUST_02556,FinTech,SMB,2023-10-06
CUST_02557,Logistics,SMB,2023-05-08
CUST_02558,Healthcare,SMB,2023-05-14
CUST_02559,Logistics,SMB,2022-01-18
CUST_02560,Healthcare,SMB,2023-08-28
CUST_02561,Logistics,SMB,2022-10-21
CUST_02562,E-commerce,SMB,2022-05-28
CUST_02563,Healthcare,SMB,2023-04-17
CUST_02564,Logistics,SMB,2022-06-21
CUST_02565,FinTech,Mid-Market,2023-07-17
CUST_02566,E-commerce,Mid-Market,2023-06-15
CUST_02567,E-commerce,SMB,2022-04-30
CUST_02568,FinTech,SMB,2022-03-07
CUST_02569,Logistics,Mid-Market,2022-05-21
CUST_02570,EdTech,Enterprise,2023-03-22
CUST_02571,FinTech,SMB,2023-05-21
CUST_02572,Logistics,SMB,2022-07-08
CUST_02573,FinTech,SMB,2022-06-07
CUST_02574,FinTech,SMB,2023-09-02
CUST_02575,Healthcare,SMB,2023-11-01
CUST_02576,Logistics,SMB,2022-09-03
CUST_02577,EdTech,Mid-Market,2022-02-02
CUST_02578,Healthcare,SMB,2022-12-27
CUST_02579,FinTech,SMB,2022-11-26
CUST_02580,FinTech,SMB,2023-05-27
CUST_02581,FinTech,SMB,2022-03-12
CUST_02582,Logistics,SMB,2022-11-09
CUST_02583,Logistics,SMB,2022-03-20
CUST_02584,Healthcare,Mid-Market,2022-06-18
CUST_02585,EdTech,SMB,2022-06-29
CUST_02586,Healthcare,Mid-Market,2023-09-20
CUST_02587,E-commerce,Enterprise,2022-09-17
CUST_02588,FinTech,SMB,2023-05-01
CUST_02589,FinTech,SMB,2022-01-05
CUST_02590,FinTech,SMB,2022-10-24
CUST_02591,Healthcare,Mid-Market,2023-09-12
CUST_02592,Healthcare,Enterprise,2022-12-26
CUST_02593,FinTech,Mid-Market,2022-04-27
CUST_02594,Healthcare,SMB,2022-12-23
CUST_02595,Logistics,Mid-Market,2023-03-15
CUST_02596,Logistics,SMB,2022-11-27
CUST_02597,Healthcare,SMB,2023-06-09
CUST_02598,FinTech,SMB,2023-10-16
CUST_02599,Healthcare,SMB,2022-07-07
CUST_02600,Healthcare,Mid-Market,2022-10-08
CUST_02601,Healthcare,SMB,2023-05-26
CUST_02602,E-commerce,SMB,2023-04-11
CUST_02603,Logistics,SMB,2022-04-25
CUST_02604,EdTech,Mid-Market,2022-08-24
CUST_02605,EdTech,Mid-Market,2022-12-04
CUST_02606,E-commerce,SMB,2023-06-06
CUST_02607,Healthcare,SMB,2022-07-18
CUST_02608,E-commerce,SMB,2022-02-19
CUST_02609,E-commerce,Enterprise,2022-05-22
CUST_02610,FinTech,SMB,2023-06-12
CUST_02611,Logistics,SMB,2023-05-29
CUST_02612,EdTech,SMB,2023-11-01
CUST_02613,Healthcare,SMB,2022-01-30
CUST_02614,EdTech,Mid-Market,2022-03-23
CUST_02615,EdTech,SMB,2022-01-31
CUST_02616,Logistics,SMB,2022-11-29
CUST_02617,EdTech,SMB,2023-10-22
CUST_02618,EdTech,SMB,2022-06-26
CUST_02619,E-commerce,Enterprise,2023-01-05
CUST_02620,Logistics,SMB,2023-07-01
CUST_02621,FinTech,Mid-Market,2023-06-19
CUST_02622,Healthcare,Mid-Market,2022-04-16
CUST_02623,EdTech,SMB,2022-04-07
CUST_02624,Healthcare,SMB,2022-08-18
CUST_02625,FinTech,SMB,2022-08-15
CUST_02626,Healthcare,Mid-Market,2023-01-06
CUST_02627,FinTech,SMB,2022-04-10
CUST_02628,E-commerce,SMB,2023-03-21
CUST_02629,EdTech,SMB,2023-04-13
CUST_02630,FinTech,Mid-Market,2022-02-24
CUST_02631,Healthcare,SMB,2022-07-14
CUST_02632,EdTech,SMB,2023-06-04
CUST_02633,E-commerce,SMB,2023-02-28
CUST_02634,EdTech,SMB,2022-11-11
CUST_02635,FinTech,Mid-Market,2022-05-08
CUST_02636,E-commerce,SMB,2022-02-01
CUST_02637,Healthcare,Mid-Market,2022-04-03
CUST_02638,E-commerce,Mid-Market,2023-06-03
CUST_02639,E-commerce,SMB,2022-09-15
CUST_02640,Logistics,Mid-Market,2022-08-08
CUST_02641,E-commerce,SMB,2022-04-16
CUST_02642,E-commerce,SMB,2023-07-02
CUST_02643,EdTech,Mid-Market,2023-02-20
CUST_02644,Healthcare,SMB,2023-07-11
CUST_02645,EdTech,Mid-Market,2022-11-05
CUST_02646,EdTech,SMB,2023-01-01
CUST_02647,FinTech,Enterprise,2023-06-05
CUST_02648,EdTech,SMB,2023-04-04
CUST_02649,Logistics,SMB,2023-08-22
CUST_02650,Logistics,SMB,2023-01-05
CUST_02651,FinTech,Mid-Market,2022-11-27
CUST_02652,Healthcare,Mid-Market,2023-11-20
CUST_02653,Healthcare,SMB,2023-10-04
CUST_02654,EdTech,Mid-Market,2022-01-11
CUST_02655,EdTech,SMB,2023-05-22
CUST_02656,EdTech,SMB,2023-02-23
CUST_02657,Healthcare,Mid-Market,2022-05-02
CUST_02658,E-commerce,Mid-Market,2022-08-23
CUST_02659,Logistics,Mid-Market,2022-11-27
CUST_02660,E-commerce,Mid-Market,2023-06-27
CUST_02661,E-commerce,SMB,2022-12-14
CUST_02662,Healthcare,Mid-Market,2023-02-16
CUST_02663,E-commerce,SMB,2022-08-12
CUST_02664,FinTech,SMB,2022-06-02
CUST_02665,EdTech,SMB,2022-07-31
CUST_02666,FinTech,SMB,2022-04-02
CUST_02667,Logistics,SMB,2022-11-27
CUST_02668,EdTech,SMB,2023-04-12
CUST_02669,E-commerce,SMB,2023-10-03
CUST_02670,Logistics,SMB,2023-07-08
CUST_02671,EdTech,SMB,2022-08-16
CUST_02672,E-commerce,SMB,2022-07-13
CUST_02673,FinTech,SMB,2023-06-14
CUST_02674,EdTech,Mid-Market,2022-08-31
CUST_02675,E-commerce,Mid-Market,2023-01-24
CUST_02676,FinTech,Mid-Market,2022-10-03
CUST_02677,Logistics,SMB,2023-03-26
CUST_02678,Logistics,Mid-Market,2023-10-01
CUST_02679,Logistics,SMB,2023-08-10
CUST_02680,Logistics,SMB,2023-07-28
CUST_02681,Healthcare,SMB,2023-04-23
CUST_02682,EdTech,Mid-Market,2023-04-25
CUST_02683,EdTech,SMB,2022-10-15
CUST_02684,Healthcare,SMB,2023-11-29
CUST_02685,E-commerce,SMB,2023-11-21
CUST_02686,E-commerce,Mid-Market,2023-11-09
CUST_02687,Logistics,Mid-Market,2023-11-26
CUST_02688,FinTech,SMB,2023-06-24
CUST_02689,E-commerce,SMB,2022-11-26
CUST_02690,FinTech,SMB,2023-04-15
CUST_02691,EdTech,Mid-Market,2023-06-18
CUST_02692,FinTech,SMB,2023-04-12
CUST_02693,EdTech,Mid-Market,2023-02-24
CUST_02694,Healthcare,SMB,2023-08-31
CUST_02695,Healthcare,Mid-Market,2022-05-02
CUST_02696,Logistics,SMB,2022-11-04
CUST_02697,E-commerce,SMB,2022-11-30
CUST_02698,Logistics,SMB,2023-02-24
CUST_02699,EdTech,SMB,2022-11-22
CUST_02700,Logistics,SMB,2023-10-11
CUST_02701,FinTech,Mid-Market,2023-07-27
CUST_02702,EdTech,SMB,2022-09-07
CUST_02703,Healthcare,Mid-Market,2022-04-05
CUST_02704,E-commerce,Mid-Market,2022-10-23
CUST_02705,EdTech,SMB,2022-07-03
CUST_02706,EdTech,Mid-Market,2022-09-17
CUST_02707,FinTech,Mid-Market,2023-10-29
CUST_02708,E-commerce,SMB,2022-07-05
CUST_02709,Healthcare,Mid-Market,2023-02-13
CUST_02710,EdTech,SMB,2022-03-10
CUST_02711,EdTech,SMB,2023-09-19
CUST_02712,FinTech,Mid-Market,2022-01-08
CUST_02713,Logistics,SMB,2022-09-22
CUST_02714,Healthcare,SMB,2023-04-29
CUST_02715,E-commerce,SMB,2023-09-09
CUST_02716,EdTech,Mid-Market,2023-01-06
CUST_02717,EdTech,Enterprise,2023-11-08
CUST_02718,Healthcare,SMB,2022-03-24
CUST_02719,Logistics,Mid-Market,2023-10-08
CUST_02720,EdTech,Enterprise,2022-07-30
CUST_02721,Healthcare,SMB,2022-11-09
CUST_02722,FinTech,SMB,2023-08-27
CUST_02723,Logistics,Mid-Market,2022-12-03
CUST_02724,E-commerce,Mid-Market,2023-05-05
CUST_02725,EdTech,Mid-Market,2023-02-07
CUST_02726,Healthcare,SMB,2023-10-01
CUST_02727,FinTech,SMB,2022-07-10
CUST_02728,E-commerce,SMB,2023-11-02
CUST_02729,Healthcare,SMB,2022-12-01
CUST_02730,Healthcare,SMB,2023-06-06
CUST_02731,E-commerce,Mid-Market,2023-09-11
CUST_02732,FinTech,SMB,2022-03-28
CUST_02733,FinTech,Mid-Market,2023-08-02
CUST_02734,Logistics,SMB,2022-03-03
CUST_02735,EdTech,SMB,2023-01-22
CUST_02736,E-commerce,SMB,2022-05-26
CUST_02737,E-commerce,SMB,2022-06-02
CUST_02738,E-commerce,SMB,2023-09-11
CUST_02739,FinTech,Enterprise,2023-10-22
CUST_02740,EdTech,Mid-Market,2023-11-29
CUST_02741,Logistics,SMB,2022-12-15
CUST_02742,Healthcare,SMB,2022-06-27
CUST_02743,Healthcare,Enterprise,2023-05-02
CUST_02744,E-commerce,SMB,2023-10-23
CUST_02745,EdTech,SMB,2022-09-04
CUST_02746,FinTech,SMB,2022-09-11
CUST_02747,EdTech,Enterprise,2023-05-15
CUST_02748,EdTech,SMB,2023-06-25
CUST_02749,FinTech,SMB,2022-12-18
CUST_02750,E-commerce,Enterprise,2023-05-27
CUST_02751,EdTech,SMB,2022-01-13
CUST_02752,Healthcare,SMB,2023-07-13
CUST_02753,FinTech,SMB,2022-05-31
CUST_02754,Logistics,Mid-Market,2022-02-19
CUST_02755,E-commerce,SMB,2022-08-03
CUST_02756,FinTech,Enterprise,2023-10-06
CUST_02757,Logistics,Mid-Market,2023-01-07
CUST_02758,Logistics,SMB,2022-04-23
CUST_02759,EdTech,Enterprise,2022-09-09
CUST_02760,EdTech,SMB,2022-12-07
CUST_02761,EdTech,SMB,2022-02-22
CUST_02762,FinTech,SMB,2022-05-10
CUST_02763,FinTech,SMB,2022-07-12
CUST_02764,E-commerce,SMB,2023-08-14
CUST_02765,EdTech,SMB,2022-02-26
CUST_02766,Logistics,SMB,2022-04-07
CUST_02767,Healthcare,Mid-Market,2022-07-17
CUST_02768,E-commerce,SMB,2023-10-09
CUST_02769,FinTech,Enterprise,2022-05-27
CUST_02770,E-commerce,SMB,2023-11-15
CUST_02771,E-commerce,SMB,2023-07-29
CUST_02772,E-commerce,SMB,2023-07-31
CUST_02773,E-commerce,SMB,2022-10-22
CUST_02774,Healthcare,SMB,2023-09-13
CUST_02775,EdTech,Mid-Market,2023-11-15
CUST_02776,Logistics,Enterprise,2022-01-12
CUST_02777,E-commerce,Enterprise,2022-11-29
CUST_02778,E-commerce,SMB,2022-08-08
CUST_02779,E-commerce,Mid-Market,2023-02-02
CUST_02780,EdTech,SMB,2022-12-08
CUST_02781,FinTech,SMB,2023-05-27
CUST_02782,FinTech,Mid-Market,2022-06-21
CUST_02783,Healthcare,Mid-Market,2023-04-13
CUST_02784,FinTech,SMB,2022-06-15
CUST_02785,E-commerce,SMB,2023-11-30
CUST_02786,E-commerce,SMB,2022-06-19
CUST_02787,E-commerce,Mid-Market,2023-07-18
CUST_02788,Healthcare,SMB,2023-05-27
CUST_02789,E-commerce,Enterprise,2022-07-08
CUST_02790,FinTech,SMB,2022-04-30
CUST_02791,EdTech,SMB,2022-04-15
CUST_02792,EdTech,SMB,2023-11-05
CUST_02793,Logistics,SMB,2022-02-10
CUST_02794,FinTech,SMB,2023-11-08
CUST_02795,E-commerce,Mid-Market,2022-11-17
CUST_02796,EdTech,Mid-Market,2022-12-01
CUST_02797,FinTech,Enterprise,2022-06-09
CUST_02798,EdTech,Mid-Market,2022-09-21
CUST_02799,E-commerce,Mid-Market,2023-06-14
CUST_02800,EdTech,SMB,2023-11-16
CUST_02801,Logistics,Mid-Market,2023-04-22
CUST_02802,Logistics,SMB,2022-12-18
CUST_02803,EdTech,SMB,2023-06-29
CUST_02804,FinTech,SMB,2022-07-29
CUST_02805,FinTech,SMB,2023-05-11
CUST_02806,FinTech,SMB,2023-01-17
CUST_02807,EdTech,Enterprise,2023-11-07
CUST_02808,FinTech,SMB,2023-04-26
CUST_02809,E-commerce,SMB,2022-01-05
CUST_02810,Logistics,SMB,2022-02-03
CUST_02811,E-commerce,SMB,2022-05-25
CUST_02812,FinTech,SMB,2022-12-17
CUST_02813,E-commerce,SMB,2023-08-06
CUST_02814,FinTech,SMB,2023-04-10
CUST_02815,EdTech,SMB,2022-12-14
CUST_02816,E-commerce,Mid-Market,2022-05-05
CUST_02817,EdTech,Mid-Market,2022-09-28
CUST_02818,EdTech,SMB,2022-12-23
CUST_02819,Healthcare,SMB,2023-06-11
CUST_02820,FinTech,SMB,2023-05-13
CUST_02821,Logistics,Mid-Market,2022-06-02
CUST_02822,FinTech,SMB,2022-02-22
CUST_02823,Logistics,SMB,2022-05-29
CUST_02824,FinTech,Mid-Market,2023-05-18
CUST_02825,EdTech,SMB,2023-03-26
CUST_02826,E-commerce,SMB,2022-08-07
CUST_02827,E-commerce,SMB,2023-09-17
CUST_02828,Healthcare,Enterprise,2022-10-04
CUST_02829,Logistics,Mid-Market,2023-03-28
CUST_02830,Logistics,Mid-Market,2023-03-04
CUST_02831,Logistics,SMB,2022-03-24
CUST_02832,EdTech,SMB,2022-08-06
CUST_02833,Logistics,Enterprise,2023-06-11
CUST_02834,E-commerce,Enterprise,2023-02-08
CUST_02835,EdTech,SMB,2022-10-17
CUST_02836,FinTech,Mid-Market,2023-02-24
CUST_02837,Logistics,SMB,2022-12-05
CUST_02838,Logistics,SMB,2023-11-01
CUST_02839,FinTech,Mid-Market,2023-02-23
CUST_02840,Logistics,SMB,2022-07-26
CUST_02841,FinTech,Enterprise,2023-11-17
CUST_02842,EdTech,SMB,2023-11-27
CUST_02843,E-commerce,SMB,2022-09-22
CUST_02844,FinTech,Enterprise,2022-02-05
CUST_02845,Healthcare,Enterprise,2023-01-08
CUST_02846,FinTech,SMB,2023-05-03
CUST_02847,Logistics,SMB,2022-09-16
CUST_02848,EdTech,Mid-Market,2023-06-15
CUST_02849,EdTech,SMB,2022-01-23
CUST_02850,FinTech,Enterprise,2022-04-14
CUST_02851,E-commerce,Enterprise,2022-08-29
CUST_02852,Healthcare,SMB,2022-09-10
CUST_02853,EdTech,SMB,2022-05-22
CUST_02854,Logistics,SMB,2023-10-17
CUST_02855,Logistics,Enterprise,2023-03-27
CUST_02856,E-commerce,SMB,2022-11-03
CUST_02857,EdTech,SMB,2023-05-15
CUST_02858,FinTech,SMB,2023-09-14
CUST_02859,Logistics,SMB,2022-01-08
CUST_02860,E-commerce,SMB,2022-03-10
CUST_02861,EdTech,SMB,2023-11-22
CUST_02862,EdTech,Enterprise,2023-07-29
CUST_02863,EdTech,Enterprise,2022-03-09
CUST_02864,EdTech,Mid-Market,2023-02-12
CUST_02865,EdTech,SMB,2023-06-02
CUST_02866,Logistics,SMB,2022-04-29
CUST_02867,E-commerce,Mid-Market,2022-01-31
CUST_02868,EdTech,SMB,2023-06-02
CUST_02869,Healthcare,Enterprise,2023-04-28
CUST_02870,Healthcare,Mid-Market,2022-07-26
CUST_02871,E-commerce,SMB,2023-10-31
CUST_02872,FinTech,Enterprise,2023-08-02
CUST_02873,FinTech,Enterprise,2023-01-22
CUST_02874,FinTech,SMB,2023-02-16
CUST_02875,Healthcare,SMB,2023-01-05
CUST_02876,FinTech,SMB,2022-12-19
CUST_02877,Logistics,SMB,2022-12-02
CUST_02878,EdTech,SMB,2022-10-16
CUST_02879,Healthcare,SMB,2022-05-20
CUST_02880,E-commerce,Enterprise,2022-10-27
CUST_02881,E-commerce,SMB,2022-01-13
CUST_02882,EdTech,SMB,2023-10-26
CUST_02883,Healthcare,Mid-Market,2023-03-04
CUST_02884,FinTech,SMB,2023-02-04
CUST_02885,FinTech,Mid-Market,2022-04-19
CUST_02886,Logistics,SMB,2023-04-30
CUST_02887,Logistics,SMB,2022-12-22
CUST_02888,FinTech,SMB,2022-05-29
CUST_02889,E-commerce,Mid-Market,2022-11-03
CUST_02890,E-commerce,SMB,2023-06-17
CUST_02891,Logistics,Mid-Market,2022-03-01
CUST_02892,EdTech,SMB,2023-03-11
CUST_02893,FinTech,SMB,2022-01-21
CUST_02894,Logistics,SMB,2023-01-17
CUST_02895,Logistics,Enterprise,2022-09-02
CUST_02896,FinTech,Enterprise,2022-03-14
CUST_02897,FinTech,SMB,2023-03-25
CUST_02898,E-commerce,SMB,2022-03-17
CUST_02899,EdTech,SMB,2023-11-29
CUST_02900,EdTech,SMB,2023-08-13
CUST_02901,FinTech,SMB,2023-01-25
CUST_02902,Healthcare,Enterprise,2023-07-31
CUST_02903,Logistics,Enterprise,2022-12-08
CUST_02904,Logistics,SMB,2022-10-17
CUST_02905,FinTech,SMB,2023-07-22
CUST_02906,Healthcare,Mid-Market,2022-11-27
CUST_02907,E-commerce,Mid-Market,2022-09-16
CUST_02908,FinTech,SMB,2023-03-02
CUST_02909,FinTech,SMB,2022-01-06
CUST_02910,Logistics,SMB,2022-01-06
CUST_02911,FinTech,SMB,2022-07-10
CUST_02912,FinTech,SMB,2022-05-28
CUST_02913,FinTech,SMB,2023-02-09
CUST_02914,Logistics,Mid-Market,2022-09-15
CUST_02915,E-commerce,SMB,2023-04-24
CUST_02916,E-commerce,SMB,2022-03-31
CUST_02917,FinTech,SMB,2022-01-10
CUST_02918,Logistics,Mid-Market,2022-03-28
CUST_02919,E-commerce,Mid-Market,2022-05-31
CUST_02920,E-commerce,SMB,2023-09-17
CUST_02921,E-commerce,SMB,2022-01-30
CUST_02922,Logistics,Enterprise,2022-05-08
CUST_02923,Logistics,SMB,2022-03-19
CUST_02924,FinTech,SMB,2023-02-25
CUST_02925,EdTech,SMB,2022-02-24
CUST_02926,E-commerce,SMB,2023-04-25
CUST_02927,EdTech,SMB,2022-11-01
CUST_02928,Logistics,Enterprise,2023-06-30
CUST_02929,Logistics,Mid-Market,2022-04-15
CUST_02930,Logistics,SMB,2022-06-21
CUST_02931,EdTech,Enterprise,2023-05-14
CUST_02932,Logistics,SMB,2022-01-22
CUST_02933,FinTech,SMB,2022-10-14
CUST_02934,Logistics,SMB,2023-01-26
CUST_02935,Healthcare,Mid-Market,2023-09-09
CUST_02936,EdTech,SMB,2022-05-29
CUST_02937,Healthcare,SMB,2022-09-29
CUST_02938,Logistics,Mid-Market,2022-10-26
CUST_02939,FinTech,Mid-Market,2022-06-21
CUST_02940,E-commerce,Mid-Market,2022-02-16
CUST_02941,Logistics,SMB,2023-09-18
CUST_02942,FinTech,SMB,2022-07-26
CUST_02943,EdTech,SMB,2023-03-29
CUST_02944,Healthcare,SMB,2023-01-30
CUST_02945,Healthcare,Enterprise,2022-10-28
CUST_02946,Healthcare,SMB,2023-11-07
CUST_02947,EdTech,SMB,2022-06-25
CUST_02948,FinTech,Mid-Market,2022-04-20
CUST_02949,EdTech,SMB,2023-11-15
CUST_02950,Healthcare,SMB,2022-07-21
CUST_02951,Logistics,Mid-Market,2022-06-17
CUST_02952,E-commerce,Mid-Market,2023-09-06
CUST_02953,EdTech,Mid-Market,2022-03-27
CUST_02954,EdTech,SMB,2023-10-16
CUST_02955,FinTech,SMB,2022-02-20
CUST_02956,FinTech,Mid-Market,2022-04-22
CUST_02957,EdTech,SMB,2023-04-08
CUST_02958,Healthcare,SMB,2023-03-18
CUST_02959,E-commerce,Mid-Market,2022-09-28
CUST_02960,FinTech,SMB,2023-07-31
CUST_02961,Healthcare,Mid-Market,2022-12-10
CUST_02962,Logistics,SMB,2022-07-02
CUST_02963,FinTech,SMB,2023-05-18
CUST_02964,Healthcare,SMB,2022-01-10
CUST_02965,Healthcare,Mid-Market,2023-05-09
CUST_02966,E-commerce,SMB,2022-08-22
CUST_02967,E-commerce,SMB,2022-10-25
CUST_02968,Logistics,Mid-Market,2022-09-01
CUST_02969,Healthcare,Mid-Market,2023-05-24
CUST_02970,Healthcare,Enterprise,2022-12-17
CUST_02971,E-commerce,SMB,2022-09-24
CUST_02972,FinTech,SMB,2023-09-22
CUST_02973,FinTech,Enterprise,2023-10-18
CUST_02974,EdTech,Mid-Market,2022-07-20
CUST_02975,E-commerce,SMB,2022-08-27
CUST_02976,EdTech,SMB,2022-11-30
CUST_02977,E-commerce,Mid-Market,2023-02-19
CUST_02978,Logistics,SMB,2023-04-29
CUST_02979,Healthcare,Mid-Market,2023-03-13
CUST_02980,Logistics,SMB,2022-09-03
CUST_02981,E-commerce,SMB,2022-01-08
CUST_02982,Healthcare,Mid-Market,2022-06-01
CUST_02983,FinTech,SMB,2023-01-27
CUST_02984,FinTech,SMB,2022-07-30
CUST_02985,EdTech,SMB,2023-01-02
CUST_02986,E-commerce,SMB,2023-11-01
CUST_02987,E-commerce,Mid-Market,2023-07-24
CUST_02988,FinTech,Mid-Market,2022-03-27
CUST_02989,Logistics,Mid-Market,2022-02-24
CUST_02990,Healthcare,SMB,2023-09-26
CUST_02991,Logistics,SMB,2023-03-22
CUST_02992,Logistics,SMB,2023-09-12
CUST_02993,FinTech,Enterprise,2022-10-31
CUST_02994,FinTech,Mid-Market,2022-05-12
CUST_02995,FinTech,Mid-Market,2023-02-25
CUST_02996,EdTech,SMB,2023-01-20
CUST_02997,Logistics,SMB,2022-07-17
CUST_02998,E-commerce,SMB,2022-02-16
CUST_02999,Healthcare,SMB,2022-07-22
CUST_03000,EdTech,SMB,2022-09-18
CUST_03001,E-commerce,Enterprise,2023-11-21
CUST_03002,Logistics,SMB,2022-01-24
CUST_03003,FinTech,SMB,2023-11-18
CUST_03004,Logistics,SMB,2022-12-06
CUST_03005,Healthcare,Enterprise,2023-02-16
CUST_03006,EdTech,SMB,2022-09-18
CUST_03007,EdTech,Mid-Market,2022-10-13
CUST_03008,Healthcare,Enterprise,2023-05-28
CUST_03009,E-commerce,SMB,2022-03-27
CUST_03010,E-commerce,Mid-Market,2023-03-06
CUST_03011,EdTech,SMB,2023-08-04
CUST_03012,EdTech,SMB,2022-01-31
CUST_03013,FinTech,Mid-Market,2023-08-26
CUST_03014,E-commerce,Mid-Market,2023-03-16
CUST_03015,Healthcare,SMB,2022-12-15
CUST_03016,E-commerce,SMB,2023-02-16
CUST_03017,FinTech,SMB,2023-06-12
CUST_03018,EdTech,SMB,2022-11-06
CUST_03019,EdTech,SMB,2023-01-31
CUST_03020,FinTech,SMB,2022-12-04
CUST_03021,Healthcare,SMB,2023-11-05
CUST_03022,EdTech,Mid-Market,2023-03-13
CUST_03023,Logistics,SMB,2023-10-25
CUST_03024,EdTech,SMB,2022-12-31
CUST_03025,Logistics,SMB,2022-04-23
CUST_03026,FinTech,Mid-Market,2022-06-25
CUST_03027,FinTech,SMB,2022-05-29
CUST_03028,EdTech,SMB,2022-06-27
CUST_03029,E-commerce,SMB,2023-01-17
CUST_03030,Logistics,Mid-Market,2022-08-11
CUST_03031,Healthcare,SMB,2022-09-16
CUST_03032,EdTech,Mid-Market,2022-07-08
CUST_03033,Healthcare,Enterprise,2022-11-02
CUST_03034,EdTech,Mid-Market,2023-01-13
CUST_03035,E-commerce,Mid-Market,2023-08-25
CUST_03036,E-commerce,SMB,2022-12-09
CUST_03037,E-commerce,SMB,2022-06-05
CUST_03038,E-commerce,Enterprise,2022-02-24
CUST_03039,FinTech,SMB,2023-03-18
CUST_03040,FinTech,SMB,2023-11-16
CUST_03041,Logistics,Mid-Market,2022-07-19
CUST_03042,Healthcare,SMB,2023-02-07
CUST_03043,EdTech,SMB,2023-09-06
CUST_03044,EdTech,SMB,2023-10-25
CUST_03045,FinTech,SMB,2023-09-15
CUST_03046,EdTech,Mid-Market,2023-08-26
CUST_03047,FinTech,SMB,2022-06-26
CUST_03048,Logistics,SMB,2023-03-25
CUST_03049,Healthcare,SMB,2023-06-25
CUST_03050,Logistics,Mid-Market,2022-10-28
CUST_03051,E-commerce,Mid-Market,2022-11-03
CUST_03052,E-commerce,SMB,2022-09-24
CUST_03053,E-commerce,Mid-Market,2022-08-02
CUST_03054,Logistics,SMB,2023-08-17
CUST_03055,EdTech,Enterprise,2023-10-02
CUST_03056,Healthcare,SMB,2023-04-28
CUST_03057,E-commerce,Mid-Market,2022-09-19
CUST_03058,E-commerce,SMB,2022-03-08
CUST_03059,E-commerce,SMB,2023-07-28
CUST_03060,Healthcare,SMB,2022-05-13
CUST_03061,E-commerce,Mid-Market,2023-10-11
CUST_03062,Healthcare,SMB,2023-06-24
CUST_03063,E-commerce,Enterprise,2023-05-27
CUST_03064,Logistics,SMB,2022-07-30
CUST_03065,Logistics,SMB,2022-09-10
CUST_03066,Healthcare,SMB,2022-02-07
CUST_03067,Logistics,Mid-Market,2022-02-12
CUST_03068,Healthcare,SMB,2023-09-21
CUST_03069,Logistics,Mid-Market,2023-02-09
CUST_03070,Logistics,Enterprise,2022-02-15
CUST_03071,Healthcare,Enterprise,2023-03-30
CUST_03072,EdTech,SMB,2023-11-09
CUST_03073,Logistics,Mid-Market,2022-11-01
CUST_03074,E-commerce,Mid-Market,2022-08-21
CUST_03075,EdTech,SMB,2022-09-02
CUST_03076,Healthcare,Mid-Market,2022-10-22
CUST_03077,EdTech,SMB,2023-01-18
CUST_03078,FinTech,SMB,2022-06-07
CUST_03079,FinTech,SMB,2023-02-09
CUST_03080,Logistics,SMB,2022-01-01
CUST_03081,Logistics,SMB,2022-08-05
CUST_03082,E-commerce,SMB,2023-05-22
CUST_03083,EdTech,Mid-Market,2023-08-04
CUST_03084,FinTech,SMB,2022-01-30
CUST_03085,Logistics,SMB,2023-09-19
CUST_03086,EdTech,SMB,2023-06-04
CUST_03087,Logistics,SMB,2022-10-02
CUST_03088,Logistics,Mid-Market,2023-05-07
CUST_03089,FinTech,SMB,2022-02-05
CUST_03090,FinTech,Mid-Market,2022-11-07
CUST_03091,Logistics,SMB,2022-02-13
CUST_03092,Healthcare,Mid-Market,2022-06-04
CUST_03093,Logistics,SMB,2022-03-18
CUST_03094,Logistics,SMB,2023-08-13
CUST_03095,E-commerce,Mid-Market,2023-09-05
CUST_03096,E-commerce,SMB,2023-03-14
CUST_03097,E-commerce,Mid-Market,2023-03-08
CUST_03098,Healthcare,Mid-Market,2023-06-26
CUST_03099,Healthcare,SMB,2022-02-08
CUST_03100,Logistics,SMB,2022-08-27
CUST_03101,E-commerce,SMB,2022-01-13
CUST_03102,Healthcare,Enterprise,2022-05-02
CUST_03103,FinTech,Mid-Market,2022-05-24
CUST_03104,Logistics,SMB,2023-11-15
CUST_03105,EdTech,SMB,2023-03-31
CUST_03106,Logistics,SMB,2023-01-03
CUST_03107,EdTech,Mid-Market,2022-09-04
CUST_03108,E-commerce,SMB,2022-02-14
CUST_03109,EdTech,SMB,2023-01-10
CUST_03110,E-commerce,Mid-Market,2022-10-18
CUST_03111,FinTech,SMB,2022-07-26
CUST_03112,EdTech,SMB,2023-06-03
CUST_03113,Logistics,Enterprise,2022-08-30
CUST_03114,E-commerce,Mid-Market,2023-09-14
CUST_03115,Logistics,SMB,2022-04-24
CUST_03116,Healthcare,SMB,2022-10-29
CUST_03117,E-commerce,SMB,2022-10-03
CUST_03118,EdTech,SMB,2022-04-06
CUST_03119,E-commerce,Mid-Market,2022-10-21
CUST_03120,Logistics,SMB,2022-12-26
CUST_03121,FinTech,Mid-Market,2022-10-15
CUST_03122,E-commerce,Enterprise,2022-06-03
CUST_03123,EdTech,SMB,2023-07-24
CUST_03124,Healthcare,SMB,2023-02-27
CUST_03125,FinTech,SMB,2022-02-19
CUST_03126,Healthcare,Enterprise,2022-07-26
CUST_03127,E-commerce,Mid-Market,2023-07-18
CUST_03128,Logistics,SMB,2023-10-24
CUST_03129,Logistics,Mid-Market,2023-07-19
CUST_03130,EdTech,SMB,2022-08-01
CUST_03131,Logistics,Enterprise,2022-03-07
CUST_03132,FinTech,SMB,2022-08-20
CUST_03133,Logistics,SMB,2023-10-25
CUST_03134,EdTech,Mid-Market,2022-11-16
CUST_03135,E-commerce,SMB,2022-05-17
CUST_03136,E-commerce,SMB,2023-10-09
CUST_03137,Logistics,SMB,2023-07-20
CUST_03138,Healthcare,SMB,2022-03-06
CUST_03139,E-commerce,SMB,2023-05-29
CUST_03140,Logistics,Enterprise,2022-05-12
CUST_03141,EdTech,SMB,2022-11-30
CUST_03142,Logistics,SMB,2022-02-01
CUST_03143,E-commerce,Mid-Market,2023-05-13
CUST_03144,EdTech,SMB,2022-08-31
CUST_03145,Logistics,SMB,2022-07-11
CUST_03146,FinTech,Mid-Market,2022-05-22
CUST_03147,EdTech,Mid-Market,2023-10-22
CUST_03148,FinTech,Mid-Market,2023-08-24
CUST_03149,Healthcare,Mid-Market,2023-07-15
CUST_03150,EdTech,SMB,2023-10-10
CUST_03151,FinTech,Enterprise,2022-07-10
CUST_03152,E-commerce,SMB,2022-05-29
CUST_03153,E-commerce,Mid-Market,2023-08-22
CUST_03154,Healthcare,SMB,2023-02-20
CUST_03155,EdTech,Enterprise,2023-06-04
CUST_03156,EdTech,Mid-Market,2022-01-16
CUST_03157,EdTech,Mid-Market,2022-04-16
CUST_03158,Healthcare,SMB,2022-10-10
CUST_03159,EdTech,SMB,2022-04-14
CUST_03160,E-commerce,Mid-Market,2022-12-27
CUST_03161,FinTech,Mid-Market,2023-10-20
CUST_03162,E-commerce,SMB,2022-02-04
CUST_03163,E-commerce,Enterprise,2022-04-23
CUST_03164,FinTech,Mid-Market,2022-11-04
CUST_03165,E-commerce,SMB,2022-02-22
CUST_03166,Healthcare,Mid-Market,2022-03-22
CUST_03167,FinTech,SMB,2023-09-08
CUST_03168,E-commerce,SMB,2023-01-04
CUST_03169,Logistics,SMB,2022-08-30
CUST_03170,E-commerce,SMB,2022-01-31
CUST_03171,Healthcare,Mid-Market,2022-12-27
CUST_03172,EdTech,SMB,2022-08-21
CUST_03173,E-commerce,Mid-Market,2023-09-02
CUST_03174,EdTech,Mid-Market,2022-02-03
CUST_03175,Logistics,Mid-Market,2022-08-31
CUST_03176,E-commerce,SMB,2022-02-28
CUST_03177,FinTech,Mid-Market,2023-06-13
CUST_03178,EdTech,SMB,2022-03-19
CUST_03179,Logistics,SMB,2022-10-29
CUST_03180,FinTech,SMB,2023-11-09
CUST_03181,FinTech,SMB,2022-04-22
CUST_03182,FinTech,Mid-Market,2023-02-17
CUST_03183,FinTech,SMB,2022-11-13
CUST_03184,E-commerce,Mid-Market,2022-05-25
CUST_03185,E-commerce,SMB,2023-10-30
CUST_03186,E-commerce,SMB,2023-11-21
CUST_03187,Logistics,Enterprise,2023-10-10
CUST_03188,Logistics,Mid-Market,2022-01-18
CUST_03189,Logistics,SMB,2022-12-17
CUST_03190,Healthcare,SMB,2022-06-04
CUST_03191,Logistics,SMB,2023-05-21
CUST_03192,E-commerce,SMB,2022-12-26
CUST_03193,E-commerce,Mid-Market,2022-11-28
CUST_03194,Healthcare,Mid-Market,2023-06-12
CUST_03195,Healthcare,SMB,2022-01-12
CUST_03196,Logistics,Enterprise,2022-03-16
CUST_03197,EdTech,SMB,2022-07-31
CUST_03198,Healthcare,SMB,2023-11-22
CUST_03199,FinTech,SMB,2023-10-03
CUST_03200,E-commerce,Mid-Market,2022-10-10
CUST_03201,FinTech,SMB,2022-07-14
CUST_03202,E-commerce,SMB,2022-01-30
CUST_03203,E-commerce,SMB,2022-01-09
CUST_03204,Healthcare,SMB,2022-11-05
CUST_03205,Healthcare,Mid-Market,2023-03-21
CUST_03206,FinTech,SMB,2022-11-06
CUST_03207,E-commerce,SMB,2023-11-08
CUST_03208,FinTech,Mid-Market,2023-03-02
CUST_03209,EdTech,Enterprise,2023-08-14
CUST_03210,FinTech,Enterprise,2023-11-22
CUST_03211,Logistics,SMB,2022-04-01
CUST_03212,FinTech,SMB,2023-04-01
CUST_03213,Logistics,SMB,2023-03-20
CUST_03214,Logistics,SMB,2022-03-20
CUST_03215,Logistics,Enterprise,2023-04-20
CUST_03216,EdTech,SMB,2022-04-13
CUST_03217,FinTech,SMB,2023-09-15
CUST_03218,FinTech,SMB,2023-04-01
CUST_03219,EdTech,SMB,2022-11-10
CUST_03220,E-commerce,Mid-Market,2022-09-04
CUST_03221,Healthcare,SMB,2022-08-22
CUST_03222,FinTech,SMB,2023-08-17
CUST_03223,Healthcare,SMB,2023-10-06
CUST_03224,EdTech,SMB,2022-08-23
CUST_03225,E-commerce,SMB,2023-01-22
CUST_03226,E-commerce,Mid-Market,2023-09-03
CUST_03227,E-commerce,SMB,2022-02-07
CUST_03228,EdTech,Mid-Market,2022-06-10
CUST_03229,Logistics,Enterprise,2023-04-07
CUST_03230,Logistics,Enterprise,2023-03-25
CUST_03231,Healthcare,Enterprise,2022-04-27
CUST_03232,Logistics,SMB,2022-08-29
CUST_03233,Logistics,SMB,2022-01-26
CUST_03234,E-commerce,SMB,2023-10-10
CUST_03235,E-commerce,Mid-Market,2023-07-16
CUST_03236,Healthcare,Enterprise,2022-10-25
CUST_03237,FinTech,Mid-Market,2022-06-03
CUST_03238,Healthcare,SMB,2023-10-14
CUST_03239,Healthcare,Enterprise,2023-04-13
CUST_03240,EdTech,SMB,2022-02-18
CUST_03241,EdTech,SMB,2023-10-16
CUST_03242,Healthcare,SMB,2022-02-15
CUST_03243,Healthcare,SMB,2023-11-06
CUST_03244,Healthcare,SMB,2022-10-12
CUST_03245,Logistics,SMB,2023-09-20
CUST_03246,EdTech,SMB,2022-03-23
CUST_03247,Healthcare,Mid-Market,2022-02-13
CUST_03248,E-commerce,Mid-Market,2022-09-30
CUST_03249,E-commerce,Mid-Market,2023-01-29
CUST_03250,Logistics,SMB,2023-08-18
CUST_03251,Logistics,Mid-Market,2022-02-27
CUST_03252,FinTech,Enterprise,2023-07-19
CUST_03253,FinTech,SMB,2022-01-01
CUST_03254,FinTech,SMB,2022-08-04
CUST_03255,Logistics,SMB,2022-11-13
CUST_03256,Logistics,SMB,2022-08-16
CUST_03257,Logistics,Mid-Market,2023-04-18
CUST_03258,E-commerce,Mid-Market,2023-04-29
CUST_03259,Logistics,SMB,2023-11-02
CUST_03260,E-commerce,Mid-Market,2022-10-14
CUST_03261,FinTech,Mid-Market,2023-05-26
CUST_03262,FinTech,Enterprise,2023-08-01
CUST_03263,FinTech,SMB,2023-04-03
CUST_03264,Healthcare,Enterprise,2022-04-05
CUST_03265,Healthcare,SMB,2023-05-08
CUST_03266,EdTech,SMB,2022-05-30
CUST_03267,EdTech,SMB,2022-01-23
CUST_03268,EdTech,SMB,2022-08-03
CUST_03269,Healthcare,Mid-Market,2023-02-03
CUST_03270,Healthcare,SMB,2023-02-14
CUST_03271,EdTech,SMB,2022-05-11
CUST_03272,EdTech,SMB,2022-05-28
CUST_03273,Logistics,Mid-Market,2023-01-16
CUST_03274,EdTech,SMB,2022-04-19
CUST_03275,Logistics,Mid-Market,2023-07-06
CUST_03276,E-commerce,SMB,2022-05-01
CUST_03277,Healthcare,SMB,2022-10-22
CUST_03278,EdTech,SMB,2022-04-30
CUST_03279,Healthcare,SMB,2023-04-01
CUST_03280,Healthcare,SMB,2023-06-14
CUST_03281,Healthcare,SMB,2022-06-18
CUST_03282,E-commerce,Enterprise,2022-05-23
CUST_03283,FinTech,Mid-Market,2022-02-06
CUST_03284,EdTech,SMB,2023-11-29
CUST_03285,FinTech,SMB,2022-09-18
CUST_03286,FinTech,Mid-Market,2022-08-19
CUST_03287,FinTech,SMB,2022-09-11
CUST_03288,Healthcare,SMB,2022-11-25
CUST_03289,Logistics,Mid-Market,2022-10-24
CUST_03290,Healthcare,Mid-Market,2022-01-10
CUST_03291,Healthcare,SMB,2023-03-22
CUST_03292,FinTech,SMB,2022-08-18
CUST_03293,Healthcare,SMB,2023-06-20
CUST_03294,FinTech,Mid-Market,2022-03-19
CUST_03295,Logistics,SMB,2023-03-01
CUST_03296,EdTech,SMB,2022-07-12
CUST_03297,FinTech,SMB,2023-02-05
CUST_03298,Logistics,SMB,2022-04-19
CUST_03299,EdTech,Enterprise,2022-09-20
CUST_03300,E-commerce,Mid-Market,2022-11-25
CUST_03301,FinTech,Mid-Market,2022-12-29
CUST_03302,FinTech,SMB,2023-01-13
CUST_03303,E-commerce,SMB,2022-12-07
CUST_03304,E-commerce,SMB,2022-09-16
CUST_03305,FinTech,SMB,2022-12-01
CUST_03306,E-commerce,Enterprise,2022-03-26
CUST_03307,Healthcare,SMB,2023-06-06
CUST_03308,EdTech,SMB,2023-07-25
CUST_03309,EdTech,SMB,2022-11-04
CUST_03310,EdTech,Mid-Market,2022-09-19
CUST_03311,Healthcare,SMB,2023-09-23
CUST_03312,E-commerce,SMB,2023-11-11
CUST_03313,Logistics,SMB,2023-03-28
CUST_03314,E-commerce,Mid-Market,2022-09-08
CUST_03315,FinTech,SMB,2022-11-20
CUST_03316,EdTech,Enterprise,2022-08-17
CUST_03317,E-commerce,Mid-Market,2023-09-28
CUST_03318,Logistics,SMB,2023-08-19
CUST_03319,FinTech,Mid-Market,2022-10-24
CUST_03320,Healthcare,SMB,2022-08-25
CUST_03321,Healthcare,Enterprise,2023-09-17
CUST_03322,Logistics,SMB,2022-08-05
CUST_03323,FinTech,SMB,2022-09-03
CUST_03324,EdTech,SMB,2023-03-24
CUST_03325,E-commerce,SMB,2022-11-15
CUST_03326,FinTech,Enterprise,2023-03-08
CUST_03327,Healthcare,SMB,2023-02-08
CUST_03328,Logistics,Mid-Market,2022-02-06
CUST_03329,Logistics,SMB,2023-07-30
CUST_03330,E-commerce,Enterprise,2022-12-08
CUST_03331,Logistics,SMB,2023-01-24
CUST_03332,Logistics,SMB,2022-02-03
CUST_03333,FinTech,SMB,2022-02-08
CUST_03334,EdTech,Mid-Market,2023-08-02
CUST_03335,E-commerce,SMB,2022-07-28
CUST_03336,FinTech,SMB,2022-06-01
CUST_03337,EdTech,SMB,2022-12-31
CUST_03338,FinTech,Mid-Market,2022-07-18
CUST_03339,FinTech,SMB,2023-08-24
CUST_03340,Logistics,SMB,2022-03-20
CUST_03341,EdTech,SMB,2023-04-22
CUST_03342,E-commerce,Mid-Market,2023-03-10
CUST_03343,E-commerce,Enterprise,2022-02-01
CUST_03344,EdTech,SMB,2022-03-28
CUST_03345,Logistics,SMB,2023-07-05
CUST_03346,Healthcare,SMB,2023-01-28
CUST_03347,FinTech,SMB,2023-09-05
CUST_03348,Logistics,SMB,2022-09-01
CUST_03349,EdTech,Mid-Market,2022-08-20
CUST_03350,FinTech,SMB,2023-08-03
CUST_03351,E-commerce,Enterprise,2022-07-11
CUST_03352,Healthcare,SMB,2023-06-24
CUST_03353,E-commerce,Mid-Market,2022-09-27
CUST_03354,EdTech,SMB,2022-03-18
CUST_03355,FinTech,SMB,2022-06-16
CUST_03356,EdTech,SMB,2022-10-11
CUST_03357,FinTech,SMB,2022-03-30
CUST_03358,Logistics,SMB,2023-06-28
CUST_03359,Healthcare,Mid-Market,2023-10-11
CUST_03360,Logistics,Enterprise,2022-06-05
CUST_03361,Logistics,SMB,2022-09-07
CUST_03362,EdTech,SMB,2022-04-05
CUST_03363,Healthcare,SMB,2022-01-17
CUST_03364,FinTech,SMB,2022-04-27
CUST_03365,FinTech,SMB,2022-11-29
CUST_03366,E-commerce,Mid-Market,2023-06-06
CUST_03367,FinTech,Enterprise,2022-03-21
CUST_03368,EdTech,Enterprise,2023-10-08
CUST_03369,Logistics,SMB,2023-03-08
CUST_03370,Logistics,Mid-Market,2022-07-22
CUST_03371,Logistics,Mid-Market,2022-04-26
CUST_03372,Healthcare,SMB,2022-08-08
CUST_03373,FinTech,SMB,2022-09-10
CUST_03374,EdTech,Mid-Market,2022-06-18
CUST_03375,Healthcare,SMB,2022-11-12
CUST_03376,E-commerce,SMB,2023-01-07
CUST_03377,EdTech,SMB,2023-08-06
CUST_03378,EdTech,SMB,2022-06-05
CUST_03379,EdTech,SMB,2023-09-06
CUST_03380,Logistics,Enterprise,2022-01-13
CUST_03381,EdTech,Mid-Market,2023-05-23
CUST_03382,FinTech,Mid-Market,2023-04-10
CUST_03383,EdTech,SMB,2022-08-08
CUST_03384,Logistics,Mid-Market,2022-01-15
CUST_03385,EdTech,SMB,2022-04-27
CUST_03386,E-commerce,SMB,2022-11-27
CUST_03387,E-commerce,SMB,2022-02-25
CUST_03388,Logistics,SMB,2022-12-17
CUST_03389,FinTech,SMB,2022-05-12
CUST_03390,FinTech,SMB,2022-08-14
CUST_03391,Healthcare,SMB,2022-11-04
CUST_03392,Logistics,SMB,2023-04-20
CUST_03393,EdTech,Enterprise,2022-08-10
CUST_03394,Logistics,SMB,2022-06-22
CUST_03395,Healthcare,Mid-Market,2022-12-06
CUST_03396,Logistics,SMB,2023-05-21
CUST_03397,Logistics,SMB,2022-06-06
CUST_03398,Healthcare,Enterprise,2022-05-31
CUST_03399,FinTech,SMB,2023-11-28
CUST_03400,EdTech,SMB,2022-06-27
CUST_03401,Healthcare,Mid-Market,2023-06-17
CUST_03402,E-commerce,SMB,2022-04-22
CUST_03403,FinTech,Mid-Market,2023-11-14
CUST_03404,E-commerce,SMB,2022-05-18
CUST_03405,FinTech,SMB,2022-08-21
CUST_03406,EdTech,SMB,2022-11-28
CUST_03407,EdTech,SMB,2023-06-26
CUST_03408,Logistics,Mid-Market,2022-11-03
CUST_03409,E-commerce,Mid-Market,2022-06-10
CUST_03410,FinTech,SMB,2023-02-06
CUST_03411,EdTech,SMB,2023-08-13
CUST_03412,Healthcare,Mid-Market,2022-10-05
CUST_03413,EdTech,SMB,2022-11-16
CUST_03414,Healthcare,SMB,2023-06-17
CUST_03415,FinTech,SMB,2023-05-12
CUST_03416,EdTech,SMB,2022-12-29
CUST_03417,EdTech,Mid-Market,2023-01-07
CUST_03418,FinTech,Enterprise,2023-10-17
CUST_03419,EdTech,SMB,2022-02-05
CUST_03420,Healthcare,SMB,2022-10-30
CUST_03421,EdTech,SMB,2023-03-14
CUST_03422,E-commerce,SMB,2022-02-01
CUST_03423,Logistics,SMB,2022-07-05
CUST_03424,Healthcare,Mid-Market,2022-06-23
CUST_03425,E-commerce,SMB,2023-07-20
CUST_03426,FinTech,SMB,2023-11-04
CUST_03427,Healthcare,SMB,2022-09-07
CUST_03428,Logistics,SMB,2022-10-06
CUST_03429,Logistics,SMB,2023-11-14
CUST_03430,FinTech,Mid-Market,2023-11-26
CUST_03431,FinTech,SMB,2022-01-02
CUST_03432,Healthcare,Mid-Market,2022-07-13
CUST_03433,EdTech,SMB,2022-06-15
CUST_03434,FinTech,SMB,2022-04-20
CUST_03435,EdTech,SMB,2023-01-15
CUST_03436,E-commerce,SMB,2023-08-06
CUST_03437,Logistics,SMB,2023-11-07
CUST_03438,EdTech,SMB,2022-10-12
CUST_03439,Logistics,Mid-Market,2023-02-25
CUST_03440,EdTech,Mid-Market,2022-04-23
CUST_03441,E-commerce,SMB,2022-08-16
CUST_03442,FinTech,SMB,2023-04-16
CUST_03443,E-commerce,SMB,2023-06-12
CUST_03444,FinTech,SMB,2023-05-11
CUST_03445,FinTech,SMB,2022-01-31
CUST_03446,Logistics,Mid-Market,2022-06-11
CUST_03447,E-commerce,SMB,2023-01-13
CUST_03448,EdTech,SMB,2023-03-22
CUST_03449,E-commerce,SMB,2023-03-03
CUST_03450,Logistics,SMB,2023-11-27
CUST_03451,FinTech,Mid-Market,2023-05-19
CUST_03452,Logistics,SMB,2023-06-11
CUST_03453,Healthcare,SMB,2023-11-15
CUST_03454,Healthcare,Mid-Market,2023-06-16
CUST_03455,EdTech,SMB,2023-08-05
CUST_03456,Logistics,Mid-Market,2023-06-04
CUST_03457,EdTech,SMB,2022-02-03
CUST_03458,EdTech,SMB,2023-11-22
CUST_03459,Healthcare,Mid-Market,2023-05-05
CUST_03460,EdTech,SMB,2023-09-12
CUST_03461,Healthcare,SMB,2023-02-27
CUST_03462,FinTech,SMB,2023-04-13
CUST_03463,Logistics,SMB,2022-01-24
CUST_03464,EdTech,Mid-Market,2022-08-04
CUST_03465,Healthcare,Mid-Market,2022-02-24
CUST_03466,E-commerce,Enterprise,2022-01-26
CUST_03467,EdTech,Mid-Market,2022-10-08
CUST_03468,FinTech,SMB,2022-11-23
CUST_03469,FinTech,SMB,2022-07-05
CUST_03470,E-commerce,SMB,2023-05-10
CUST_03471,Healthcare,SMB,2022-01-12
CUST_03472,EdTech,SMB,2023-10-03
CUST_03473,Healthcare,Enterprise,2023-03-10
CUST_03474,FinTech,SMB,2022-07-27
CUST_03475,Healthcare,SMB,2022-05-13
CUST_03476,FinTech,SMB,2022-12-05
CUST_03477,Healthcare,Mid-Market,2022-07-15
CUST_03478,E-commerce,Mid-Market,2022-09-19
CUST_03479,Logistics,Mid-Market,2022-10-09
CUST_03480,E-commerce,SMB,2023-01-04
CUST_03481,E-commerce,Mid-Market,2022-04-13
CUST_03482,Logistics,SMB,2023-09-24
CUST_03483,Logistics,Mid-Market,2022-07-02
CUST_03484,EdTech,SMB,2023-02-27
CUST_03485,EdTech,SMB,2022-01-09
CUST_03486,E-commerce,SMB,2023-07-11
CUST_03487,E-commerce,Mid-Market,2022-09-01
CUST_03488,FinTech,SMB,2023-09-16
CUST_03489,FinTech,Mid-Market,2023-07-21
CUST_03490,EdTech,SMB,2023-01-28
CUST_03491,EdTech,SMB,2023-06-11
CUST_03492,FinTech,SMB,2022-02-06
CUST_03493,FinTech,SMB,2022-06-27
CUST_03494,Healthcare,SMB,2023-10-01
CUST_03495,Healthcare,SMB,2023-09-21
CUST_03496,FinTech,Mid-Market,2022-03-13
CUST_03497,Healthcare,SMB,2022-12-18
CUST_03498,Logistics,Enterprise,2023-09-15
CUST_03499,EdTech,SMB,2022-05-29
CUST_03500,EdTech,Mid-Market,2023-11-28
CUST_03501,FinTech,SMB,2022-04-15
CUST_03502,E-commerce,SMB,2023-10-21
CUST_03503,FinTech,SMB,2022-08-09
CUST_03504,Healthcare,SMB,2023-01-09
CUST_03505,E-commerce,Mid-Market,2023-06-02
CUST_03506,Healthcare,SMB,2022-09-17
CUST_03507,Logistics,SMB,2022-10-26
CUST_03508,Healthcare,Mid-Market,2022-02-11
CUST_03509,Logistics,SMB,2023-05-07
CUST_03510,Logistics,Mid-Market,2023-03-15
CUST_03511,Healthcare,SMB,2022-02-16
CUST_03512,Healthcare,Mid-Market,2022-03-26
CUST_03513,Logistics,SMB,2023-11-17
CUST_03514,E-commerce,SMB,2022-02-27
CUST_03515,Logistics,SMB,2022-07-28
CUST_03516,EdTech,Enterprise,2022-09-05
CUST_03517,Logistics,SMB,2022-07-30
CUST_03518,E-commerce,SMB,2022-02-08
CUST_03519,EdTech,Mid-Market,2022-09-09
CUST_03520,FinTech,Enterprise,2023-10-05
CUST_03521,FinTech,Mid-Market,2023-02-17
CUST_03522,E-commerce,Enterprise,2023-03-22
CUST_03523,Logistics,SMB,2022-02-21
CUST_03524,Healthcare,SMB,2023-01-09
CUST_03525,E-commerce,Mid-Market,2023-06-10
CUST_03526,EdTech,Mid-Market,2022-06-05
CUST_03527,EdTech,SMB,2023-06-26
CUST_03528,FinTech,SMB,2022-03-31
CUST_03529,EdTech,Mid-Market,2023-11-10
CUST_03530,E-commerce,SMB,2022-12-17
CUST_03531,EdTech,SMB,2022-03-10
CUST_03532,E-commerce,SMB,2022-06-12
CUST_03533,Healthcare,SMB,2022-08-30
CUST_03534,FinTech,Mid-Market,2023-05-10
CUST_03535,EdTech,SMB,2023-01-18
CUST_03536,E-commerce,Mid-Market,2022-02-21
CUST_03537,Logistics,SMB,2023-10-16
CUST_03538,FinTech,SMB,2022-03-04
CUST_03539,Healthcare,Mid-Market,2023-05-24
CUST_03540,E-commerce,SMB,2022-10-19
CUST_03541,Healthcare,SMB,2022-04-01
CUST_03542,Healthcare,SMB,2023-10-26
CUST_03543,EdTech,SMB,2023-02-28
CUST_03544,EdTech,SMB,2023-10-31
CUST_03545,E-commerce,Mid-Market,2022-12-31
CUST_03546,Logistics,Mid-Market,2022-05-30
CUST_03547,E-commerce,Mid-Market,2022-09-28
CUST_03548,Logistics,SMB,2023-08-04
CUST_03549,Healthcare,SMB,2022-04-26
CUST_03550,FinTech,SMB,2023-05-31
CUST_03551,E-commerce,SMB,2023-08-10
CUST_03552,E-commerce,SMB,2022-08-29
CUST_03553,Logistics,SMB,2022-01-30
CUST_03554,Healthcare,Enterprise,2022-05-23
CUST_03555,Healthcare,SMB,2022-11-22
CUST_03556,Logistics,SMB,2023-11-26
CUST_03557,Healthcare,Mid-Market,2022-01-16
CUST_03558,EdTech,SMB,2022-04-21
CUST_03559,FinTech,Mid-Market,2022-04-17
CUST_03560,E-commerce,Mid-Market,2023-01-14
CUST_03561,FinTech,Enterprise,2022-06-11
CUST_03562,E-commerce,SMB,2022-10-10
CUST_03563,EdTech,Mid-Market,2022-09-26
CUST_03564,Healthcare,SMB,2023-04-29
CUST_03565,Logistics,Mid-Market,2023-10-29
CUST_03566,EdTech,SMB,2022-03-14
CUST_03567,FinTech,SMB,2022-07-16
CUST_03568,Logistics,SMB,2022-08-31
CUST_03569,Healthcare,SMB,2023-08-21
CUST_03570,EdTech,Mid-Market,2022-09-16
CUST_03571,Logistics,Mid-Market,2022-05-29
CUST_03572,EdTech,Mid-Market,2023-01-25
CUST_03573,EdTech,SMB,2023-02-20
CUST_03574,Healthcare,Mid-Market,2023-03-02
CUST_03575,E-commerce,SMB,2022-08-05
CUST_03576,Logistics,Mid-Market,2022-03-27
CUST_03577,Healthcare,Enterprise,2022-08-04
CUST_03578,EdTech,SMB,2023-02-27
CUST_03579,Healthcare,Mid-Market,2022-11-16
CUST_03580,E-commerce,SMB,2022-04-28
CUST_03581,Logistics,SMB,2023-02-19
CUST_03582,E-commerce,SMB,2023-08-22
CUST_03583,FinTech,SMB,2022-02-09
CUST_03584,Logistics,Mid-Market,2022-06-10
CUST_03585,E-commerce,SMB,2023-06-21
CUST_03586,EdTech,SMB,2023-02-24
CUST_03587,Logistics,SMB,2023-10-26
CUST_03588,Logistics,Mid-Market,2022-04-05
CUST_03589,Healthcare,Enterprise,2023-03-18
CUST_03590,EdTech,Mid-Market,2023-07-12
CUST_03591,FinTech,Mid-Market,2023-10-12
CUST_03592,E-commerce,SMB,2023-04-11
CUST_03593,Healthcare,SMB,2022-10-15
CUST_03594,E-commerce,SMB,2023-11-07
CUST_03595,FinTech,SMB,2023-02-16
CUST_03596,FinTech,Mid-Market,2023-02-04
CUST_03597,Logistics,SMB,2023-06-12
CUST_03598,FinTech,Mid-Market,2022-01-18
CUST_03599,E-commerce,SMB,2022-05-16
CUST_03600,EdTech,SMB,2023-04-09
CUST_03601,EdTech,SMB,2022-09-05
CUST_03602,Logistics,Mid-Market,2022-01-01
CUST_03603,E-commerce,Mid-Market,2023-01-16
CUST_03604,E-commerce,Mid-Market,2023-05-24
CUST_03605,FinTech,SMB,2023-04-05
CUST_03606,E-commerce,Enterprise,2023-05-20
CUST_03607,Healthcare,SMB,2023-04-21
CUST_03608,FinTech,SMB,2023-07-11
CUST_03609,Healthcare,Enterprise,2022-02-01
CUST_03610,Logistics,SMB,2022-04-28
CUST_03611,EdTech,Mid-Market,2022-07-03
CUST_03612,Logistics,SMB,2022-07-10
CUST_03613,EdTech,SMB,2022-03-15
CUST_03614,Logistics,Enterprise,2023-09-15
CUST_03615,E-commerce,SMB,2022-04-13
CUST_03616,Healthcare,Mid-Market,2023-08-09
CUST_03617,EdTech,SMB,2023-02-24
CUST_03618,FinTech,Mid-Market,2023-04-18
CUST_03619,Healthcare,SMB,2022-04-24
CUST_03620,FinTech,SMB,2023-01-14
CUST_03621,Healthcare,SMB,2022-11-09
CUST_03622,Healthcare,SMB,2022-11-26
CUST_03623,Logistics,Enterprise,2022-12-05
CUST_03624,EdTech,SMB,2022-08-26
CUST_03625,EdTech,SMB,2022-06-22
CUST_03626,Healthcare,SMB,2022-03-20
CUST_03627,E-commerce,SMB,2023-04-09
CUST_03628,E-commerce,Mid-Market,2023-08-28
CUST_03629,FinTech,Enterprise,2023-05-16
CUST_03630,FinTech,SMB,2023-07-16
CUST_03631,Logistics,Mid-Market,2022-10-12
CUST_03632,Healthcare,SMB,2022-08-11
CUST_03633,FinTech,SMB,2023-08-16
CUST_03634,FinTech,Mid-Market,2022-09-23
CUST_03635,Healthcare,SMB,2023-10-29
CUST_03636,Logistics,Mid-Market,2023-01-08
CUST_03637,FinTech,Mid-Market,2022-08-21
CUST_03638,Logistics,SMB,2022-08-24
CUST_03639,EdTech,Enterprise,2023-11-02
CUST_03640,Logistics,Mid-Market,2022-11-10
CUST_03641,E-commerce,SMB,2023-01-15
CUST_03642,E-commerce,Mid-Market,2023-09-06
CUST_03643,Logistics,SMB,2023-07-17
CUST_03644,E-commerce,Enterprise,2023-02-24
CUST_03645,EdTech,Mid-Market,2022-02-21
CUST_03646,Healthcare,SMB,2023-10-05
CUST_03647,E-commerce,SMB,2023-05-24
CUST_03648,E-commerce,Mid-Market,2022-07-24
CUST_03649,Logistics,SMB,2022-09-14
CUST_03650,EdTech,SMB,2022-07-04
CUST_03651,Healthcare,SMB,2022-05-25
CUST_03652,Logistics,SMB,2023-11-21
CUST_03653,Logistics,SMB,2022-01-14
CUST_03654,EdTech,SMB,2022-09-03
CUST_03655,Healthcare,SMB,2022-07-06
CUST_03656,EdTech,Mid-Market,2022-12-03
CUST_03657,Healthcare,SMB,2022-09-16
CUST_03658,EdTech,SMB,2022-02-09
CUST_03659,Logistics,SMB,2023-08-24
CUST_03660,Logistics,SMB,2023-09-29
CUST_03661,FinTech,SMB,2023-02-22
CUST_03662,E-commerce,SMB,2022-12-17
CUST_03663,EdTech,SMB,2022-01-09
CUST_03664,FinTech,Mid-Market,2022-12-16
CUST_03665,E-commerce,Mid-Market,2022-03-25
CUST_03666,EdTech,Mid-Market,2023-06-17
CUST_03667,Healthcare,Mid-Market,2022-12-24
CUST_03668,E-commerce,Mid-Market,2023-01-13
CUST_03669,Logistics,SMB,2022-06-21
CUST_03670,FinTech,Mid-Market,2022-01-25
CUST_03671,E-commerce,SMB,2023-01-28
CUST_03672,E-commerce,Mid-Market,2022-04-13
CUST_03673,Logistics,Mid-Market,2022-08-24
CUST_03674,EdTech,SMB,2023-02-14
CUST_03675,Healthcare,SMB,2023-07-03
CUST_03676,Logistics,SMB,2022-11-28
CUST_03677,Healthcare,Mid-Market,2023-10-26
CUST_03678,EdTech,Mid-Market,2023-06-16
CUST_03679,E-commerce,Mid-Market,2023-10-11
CUST_03680,Healthcare,SMB,2022-01-29
CUST_03681,FinTech,Mid-Market,2023-06-27
CUST_03682,FinTech,SMB,2022-01-19
CUST_03683,Logistics,Mid-Market,2022-05-28
CUST_03684,EdTech,SMB,2023-04-16
CUST_03685,Logistics,SMB,2023-05-06
CUST_03686,Logistics,SMB,2022-10-10
CUST_03687,Logistics,Mid-Market,2023-11-06
CUST_03688,FinTech,Enterprise,2022-04-23
CUST_03689,FinTech,SMB,2023-03-31
CUST_03690,Logistics,SMB,2023-10-24
CUST_03691,FinTech,Enterprise,2022-11-26
CUST_03692,EdTech,SMB,2022-09-12
CUST_03693,Logistics,Mid-Market,2023-08-22
CUST_03694,FinTech,SMB,2023-02-03
CUST_03695,Healthcare,SMB,2023-09-02
CUST_03696,Logistics,Mid-Market,2023-05-23
CUST_03697,Logistics,Mid-Market,2023-10-06
CUST_03698,EdTech,SMB,2023-04-11
CUST_03699,E-commerce,SMB,2023-02-11
CUST_03700,E-commerce,Mid-Market,2023-09-01
CUST_03701,EdTech,SMB,2022-04-08
CUST_03702,EdTech,Mid-Market,2022-10-17
CUST_03703,EdTech,SMB,2023-10-19
CUST_03704,E-commerce,SMB,2022-06-05
CUST_03705,EdTech,Enterprise,2022-06-11
CUST_03706,FinTech,Mid-Market,2023-09-16
CUST_03707,Logistics,SMB,2023-11-28
CUST_03708,Logistics,Mid-Market,2022-04-07
CUST_03709,Healthcare,SMB,2023-01-12
CUST_03710,Healthcare,SMB,2023-07-21
CUST_03711,Logistics,Enterprise,2023-03-26
CUST_03712,FinTech,Mid-Market,2022-04-27
CUST_03713,E-commerce,Mid-Market,2023-08-28
CUST_03714,E-commerce,SMB,2023-05-21
CUST_03715,FinTech,SMB,2022-07-08
CUST_03716,E-commerce,SMB,2023-04-21
CUST_03717,EdTech,SMB,2022-11-19
CUST_03718,Logistics,Mid-Market,2023-08-19
CUST_03719,Logistics,SMB,2022-06-29
CUST_03720,FinTech,Mid-Market,2022-06-30
CUST_03721,E-commerce,SMB,2023-11-24
CUST_03722,Healthcare,SMB,2022-10-14
CUST_03723,Healthcare,SMB,2023-04-20
CUST_03724,E-commerce,SMB,2023-09-10
CUST_03725,Healthcare,SMB,2023-10-03
CUST_03726,FinTech,Enterprise,2022-09-19
CUST_03727,FinTech,SMB,2023-06-07
CUST_03728,E-commerce,Enterprise,2022-06-11
CUST_03729,Healthcare,SMB,2023-05-02
CUST_03730,FinTech,Enterprise,2022-06-30
CUST_03731,FinTech,SMB,2023-04-14
CUST_03732,EdTech,Enterprise,2022-01-21
CUST_03733,EdTech,SMB,2022-10-02
CUST_03734,FinTech,Mid-Market,2022-09-17
CUST_03735,E-commerce,Enterprise,2022-11-29
CUST_03736,Logistics,SMB,2023-04-11
CUST_03737,Logistics,SMB,2022-04-26
CUST_03738,FinTech,SMB,2023-02-17
CUST_03739,FinTech,Enterprise,2023-06-21
CUST_03740,FinTech,SMB,2022-09-14
CUST_03741,E-commerce,SMB,2022-06-17
CUST_03742,EdTech,SMB,2023-06-17
CUST_03743,FinTech,SMB,2023-08-21
CUST_03744,FinTech,Mid-Market,2022-01-15
CUST_03745,Healthcare,SMB,2022-02-19
CUST_03746,E-commerce,Mid-Market,2022-10-31
CUST_03747,FinTech,Enterprise,2023-05-02
CUST_03748,Healthcare,SMB,2023-02-20
CUST_03749,Logistics,Mid-Market,2022-11-01
CUST_03750,FinTech,SMB,2022-07-15
CUST_03751,FinTech,Mid-Market,2023-01-23
CUST_03752,Healthcare,SMB,2023-03-31
CUST_03753,E-commerce,Mid-Market,2023-10-20
CUST_03754,FinTech,SMB,2022-11-06
CUST_03755,Logistics,SMB,2022-05-07
CUST_03756,FinTech,SMB,2022-06-24
CUST_03757,Logistics,SMB,2022-05-14
CUST_03758,EdTech,Mid-Market,2022-03-07
CUST_03759,EdTech,SMB,2023-01-28
CUST_03760,Logistics,Mid-Market,2022-12-31
CUST_03761,E-commerce,SMB,2022-10-06
CUST_03762,FinTech,Mid-Market,2022-12-29
CUST_03763,FinTech,SMB,2022-06-20
CUST_03764,EdTech,SMB,2022-02-20
CUST_03765,Logistics,SMB,2022-11-24
CUST_03766,FinTech,Mid-Market,2023-10-27
CUST_03767,FinTech,SMB,2023-08-15
CUST_03768,E-commerce,Mid-Market,2022-05-25
CUST_03769,Healthcare,Mid-Market,2022-10-01
CUST_03770,EdTech,SMB,2022-06-04
CUST_03771,EdTech,Mid-Market,2023-05-23
CUST_03772,Healthcare,SMB,2022-12-29
CUST_03773,FinTech,SMB,2022-11-21
CUST_03774,E-commerce,Mid-Market,2023-10-17
CUST_03775,E-commerce,Mid-Market,2022-10-25
CUST_03776,EdTech,Mid-Market,2023-05-09
CUST_03777,E-commerce,SMB,2023-06-30
CUST_03778,Healthcare,SMB,2022-10-31
CUST_03779,FinTech,SMB,2023-04-12
CUST_03780,Healthcare,Mid-Market,2022-08-27
CUST_03781,Logistics,SMB,2023-10-12
CUST_03782,EdTech,Mid-Market,2023-06-01
CUST_03783,E-commerce,SMB,2022-06-25
CUST_03784,Logistics,SMB,2023-02-14
CUST_03785,E-commerce,SMB,2022-12-30
CUST_03786,FinTech,SMB,2022-01-23
CUST_03787,FinTech,SMB,2022-11-14
CUST_03788,FinTech,Mid-Market,2023-06-09
CUST_03789,E-commerce,Mid-Market,2022-10-03
CUST_03790,Logistics,SMB,2023-08-27
CUST_03791,FinTech,SMB,2023-09-12
CUST_03792,Logistics,SMB,2022-08-17
CUST_03793,E-commerce,Mid-Market,2023-10-26
CUST_03794,Logistics,SMB,2022-04-18
CUST_03795,E-commerce,Enterprise,2022-06-25
CUST_03796,E-commerce,SMB,2022-11-16
CUST_03797,EdTech,SMB,2022-10-13
CUST_03798,E-commerce,Enterprise,2022-11-25
CUST_03799,E-commerce,SMB,2023-10-19
CUST_03800,Healthcare,SMB,2022-12-22
CUST_03801,FinTech,SMB,2022-01-14
CUST_03802,EdTech,SMB,2022-10-02
CUST_03803,EdTech,SMB,2022-03-12
CUST_03804,EdTech,Mid-Market,2022-07-14
CUST_03805,Healthcare,Mid-Market,2023-06-07
CUST_03806,E-commerce,SMB,2022-04-16
CUST_03807,FinTech,Enterprise,2022-07-15
CUST_03808,Logistics,SMB,2022-05-25
CUST_03809,E-commerce,SMB,2022-12-16
CUST_03810,Healthcare,SMB,2023-02-28
CUST_03811,E-commerce,SMB,2023-04-16
CUST_03812,E-commerce,SMB,2023-11-17
CUST_03813,Healthcare,Enterprise,2022-08-04
CUST_03814,EdTech,SMB,2022-04-03
CUST_03815,EdTech,SMB,2022-09-17
CUST_03816,FinTech,SMB,2023-07-29
CUST_03817,FinTech,Mid-Market,2023-06-25
CUST_03818,EdTech,Mid-Market,2022-10-12
CUST_03819,Logistics,SMB,2023-04-29
CUST_03820,E-commerce,SMB,2023-01-07
CUST_03821,Logistics,SMB,2022-03-11
CUST_03822,E-commerce,SMB,2023-01-14
CUST_03823,EdTech,SMB,2022-10-06
CUST_03824,FinTech,SMB,2022-10-29
CUST_03825,FinTech,SMB,2022-09-12
CUST_03826,Logistics,SMB,2023-11-15
CUST_03827,FinTech,SMB,2023-11-23
CUST_03828,EdTech,Enterprise,2022-09-21
CUST_03829,Logistics,Enterprise,2023-11-26
CUST_03830,E-commerce,SMB,2023-02-28
CUST_03831,FinTech,SMB,2022-08-01
CUST_03832,Healthcare,SMB,2023-11-02
CUST_03833,FinTech,SMB,2022-04-10
CUST_03834,E-commerce,Mid-Market,2022-04-22
CUST_03835,Logistics,SMB,2022-11-04
CUST_03836,E-commerce,Mid-Market,2023-11-09
CUST_03837,Healthcare,Enterprise,2023-04-20
CUST_03838,EdTech,SMB,2023-07-02
CUST_03839,FinTech,SMB,2022-04-22
CUST_03840,Logistics,SMB,2022-03-28
CUST_03841,EdTech,SMB,2022-07-02
CUST_03842,E-commerce,SMB,2023-08-20
CUST_03843,Logistics,SMB,2022-06-14
CUST_03844,EdTech,Mid-Market,2022-03-31
CUST_03845,Logistics,SMB,2023-03-31
CUST_03846,Healthcare,SMB,2022-08-26
CUST_03847,Healthcare,Mid-Market,2023-06-18
CUST_03848,FinTech,Mid-Market,2023-11-10
CUST_03849,FinTech,SMB,2022-02-27
CUST_03850,Healthcare,Mid-Market,2023-06-26
CUST_03851,Logistics,SMB,2023-09-10
CUST_03852,Healthcare,SMB,2023-02-06
CUST_03853,FinTech,SMB,2023-11-10
CUST_03854,Healthcare,SMB,2023-10-28
CUST_03855,Healthcare,Mid-Market,2023-06-03
CUST_03856,Logistics,Mid-Market,2022-07-16
CUST_03857,EdTech,Mid-Market,2022-02-15
CUST_03858,FinTech,SMB,2023-06-14
CUST_03859,Logistics,SMB,2023-02-01
CUST_03860,Healthcare,SMB,2023-10-27
CUST_03861,Healthcare,SMB,2022-03-15
CUST_03862,EdTech,Mid-Market,2023-02-20
CUST_03863,FinTech,Mid-Market,2023-10-19
CUST_03864,FinTech,SMB,2023-09-06
CUST_03865,E-commerce,SMB,2022-12-01
CUST_03866,FinTech,SMB,2023-09-25
CUST_03867,EdTech,SMB,2023-11-19
CUST_03868,E-commerce,SMB,2023-07-29
CUST_03869,E-commerce,SMB,2022-10-23
CUST_03870,Healthcare,SMB,2022-03-25
CUST_03871,Healthcare,SMB,2022-01-15
CUST_03872,FinTech,SMB,2022-05-14
CUST_03873,E-commerce,SMB,2023-04-23
CUST_03874,Healthcare,Mid-Market,2023-09-25
CUST_03875,EdTech,SMB,2022-11-15
CUST_03876,Healthcare,Enterprise,2023-01-27
CUST_03877,Healthcare,SMB,2023-04-24
CUST_03878,E-commerce,SMB,2023-10-02
CUST_03879,E-commerce,SMB,2023-01-03
CUST_03880,Logistics,SMB,2023-01-02
CUST_03881,EdTech,Mid-Market,2022-10-15
CUST_03882,E-commerce,SMB,2023-01-13
CUST_03883,FinTech,Enterprise,2023-11-23
CUST_03884,EdTech,Mid-Market,2023-04-08
CUST_03885,EdTech,SMB,2023-08-17
CUST_03886,E-commerce,SMB,2022-01-13
CUST_03887,EdTech,Mid-Market,2023-06-20
CUST_03888,E-commerce,SMB,2022-06-17
CUST_03889,Healthcare,Mid-Market,2022-09-27
CUST_03890,Logistics,SMB,2022-03-11
CUST_03891,Healthcare,SMB,2022-11-14
CUST_03892,E-commerce,SMB,2023-01-11
CUST_03893,E-commerce,SMB,2022-03-30
CUST_03894,Healthcare,Mid-Market,2022-09-14
CUST_03895,FinTech,SMB,2022-08-05
CUST_03896,FinTech,Mid-Market,2023-03-26
CUST_03897,FinTech,SMB,2023-06-28
CUST_03898,E-commerce,SMB,2022-05-21
CUST_03899,EdTech,SMB,2022-06-10
CUST_03900,E-commerce,SMB,2022-02-01
CUST_03901,EdTech,SMB,2022-06-01
CUST_03902,Healthcare,SMB,2022-09-17
CUST_03903,Logistics,Mid-Market,2022-10-06
CUST_03904,EdTech,SMB,2022-10-12
CUST_03905,FinTech,SMB,2023-09-02
CUST_03906,E-commerce,Mid-Market,2023-06-26
CUST_03907,Healthcare,Mid-Market,2023-08-25
CUST_03908,FinTech,SMB,2022-05-28
CUST_03909,Healthcare,SMB,2023-10-18
CUST_03910,Logistics,Mid-Market,2022-03-08
CUST_03911,E-commerce,SMB,2023-07-24
CUST_03912,E-commerce,SMB,2022-10-06
CUST_03913,Logistics,SMB,2023-03-19
CUST_03914,E-commerce,Mid-Market,2023-02-03
CUST_03915,EdTech,SMB,2022-05-08
CUST_03916,Healthcare,Enterprise,2022-12-03
CUST_03917,FinTech,SMB,2023-04-27
CUST_03918,Logistics,Mid-Market,2022-07-05
CUST_03919,EdTech,SMB,2022-06-18
CUST_03920,FinTech,SMB,2023-11-15
CUST_03921,FinTech,Mid-Market,2022-09-17
CUST_03922,Logistics,SMB,2023-10-09
CUST_03923,EdTech,SMB,2023-07-12
CUST_03924,FinTech,SMB,2023-05-22
CUST_03925,FinTech,SMB,2023-06-05
CUST_03926,EdTech,SMB,2023-04-16
CUST_03927,E-commerce,Mid-Market,2022-06-10
CUST_03928,FinTech,SMB,2022-10-16
CUST_03929,Healthcare,SMB,2022-12-06
CUST_03930,EdTech,SMB,2023-05-17
CUST_03931,FinTech,Mid-Market,2022-04-16
CUST_03932,Logistics,Mid-Market,2023-04-20
CUST_03933,Healthcare,SMB,2023-08-23
CUST_03934,FinTech,SMB,2023-04-08
CUST_03935,Healthcare,Enterprise,2023-04-28
CUST_03936,Healthcare,SMB,2022-06-02
CUST_03937,E-commerce,Mid-Market,2023-10-11
CUST_03938,Healthcare,Mid-Market,2022-05-29
CUST_03939,E-commerce,Mid-Market,2022-07-07
CUST_03940,EdTech,SMB,2023-10-15
CUST_03941,E-commerce,Mid-Market,2022-05-11
CUST_03942,Logistics,Mid-Market,2023-03-28
CUST_03943,FinTech,SMB,2023-05-31
CUST_03944,EdTech,SMB,2023-05-06
CUST_03945,EdTech,SMB,2023-04-21
CUST_03946,Logistics,SMB,2022-09-20
CUST_03947,E-commerce,SMB,2023-06-22
CUST_03948,FinTech,SMB,2023-04-04
CUST_03949,E-commerce,SMB,2023-06-20
CUST_03950,Healthcare,SMB,2023-09-29
CUST_03951,E-commerce,SMB,2023-11-15
CUST_03952,EdTech,Mid-Market,2022-10-22
CUST_03953,FinTech,Enterprise,2023-03-11
CUST_03954,E-commerce,SMB,2022-10-02
CUST_03955,FinTech,SMB,2023-08-11
CUST_03956,FinTech,SMB,2022-11-04
CUST_03957,Healthcare,Mid-Market,2023-01-11
CUST_03958,Healthcare,Mid-Market,2022-06-07
CUST_03959,EdTech,Enterprise,2022-07-23
CUST_03960,Logistics,SMB,2023-10-23
CUST_03961,FinTech,Enterprise,2022-03-16
CUST_03962,Logistics,SMB,2023-01-15
CUST_03963,EdTech,Mid-Market,2022-10-31
CUST_03964,FinTech,SMB,2022-03-03
CUST_03965,FinTech,Mid-Market,2023-07-24
CUST_03966,Logistics,SMB,2022-04-18
CUST_03967,E-commerce,Mid-Market,2022-07-06
CUST_03968,Healthcare,Mid-Market,2022-08-17
CUST_03969,E-commerce,SMB,2022-02-17
CUST_03970,Logistics,SMB,2022-09-25
CUST_03971,Healthcare,Mid-Market,2022-09-11
CUST_03972,E-commerce,SMB,2022-03-28
CUST_03973,Healthcare,SMB,2022-06-30
CUST_03974,FinTech,SMB,2022-01-25
CUST_03975,E-commerce,SMB,2023-01-23
CUST_03976,Healthcare,SMB,2022-08-10
CUST_03977,Healthcare,SMB,2023-02-01
CUST_03978,Healthcare,SMB,2023-05-26
CUST_03979,E-commerce,SMB,2023-07-15
CUST_03980,EdTech,Mid-Market,2023-03-16
CUST_03981,E-commerce,Enterprise,2022-06-24
CUST_03982,Logistics,Mid-Market,2022-11-07
CUST_03983,E-commerce,SMB,2022-10-01
CUST_03984,Healthcare,Enterprise,2022-02-04
CUST_03985,FinTech,SMB,2022-08-05
CUST_03986,E-commerce,SMB,2023-11-03
CUST_03987,E-commerce,Enterprise,2023-02-12
CUST_03988,Healthcare,Mid-Market,2023-06-03
CUST_03989,FinTech,Mid-Market,2022-09-26
CUST_03990,FinTech,Mid-Market,2023-09-30
CUST_03991,Logistics,SMB,2023-04-20
CUST_03992,E-commerce,SMB,2022-11-21
CUST_03993,FinTech,Mid-Market,2022-12-22
CUST_03994,FinTech,SMB,2022-03-31
CUST_03995,EdTech,SMB,2022-02-11
CUST_03996,EdTech,Mid-Market,2022-12-31
CUST_03997,FinTech,Mid-Market,2023-11-02
CUST_03998,Logistics,SMB,2022-07-21
CUST_03999,FinTech,Mid-Market,2023-01-01
CUST_04000,Healthcare,Mid-Market,2022-10-15
CUST_04001,E-commerce,Mid-Market,2023-08-26
CUST_04002,Logistics,SMB,2023-04-26
CUST_04003,Healthcare,SMB,2023-09-29
CUST_04004,Logistics,SMB,2023-05-16
CUST_04005,Healthcare,SMB,2023-09-30
CUST_04006,E-commerce,SMB,2022-02-21
CUST_04007,E-commerce,SMB,2022-04-13
CUST_04008,EdTech,SMB,2022-12-27
CUST_04009,Healthcare,Enterprise,2023-02-28
CUST_04010,EdTech,SMB,2023-11-30
CUST_04011,Healthcare,Mid-Market,2022-07-24
CUST_04012,EdTech,Mid-Market,2022-01-14
CUST_04013,E-commerce,SMB,2023-09-08
CUST_04014,Logistics,Enterprise,2023-09-21
CUST_04015,EdTech,SMB,2023-04-15
CUST_04016,Healthcare,SMB,2023-04-11
CUST_04017,Healthcare,Mid-Market,2022-10-31
CUST_04018,E-commerce,SMB,2023-08-28
CUST_04019,Healthcare,Mid-Market,2023-03-03
CUST_04020,FinTech,SMB,2023-10-18
CUST_04021,Logistics,Mid-Market,2022-04-20
CUST_04022,EdTech,SMB,2023-11-06
CUST_04023,Logistics,Mid-Market,2023-07-19
CUST_04024,E-commerce,SMB,2023-05-30
CUST_04025,EdTech,Mid-Market,2022-03-09
CUST_04026,EdTech,Mid-Market,2022-09-03
CUST_04027,FinTech,SMB,2023-01-24
CUST_04028,E-commerce,Mid-Market,2023-10-12
CUST_04029,Healthcare,SMB,2022-11-04
CUST_04030,FinTech,Mid-Market,2022-12-18
CUST_04031,FinTech,SMB,2022-03-07
CUST_04032,Logistics,Mid-Market,2023-04-05
CUST_04033,Logistics,Mid-Market,2022-12-13
CUST_04034,Logistics,SMB,2022-11-21
CUST_04035,FinTech,SMB,2023-10-29
CUST_04036,Healthcare,SMB,2023-08-22
CUST_04037,EdTech,Mid-Market,2022-02-02
CUST_04038,Logistics,SMB,2022-03-09
CUST_04039,Healthcare,SMB,2022-07-06
CUST_04040,E-commerce,Mid-Market,2022-07-11
CUST_04041,Logistics,SMB,2022-08-01
CUST_04042,EdTech,Mid-Market,2023-08-23
CUST_04043,E-commerce,SMB,2023-03-04
CUST_04044,E-commerce,SMB,2022-12-17
CUST_04045,EdTech,Mid-Market,2022-04-18
CUST_04046,Logistics,SMB,2022-08-28
CUST_04047,FinTech,SMB,2022-08-04
CUST_04048,EdTech,Mid-Market,2022-06-26
CUST_04049,EdTech,SMB,2023-07-19
CUST_04050,EdTech,Enterprise,2022-11-26
CUST_04051,E-commerce,Enterprise,2023-07-15
CUST_04052,Healthcare,SMB,2023-09-18
CUST_04053,FinTech,SMB,2023-03-26
CUST_04054,Logistics,Mid-Market,2023-08-30
CUST_04055,Logistics,SMB,2023-03-23
CUST_04056,Healthcare,SMB,2023-06-21
CUST_04057,EdTech,Mid-Market,2023-10-06
CUST_04058,FinTech,SMB,2022-06-28
CUST_04059,Logistics,Mid-Market,2023-01-30
CUST_04060,Logistics,SMB,2022-05-25
CUST_04061,EdTech,SMB,2022-07-17
CUST_04062,Healthcare,SMB,2022-03-25
CUST_04063,FinTech,Enterprise,2023-10-31
CUST_04064,Healthcare,Mid-Market,2022-03-26
CUST_04065,Healthcare,Mid-Market,2023-04-02
CUST_04066,FinTech,SMB,2023-04-21
CUST_04067,FinTech,SMB,2022-09-10
CUST_04068,Logistics,SMB,2022-03-13
CUST_04069,Logistics,SMB,2022-08-11
CUST_04070,FinTech,SMB,2022-10-03
CUST_04071,E-commerce,Mid-Market,2022-09-03
CUST_04072,Logistics,SMB,2022-12-07
CUST_04073,E-commerce,Enterprise,2023-07-27
CUST_04074,FinTech,SMB,2023-04-16
CUST_04075,Logistics,Enterprise,2023-03-30
CUST_04076,Healthcare,SMB,2022-01-07
CUST_04077,FinTech,SMB,2022-07-07
CUST_04078,EdTech,SMB,2022-01-04
CUST_04079,E-commerce,SMB,2023-10-07
CUST_04080,FinTech,SMB,2022-05-05
CUST_04081,FinTech,SMB,2022-01-15
CUST_04082,Logistics,SMB,2023-06-09
CUST_04083,Logistics,Mid-Market,2023-09-22
CUST_04084,Logistics,Mid-Market,2022-08-28
CUST_04085,EdTech,Mid-Market,2022-12-26
CUST_04086,Logistics,SMB,2023-06-02
CUST_04087,FinTech,Mid-Market,2022-11-16
CUST_04088,Logistics,SMB,2022-08-19
CUST_04089,Healthcare,SMB,2022-01-30
CUST_04090,Logistics,SMB,2023-06-18
CUST_04091,EdTech,SMB,2022-06-05
CUST_04092,Healthcare,SMB,2023-09-22
CUST_04093,FinTech,SMB,2023-02-03
CUST_04094,FinTech,SMB,2022-12-12
CUST_04095,E-commerce,Mid-Market,2022-07-14
CUST_04096,Healthcare,Mid-Market,2022-06-17
CUST_04097,E-commerce,Enterprise,2023-01-12
CUST_04098,Healthcare,Mid-Market,2023-05-04
CUST_04099,Healthcare,SMB,2022-12-28
CUST_04100,EdTech,Mid-Market,2023-04-27
CUST_04101,E-commerce,Mid-Market,2022-09-01
CUST_04102,EdTech,SMB,2023-08-04
CUST_04103,Healthcare,SMB,2023-08-30
CUST_04104,FinTech,Enterprise,2023-08-12
CUST_04105,Healthcare,SMB,2022-06-20
CUST_04106,EdTech,Enterprise,2023-05-28
CUST_04107,E-commerce,SMB,2023-02-10
CUST_04108,E-commerce,SMB,2023-07-28
CUST_04109,EdTech,SMB,2022-07-26
CUST_04110,E-commerce,SMB,2022-06-03
CUST_04111,Logistics,Mid-Market,2022-02-17
CUST_04112,FinTech,Enterprise,2023-10-11
CUST_04113,FinTech,SMB,2022-01-01
CUST_04114,FinTech,SMB,2023-02-11
CUST_04115,E-commerce,Mid-Market,2022-04-17
CUST_04116,E-commerce,Mid-Market,2022-06-22
CUST_04117,Healthcare,SMB,2023-05-21
CUST_04118,Healthcare,SMB,2022-05-10
CUST_04119,FinTech,Mid-Market,2023-02-02
CUST_04120,Logistics,Mid-Market,2022-10-21
CUST_04121,Healthcare,SMB,2023-07-06
CUST_04122,Healthcare,SMB,2023-03-23
CUST_04123,E-commerce,Enterprise,2022-01-16
CUST_04124,Logistics,Mid-Market,2023-10-01
CUST_04125,FinTech,SMB,2022-12-15
CUST_04126,Healthcare,SMB,2022-07-22
CUST_04127,Logistics,Mid-Market,2022-05-14
CUST_04128,Logistics,SMB,2023-06-10
CUST_04129,FinTech,SMB,2023-05-23
CUST_04130,Logistics,SMB,2022-03-07
CUST_04131,Logistics,SMB,2023-04-25
CUST_04132,Logistics,Mid-Market,2023-04-04
CUST_04133,Healthcare,SMB,2022-12-08
CUST_04134,FinTech,Mid-Market,2023-09-18
CUST_04135,Logistics,SMB,2022-06-08
CUST_04136,Logistics,SMB,2022-06-10
CUST_04137,Healthcare,SMB,2022-09-11
CUST_04138,FinTech,Enterprise,2023-06-11
CUST_04139,E-commerce,Mid-Market,2023-07-03
CUST_04140,Healthcare,SMB,2022-06-04
CUST_04141,FinTech,Mid-Market,2023-05-01
CUST_04142,Logistics,Mid-Market,2023-03-08
CUST_04143,FinTech,Enterprise,2022-01-27
CUST_04144,FinTech,SMB,2022-01-12
CUST_04145,FinTech,Mid-Market,2022-03-08
CUST_04146,E-commerce,SMB,2023-06-26
CUST_04147,FinTech,SMB,2022-04-06
CUST_04148,E-commerce,Enterprise,2022-08-03
CUST_04149,Logistics,SMB,2022-07-13
CUST_04150,E-commerce,SMB,2023-10-09
CUST_04151,Logistics,SMB,2022-10-17
CUST_04152,Logistics,Mid-Market,2023-06-28
CUST_04153,E-commerce,Mid-Market,2022-02-08
CUST_04154,Healthcare,SMB,2022-07-25
CUST_04155,EdTech,Enterprise,2023-07-09
CUST_04156,FinTech,SMB,2023-04-29
CUST_04157,EdTech,SMB,2022-12-03
CUST_04158,FinTech,Enterprise,2023-05-11
CUST_04159,FinTech,SMB,2022-09-06
CUST_04160,Logistics,SMB,2022-03-15
CUST_04161,FinTech,SMB,2023-01-08
CUST_04162,FinTech,Mid-Market,2022-05-18
CUST_04163,E-commerce,SMB,2023-04-02
CUST_04164,EdTech,Enterprise,2023-03-20
CUST_04165,E-commerce,Mid-Market,2022-12-19
CUST_04166,FinTech,SMB,2023-02-15
CUST_04167,Logistics,Mid-Market,2023-11-09
CUST_04168,E-commerce,SMB,2023-06-22
CUST_04169,E-commerce,SMB,2023-03-29
CUST_04170,Healthcare,Mid-Market,2023-02-23
CUST_04171,FinTech,Enterprise,2023-03-26
CUST_04172,Logistics,SMB,2023-08-08
CUST_04173,E-commerce,SMB,2022-04-25
CUST_04174,E-commerce,SMB,2022-02-20
CUST_04175,Logistics,SMB,2023-01-04
CUST_04176,FinTech,SMB,2023-11-14
CUST_04177,Healthcare,SMB,2023-05-30
CUST_04178,E-commerce,Mid-Market,2022-07-29
CUST_04179,Healthcare,SMB,2023-09-19
CUST_04180,EdTech,SMB,2023-11-10
CUST_04181,FinTech,Mid-Market,2023-03-11
CUST_04182,EdTech,Mid-Market,2022-08-15
CUST_04183,EdTech,SMB,2023-10-25
CUST_04184,EdTech,SMB,2022-09-25
CUST_04185,FinTech,Mid-Market,2022-04-26
CUST_04186,FinTech,SMB,2023-08-23
CUST_04187,Logistics,SMB,2022-12-26
CUST_04188,Healthcare,Mid-Market,2022-11-25
CUST_04189,Healthcare,SMB,2022-02-09
CUST_04190,Logistics,SMB,2022-07-01
CUST_04191,Logistics,SMB,2023-05-05
CUST_04192,EdTech,SMB,2022-07-28
CUST_04193,Logistics,SMB,2022-09-30
CUST_04194,E-commerce,Enterprise,2022-04-29
CUST_04195,Healthcare,SMB,2023-01-17
CUST_04196,Logistics,SMB,2023-06-20
CUST_04197,E-commerce,SMB,2022-09-15
CUST_04198,E-commerce,Enterprise,2023-04-28
CUST_04199,E-commerce,SMB,2023-05-24
CUST_04200,E-commerce,SMB,2022-04-02
CUST_04201,EdTech,Mid-Market,2022-06-10
CUST_04202,E-commerce,SMB,2022-05-29
CUST_04203,EdTech,SMB,2022-04-27
CUST_04204,EdTech,SMB,2023-04-03
CUST_04205,E-commerce,SMB,2023-07-19
CUST_04206,Healthcare,SMB,2022-02-14
CUST_04207,E-commerce,Mid-Market,2022-08-22
CUST_04208,E-commerce,SMB,2023-01-10
CUST_04209,E-commerce,SMB,2023-07-01
CUST_04210,Healthcare,SMB,2022-07-16
CUST_04211,FinTech,SMB,2022-01-25
CUST_04212,FinTech,SMB,2023-01-30
CUST_04213,EdTech,Enterprise,2022-02-05
CUST_04214,EdTech,SMB,2023-04-19
CUST_04215,Healthcare,Mid-Market,2022-08-11
CUST_04216,Logistics,SMB,2023-06-14
CUST_04217,FinTech,SMB,2022-07-07
CUST_04218,EdTech,SMB,2023-02-06
CUST_04219,FinTech,SMB,2022-09-14
CUST_04220,Healthcare,SMB,2023-10-16
CUST_04221,Healthcare,SMB,2022-05-16
CUST_04222,Logistics,Mid-Market,2023-08-14
CUST_04223,Logistics,SMB,2023-03-20
CUST_04224,Healthcare,SMB,2023-02-22
CUST_04225,EdTech,SMB,2022-10-19
CUST_04226,FinTech,SMB,2023-07-28
CUST_04227,E-commerce,SMB,2022-05-09
CUST_04228,Logistics,SMB,2022-12-07
CUST_04229,E-commerce,SMB,2022-09-14
CUST_04230,EdTech,Mid-Market,2023-07-20
CUST_04231,Logistics,Mid-Market,2023-11-18
CUST_04232,E-commerce,SMB,2022-04-10
CUST_04233,EdTech,SMB,2022-02-08
CUST_04234,FinTech,Mid-Market,2022-09-20
CUST_04235,EdTech,SMB,2022-05-30
CUST_04236,Logistics,SMB,2023-09-25
CUST_04237,Healthcare,SMB,2023-11-21
CUST_04238,FinTech,SMB,2022-11-26
CUST_04239,E-commerce,SMB,2022-04-30
CUST_04240,Logistics,SMB,2023-08-07
CUST_04241,Healthcare,SMB,2022-08-07
CUST_04242,EdTech,SMB,2022-05-03
CUST_04243,Healthcare,Mid-Market,2022-09-01
CUST_04244,Logistics,SMB,2023-08-10
CUST_04245,Logistics,SMB,2023-06-02
CUST_04246,Healthcare,SMB,2022-01-21
CUST_04247,EdTech,Mid-Market,2022-07-09
CUST_04248,Healthcare,Mid-Market,2022-08-13
CUST_04249,Logistics,Mid-Market,2023-09-07
CUST_04250,Logistics,SMB,2023-04-11
CUST_04251,E-commerce,Mid-Market,2022-04-09
CUST_04252,E-commerce,Mid-Market,2022-12-29
CUST_04253,FinTech,SMB,2022-03-24
CUST_04254,Logistics,SMB,2023-11-24
CUST_04255,E-commerce,SMB,2023-10-26
CUST_04256,Healthcare,Mid-Market,2022-02-25
CUST_04257,EdTech,SMB,2022-01-22
CUST_04258,Healthcare,SMB,2023-08-03
CUST_04259,EdTech,Enterprise,2022-07-04
CUST_04260,E-commerce,Mid-Market,2023-06-06
CUST_04261,FinTech,Enterprise,2023-08-01
CUST_04262,Healthcare,Enterprise,2022-09-21
CUST_04263,Healthcare,SMB,2022-08-13
CUST_04264,Healthcare,Mid-Market,2023-09-27
CUST_04265,EdTech,SMB,2022-02-07
CUST_04266,E-commerce,Mid-Market,2022-05-03
CUST_04267,Healthcare,SMB,2022-06-05
CUST_04268,Healthcare,Enterprise,2022-10-28
CUST_04269,FinTech,Mid-Market,2022-03-08
CUST_04270,FinTech,Mid-Market,2023-10-07
CUST_04271,E-commerce,SMB,2023-01-29
CUST_04272,E-commerce,SMB,2023-10-14
CUST_04273,Logistics,Mid-Market,2023-08-17
CUST_04274,FinTech,SMB,2023-07-24
CUST_04275,Logistics,Mid-Market,2023-10-23
CUST_04276,EdTech,SMB,2023-02-09
CUST_04277,Logistics,Mid-Market,2023-03-25
CUST_04278,Healthcare,SMB,2022-05-11
CUST_04279,Logistics,Mid-Market,2022-03-10
CUST_04280,E-commerce,Mid-Market,2022-12-11
CUST_04281,EdTech,SMB,2022-11-16
CUST_04282,Healthcare,SMB,2022-06-26
CUST_04283,Logistics,SMB,2023-08-07
CUST_04284,EdTech,SMB,2023-06-13
CUST_04285,EdTech,SMB,2022-06-09
CUST_04286,Healthcare,Mid-Market,2023-08-05
CUST_04287,Logistics,SMB,2023-09-17
CUST_04288,EdTech,SMB,2023-06-17
CUST_04289,EdTech,SMB,2022-05-15
CUST_04290,FinTech,SMB,2022-04-21
CUST_04291,EdTech,SMB,2022-10-10
CUST_04292,FinTech,Enterprise,2023-06-04
CUST_04293,Logistics,Mid-Market,2022-07-13
CUST_04294,Logistics,SMB,2022-02-16
CUST_04295,Logistics,SMB,2022-12-08
CUST_04296,E-commerce,Mid-Market,2022-08-30
CUST_04297,Logistics,SMB,2023-06-06
CUST_04298,EdTech,SMB,2023-01-05
CUST_04299,Healthcare,SMB,2022-05-11
CUST_04300,FinTech,SMB,2022-09-27
CUST_04301,E-commerce,Enterprise,2022-03-02
CUST_04302,Logistics,Mid-Market,2022-06-13
CUST_04303,Logistics,SMB,2023-06-09
CUST_04304,Healthcare,SMB,2022-09-29
CUST_04305,Healthcare,Mid-Market,2022-05-13
CUST_04306,E-commerce,Mid-Market,2022-09-01
CUST_04307,FinTech,Mid-Market,2023-03-10
CUST_04308,Logistics,Mid-Market,2022-02-07
CUST_04309,E-commerce,SMB,2023-07-22
CUST_04310,EdTech,Mid-Market,2022-11-15
CUST_04311,EdTech,Mid-Market,2023-05-25
CUST_04312,E-commerce,SMB,2023-01-11
CUST_04313,Logistics,Mid-Market,2023-07-14
CUST_04314,E-commerce,SMB,2023-09-09
CUST_04315,Logistics,SMB,2023-04-19
CUST_04316,Healthcare,SMB,2022-02-28
CUST_04317,E-commerce,SMB,2023-08-12
CUST_04318,Logistics,SMB,2023-05-14
CUST_04319,E-commerce,SMB,2022-08-06
CUST_04320,E-commerce,SMB,2023-07-21
CUST_04321,Logistics,SMB,2023-07-21
CUST_04322,Logistics,SMB,2022-05-09
CUST_04323,FinTech,SMB,2023-01-18
CUST_04324,E-commerce,Mid-Market,2023-01-23
CUST_04325,EdTech,SMB,2022-03-26
CUST_04326,E-commerce,SMB,2023-05-25
CUST_04327,E-commerce,Mid-Market,2023-09-19
CUST_04328,Logistics,Mid-Market,2023-03-13
CUST_04329,E-commerce,Mid-Market,2022-10-20
CUST_04330,E-commerce,SMB,2022-02-18
CUST_04331,EdTech,SMB,2022-03-08
CUST_04332,Logistics,Mid-Market,2022-05-09
CUST_04333,E-commerce,SMB,2022-01-29
CUST_04334,Healthcare,SMB,2022-12-09
CUST_04335,FinTech,SMB,2023-06-29
CUST_04336,EdTech,Mid-Market,2022-04-29
CUST_04337,E-commerce,SMB,2023-11-23
CUST_04338,Healthcare,Enterprise,2023-10-25
CUST_04339,E-commerce,Mid-Market,2022-05-13
CUST_04340,E-commerce,SMB,2022-11-23
CUST_04341,Logistics,Mid-Market,2022-07-04
CUST_04342,Logistics,Mid-Market,2023-05-21
CUST_04343,Logistics,Mid-Market,2023-10-08
CUST_04344,Healthcare,SMB,2023-11-20
CUST_04345,E-commerce,Mid-Market,2023-06-18
CUST_04346,FinTech,SMB,2022-08-29
CUST_04347,EdTech,Enterprise,2023-08-12
CUST_04348,Logistics,SMB,2023-05-31
CUST_04349,Logistics,SMB,2022-06-14
CUST_04350,E-commerce,Mid-Market,2023-10-02
CUST_04351,E-commerce,Mid-Market,2023-07-11
CUST_04352,Healthcare,SMB,2022-08-06
CUST_04353,Healthcare,SMB,2023-10-10
CUST_04354,Logistics,SMB,2023-11-11
CUST_04355,E-commerce,Enterprise,2023-08-28
CUST_04356,FinTech,Mid-Market,2022-01-05
CUST_04357,EdTech,Mid-Market,2023-10-30
CUST_04358,E-commerce,SMB,2022-03-22
CUST_04359,E-commerce,SMB,2022-09-04
CUST_04360,Healthcare,Mid-Market,2023-05-08
CUST_04361,EdTech,Mid-Market,2023-10-11
CUST_04362,Logistics,SMB,2023-01-21
CUST_04363,E-commerce,Mid-Market,2023-07-29
CUST_04364,Logistics,SMB,2022-11-03
CUST_04365,E-commerce,SMB,2023-09-20
CUST_04366,Logistics,SMB,2023-09-17
CUST_04367,EdTech,SMB,2023-06-27
CUST_04368,Healthcare,SMB,2022-01-07
CUST_04369,EdTech,SMB,2023-05-30
CUST_04370,FinTech,SMB,2023-07-22
CUST_04371,Healthcare,Mid-Market,2022-03-14
CUST_04372,EdTech,SMB,2022-01-10
CUST_04373,FinTech,SMB,2023-07-27
CUST_04374,E-commerce,SMB,2023-07-16
CUST_04375,E-commerce,SMB,2022-05-02
CUST_04376,Logistics,Mid-Market,2023-11-18
CUST_04377,Healthcare,SMB,2023-05-28
CUST_04378,E-commerce,Mid-Market,2023-03-17
CUST_04379,Healthcare,Mid-Market,2022-02-07
CUST_04380,E-commerce,SMB,2023-08-14
CUST_04381,Logistics,SMB,2022-12-11
CUST_04382,EdTech,SMB,2022-12-04
CUST_04383,Logistics,SMB,2022-07-03
CUST_04384,FinTech,Mid-Market,2022-03-08
CUST_04385,E-commerce,SMB,2022-01-17
CUST_04386,FinTech,SMB,2023-01-18
CUST_04387,FinTech,SMB,2023-01-03
CUST_04388,Healthcare,SMB,2022-11-12
CUST_04389,E-commerce,SMB,2023-05-12
CUST_04390,FinTech,SMB,2022-12-11
CUST_04391,EdTech,SMB,2023-07-07
CUST_04392,FinTech,SMB,2023-04-18
CUST_04393,EdTech,Mid-Market,2022-04-25
CUST_04394,Healthcare,Mid-Market,2022-04-10
CUST_04395,FinTech,SMB,2023-03-14
CUST_04396,Logistics,SMB,2022-12-11
CUST_04397,Healthcare,Enterprise,2022-12-15
CUST_04398,EdTech,SMB,2022-05-19
CUST_04399,Healthcare,SMB,2022-11-20
CUST_04400,FinTech,SMB,2022-10-29
CUST_04401,E-commerce,Mid-Market,2022-10-21
CUST_04402,E-commerce,SMB,2023-06-13
CUST_04403,EdTech,Enterprise,2022-10-19
CUST_04404,EdTech,Mid-Market,2022-03-15
CUST_04405,E-commerce,Mid-Market,2023-04-29
CUST_04406,EdTech,Mid-Market,2022-01-16
CUST_04407,Healthcare,SMB,2023-06-10
CUST_04408,Logistics,SMB,2022-12-02
CUST_04409,Logistics,Mid-Market,2023-05-31
CUST_04410,Healthcare,Enterprise,2022-05-07
CUST_04411,Logistics,SMB,2023-06-02
CUST_04412,FinTech,Enterprise,2022-05-09
CUST_04413,Healthcare,SMB,2023-05-26
CUST_04414,EdTech,SMB,2023-02-27
CUST_04415,Healthcare,SMB,2023-01-20
CUST_04416,E-commerce,SMB,2022-08-20
CUST_04417,EdTech,SMB,2022-07-14
CUST_04418,E-commerce,SMB,2022-03-06
CUST_04419,EdTech,SMB,2023-09-07
CUST_04420,Logistics,SMB,2022-10-04
CUST_04421,Healthcare,SMB,2023-11-01
CUST_04422,FinTech,Enterprise,2022-08-12
CUST_04423,EdTech,SMB,2022-10-05
CUST_04424,EdTech,SMB,2023-11-25
CUST_04425,E-commerce,SMB,2023-01-01
CUST_04426,Logistics,SMB,2023-05-31
CUST_04427,E-commerce,Mid-Market,2022-08-03
CUST_04428,E-commerce,SMB,2023-03-15
CUST_04429,Logistics,Mid-Market,2023-03-04
CUST_04430,FinTech,SMB,2023-01-31
CUST_04431,E-commerce,SMB,2022-07-28
CUST_04432,E-commerce,SMB,2023-05-16
CUST_04433,EdTech,SMB,2023-04-08
CUST_04434,Logistics,SMB,2023-08-09
CUST_04435,Healthcare,SMB,2022-08-15
CUST_04436,FinTech,SMB,2023-01-10
CUST_04437,FinTech,SMB,2023-05-15
CUST_04438,Logistics,Enterprise,2022-04-03
CUST_04439,EdTech,SMB,2023-04-05
CUST_04440,EdTech,SMB,2023-07-31
CUST_04441,Logistics,SMB,2022-11-17
CUST_04442,EdTech,SMB,2022-01-10
CUST_04443,FinTech,SMB,2022-10-30
CUST_04444,FinTech,Mid-Market,2022-11-18
CUST_04445,Healthcare,Enterprise,2023-04-01
CUST_04446,Logistics,SMB,2022-10-05
CUST_04447,E-commerce,SMB,2023-08-21
CUST_04448,E-commerce,SMB,2023-06-22
CUST_04449,Healthcare,Mid-Market,2023-01-28
CUST_04450,Healthcare,SMB,2022-04-05
CUST_04451,EdTech,SMB,2022-04-17
CUST_04452,Healthcare,SMB,2023-01-25
CUST_04453,Healthcare,Mid-Market,2023-06-10
CUST_04454,E-commerce,SMB,2023-11-04
CUST_04455,EdTech,SMB,2022-03-12
CUST_04456,Healthcare,Mid-Market,2023-10-26
CUST_04457,Healthcare,SMB,2023-08-10
CUST_04458,EdTech,Mid-Market,2023-01-11
CUST_04459,Logistics,SMB,2023-01-03
CUST_04460,EdTech,Mid-Market,2022-02-20
CUST_04461,E-commerce,Mid-Market,2022-05-23
CUST_04462,Logistics,SMB,2023-02-23
CUST_04463,FinTech,Mid-Market,2023-07-02
CUST_04464,EdTech,SMB,2023-05-15
CUST_04465,E-commerce,Enterprise,2022-06-16
CUST_04466,Logistics,SMB,2022-09-17
CUST_04467,EdTech,Mid-Market,2022-07-11
CUST_04468,Healthcare,SMB,2022-07-21
CUST_04469,EdTech,Enterprise,2022-07-04
CUST_04470,FinTech,SMB,2022-06-07
CUST_04471,EdTech,Enterprise,2023-09-14
CUST_04472,Logistics,Enterprise,2022-04-09
CUST_04473,Logistics,SMB,2022-08-29
CUST_04474,EdTech,Mid-Market,2023-05-06
CUST_04475,Logistics,Enterprise,2022-07-21
CUST_04476,Healthcare,SMB,2023-09-26
CUST_04477,EdTech,SMB,2023-05-24
CUST_04478,Healthcare,SMB,2023-09-21
CUST_04479,Healthcare,SMB,2022-04-06
CUST_04480,E-commerce,SMB,2023-05-05
CUST_04481,EdTech,SMB,2023-08-02
CUST_04482,Logistics,SMB,2022-08-06
CUST_04483,Healthcare,SMB,2023-06-11
CUST_04484,E-commerce,SMB,2022-09-30
CUST_04485,EdTech,Mid-Market,2022-08-07
CUST_04486,EdTech,Mid-Market,2023-10-21
CUST_04487,FinTech,SMB,2022-11-28
CUST_04488,FinTech,Mid-Market,2023-03-29
CUST_04489,Healthcare,Mid-Market,2022-06-01
CUST_04490,FinTech,Enterprise,2022-12-13
CUST_04491,Healthcare,SMB,2023-02-18
CUST_04492,Logistics,SMB,2023-06-11
CUST_04493,Healthcare,Enterprise,2023-03-07
CUST_04494,FinTech,Enterprise,2023-01-14
CUST_04495,Logistics,Mid-Market,2023-03-04
CUST_04496,FinTech,Mid-Market,2022-03-25
CUST_04497,Healthcare,SMB,2022-07-11
CUST_04498,E-commerce,SMB,2022-02-10
CUST_04499,EdTech,SMB,2022-11-05
CUST_04500,FinTech,SMB,2023-01-13
CUST_04501,Healthcare,Mid-Market,2022-05-16
CUST_04502,Logistics,SMB,2022-04-16
CUST_04503,FinTech,SMB,2023-06-03
CUST_04504,FinTech,Enterprise,2023-06-26
CUST_04505,EdTech,SMB,2022-05-06
CUST_04506,Healthcare,Enterprise,2022-12-23
CUST_04507,E-commerce,Enterprise,2023-02-04
CUST_04508,Logistics,SMB,2022-03-20
CUST_04509,Healthcare,SMB,2023-01-24
CUST_04510,Logistics,SMB,2023-08-02
CUST_04511,FinTech,SMB,2023-06-19
CUST_04512,EdTech,SMB,2022-03-15
CUST_04513,EdTech,SMB,2022-01-05
CUST_04514,E-commerce,Enterprise,2023-04-08
CUST_04515,EdTech,SMB,2022-03-23
CUST_04516,FinTech,Mid-Market,2023-06-21
CUST_04517,E-commerce,SMB,2023-02-09
CUST_04518,Healthcare,SMB,2023-05-29
CUST_04519,EdTech,Enterprise,2022-10-05
CUST_04520,E-commerce,SMB,2022-08-12
CUST_04521,FinTech,SMB,2023-08-07
CUST_04522,Logistics,Mid-Market,2022-03-09
CUST_04523,Logistics,Mid-Market,2022-11-16
CUST_04524,FinTech,Mid-Market,2023-08-29
CUST_04525,FinTech,SMB,2022-01-19
CUST_04526,Logistics,SMB,2023-10-02
CUST_04527,E-commerce,Enterprise,2022-12-09
CUST_04528,Logistics,Enterprise,2023-08-17
CUST_04529,FinTech,SMB,2022-12-09
CUST_04530,EdTech,Mid-Market,2022-04-07
CUST_04531,Healthcare,SMB,2022-02-21
CUST_04532,EdTech,SMB,2022-06-24
CUST_04533,EdTech,SMB,2022-12-04
CUST_04534,FinTech,SMB,2023-11-25
CUST_04535,Logistics,SMB,2022-12-19
CUST_04536,E-commerce,SMB,2023-01-26
CUST_04537,EdTech,SMB,2022-04-25
CUST_04538,Logistics,Mid-Market,2022-12-14
CUST_04539,E-commerce,Mid-Market,2022-01-01
CUST_04540,EdTech,Mid-Market,2022-03-04
CUST_04541,E-commerce,Enterprise,2022-08-14
CUST_04542,Logistics,SMB,2023-02-27
CUST_04543,Healthcare,SMB,2022-01-19
CUST_04544,Logistics,Mid-Market,2022-01-31
CUST_04545,FinTech,SMB,2023-09-25
CUST_04546,E-commerce,SMB,2022-01-24
CUST_04547,Healthcare,SMB,2022-07-30
CUST_04548,E-commerce,Mid-Market,2022-06-10
CUST_04549,E-commerce,SMB,2022-09-12
CUST_04550,EdTech,Mid-Market,2023-07-25
CUST_04551,FinTech,SMB,2022-04-24
CUST_04552,E-commerce,Mid-Market,2023-05-19
CUST_04553,Logistics,Mid-Market,2023-11-03
CUST_04554,Logistics,Mid-Market,2022-08-08
CUST_04555,EdTech,SMB,2022-12-23
CUST_04556,FinTech,SMB,2022-06-18
CUST_04557,FinTech,Mid-Market,2023-06-08
CUST_04558,Logistics,SMB,2022-08-30
CUST_04559,Healthcare,SMB,2023-01-10
CUST_04560,EdTech,SMB,2022-05-19
CUST_04561,EdTech,Enterprise,2022-04-07
CUST_04562,Logistics,SMB,2022-05-27
CUST_04563,Logistics,Mid-Market,2022-07-01
CUST_04564,Healthcare,SMB,2022-02-26
CUST_04565,Healthcare,SMB,2022-02-11
CUST_04566,FinTech,Mid-Market,2023-06-27
CUST_04567,EdTech,SMB,2023-11-23
CUST_04568,EdTech,SMB,2022-01-02
CUST_04569,Logistics,Mid-Market,2022-10-15
CUST_04570,FinTech,Mid-Market,2022-05-18
CUST_04571,EdTech,SMB,2023-09-09
CUST_04572,FinTech,Mid-Market,2023-05-27
CUST_04573,FinTech,Mid-Market,2022-08-10
CUST_04574,Logistics,Mid-Market,2022-11-27
CUST_04575,FinTech,SMB,2023-09-09
CUST_04576,Healthcare,SMB,2023-02-08
CUST_04577,Healthcare,Enterprise,2023-05-23
CUST_04578,E-commerce,Mid-Market,2022-05-07
CUST_04579,Logistics,SMB,2022-09-22
CUST_04580,E-commerce,SMB,2022-01-15
CUST_04581,Healthcare,SMB,2022-08-14
CUST_04582,E-commerce,SMB,2022-04-15
CUST_04583,Logistics,SMB,2023-05-08
CUST_04584,Logistics,SMB,2022-11-15
CUST_04585,FinTech,Mid-Market,2022-08-07
CUST_04586,EdTech,SMB,2022-10-04
CUST_04587,FinTech,Mid-Market,2022-12-07
CUST_04588,Logistics,SMB,2023-03-28
CUST_04589,Healthcare,SMB,2023-01-04
CUST_04590,Healthcare,SMB,2023-04-19
CUST_04591,FinTech,SMB,2022-07-09
CUST_04592,Logistics,Mid-Market,2023-02-23
CUST_04593,Healthcare,Mid-Market,2023-05-10
CUST_04594,Logistics,SMB,2022-02-08
CUST_04595,Healthcare,SMB,2022-06-11
CUST_04596,Logistics,SMB,2022-05-01
CUST_04597,E-commerce,Mid-Market,2023-02-03
CUST_04598,Logistics,Mid-Market,2022-09-19
CUST_04599,Logistics,SMB,2023-07-15
CUST_04600,FinTech,Mid-Market,2023-08-27
CUST_04601,E-commerce,Mid-Market,2022-05-09
CUST_04602,EdTech,SMB,2023-06-24
CUST_04603,FinTech,SMB,2022-12-22
CUST_04604,EdTech,Enterprise,2023-10-22
CUST_04605,Healthcare,Mid-Market,2023-03-08
CUST_04606,EdTech,SMB,2022-03-06
CUST_04607,Logistics,SMB,2022-08-06
CUST_04608,EdTech,SMB,2023-07-17
CUST_04609,FinTech,SMB,2023-03-03
CUST_04610,FinTech,Mid-Market,2022-03-15
CUST_04611,EdTech,SMB,2023-04-05
CUST_04612,FinTech,Mid-Market,2023-03-01
CUST_04613,FinTech,Mid-Market,2022-07-11
CUST_04614,EdTech,SMB,2022-07-08
CUST_04615,E-commerce,SMB,2022-01-12
CUST_04616,E-commerce,SMB,2022-08-27
CUST_04617,Healthcare,Mid-Market,2023-08-16
CUST_04618,FinTech,SMB,2023-03-29
CUST_04619,EdTech,Mid-Market,2023-01-18
CUST_04620,FinTech,Mid-Market,2022-02-17
CUST_04621,Logistics,SMB,2022-11-13
CUST_04622,FinTech,Enterprise,2022-07-28
CUST_04623,FinTech,Enterprise,2023-07-01
CUST_04624,E-commerce,SMB,2022-04-29
CUST_04625,EdTech,SMB,2023-07-31
CUST_04626,FinTech,Enterprise,2022-11-11
CUST_04627,E-commerce,Enterprise,2022-02-05
CUST_04628,Healthcare,SMB,2023-04-08
CUST_04629,E-commerce,SMB,2023-07-08
CUST_04630,E-commerce,SMB,2023-08-04
CUST_04631,E-commerce,Enterprise,2023-02-07
CUST_04632,FinTech,SMB,2022-04-17
CUST_04633,FinTech,SMB,2022-02-08
CUST_04634,Healthcare,Mid-Market,2023-08-04
CUST_04635,Logistics,SMB,2022-06-29
CUST_04636,Logistics,Mid-Market,2022-01-12
CUST_04637,Logistics,SMB,2022-12-05
CUST_04638,Healthcare,Mid-Market,2023-07-02
CUST_04639,Logistics,SMB,2022-05-06
CUST_04640,Logistics,Mid-Market,2022-03-04
CUST_04641,E-commerce,Mid-Market,2022-03-23
CUST_04642,FinTech,SMB,2022-10-26
CUST_04643,FinTech,SMB,2022-02-03
CUST_04644,E-commerce,SMB,2023-09-01
CUST_04645,E-commerce,SMB,2022-02-18
CUST_04646,E-commerce,Mid-Market,2023-10-20
CUST_04647,FinTech,Mid-Market,2023-09-29
CUST_04648,Logistics,SMB,2022-02-26
CUST_04649,E-commerce,Mid-Market,2022-04-19
CUST_04650,Healthcare,Mid-Market,2023-06-01
CUST_04651,E-commerce,Mid-Market,2022-01-24
CUST_04652,EdTech,SMB,2022-08-09
CUST_04653,E-commerce,SMB,2022-11-11
CUST_04654,FinTech,SMB,2022-10-21
CUST_04655,E-commerce,SMB,2022-01-10
CUST_04656,EdTech,SMB,2023-11-08
CUST_04657,Healthcare,SMB,2023-04-26
CUST_04658,Logistics,SMB,2023-09-30
CUST_04659,E-commerce,Mid-Market,2022-09-24
CUST_04660,EdTech,SMB,2022-03-29
CUST_04661,EdTech,SMB,2023-03-31
CUST_04662,Healthcare,SMB,2023-09-18
CUST_04663,FinTech,SMB,2023-06-17
CUST_04664,E-commerce,SMB,2022-05-28
CUST_04665,EdTech,SMB,2023-03-07
CUST_04666,Healthcare,SMB,2022-08-30
CUST_04667,Logistics,SMB,2022-03-07
CUST_04668,EdTech,SMB,2023-01-13
CUST_04669,Healthcare,SMB,2023-01-23
CUST_04670,FinTech,Mid-Market,2022-07-28
CUST_04671,FinTech,SMB,2023-02-19
CUST_04672,EdTech,SMB,2022-01-16
CUST_04673,EdTech,SMB,2022-10-24
CUST_04674,E-commerce,SMB,2022-08-08
CUST_04675,Healthcare,SMB,2023-01-02
CUST_04676,EdTech,SMB,2022-08-17
CUST_04677,E-commerce,Mid-Market,2023-09-23
CUST_04678,E-commerce,SMB,2023-03-16
CUST_04679,EdTech,SMB,2023-11-21
CUST_04680,FinTech,Mid-Market,2023-06-16
CUST_04681,Healthcare,Enterprise,2023-03-26
CUST_04682,Healthcare,SMB,2022-02-05
CUST_04683,FinTech,SMB,2023-02-26
CUST_04684,EdTech,SMB,2023-09-12
CUST_04685,Healthcare,SMB,2022-07-08
CUST_04686,EdTech,SMB,2022-06-27
CUST_04687,EdTech,SMB,2023-08-31
CUST_04688,E-commerce,Mid-Market,2022-11-11
CUST_04689,FinTech,SMB,2022-01-20
CUST_04690,EdTech,SMB,2023-11-07
CUST_04691,Logistics,SMB,2023-01-17
CUST_04692,FinTech,Mid-Market,2023-09-01
CUST_04693,Healthcare,SMB,2022-05-23
CUST_04694,E-commerce,Mid-Market,2022-03-03
CUST_04695,Healthcare,SMB,2022-08-30
CUST_04696,Healthcare,SMB,2022-08-26
CUST_04697,FinTech,SMB,2022-05-11
CUST_04698,Healthcare,SMB,2023-08-28
CUST_04699,EdTech,SMB,2023-08-26
CUST_04700,Healthcare,SMB,2023-10-07
CUST_04701,E-commerce,SMB,2022-05-03
CUST_04702,E-commerce,Mid-Market,2023-03-16
CUST_04703,Logistics,SMB,2022-12-08
CUST_04704,E-commerce,SMB,2023-02-23
CUST_04705,Healthcare,SMB,2023-09-22
CUST_04706,E-commerce,Mid-Market,2023-03-31
CUST_04707,FinTech,Enterprise,2022-07-17
CUST_04708,E-commerce,SMB,2022-10-09
CUST_04709,EdTech,SMB,2022-01-01
CUST_04710,FinTech,SMB,2022-11-28
CUST_04711,Logistics,Enterprise,2022-07-31
CUST_04712,EdTech,Mid-Market,2022-03-28
CUST_04713,Healthcare,SMB,2023-10-27
CUST_04714,Healthcare,SMB,2023-11-30
CUST_04715,Healthcare,SMB,2022-03-02
CUST_04716,EdTech,SMB,2022-04-05
CUST_04717,EdTech,Mid-Market,2023-07-07
CUST_04718,EdTech,SMB,2022-05-27
CUST_04719,FinTech,SMB,2022-09-03
CUST_04720,FinTech,Mid-Market,2023-10-06
CUST_04721,Healthcare,Mid-Market,2022-10-24
CUST_04722,E-commerce,SMB,2022-05-03
CUST_04723,Healthcare,Mid-Market,2023-10-17
CUST_04724,Logistics,SMB,2023-11-25
CUST_04725,FinTech,Mid-Market,2023-04-01
CUST_04726,EdTech,Mid-Market,2023-02-03
CUST_04727,FinTech,SMB,2022-08-19
CUST_04728,EdTech,Mid-Market,2023-06-18
CUST_04729,Logistics,Mid-Market,2023-02-06
CUST_04730,Logistics,SMB,2023-08-15
CUST_04731,FinTech,SMB,2022-05-10
CUST_04732,EdTech,Mid-Market,2022-10-19
CUST_04733,Logistics,SMB,2022-10-03
CUST_04734,Healthcare,SMB,2023-01-11
CUST_04735,Healthcare,Mid-Market,2022-02-24
CUST_04736,EdTech,Mid-Market,2023-08-01
CUST_04737,FinTech,SMB,2022-01-26
CUST_04738,Logistics,SMB,2023-03-17
CUST_04739,FinTech,SMB,2022-07-16
CUST_04740,Healthcare,SMB,2023-10-04
CUST_04741,Logistics,SMB,2022-08-31
CUST_04742,FinTech,Mid-Market,2022-07-09
CUST_04743,E-commerce,SMB,2023-07-22
CUST_04744,EdTech,SMB,2023-07-21
CUST_04745,EdTech,SMB,2022-10-03
CUST_04746,E-commerce,Enterprise,2023-02-13
CUST_04747,Healthcare,SMB,2022-12-06
CUST_04748,Logistics,SMB,2022-06-02
CUST_04749,EdTech,SMB,2023-07-19
CUST_04750,E-commerce,SMB,2023-02-02
CUST_04751,E-commerce,SMB,2023-03-20
CUST_04752,Healthcare,SMB,2023-09-15
CUST_04753,Healthcare,SMB,2023-03-03
CUST_04754,FinTech,SMB,2023-05-02
CUST_04755,EdTech,SMB,2022-07-23
CUST_04756,FinTech,SMB,2022-04-22
CUST_04757,E-commerce,SMB,2022-11-21
CUST_04758,Logistics,SMB,2022-09-15
CUST_04759,Logistics,SMB,2023-06-12
CUST_04760,Healthcare,SMB,2022-12-16
CUST_04761,Logistics,Mid-Market,2023-11-09
CUST_04762,Logistics,SMB,2023-03-11
CUST_04763,Logistics,SMB,2023-03-02
CUST_04764,E-commerce,SMB,2022-10-07
CUST_04765,Logistics,Enterprise,2023-01-06
CUST_04766,Logistics,Mid-Market,2023-11-01
CUST_04767,Logistics,SMB,2022-09-06
CUST_04768,FinTech,SMB,2022-06-30
CUST_04769,E-commerce,SMB,2023-10-13
CUST_04770,Healthcare,SMB,2022-03-19
CUST_04771,FinTech,SMB,2022-12-02
CUST_04772,EdTech,Mid-Market,2022-02-19
CUST_04773,E-commerce,SMB,2022-03-26
CUST_04774,E-commerce,Mid-Market,2023-11-26
CUST_04775,EdTech,SMB,2023-11-26
CUST_04776,EdTech,Mid-Market,2022-01-04
CUST_04777,EdTech,Mid-Market,2022-11-13
CUST_04778,Healthcare,SMB,2022-04-21
CUST_04779,Logistics,SMB,2022-11-30
CUST_04780,E-commerce,SMB,2022-05-13
CUST_04781,Logistics,SMB,2023-09-04
CUST_04782,Logistics,SMB,2023-11-15
CUST_04783,EdTech,SMB,2022-04-29
CUST_04784,Healthcare,SMB,2022-12-16
CUST_04785,FinTech,Enterprise,2023-11-18
CUST_04786,Healthcare,SMB,2023-06-26
CUST_04787,Logistics,Enterprise,2022-02-24
CUST_04788,Healthcare,SMB,2022-12-27
CUST_04789,EdTech,Mid-Market,2023-03-29
CUST_04790,FinTech,SMB,2023-07-07
CUST_04791,EdTech,SMB,2023-11-16
CUST_04792,FinTech,Mid-Market,2022-11-26
CUST_04793,Logistics,SMB,2022-08-07
CUST_04794,FinTech,Mid-Market,2022-07-27
CUST_04795,FinTech,SMB,2023-11-01
CUST_04796,FinTech,SMB,2022-03-26
CUST_04797,Healthcare,SMB,2023-11-16
CUST_04798,Healthcare,Mid-Market,2022-09-02
CUST_04799,Logistics,SMB,2023-11-16
CUST_04800,FinTech,Mid-Market,2022-12-01
CUST_04801,E-commerce,Mid-Market,2022-07-31
CUST_04802,Logistics,SMB,2023-08-19
CUST_04803,FinTech,SMB,2023-11-16
CUST_04804,FinTech,Mid-Market,2022-07-02
CUST_04805,Healthcare,SMB,2022-05-13
CUST_04806,Logistics,SMB,2022-12-16
CUST_04807,FinTech,SMB,2022-10-09
CUST_04808,FinTech,SMB,2022-10-20
CUST_04809,Logistics,SMB,2022-09-26
CUST_04810,E-commerce,SMB,2022-07-16
CUST_04811,Logistics,Mid-Market,2023-06-21
CUST_04812,Logistics,SMB,2023-10-15
CUST_04813,E-commerce,SMB,2022-01-20
CUST_04814,Logistics,Enterprise,2023-02-09
CUST_04815,FinTech,Mid-Market,2022-04-25
CUST_04816,Logistics,Mid-Market,2022-01-26
CUST_04817,E-commerce,SMB,2023-07-20
CUST_04818,EdTech,Mid-Market,2023-11-13
CUST_04819,Logistics,SMB,2023-01-30
CUST_04820,Healthcare,SMB,2023-01-16
CUST_04821,FinTech,SMB,2023-06-07
CUST_04822,FinTech,SMB,2023-06-23
CUST_04823,Healthcare,Mid-Market,2022-03-24
CUST_04824,Healthcare,SMB,2023-07-04
CUST_04825,Logistics,Mid-Market,2023-03-21
CUST_04826,Healthcare,Mid-Market,2022-03-28
CUST_04827,EdTech,SMB,2023-01-22
CUST_04828,E-commerce,SMB,2023-10-30
CUST_04829,Healthcare,SMB,2023-02-02
CUST_04830,Healthcare,SMB,2022-10-13
CUST_04831,EdTech,SMB,2023-11-29
CUST_04832,FinTech,Enterprise,2023-11-25
CUST_04833,FinTech,SMB,2023-01-04
CUST_04834,Logistics,SMB,2023-10-17
CUST_04835,EdTech,Mid-Market,2023-02-26
CUST_04836,E-commerce,SMB,2023-10-16
CUST_04837,E-commerce,Mid-Market,2023-11-28
CUST_04838,EdTech,SMB,2023-03-19
CUST_04839,E-commerce,SMB,2023-06-04
CUST_04840,FinTech,SMB,2023-08-07
CUST_04841,E-commerce,SMB,2022-10-15
CUST_04842,E-commerce,SMB,2022-04-05
CUST_04843,EdTech,Mid-Market,2023-10-31
CUST_04844,EdTech,SMB,2022-02-10
CUST_04845,E-commerce,Enterprise,2022-11-27
CUST_04846,Healthcare,SMB,2022-06-04
CUST_04847,EdTech,SMB,2023-05-19
CUST_04848,Logistics,SMB,2022-10-02
CUST_04849,Logistics,Enterprise,2023-10-28
CUST_04850,FinTech,SMB,2023-07-19
CUST_04851,E-commerce,SMB,2022-06-28
CUST_04852,Healthcare,Mid-Market,2022-05-17
CUST_04853,FinTech,SMB,2022-06-29
CUST_04854,E-commerce,Mid-Market,2022-07-01
CUST_04855,EdTech,SMB,2022-09-16
CUST_04856,Logistics,Mid-Market,2022-08-31
CUST_04857,Healthcare,Enterprise,2022-04-06
CUST_04858,Logistics,Mid-Market,2022-07-16
CUST_04859,EdTech,SMB,2023-06-10
CUST_04860,E-commerce,SMB,2023-09-24
CUST_04861,EdTech,Enterprise,2023-01-22
CUST_04862,EdTech,SMB,2023-02-12
CUST_04863,Logistics,SMB,2022-09-26
CUST_04864,Healthcare,Mid-Market,2022-06-20
CUST_04865,EdTech,SMB,2023-08-07
CUST_04866,Logistics,SMB,2023-11-22
CUST_04867,Healthcare,SMB,2022-06-19
CUST_04868,E-commerce,SMB,2022-06-08
CUST_04869,E-commerce,SMB,2023-05-24
CUST_04870,FinTech,Mid-Market,2023-03-23
CUST_04871,Logistics,SMB,2023-10-28
CUST_04872,Healthcare,Mid-Market,2022-03-23
CUST_04873,EdTech,Mid-Market,2022-02-26
CUST_04874,E-commerce,Mid-Market,2023-06-03
CUST_04875,Healthcare,SMB,2022-04-22
CUST_04876,Logistics,Mid-Market,2022-02-17
CUST_04877,FinTech,SMB,2023-08-15
CUST_04878,E-commerce,SMB,2023-01-11
CUST_04879,Healthcare,Mid-Market,2022-02-02
CUST_04880,Healthcare,SMB,2023-05-19
CUST_04881,Healthcare,Enterprise,2023-09-19
CUST_04882,Logistics,SMB,2022-01-03
CUST_04883,Logistics,Mid-Market,2023-05-01
CUST_04884,Logistics,SMB,2023-05-31
CUST_04885,EdTech,Enterprise,2022-02-11
CUST_04886,Healthcare,SMB,2022-01-09
CUST_04887,E-commerce,SMB,2023-10-19
CUST_04888,Logistics,SMB,2023-09-01
CUST_04889,Logistics,SMB,2022-05-22
CUST_04890,Healthcare,SMB,2023-03-12
CUST_04891,Logistics,SMB,2022-01-27
CUST_04892,EdTech,SMB,2022-02-12
CUST_04893,EdTech,SMB,2022-05-11
CUST_04894,Logistics,SMB,2022-08-04
CUST_04895,Healthcare,Mid-Market,2023-08-29
CUST_04896,Healthcare,Mid-Market,2023-06-04
CUST_04897,Healthcare,Mid-Market,2023-08-21
CUST_04898,FinTech,Mid-Market,2022-12-11
CUST_04899,Logistics,SMB,2023-05-23
CUST_04900,Healthcare,SMB,2023-10-12
CUST_04901,EdTech,SMB,2023-02-17
CUST_04902,E-commerce,Mid-Market,2022-09-03
CUST_04903,E-commerce,Enterprise,2023-03-25
CUST_04904,Healthcare,SMB,2022-01-21
CUST_04905,E-commerce,SMB,2023-02-12
CUST_04906,E-commerce,SMB,2023-04-02
CUST_04907,FinTech,SMB,2023-03-20
CUST_04908,EdTech,SMB,2022-09-22
CUST_04909,EdTech,SMB,2023-10-22
CUST_04910,FinTech,Enterprise,2022-07-03
CUST_04911,FinTech,SMB,2022-08-15
CUST_04912,E-commerce,Enterprise,2023-07-02
CUST_04913,Logistics,Mid-Market,2022-09-03
CUST_04914,E-commerce,Mid-Market,2022-03-14
CUST_04915,FinTech,Mid-Market,2022-05-30
CUST_04916,EdTech,Mid-Market,2023-05-28
CUST_04917,E-commerce,Mid-Market,2022-03-10
CUST_04918,Logistics,Mid-Market,2022-08-18
CUST_04919,E-commerce,SMB,2022-03-13
CUST_04920,Healthcare,Enterprise,2023-08-31
CUST_04921,E-commerce,Mid-Market,2023-02-01
CUST_04922,FinTech,Mid-Market,2022-03-25
CUST_04923,EdTech,Mid-Market,2022-10-26
CUST_04924,EdTech,SMB,2022-10-20
CUST_04925,FinTech,SMB,2022-08-11
CUST_04926,Healthcare,SMB,2022-08-04
CUST_04927,FinTech,SMB,2022-08-19
CUST_04928,E-commerce,Mid-Market,2023-02-09
CUST_04929,FinTech,SMB,2022-06-18
CUST_04930,FinTech,SMB,2022-11-25
CUST_04931,Healthcare,SMB,2023-03-02
CUST_04932,E-commerce,SMB,2023-07-08
CUST_04933,Logistics,Mid-Market,2022-07-15
CUST_04934,Logistics,Mid-Market,2023-08-31
CUST_04935,EdTech,SMB,2023-06-10
CUST_04936,FinTech,SMB,2023-09-17
CUST_04937,EdTech,SMB,2022-03-18
CUST_04938,Healthcare,SMB,2022-10-04
CUST_04939,Logistics,SMB,2023-04-11
CUST_04940,FinTech,Enterprise,2023-03-24
CUST_04941,Healthcare,SMB,2022-11-16
CUST_04942,Healthcare,SMB,2022-06-09
CUST_04943,FinTech,SMB,2023-05-07
CUST_04944,Healthcare,Mid-Market,2022-11-09
CUST_04945,FinTech,Mid-Market,2023-09-23
CUST_04946,FinTech,Mid-Market,2022-06-10
CUST_04947,E-commerce,SMB,2022-11-04
CUST_04948,EdTech,Mid-Market,2022-05-26
CUST_04949,Healthcare,SMB,2023-11-06
CUST_04950,Healthcare,SMB,2023-01-31
CUST_04951,E-commerce,SMB,2023-11-22
CUST_04952,E-commerce,SMB,2022-03-30
CUST_04953,E-commerce,Mid-Market,2022-11-04
CUST_04954,Logistics,Enterprise,2023-06-30
CUST_04955,Logistics,SMB,2023-01-06
CUST_04956,Logistics,Mid-Market,2023-03-27
CUST_04957,FinTech,Mid-Market,2022-06-16
CUST_04958,Healthcare,Enterprise,2023-01-27
CUST_04959,EdTech,SMB,2023-09-29
CUST_04960,FinTech,SMB,2023-05-06
CUST_04961,Healthcare,SMB,2022-05-30
CUST_04962,Healthcare,Mid-Market,2023-04-13
CUST_04963,E-commerce,SMB,2022-02-12
CUST_04964,E-commerce,SMB,2022-01-29
CUST_04965,FinTech,SMB,2023-09-24
CUST_04966,E-commerce,SMB,2022-01-31
CUST_04967,Healthcare,Mid-Market,2023-11-24
CUST_04968,E-commerce,Mid-Market,2023-11-05
CUST_04969,Logistics,Mid-Market,2022-05-08
CUST_04970,E-commerce,Mid-Market,2022-10-21
CUST_04971,Healthcare,SMB,2023-03-17
CUST_04972,FinTech,SMB,2023-01-23
CUST_04973,EdTech,SMB,2023-10-04
CUST_04974,E-commerce,SMB,2023-06-08
CUST_04975,Healthcare,SMB,2023-07-01
CUST_04976,EdTech,Mid-Market,2022-04-20
CUST_04977,EdTech,SMB,2022-11-24
CUST_04978,Logistics,Mid-Market,2023-02-09
CUST_04979,EdTech,SMB,2022-09-02
CUST_04980,Healthcare,SMB,2022-06-12
CUST_04981,Healthcare,SMB,2023-07-14
CUST_04982,E-commerce,SMB,2023-02-03
CUST_04983,E-commerce,SMB,2023-08-06
CUST_04984,E-commerce,SMB,2023-02-03
CUST_04985,EdTech,SMB,2023-05-08
CUST_04986,EdTech,SMB,2023-10-08
CUST_04987,Logistics,SMB,2022-08-27
CUST_04988,E-commerce,Mid-Market,2023-04-10
CUST_04989,FinTech,Mid-Market,2023-08-03
CUST_04990,Logistics,SMB,2022-02-01
CUST_04991,FinTech,Mid-Market,2022-05-03
CUST_04992,EdTech,Mid-Market,2023-06-18
CUST_04993,Logistics,Mid-Market,2023-10-29
CUST_04994,Logistics,SMB,2022-04-20
CUST_04995,Healthcare,SMB,2022-09-28
CUST_04996,EdTech,Mid-Market,2023-01-15
CUST_04997,EdTech,SMB,2022-10-27
CUST_04998,Logistics,Enterprise,2023-09-19
CUST_04999,EdTech,Mid-Market,2022-09-06
CUST_05000,Logistics,SMB,2023-06-05
