subscription_id,customer_id,plan_tier,mrr,start_date,end_date,status
SUB_00001,CUST_00001,Pro,199,2023-11-22,,Active
SUB_00002,CUST_00002,Pro,199,2023-07-30,,Active
SUB_00003,CUST_00003,Starter,49,2023-05-24,,Active
SUB_00004,CUST_00004,Pro,199,2022-05-12,2023-03-09,Churned
SUB_00005,CUST_00005,Enterprise,999,2022-11-15,,Active
SUB_00006,CUST_00006,Starter,49,2023-09-13,2023-11-18,Churned
SUB_00007,CUST_00007,Starter,49,2022-06-17,2022-08-01,Churned
SUB_00008,CUST_00008,Starter,49,2023-02-01,,Active
SUB_00009,CUST_00009,Pro,199,2022-06-29,,Active
SUB_00010,CUST_00010,Pro,199,2022-02-27,2022-12-07,Churned
SUB_00011,CUST_00011,Starter,49,2023-04-25,,Active
SUB_00012,CUST_00012,Pro,199,2023-08-14,2023-10-09,Churned
SUB_00013,CUST_00013,Starter,49,2023-04-05,,Active
SUB_00014,CUST_00014,Pro,199,2022-03-02,,Active
SUB_00015,CUST_00015,Starter,49,2023-01-04,2023-05-24,Churned
SUB_00016,CUST_00016,Starter,49,2022-05-01,,Active
SUB_00017,CUST_00017,Starter,49,2023-06-30,,Active
SUB_00018,CUST_00018,Starter,49,2023-08-05,2024-04-23,Churned
SUB_00019,CUST_00019,Pro,199,2022-01-17,2022-04-20,Churned
SUB_00020,CUST_00020,Pro,199,2023-05-11,,Active
SUB_00021,CUST_00021,Starter,49,2023-05-12,,Active
SUB_00022,CUST_00022,Starter,49,2023-05-20,,Active
SUB_00023,CUST_00023,Starter,49,2023-06-16,,Active
SUB_00024,CUST_00024,Pro,199,2022-11-11,,Active
SUB_00025,CUST_00025,Pro,199,2022-03-10,,Active
SUB_00026,CUST_00026,Starter,49,2022-06-10,,Active
SUB_00027,CUST_00027,Pro,199,2023-09-06,2024-01-10,Churned
SUB_00028,CUST_00028,Starter,49,2022-05-25,,Active
SUB_00029,CUST_00029,Enterprise,999,2023-07-23,,Active
SUB_00030,CUST_00030,Enterprise,999,2023-08-18,2024-06-09,Churned
SUB_00031,CUST_00031,Pro,199,2023-01-20,2024-01-10,Churned
SUB_00032,CUST_00032,Enterprise,999,2022-09-26,2023-06-14,Churned
SUB_00033,CUST_00033,Pro,199,2023-03-30,,Active
SUB_00034,CUST_00034,Pro,199,2023-11-30,,Active
SUB_00035,CUST_00035,Pro,199,2023-06-02,,Active
SUB_00036,CUST_00036,Starter,49,2022-12-16,,Active
SUB_00037,CUST_00037,Starter,49,2022-04-20,,Active
SUB_00038,CUST_00038,Starter,49,2023-04-28,,Active
SUB_00039,CUST_00039,Pro,199,2023-02-11,,Active
SUB_00040,CUST_00040,Starter,49,2023-10-12,,Active
SUB_00041,CUST_00041,Starter,49,2022-02-20,,Active
SUB_00042,CUST_00042,Starter,49,2023-02-07,,Active
SUB_00043,CUST_00043,Starter,49,2023-07-17,2023-10-02,Churned
SUB_00044,CUST_00044,Pro,199,2023-04-21,,Active
SUB_00045,CUST_00045,Enterprise,999,2022-03-28,,Active
SUB_00046,CUST_00046,Pro,199,2022-03-09,,Active
SUB_00047,CUST_00047,Pro,199,2023-08-19,,Active
SUB_00048,CUST_00048,Pro,199,2022-02-11,,Active
SUB_00049,CUST_00049,Starter,49,2022-02-26,,Active
SUB_00050,CUST_00050,Starter,49,2022-07-15,2023-03-11,Churned
SUB_00051,CUST_00051,Pro,199,2023-11-09,,Active
SUB_00052,CUST_00052,Starter,49,2022-03-03,,Active
SUB_00053,CUST_00053,Starter,49,2022-09-20,2023-01-03,Churned
SUB_00054,CUST_00054,Pro,199,2022-04-22,,Active
SUB_00055,CUST_00055,Starter,49,2022-06-27,,Active
SUB_00056,CUST_00056,Starter,49,2022-01-26,,Active
SUB_00057,CUST_00057,Starter,49,2023-02-14,2023-11-17,Churned
SUB_00058,CUST_00058,Starter,49,2023-06-15,,Active
SUB_00059,CUST_00059,Starter,49,2022-11-13,,Active
SUB_00060,CUST_00060,Starter,49,2023-06-16,,Active
SUB_00061,CUST_00061,Pro,199,2022-04-16,,Active
SUB_00062,CUST_00062,Pro,199,2023-04-09,,Active
SUB_00063,CUST_00063,Starter,49,2022-09-03,,Active
SUB_00064,CUST_00064,Pro,199,2022-03-22,,Active
SUB_00065,CUST_00065,Starter,49,2023-10-24,,Active
SUB_00066,CUST_00066,Starter,49,2023-01-31,,Active
SUB_00067,CUST_00067,Starter,49,2023-06-06,,Active
SUB_00068,CUST_00068,Pro,199,2022-09-21,2023-09-01,Churned
SUB_00069,CUST_00069,Starter,49,2023-10-23,,Active
SUB_00070,CUST_00070,Pro,199,2022-10-01,,Active
SUB_00071,CUST_00071,Pro,199,2022-06-21,,Active
SUB_00072,CUST_00072,Pro,199,2022-09-22,,Active
SUB_00073,CUST_00073,Pro,199,2022-01-26,,Active
SUB_00074,CUST_00074,Enterprise,999,2023-04-14,2023-07-20,Churned
SUB_00075,CUST_00075,Starter,49,2023-04-21,,Active
SUB_00076,CUST_00076,Starter,49,2022-12-22,2023-11-29,Churned
SUB_00077,CUST_00077,Pro,199,2022-01-26,2022-04-29,Churned
SUB_00078,CUST_00078,Pro,199,2022-02-03,,Active
SUB_00079,CUST_00079,Starter,49,2022-09-21,,Active
SUB_00080,CUST_00080,Starter,49,2022-05-18,,Active
SUB_00081,CUST_00081,Starter,49,2023-11-26,2024-06-24,Churned
SUB_00082,CUST_00082,Starter,49,2023-07-20,,Active
SUB_00083,CUST_00083,Starter,49,2023-04-07,2023-07-25,Churned
SUB_00084,CUST_00084,Enterprise,999,2022-06-17,,Active
SUB_00085,CUST_00085,Pro,199,2023-09-23,,Active
SUB_00086,CUST_00086,Starter,49,2023-10-17,2024-06-05,Churned
SUB_00087,CUST_00087,Pro,199,2022-03-22,,Active
SUB_00088,CUST_00088,Pro,199,2023-02-11,,Active
SUB_00089,CUST_00089,Starter,49,2023-07-28,,Active
SUB_00090,CUST_00090,Starter,49,2022-02-15,,Active
SUB_00091,CUST_00091,Pro,199,2023-08-22,,Active
SUB_00092,CUST_00092,Pro,199,2023-09-03,,Active
SUB_00093,CUST_00093,Starter,49,2022-02-22,,Active
SUB_00094,CUST_00094,Enterprise,999,2023-04-21,,Active
SUB_00095,CUST_00095,Starter,49,2023-08-15,,Active
SUB_00096,CUST_00096,Starter,49,2022-01-16,,Active
SUB_00097,CUST_00097,Starter,49,2022-12-26,2023-07-25,Churned
SUB_00098,CUST_00098,Starter,49,2023-05-02,,Active
SUB_00099,CUST_00099,Pro,199,2023-05-17,,Active
SUB_00100,CUST_00100,Enterprise,999,2022-05-21,2023-01-19,Churned
SUB_00101,CUST_00101,Starter,49,2023-09-12,2024-02-08,Churned
SUB_00102,CUST_00102,Enterprise,999,2023-03-23,,Active
SUB_00103,CUST_00103,Pro,199,2022-10-17,,Active
SUB_00104,CUST_00104,Starter,49,2022-07-28,,Active
SUB_00105,CUST_00105,Pro,199,2023-04-20,,Active
SUB_00106,CUST_00106,Starter,49,2023-02-17,2023-11-14,Churned
SUB_00107,CUST_00107,Pro,199,2023-11-08,2024-11-06,Churned
SUB_00108,CUST_00108,Starter,49,2023-03-03,2023-10-20,Churned
SUB_00109,CUST_00109,Pro,199,2023-01-06,,Active
SUB_00110,CUST_00110,Starter,49,2023-10-26,,Active
SUB_00111,CUST_00111,Pro,199,2022-10-17,2023-09-03,Churned
SUB_00112,CUST_00112,Pro,199,2023-03-08,,Active
SUB_00113,CUST_00113,Starter,49,2022-09-25,,Active
SUB_00114,CUST_00114,Starter,49,2022-05-31,2022-08-22,Churned
SUB_00115,CUST_00115,Starter,49,2022-09-12,,Active
SUB_00116,CUST_00116,Pro,199,2022-12-19,,Active
SUB_00117,CUST_00117,Starter,49,2023-01-12,,Active
SUB_00118,CUST_00118,Pro,199,2023-10-15,,Active
SUB_00119,CUST_00119,Starter,49,2022-12-24,,Active
SUB_00120,CUST_00120,Starter,49,2023-08-31,,Active
SUB_00121,CUST_00121,Starter,49,2023-01-05,,Active
SUB_00122,CUST_00122,Starter,49,2022-08-15,,Active
SUB_00123,CUST_00123,Pro,199,2022-10-30,,Active
SUB_00124,CUST_00124,Enterprise,999,2023-01-24,,Active
SUB_00125,CUST_00125,Starter,49,2023-01-12,2023-07-05,Churned
SUB_00126,CUST_00126,Pro,199,2022-04-28,,Active
SUB_00127,CUST_00127,Starter,49,2022-01-05,,Active
SUB_00128,CUST_00128,Pro,199,2023-03-20,,Active
SUB_00129,CUST_00129,Starter,49,2022-12-18,2023-04-12,Churned
SUB_00130,CUST_00130,Pro,199,2023-06-17,,Active
SUB_00131,CUST_00131,Enterprise,999,2023-10-26,,Active
SUB_00132,CUST_00132,Starter,49,2023-10-02,2023-11-22,Churned
SUB_00133,CUST_00133,Pro,199,2022-05-04,,Active
SUB_00134,CUST_00134,Starter,49,2023-10-20,,Active
SUB_00135,CUST_00135,Starter,49,2022-10-04,,Active
SUB_00136,CUST_00136,Starter,49,2023-01-29,,Active
SUB_00137,CUST_00137,Starter,49,2023-10-26,,Active
SUB_00138,CUST_00138,Starter,49,2022-12-26,,Active
SUB_00139,CUST_00139,Starter,49,2023-09-15,,Active
SUB_00140,CUST_00140,Starter,49,2023-04-14,,Active
SUB_00141,CUST_00141,Starter,49,2023-09-20,,Active
SUB_00142,CUST_00142,Pro,199,2023-12-01,,Active
SUB_00143,CUST_00143,Enterprise,999,2022-02-26,,Active
SUB_00144,CUST_00144,Starter,49,2022-09-08,,Active
SUB_00145,CUST_00145,Starter,49,2022-05-30,2023-05-25,Churned
SUB_00146,CUST_00146,Starter,49,2023-03-28,2024-02-12,Churned
SUB_00147,CUST_00147,Pro,199,2022-06-11,2023-03-03,Churned
SUB_00148,CUST_00148,Pro,199,2022-04-30,,Active
SUB_00149,CUST_00149,Starter,49,2023-08-05,2023-10-02,Churned
SUB_00150,CUST_00150,Starter,49,2022-12-17,,Active
SUB_00151,CUST_00151,Starter,49,2022-04-09,2022-11-07,Churned
SUB_00152,CUST_00152,Starter,49,2022-06-16,,Active
SUB_00153,CUST_00153,Enterprise,999,2023-10-25,,Active
SUB_00154,CUST_00154,Pro,199,2023-05-29,,Active
SUB_00155,CUST_00155,Starter,49,2023-10-26,,Active
SUB_00156,CUST_00156,Pro,199,2023-02-05,2023-08-13,Churned
SUB_00157,CUST_00157,Starter,49,2022-12-31,2023-02-16,Churned
SUB_00158,CUST_00158,Starter,49,2023-07-31,2023-10-06,Churned
SUB_00159,CUST_00159,Pro,199,2022-11-22,,Active
SUB_00160,CUST_00160,Pro,199,2023-08-04,,Active
SUB_00161,CUST_00161,Starter,49,2023-09-25,,Active
SUB_00162,CUST_00162,Starter,49,2023-09-13,2024-01-21,Churned
SUB_00163,CUST_00163,Pro,199,2022-09-04,,Active
SUB_00164,CUST_00164,Pro,199,2023-03-10,2024-01-23,Churned
SUB_00165,CUST_00165,Starter,49,2022-04-03,,Active
SUB_00166,CUST_00166,Starter,49,2022-09-25,,Active
SUB_00167,CUST_00167,Starter,49,2023-09-07,2024-03-27,Churned
SUB_00168,CUST_00168,Enterprise,999,2023-09-16,,Active
SUB_00169,CUST_00169,Pro,199,2022-11-17,,Active
SUB_00170,CUST_00170,Starter,49,2022-03-03,,Active
SUB_00171,CUST_00171,Pro,199,2022-10-27,2023-01-31,Churned
SUB_00172,CUST_00172,Pro,199,2023-02-07,,Active
SUB_00173,CUST_00173,Starter,49,2023-10-10,,Active
SUB_00174,CUST_00174,Starter,49,2023-07-21,,Active
SUB_00175,CUST_00175,Pro,199,2023-09-12,,Active
SUB_00176,CUST_00176,Pro,199,2022-10-30,,Active
SUB_00177,CUST_00177,Pro,199,2022-09-10,,Active
SUB_00178,CUST_00178,Pro,199,2023-04-23,2023-11-29,Churned
SUB_00179,CUST_00179,Starter,49,2023-01-04,2023-03-17,Churned
SUB_00180,CUST_00180,Starter,49,2023-11-10,,Active
SUB_00181,CUST_00181,Enterprise,999,2022-06-09,2022-11-08,Churned
SUB_00182,CUST_00182,Starter,49,2022-06-15,,Active
SUB_00183,CUST_00183,Pro,199,2022-07-24,,Active
SUB_00184,CUST_00184,Pro,199,2022-09-24,,Active
SUB_00185,CUST_00185,Pro,199,2022-05-18,,Active
SUB_00186,CUST_00186,Starter,49,2023-01-03,,Active
SUB_00187,CUST_00187,Pro,199,2023-03-19,,Active
SUB_00188,CUST_00188,Pro,199,2023-07-21,2024-05-23,Churned
SUB_00189,CUST_00189,Pro,199,2022-01-17,,Active
SUB_00190,CUST_00190,Starter,49,2022-03-09,2022-10-20,Churned
SUB_00191,CUST_00191,Starter,49,2022-05-13,,Active
SUB_00192,CUST_00192,Starter,49,2023-12-01,,Active
SUB_00193,CUST_00193,Starter,49,2023-03-06,,Active
SUB_00194,CUST_00194,Starter,49,2022-11-04,,Active
SUB_00195,CUST_00195,Enterprise,999,2023-10-12,2024-10-08,Churned
SUB_00196,CUST_00196,Pro,199,2022-06-23,,Active
SUB_00197,CUST_00197,Pro,199,2023-02-16,,Active
SUB_00198,CUST_00198,Pro,199,2022-04-07,2022-09-08,Churned
SUB_00199,CUST_00199,Starter,49,2023-11-14,2024-03-18,Churned
SUB_00200,CUST_00200,Enterprise,999,2022-06-03,,Active
SUB_00201,CUST_00201,Starter,49,2023-11-26,,Active
SUB_00202,CUST_00202,Starter,49,2022-08-30,,Active
SUB_00203,CUST_00203,Starter,49,2022-10-31,,Active
SUB_00204,CUST_00204,Pro,199,2022-10-12,2023-04-16,Churned
SUB_00205,CUST_00205,Pro,199,2022-01-27,,Active
SUB_00206,CUST_00206,Starter,49,2023-02-06,,Active
SUB_00207,CUST_00207,Pro,199,2022-12-26,,Active
SUB_00208,CUST_00208,Starter,49,2022-03-01,,Active
SUB_00209,CUST_00209,Starter,49,2022-07-21,2022-09-28,Churned
SUB_00210,CUST_00210,Pro,199,2023-08-04,,Active
SUB_00211,CUST_00211,Pro,199,2023-01-05,,Active
SUB_00212,CUST_00212,Pro,199,2023-06-17,2024-01-05,Churned
SUB_00213,CUST_00213,Pro,199,2022-06-01,,Active
SUB_00214,CUST_00214,Pro,199,2022-04-12,,Active
SUB_00215,CUST_00215,Pro,199,2023-08-30,,Active
SUB_00216,CUST_00216,Pro,199,2023-03-22,,Active
SUB_00217,CUST_00217,Pro,199,2022-08-17,,Active
SUB_00218,CUST_00218,Enterprise,999,2022-05-05,,Active
SUB_00219,CUST_00219,Enterprise,999,2022-08-24,,Active
SUB_00220,CUST_00220,Starter,49,2022-06-11,2022-12-30,Churned
SUB_00221,CUST_00221,Pro,199,2023-07-08,,Active
SUB_00222,CUST_00222,Starter,49,2022-12-19,,Active
SUB_00223,CUST_00223,Starter,49,2022-03-09,,Active
SUB_00224,CUST_00224,Pro,199,2022-06-22,2022-11-18,Churned
SUB_00225,CUST_00225,Starter,49,2023-09-29,,Active
SUB_00226,CUST_00226,Pro,199,2023-11-13,2024-09-10,Churned
SUB_00227,CUST_00227,Pro,199,2023-07-13,,Active
SUB_00228,CUST_00228,Starter,49,2022-09-18,2023-09-01,Churned
SUB_00229,CUST_00229,Starter,49,2022-08-05,,Active
SUB_00230,CUST_00230,Enterprise,999,2022-05-04,2023-02-18,Churned
SUB_00231,CUST_00231,Starter,49,2022-06-11,,Active
SUB_00232,CUST_00232,Starter,49,2022-07-20,,Active
SUB_00233,CUST_00233,Starter,49,2023-03-30,,Active
SUB_00234,CUST_00234,Pro,199,2023-02-06,,Active
SUB_00235,CUST_00235,Pro,199,2023-04-07,,Active
SUB_00236,CUST_00236,Pro,199,2022-10-02,2023-08-08,Churned
SUB_00237,CUST_00237,Starter,49,2022-07-25,2023-07-18,Churned
SUB_00238,CUST_00238,Pro,199,2022-02-09,,Active
SUB_00239,CUST_00239,Pro,199,2022-09-30,,Active
SUB_00240,CUST_00240,Starter,49,2023-12-01,,Active
SUB_00241,CUST_00241,Pro,199,2022-04-03,2022-09-03,Churned
SUB_00242,CUST_00242,Pro,199,2022-02-11,2022-12-15,Churned
SUB_00243,CUST_00243,Pro,199,2023-04-10,2023-08-10,Churned
SUB_00244,CUST_00244,Starter,49,2023-01-14,,Active
SUB_00245,CUST_00245,Starter,49,2022-04-17,2022-06-20,Churned
SUB_00246,CUST_00246,Starter,49,2022-11-24,2023-10-30,Churned
SUB_00247,CUST_00247,Starter,49,2022-03-06,,Active
SUB_00248,CUST_00248,Pro,199,2022-12-31,,Active
SUB_00249,CUST_00249,Starter,49,2023-04-29,,Active
SUB_00250,CUST_00250,Pro,199,2023-10-09,,Active
SUB_00251,CUST_00251,Starter,49,2022-01-24,,Active
SUB_00252,CUST_00252,Starter,49,2023-06-24,,Active
SUB_00253,CUST_00253,Pro,199,2022-03-03,,Active
SUB_00254,CUST_00254,Starter,49,2023-05-06,,Active
SUB_00255,CUST_00255,Pro,199,2022-09-30,,Active
SUB_00256,CUST_00256,Starter,49,2022-08-17,,Active
SUB_00257,CUST_00257,Starter,49,2022-01-20,2022-06-26,Churned
SUB_00258,CUST_00258,Pro,199,2022-01-03,,Active
SUB_00259,CUST_00259,Pro,199,2023-02-25,,Active
SUB_00260,CUST_00260,Starter,49,2022-11-03,,Active
SUB_00261,CUST_00261,Starter,49,2023-03-08,2023-04-26,Churned
SUB_00262,CUST_00262,Pro,199,2022-05-16,2023-03-02,Churned
SUB_00263,CUST_00263,Enterprise,999,2023-05-30,,Active
SUB_00264,CUST_00264,Pro,199,2022-07-12,2023-01-24,Churned
SUB_00265,CUST_00265,Starter,49,2023-08-08,,Active
SUB_00266,CUST_00266,Enterprise,999,2023-02-19,2024-02-02,Churned
SUB_00267,CUST_00267,Starter,49,2022-04-28,,Active
SUB_00268,CUST_00268,Starter,49,2023-10-28,,Active
SUB_00269,CUST_00269,Pro,199,2022-07-28,,Active
SUB_00270,CUST_00270,Starter,49,2022-02-03,,Active
SUB_00271,CUST_00271,Starter,49,2023-10-11,,Active
SUB_00272,CUST_00272,Starter,49,2022-11-14,,Active
SUB_00273,CUST_00273,Starter,49,2022-04-30,2023-01-20,Churned
SUB_00274,CUST_00274,Pro,199,2023-09-19,,Active
SUB_00275,CUST_00275,Pro,199,2023-06-09,,Active
SUB_00276,CUST_00276,Starter,49,2023-08-04,,Active
SUB_00277,CUST_00277,Pro,199,2022-03-30,,Active
SUB_00278,CUST_00278,Enterprise,999,2023-05-27,,Active
SUB_00279,CUST_00279,Pro,199,2022-02-16,,Active
SUB_00280,CUST_00280,Starter,49,2023-11-23,,Active
SUB_00281,CUST_00281,Enterprise,999,2023-06-06,,Active
SUB_00282,CUST_00282,Pro,199,2022-10-11,,Active
SUB_00283,CUST_00283,Starter,49,2023-01-12,,Active
SUB_00284,CUST_00284,Starter,49,2023-09-30,,Active
SUB_00285,CUST_00285,Starter,49,2022-05-14,,Active
SUB_00286,CUST_00286,Pro,199,2023-10-29,2023-12-29,Churned
SUB_00287,CUST_00287,Starter,49,2022-09-05,,Active
SUB_00288,CUST_00288,Pro,199,2023-10-14,,Active
SUB_00289,CUST_00289,Starter,49,2022-11-14,2023-08-01,Churned
SUB_00290,CUST_00290,Enterprise,999,2023-03-12,,Active
SUB_00291,CUST_00291,Starter,49,2022-06-25,2023-01-31,Churned
SUB_00292,CUST_00292,Enterprise,999,2023-11-17,,Active
SUB_00293,CUST_00293,Enterprise,999,2023-08-09,,Active
SUB_00294,CUST_00294,Starter,49,2022-12-17,2023-12-11,Churned
SUB_00295,CUST_00295,Starter,49,2022-05-23,2022-11-13,Churned
SUB_00296,CUST_00296,Starter,49,2023-02-02,,Active
SUB_00297,CUST_00297,Enterprise,999,2023-09-16,,Active
SUB_00298,CUST_00298,Pro,199,2023-10-05,2024-02-12,Churned
SUB_00299,CUST_00299,Starter,49,2023-01-04,,Active
SUB_00300,CUST_00300,Starter,49,2023-05-16,,Active
SUB_00301,CUST_00301,Starter,49,2023-09-14,2023-12-31,Churned
SUB_00302,CUST_00302,Enterprise,999,2023-01-05,,Active
SUB_00303,CUST_00303,Pro,199,2023-08-02,2024-02-07,Churned
SUB_00304,CUST_00304,Pro,199,2023-01-17,,Active
SUB_00305,CUST_00305,Starter,49,2022-03-27,2023-01-05,Churned
SUB_00306,CUST_00306,Starter,49,2023-04-05,2024-02-07,Churned
SUB_00307,CUST_00307,Enterprise,999,2022-11-21,,Active
SUB_00308,CUST_00308,Starter,49,2023-06-06,,Active
SUB_00309,CUST_00309,Enterprise,999,2023-05-04,,Active
SUB_00310,CUST_00310,Starter,49,2023-02-01,2023-09-06,Churned
SUB_00311,CUST_00311,Starter,49,2022-12-21,2023-08-17,Churned
SUB_00312,CUST_00312,Pro,199,2022-10-15,,Active
SUB_00313,CUST_00313,Enterprise,999,2023-04-04,,Active
SUB_00314,CUST_00314,Enterprise,999,2023-09-16,2024-06-12,Churned
SUB_00315,CUST_00315,Starter,49,2023-06-20,,Active
SUB_00316,CUST_00316,Starter,49,2022-10-18,,Active
SUB_00317,CUST_00317,Pro,199,2022-06-17,2022-09-10,Churned
SUB_00318,CUST_00318,Pro,199,2023-09-13,2024-02-26,Churned
SUB_00319,CUST_00319,Pro,199,2023-03-04,2023-07-17,Churned
SUB_00320,CUST_00320,Starter,49,2023-05-05,,Active
SUB_00321,CUST_00321,Enterprise,999,2022-12-21,,Active
SUB_00322,CUST_00322,Pro,199,2022-07-15,,Active
SUB_00323,CUST_00323,Pro,199,2023-06-29,,Active
SUB_00324,CUST_00324,Pro,199,2023-11-25,2024-03-02,Churned
SUB_00325,CUST_00325,Starter,49,2023-10-21,,Active
SUB_00326,CUST_00326,Enterprise,999,2022-01-11,,Active
SUB_00327,CUST_00327,Pro,199,2023-08-05,,Active
SUB_00328,CUST_00328,Pro,199,2022-09-13,,Active
SUB_00329,CUST_00329,Enterprise,999,2023-01-31,2023-09-07,Churned
SUB_00330,CUST_00330,Pro,199,2023-02-13,2023-09-22,Churned
SUB_00331,CUST_00331,Pro,199,2022-12-28,2023-10-31,Churned
SUB_00332,CUST_00332,Starter,49,2022-09-16,,Active
SUB_00333,CUST_00333,Starter,49,2022-01-03,,Active
SUB_00334,CUST_00334,Starter,49,2022-03-25,2022-05-25,Churned
SUB_00335,CUST_00335,Starter,49,2022-06-05,2022-12-26,Churned
SUB_00336,CUST_00336,Starter,49,2023-10-25,,Active
SUB_00337,CUST_00337,Starter,49,2022-06-25,,Active
SUB_00338,CUST_00338,Starter,49,2023-04-17,,Active
SUB_00339,CUST_00339,Starter,49,2023-09-11,2024-06-24,Churned
SUB_00340,CUST_00340,Starter,49,2023-02-28,,Active
SUB_00341,CUST_00341,Starter,49,2022-05-14,2022-10-13,Churned
SUB_00342,CUST_00342,Pro,199,2023-01-15,2023-05-09,Churned
SUB_00343,CUST_00343,Pro,199,2023-10-29,,Active
SUB_00344,CUST_00344,Starter,49,2022-10-04,,Active
SUB_00345,CUST_00345,Pro,199,2022-08-24,2023-04-26,Churned
SUB_00346,CUST_00346,Pro,199,2022-01-13,2022-09-15,Churned
SUB_00347,CUST_00347,Starter,49,2022-12-08,,Active
SUB_00348,CUST_00348,Pro,199,2022-02-04,,Active
SUB_00349,CUST_00349,Enterprise,999,2023-07-13,,Active
SUB_00350,CUST_00350,Pro,199,2022-08-02,,Active
SUB_00351,CUST_00351,Starter,49,2023-02-16,2023-03-31,Churned
SUB_00352,CUST_00352,Pro,199,2023-02-09,2023-04-16,Churned
SUB_00353,CUST_00353,Starter,49,2023-05-09,2023-07-04,Churned
SUB_00354,CUST_00354,Pro,199,2023-10-20,,Active
SUB_00355,CUST_00355,Enterprise,999,2022-06-08,,Active
SUB_00356,CUST_00356,Pro,199,2023-09-29,2024-03-28,Churned
SUB_00357,CUST_00357,Enterprise,999,2022-04-20,,Active
SUB_00358,CUST_00358,Starter,49,2023-07-03,2023-10-04,Churned
SUB_00359,CUST_00359,Enterprise,999,2023-06-10,2023-09-17,Churned
SUB_00360,CUST_00360,Pro,199,2022-12-13,,Active
SUB_00361,CUST_00361,Starter,49,2023-09-28,,Active
SUB_00362,CUST_00362,Pro,199,2022-10-06,2023-04-07,Churned
SUB_00363,CUST_00363,Starter,49,2023-04-24,2024-01-31,Churned
SUB_00364,CUST_00364,Starter,49,2022-04-21,,Active
SUB_00365,CUST_00365,Pro,199,2023-09-28,,Active
SUB_00366,CUST_00366,Starter,49,2023-03-07,,Active
SUB_00367,CUST_00367,Pro,199,2023-06-26,,Active
SUB_00368,CUST_00368,Starter,49,2022-04-25,2023-02-19,Churned
SUB_00369,CUST_00369,Starter,49,2022-03-31,2022-05-28,Churned
SUB_00370,CUST_00370,Enterprise,999,2022-07-31,2022-11-11,Churned
SUB_00371,CUST_00371,Starter,49,2023-07-04,,Active
SUB_00372,CUST_00372,Pro,199,2023-08-18,,Active
SUB_00373,CUST_00373,Pro,199,2023-06-23,,Active
SUB_00374,CUST_00374,Pro,199,2022-12-26,2023-11-04,Churned
SUB_00375,CUST_00375,Enterprise,999,2023-05-01,,Active
SUB_00376,CUST_00376,Pro,199,2023-01-07,2023-04-05,Churned
SUB_00377,CUST_00377,Starter,49,2022-08-03,2023-05-02,Churned
SUB_00378,CUST_00378,Pro,199,2022-01-15,2023-01-08,Churned
SUB_00379,CUST_00379,Starter,49,2022-09-16,2023-03-13,Churned
SUB_00380,CUST_00380,Pro,199,2023-04-08,2023-05-17,Churned
SUB_00381,CUST_00381,Enterprise,999,2022-04-30,,Active
SUB_00382,CUST_00382,Pro,199,2022-05-08,2022-10-16,Churned
SUB_00383,CUST_00383,Pro,199,2023-06-07,,Active
SUB_00384,CUST_00384,Pro,199,2023-11-19,,Active
SUB_00385,CUST_00385,Pro,199,2023-10-07,,Active
SUB_00386,CUST_00386,Enterprise,999,2022-11-21,2023-02-20,Churned
SUB_00387,CUST_00387,Starter,49,2022-11-16,,Active
SUB_00388,CUST_00388,Starter,49,2023-05-21,,Active
SUB_00389,CUST_00389,Starter,49,2023-06-10,2024-03-27,Churned
SUB_00390,CUST_00390,Pro,199,2022-02-19,2022-10-24,Churned
SUB_00391,CUST_00391,Starter,49,2023-08-07,2024-04-24,Churned
SUB_00392,CUST_00392,Starter,49,2022-03-10,,Active
SUB_00393,CUST_00393,Starter,49,2023-01-26,,Active
SUB_00394,CUST_00394,Enterprise,999,2023-01-18,,Active
SUB_00395,CUST_00395,Pro,199,2022-01-16,,Active
SUB_00396,CUST_00396,Starter,49,2023-03-15,,Active
SUB_00397,CUST_00397,Starter,49,2023-07-22,2023-10-31,Churned
SUB_00398,CUST_00398,Starter,49,2023-09-09,,Active
SUB_00399,CUST_00399,Starter,49,2022-05-12,,Active
SUB_00400,CUST_00400,Starter,49,2023-07-14,,Active
SUB_00401,CUST_00401,Enterprise,999,2022-09-05,,Active
SUB_00402,CUST_00402,Enterprise,999,2022-09-30,,Active
SUB_00403,CUST_00403,Starter,49,2023-09-15,,Active
SUB_00404,CUST_00404,Starter,49,2022-12-15,2023-01-29,Churned
SUB_00405,CUST_00405,Starter,49,2023-04-29,,Active
SUB_00406,CUST_00406,Starter,49,2023-07-04,,Active
SUB_00407,CUST_00407,Starter,49,2022-12-23,,Active
SUB_00408,CUST_00408,Starter,49,2022-11-14,,Active
SUB_00409,CUST_00409,Starter,49,2023-09-25,,Active
SUB_00410,CUST_00410,Pro,199,2022-02-17,,Active
SUB_00411,CUST_00411,Pro,199,2022-01-10,,Active
SUB_00412,CUST_00412,Pro,199,2022-08-21,,Active
SUB_00413,CUST_00413,Starter,49,2022-02-05,,Active
SUB_00414,CUST_00414,Enterprise,999,2023-02-17,,Active
SUB_00415,CUST_00415,Enterprise,999,2023-04-07,,Active
SUB_00416,CUST_00416,Starter,49,2022-01-04,,Active
SUB_00417,CUST_00417,Starter,49,2022-02-13,,Active
SUB_00418,CUST_00418,Pro,199,2023-07-22,,Active
SUB_00419,CUST_00419,Starter,49,2023-07-08,,Active
SUB_00420,CUST_00420,Starter,49,2022-09-12,,Active
SUB_00421,CUST_00421,Pro,199,2022-04-24,,Active
SUB_00422,CUST_00422,Pro,199,2023-02-01,,Active
SUB_00423,CUST_00423,Starter,49,2022-06-23,,Active
SUB_00424,CUST_00424,Pro,199,2022-09-12,2022-11-18,Churned
SUB_00425,CUST_00425,Enterprise,999,2023-04-11,2023-11-03,Churned
SUB_00426,CUST_00426,Starter,49,2022-10-04,2023-09-19,Churned
SUB_00427,CUST_00427,Pro,199,2023-04-09,2023-07-30,Churned
SUB_00428,CUST_00428,Starter,49,2023-05-17,2023-07-02,Churned
SUB_00429,CUST_00429,Starter,49,2023-03-17,2023-09-18,Churned
SUB_00430,CUST_00430,Pro,199,2022-03-10,,Active
SUB_00431,CUST_00431,Starter,49,2023-05-24,,Active
SUB_00432,CUST_00432,Starter,49,2022-11-22,,Active
SUB_00433,CUST_00433,Starter,49,2022-03-08,2022-09-25,Churned
SUB_00434,CUST_00434,Pro,199,2022-10-31,2023-02-07,Churned
SUB_00435,CUST_00435,Pro,199,2023-04-29,,Active
SUB_00436,CUST_00436,Starter,49,2023-07-02,2023-10-10,Churned
SUB_00437,CUST_00437,Pro,199,2023-02-21,,Active
SUB_00438,CUST_00438,Starter,49,2022-06-08,,Active
SUB_00439,CUST_00439,Pro,199,2022-05-29,,Active
SUB_00440,CUST_00440,Starter,49,2022-01-27,,Active
SUB_00441,CUST_00441,Pro,199,2023-08-07,,Active
SUB_00442,CUST_00442,Enterprise,999,2022-09-05,2023-06-16,Churned
SUB_00443,CUST_00443,Enterprise,999,2022-04-11,2022-09-18,Churned
SUB_00444,CUST_00444,Starter,49,2022-04-06,,Active
SUB_00445,CUST_00445,Pro,199,2023-01-19,,Active
SUB_00446,CUST_00446,Starter,49,2022-10-09,2022-12-26,Churned
SUB_00447,CUST_00447,Enterprise,999,2022-11-18,,Active
SUB_00448,CUST_00448,Starter,49,2023-01-31,,Active
SUB_00449,CUST_00449,Starter,49,2022-10-05,,Active
SUB_00450,CUST_00450,Starter,49,2023-06-13,,Active
SUB_00451,CUST_00451,Starter,49,2022-09-20,,Active
SUB_00452,CUST_00452,Pro,199,2023-09-11,,Active
SUB_00453,CUST_00453,Enterprise,999,2023-08-03,2023-09-22,Churned
SUB_00454,CUST_00454,Pro,199,2023-10-02,,Active
SUB_00455,CUST_00455,Pro,199,2022-10-20,,Active
SUB_00456,CUST_00456,Pro,199,2022-10-21,,Active
SUB_00457,CUST_00457,Starter,49,2023-08-31,2024-08-14,Churned
SUB_00458,CUST_00458,Starter,49,2023-01-30,2023-10-06,Churned
SUB_00459,CUST_00459,Starter,49,2023-05-28,,Active
SUB_00460,CUST_00460,Starter,49,2022-06-29,,Active
SUB_00461,CUST_00461,Starter,49,2023-11-24,,Active
SUB_00462,CUST_00462,Starter,49,2022-08-23,,Active
SUB_00463,CUST_00463,Starter,49,2022-12-03,,Active
SUB_00464,CUST_00464,Starter,49,2022-01-08,,Active
SUB_00465,CUST_00465,Enterprise,999,2023-03-19,,Active
SUB_00466,CUST_00466,Starter,49,2023-06-23,2024-01-25,Churned
SUB_00467,CUST_00467,Pro,199,2023-10-20,,Active
SUB_00468,CUST_00468,Pro,199,2022-04-01,2022-06-01,Churned
SUB_00469,CUST_00469,Pro,199,2022-09-29,2023-05-19,Churned
SUB_00470,CUST_00470,Starter,49,2022-01-05,2022-11-06,Churned
SUB_00471,CUST_00471,Starter,49,2023-08-17,2024-05-14,Churned
SUB_00472,CUST_00472,Starter,49,2022-08-07,,Active
SUB_00473,CUST_00473,Starter,49,2022-04-28,2022-06-12,Churned
SUB_00474,CUST_00474,Starter,49,2023-08-16,,Active
SUB_00475,CUST_00475,Pro,199,2023-08-05,,Active
SUB_00476,CUST_00476,Pro,199,2022-04-25,,Active
SUB_00477,CUST_00477,Pro,199,2022-09-20,2023-08-31,Churned
SUB_00478,CUST_00478,Starter,49,2022-11-02,2023-05-23,Churned
SUB_00479,CUST_00479,Starter,49,2023-10-16,,Active
SUB_00480,CUST_00480,Pro,199,2023-02-26,,Active
SUB_00481,CUST_00481,Starter,49,2022-07-26,,Active
SUB_00482,CUST_00482,Pro,199,2023-09-15,2024-02-28,Churned
SUB_00483,CUST_00483,Pro,199,2022-10-30,,Active
SUB_00484,CUST_00484,Starter,49,2022-04-22,,Active
SUB_00485,CUST_00485,Starter,49,2023-02-21,,Active
SUB_00486,CUST_00486,Starter,49,2023-07-09,,Active
SUB_00487,CUST_00487,Starter,49,2022-10-12,2023-05-08,Churned
SUB_00488,CUST_00488,Starter,49,2023-10-02,,Active
SUB_00489,CUST_00489,Starter,49,2022-07-04,,Active
SUB_00490,CUST_00490,Starter,49,2022-08-09,,Active
SUB_00491,CUST_00491,Pro,199,2023-03-20,,Active
SUB_00492,CUST_00492,Pro,199,2022-04-27,,Active
SUB_00493,CUST_00493,Starter,49,2022-03-11,,Active
SUB_00494,CUST_00494,Enterprise,999,2022-03-11,2022-06-09,Churned
SUB_00495,CUST_00495,Enterprise,999,2023-09-14,,Active
SUB_00496,CUST_00496,Enterprise,999,2023-03-03,2023-07-14,Churned
SUB_00497,CUST_00497,Pro,199,2023-10-06,,Active
SUB_00498,CUST_00498,Starter,49,2023-07-22,2024-07-02,Churned
SUB_00499,CUST_00499,Starter,49,2023-03-19,,Active
SUB_00500,CUST_00500,Pro,199,2023-08-24,,Active
SUB_00501,CUST_00501,Pro,199,2022-05-17,,Active
SUB_00502,CUST_00502,Pro,199,2023-05-19,,Active
SUB_00503,CUST_00503,Enterprise,999,2022-05-11,2022-12-21,Churned
SUB_00504,CUST_00504,Pro,199,2022-08-06,,Active
SUB_00505,CUST_00505,Starter,49,2023-11-19,,Active
SUB_00506,CUST_00506,Starter,49,2022-06-20,,Active
SUB_00507,CUST_00507,Starter,49,2023-04-20,2024-01-30,Churned
SUB_00508,CUST_00508,Pro,199,2023-09-04,,Active
SUB_00509,CUST_00509,Pro,199,2022-05-09,2022-08-22,Churned
SUB_00510,CUST_00510,Pro,199,2022-02-26,2022-12-23,Churned
SUB_00511,CUST_00511,Pro,199,2022-06-30,,Active
SUB_00512,CUST_00512,Enterprise,999,2022-09-03,,Active
SUB_00513,CUST_00513,Pro,199,2022-05-24,,Active
SUB_00514,CUST_00514,Pro,199,2022-02-20,2022-09-18,Churned
SUB_00515,CUST_00515,Starter,49,2023-01-03,,Active
SUB_00516,CUST_00516,Pro,199,2023-04-04,2023-09-12,Churned
SUB_00517,CUST_00517,Pro,199,2022-08-06,,Active
SUB_00518,CUST_00518,Starter,49,2023-09-08,,Active
SUB_00519,CUST_00519,Starter,49,2023-07-21,,Active
SUB_00520,CUST_00520,Enterprise,999,2022-09-14,,Active
SUB_00521,CUST_00521,Starter,49,2022-06-05,2022-12-02,Churned
SUB_00522,CUST_00522,Starter,49,2023-07-19,,Active
SUB_00523,CUST_00523,Starter,49,2023-03-18,,Active
SUB_00524,CUST_00524,Pro,199,2023-11-30,,Active
SUB_00525,CUST_00525,Pro,199,2023-10-24,,Active
SUB_00526,CUST_00526,Starter,49,2022-01-25,2022-07-28,Churned
SUB_00527,CUST_00527,Starter,49,2023-10-26,,Active
SUB_00528,CUST_00528,Enterprise,999,2023-06-20,,Active
SUB_00529,CUST_00529,Pro,199,2022-03-01,2022-11-20,Churned
SUB_00530,CUST_00530,Pro,199,2023-04-12,2024-01-14,Churned
SUB_00531,CUST_00531,Starter,49,2023-03-10,,Active
SUB_00532,CUST_00532,Starter,49,2022-03-07,,Active
SUB_00533,CUST_00533,Starter,49,2023-07-19,,Active
SUB_00534,CUST_00534,Pro,199,2022-04-16,2022-10-27,Churned
SUB_00535,CUST_00535,Starter,49,2022-04-06,,Active
SUB_00536,CUST_00536,Starter,49,2023-11-19,,Active
SUB_00537,CUST_00537,Starter,49,2023-07-05,,Active
SUB_00538,CUST_00538,Starter,49,2022-06-17,,Active
SUB_00539,CUST_00539,Pro,199,2022-02-11,2022-10-03,Churned
SUB_00540,CUST_00540,Starter,49,2022-04-14,,Active
SUB_00541,CUST_00541,Pro,199,2022-07-23,,Active
SUB_00542,CUST_00542,Enterprise,999,2023-06-04,2023-12-15,Churned
SUB_00543,CUST_00543,Starter,49,2022-10-09,,Active
SUB_00544,CUST_00544,Pro,199,2022-02-12,,Active
SUB_00545,CUST_00545,Enterprise,999,2022-04-20,,Active
SUB_00546,CUST_00546,Enterprise,999,2022-07-29,,Active
SUB_00547,CUST_00547,Starter,49,2022-02-18,,Active
SUB_00548,CUST_00548,Starter,49,2022-04-25,,Active
SUB_00549,CUST_00549,Starter,49,2022-06-04,,Active
SUB_00550,CUST_00550,Pro,199,2023-10-11,,Active
SUB_00551,CUST_00551,Pro,199,2023-05-18,,Active
SUB_00552,CUST_00552,Pro,199,2023-11-10,2024-07-09,Churned
SUB_00553,CUST_00553,Starter,49,2022-03-12,,Active
SUB_00554,CUST_00554,Starter,49,2023-06-03,,Active
SUB_00555,CUST_00555,Pro,199,2022-12-02,,Active
SUB_00556,CUST_00556,Starter,49,2022-03-08,,Active
SUB_00557,CUST_00557,Pro,199,2023-05-08,,Active
SUB_00558,CUST_00558,Starter,49,2023-10-12,,Active
SUB_00559,CUST_00559,Starter,49,2022-08-01,,Active
SUB_00560,CUST_00560,Starter,49,2022-06-30,,Active
SUB_00561,CUST_00561,Starter,49,2023-09-05,,Active
SUB_00562,CUST_00562,Starter,49,2023-08-22,,Active
SUB_00563,CUST_00563,Starter,49,2023-11-28,,Active
SUB_00564,CUST_00564,Starter,49,2023-08-26,,Active
SUB_00565,CUST_00565,Starter,49,2022-09-05,2023-06-15,Churned
SUB_00566,CUST_00566,Starter,49,2022-08-02,,Active
SUB_00567,CUST_00567,Pro,199,2022-12-25,,Active
SUB_00568,CUST_00568,Starter,49,2022-09-06,,Active
SUB_00569,CUST_00569,Pro,199,2023-09-30,,Active
SUB_00570,CUST_00570,Pro,199,2023-05-31,2023-12-03,Churned
SUB_00571,CUST_00571,Pro,199,2022-03-29,,Active
SUB_00572,CUST_00572,Enterprise,999,2023-10-25,2024-05-18,Churned
SUB_00573,CUST_00573,Starter,49,2022-06-25,,Active
SUB_00574,CUST_00574,Pro,199,2023-03-02,,Active
SUB_00575,CUST_00575,Enterprise,999,2023-08-26,,Active
SUB_00576,CUST_00576,Pro,199,2022-03-22,,Active
SUB_00577,CUST_00577,Starter,49,2022-05-18,,Active
SUB_00578,CUST_00578,Starter,49,2023-03-09,,Active
SUB_00579,CUST_00579,Starter,49,2023-04-15,,Active
SUB_00580,CUST_00580,Pro,199,2022-12-16,,Active
SUB_00581,CUST_00581,Pro,199,2022-05-06,2022-08-18,Churned
SUB_00582,CUST_00582,Starter,49,2022-11-05,,Active
SUB_00583,CUST_00583,Pro,199,2022-08-18,,Active
SUB_00584,CUST_00584,Pro,199,2023-04-05,,Active
SUB_00585,CUST_00585,Starter,49,2022-12-11,,Active
SUB_00586,CUST_00586,Pro,199,2022-11-06,2023-06-01,Churned
SUB_00587,CUST_00587,Pro,199,2022-01-20,2022-11-29,Churned
SUB_00588,CUST_00588,Starter,49,2023-07-15,,Active
SUB_00589,CUST_00589,Pro,199,2023-10-09,,Active
SUB_00590,CUST_00590,Starter,49,2023-06-25,,Active
SUB_00591,CUST_00591,Pro,199,2023-07-14,,Active
SUB_00592,CUST_00592,Enterprise,999,2023-04-22,,Active
SUB_00593,CUST_00593,Pro,199,2022-09-26,,Active
SUB_00594,CUST_00594,Starter,49,2022-01-03,2022-12-28,Churned
SUB_00595,CUST_00595,Starter,49,2022-01-16,2022-06-27,Churned
SUB_00596,CUST_00596,Starter,49,2023-08-29,,Active
SUB_00597,CUST_00597,Pro,199,2022-12-24,2023-05-27,Churned
SUB_00598,CUST_00598,Starter,49,2023-10-08,,Active
SUB_00599,CUST_00599,Pro,199,2022-05-13,,Active
SUB_00600,CUST_00600,Starter,49,2022-11-08,,Active
SUB_00601,CUST_00601,Starter,49,2023-04-27,2024-04-02,Churned
SUB_00602,CUST_00602,Starter,49,2023-06-28,2024-06-11,Churned
SUB_00603,CUST_00603,Enterprise,999,2022-11-01,,Active
SUB_00604,CUST_00604,Pro,199,2022-09-26,2023-03-01,Churned
SUB_00605,CUST_00605,Starter,49,2023-02-18,,Active
SUB_00606,CUST_00606,Starter,49,2022-01-25,,Active
SUB_00607,CUST_00607,Pro,199,2022-11-12,,Active
SUB_00608,CUST_00608,Starter,49,2023-07-25,,Active
SUB_00609,CUST_00609,Pro,199,2023-10-30,,Active
SUB_00610,CUST_00610,Pro,199,2022-10-03,2023-06-14,Churned
SUB_00611,CUST_00611,Pro,199,2023-01-24,,Active
SUB_00612,CUST_00612,Pro,199,2023-03-20,,Active
SUB_00613,CUST_00613,Pro,199,2023-03-03,,Active
SUB_00614,CUST_00614,Enterprise,999,2022-02-26,2022-04-13,Churned
SUB_00615,CUST_00615,Enterprise,999,2023-11-28,,Active
SUB_00616,CUST_00616,Pro,199,2023-07-20,,Active
SUB_00617,CUST_00617,Starter,49,2023-01-03,,Active
SUB_00618,CUST_00618,Starter,49,2022-12-08,2023-11-13,Churned
SUB_00619,CUST_00619,Starter,49,2022-10-31,,Active
SUB_00620,CUST_00620,Pro,199,2023-01-09,,Active
SUB_00621,CUST_00621,Pro,199,2022-04-22,2023-01-22,Churned
SUB_00622,CUST_00622,Starter,49,2022-01-06,2022-06-21,Churned
SUB_00623,CUST_00623,Starter,49,2022-10-06,,Active
SUB_00624,CUST_00624,Starter,49,2023-01-17,2023-09-20,Churned
SUB_00625,CUST_00625,Pro,199,2022-01-13,2022-08-26,Churned
SUB_00626,CUST_00626,Pro,199,2022-10-30,,Active
SUB_00627,CUST_00627,Pro,199,2023-07-10,,Active
SUB_00628,CUST_00628,Starter,49,2023-09-09,,Active
SUB_00629,CUST_00629,Pro,199,2022-06-09,2023-01-25,Churned
SUB_00630,CUST_00630,Starter,49,2022-06-03,,Active
SUB_00631,CUST_00631,Pro,199,2022-06-30,,Active
SUB_00632,CUST_00632,Starter,49,2023-06-10,,Active
SUB_00633,CUST_00633,Starter,49,2022-06-29,,Active
SUB_00634,CUST_00634,Starter,49,2023-01-12,,Active
SUB_00635,CUST_00635,Starter,49,2022-06-17,,Active
SUB_00636,CUST_00636,Enterprise,999,2022-08-02,,Active
SUB_00637,CUST_00637,Starter,49,2022-05-30,2023-01-21,Churned
SUB_00638,CUST_00638,Starter,49,2022-01-16,,Active
SUB_00639,CUST_00639,Pro,199,2022-04-01,,Active
SUB_00640,CUST_00640,Pro,199,2022-04-30,,Active
SUB_00641,CUST_00641,Starter,49,2022-09-10,,Active
SUB_00642,CUST_00642,Pro,199,2022-03-01,2022-04-15,Churned
SUB_00643,CUST_00643,Pro,199,2022-09-23,,Active
SUB_00644,CUST_00644,Starter,49,2023-02-13,,Active
SUB_00645,CUST_00645,Starter,49,2022-01-31,,Active
SUB_00646,CUST_00646,Starter,49,2022-01-21,,Active
SUB_00647,CUST_00647,Pro,199,2023-08-16,,Active
SUB_00648,CUST_00648,Starter,49,2022-10-16,,Active
SUB_00649,CUST_00649,Starter,49,2023-06-27,2023-08-08,Churned
SUB_00650,CUST_00650,Pro,199,2023-05-13,,Active
SUB_00651,CUST_00651,Pro,199,2023-04-19,,Active
SUB_00652,CUST_00652,Starter,49,2023-02-09,2023-05-27,Churned
SUB_00653,CUST_00653,Pro,199,2023-07-02,,Active
SUB_00654,CUST_00654,Starter,49,2022-05-12,2023-01-10,Churned
SUB_00655,CUST_00655,Starter,49,2022-11-20,2023-11-13,Churned
SUB_00656,CUST_00656,Pro,199,2022-05-12,,Active
SUB_00657,CUST_00657,Enterprise,999,2023-06-05,,Active
SUB_00658,CUST_00658,Starter,49,2022-01-30,2022-06-27,Churned
SUB_00659,CUST_00659,Pro,199,2023-09-19,,Active
SUB_00660,CUST_00660,Pro,199,2022-10-28,2023-05-26,Churned
SUB_00661,CUST_00661,Starter,49,2022-01-04,,Active
SUB_00662,CUST_00662,Pro,199,2022-11-21,,Active
SUB_00663,CUST_00663,Starter,49,2023-05-24,,Active
SUB_00664,CUST_00664,Enterprise,999,2022-08-25,,Active
SUB_00665,CUST_00665,Pro,199,2023-06-19,,Active
SUB_00666,CUST_00666,Starter,49,2022-01-16,,Active
SUB_00667,CUST_00667,Starter,49,2023-06-18,,Active
SUB_00668,CUST_00668,Starter,49,2023-08-07,,Active
SUB_00669,CUST_00669,Starter,49,2023-03-22,,Active
SUB_00670,CUST_00670,Starter,49,2023-05-18,,Active
SUB_00671,CUST_00671,Starter,49,2022-08-18,,Active
SUB_00672,CUST_00672,Pro,199,2022-04-17,,Active
SUB_00673,CUST_00673,Starter,49,2023-01-24,2024-01-12,Churned
SUB_00674,CUST_00674,Pro,199,2022-09-20,,Active
SUB_00675,CUST_00675,Pro,199,2023-07-17,,Active
SUB_00676,CUST_00676,Starter,49,2022-03-06,2023-02-28,Churned
SUB_00677,CUST_00677,Pro,199,2022-09-22,,Active
SUB_00678,CUST_00678,Starter,49,2022-12-04,,Active
SUB_00679,CUST_00679,Starter,49,2022-10-28,,Active
SUB_00680,CUST_00680,Pro,199,2023-01-13,2023-06-28,Churned
SUB_00681,CUST_00681,Starter,49,2022-06-24,,Active
SUB_00682,CUST_00682,Pro,199,2022-06-01,2022-12-26,Churned
SUB_00683,CUST_00683,Pro,199,2023-04-21,2023-12-14,Churned
SUB_00684,CUST_00684,Enterprise,999,2022-09-23,,Active
SUB_00685,CUST_00685,Pro,199,2022-11-25,2023-02-16,Churned
SUB_00686,CUST_00686,Pro,199,2022-06-12,,Active
SUB_00687,CUST_00687,Starter,49,2023-03-14,,Active
SUB_00688,CUST_00688,Starter,49,2022-12-09,,Active
SUB_00689,CUST_00689,Pro,199,2023-01-02,2023-04-20,Churned
SUB_00690,CUST_00690,Starter,49,2023-04-10,,Active
SUB_00691,CUST_00691,Starter,49,2022-07-18,,Active
SUB_00692,CUST_00692,Starter,49,2023-05-15,2024-03-10,Churned
SUB_00693,CUST_00693,Pro,199,2022-01-16,,Active
SUB_00694,CUST_00694,Starter,49,2022-10-23,,Active
SUB_00695,CUST_00695,Pro,199,2023-05-26,,Active
SUB_00696,CUST_00696,Starter,49,2022-08-27,2023-01-21,Churned
SUB_00697,CUST_00697,Starter,49,2023-08-04,,Active
SUB_00698,CUST_00698,Starter,49,2022-10-28,2023-03-12,Churned
SUB_00699,CUST_00699,Starter,49,2022-01-06,,Active
SUB_00700,CUST_00700,Pro,199,2022-08-08,,Active
SUB_00701,CUST_00701,Starter,49,2023-03-29,,Active
SUB_00702,CUST_00702,Starter,49,2023-03-09,,Active
SUB_00703,CUST_00703,Pro,199,2023-01-21,,Active
SUB_00704,CUST_00704,Starter,49,2023-09-11,,Active
SUB_00705,CUST_00705,Starter,49,2022-10-22,2023-03-05,Churned
SUB_00706,CUST_00706,Starter,49,2022-04-28,,Active
SUB_00707,CUST_00707,Enterprise,999,2023-02-09,2024-01-07,Churned
SUB_00708,CUST_00708,Pro,199,2023-11-11,,Active
SUB_00709,CUST_00709,Starter,49,2023-08-17,2024-01-11,Churned
SUB_00710,CUST_00710,Starter,49,2023-07-20,,Active
SUB_00711,CUST_00711,Starter,49,2022-01-12,,Active
SUB_00712,CUST_00712,Starter,49,2022-07-28,,Active
SUB_00713,CUST_00713,Pro,199,2022-06-14,2023-02-27,Churned
SUB_00714,CUST_00714,Pro,199,2022-10-21,2023-04-16,Churned
SUB_00715,CUST_00715,Starter,49,2023-06-03,,Active
SUB_00716,CUST_00716,Pro,199,2022-03-19,,Active
SUB_00717,CUST_00717,Starter,49,2023-03-10,,Active
SUB_00718,CUST_00718,Starter,49,2023-07-31,2024-01-26,Churned
SUB_00719,CUST_00719,Starter,49,2023-09-06,2024-08-04,Churned
SUB_00720,CUST_00720,Starter,49,2023-11-14,2024-08-25,Churned
SUB_00721,CUST_00721,Enterprise,999,2022-03-18,2022-07-07,Churned
SUB_00722,CUST_00722,Starter,49,2022-02-17,2022-04-03,Churned
SUB_00723,CUST_00723,Starter,49,2022-03-23,,Active
SUB_00724,CUST_00724,Enterprise,999,2022-07-28,2023-03-07,Churned
SUB_00725,CUST_00725,Pro,199,2023-03-21,2023-11-16,Churned
SUB_00726,CUST_00726,Pro,199,2023-08-19,2023-11-30,Churned
SUB_00727,CUST_00727,Enterprise,999,2023-06-06,,Active
SUB_00728,CUST_00728,Starter,49,2022-01-29,,Active
SUB_00729,CUST_00729,Pro,199,2022-10-31,,Active
SUB_00730,CUST_00730,Pro,199,2023-04-10,,Active
SUB_00731,CUST_00731,Pro,199,2023-05-17,,Active
SUB_00732,CUST_00732,Pro,199,2023-03-22,,Active
SUB_00733,CUST_00733,Starter,49,2023-09-20,,Active
SUB_00734,CUST_00734,Pro,199,2023-05-05,,Active
SUB_00735,CUST_00735,Starter,49,2023-03-04,,Active
SUB_00736,CUST_00736,Starter,49,2023-07-13,,Active
SUB_00737,CUST_00737,Starter,49,2022-12-25,2023-10-27,Churned
SUB_00738,CUST_00738,Enterprise,999,2022-04-01,,Active
SUB_00739,CUST_00739,Starter,49,2022-02-22,,Active
SUB_00740,CUST_00740,Pro,199,2023-08-12,2023-11-10,Churned
SUB_00741,CUST_00741,Starter,49,2022-07-23,2022-09-14,Churned
SUB_00742,CUST_00742,Enterprise,999,2023-07-10,,Active
SUB_00743,CUST_00743,Starter,49,2022-06-05,,Active
SUB_00744,CUST_00744,Pro,199,2022-01-02,,Active
SUB_00745,CUST_00745,Pro,199,2022-12-23,,Active
SUB_00746,CUST_00746,Starter,49,2023-07-23,2023-09-13,Churned
SUB_00747,CUST_00747,Starter,49,2022-02-27,,Active
SUB_00748,CUST_00748,Pro,199,2022-09-11,,Active
SUB_00749,CUST_00749,Enterprise,999,2022-06-29,2023-04-12,Churned
SUB_00750,CUST_00750,Pro,199,2023-05-08,,Active
SUB_00751,CUST_00751,Starter,49,2023-10-31,,Active
SUB_00752,CUST_00752,Pro,199,2022-02-04,,Active
SUB_00753,CUST_00753,Starter,49,2022-03-16,,Active
SUB_00754,CUST_00754,Pro,199,2022-10-16,,Active
SUB_00755,CUST_00755,Pro,199,2023-01-06,,Active
SUB_00756,CUST_00756,Starter,49,2023-08-10,,Active
SUB_00757,CUST_00757,Pro,199,2022-11-25,,Active
SUB_00758,CUST_00758,Pro,199,2023-08-13,,Active
SUB_00759,CUST_00759,Pro,199,2022-10-31,2023-06-15,Churned
SUB_00760,CUST_00760,Starter,49,2023-08-02,,Active
SUB_00761,CUST_00761,Starter,49,2022-08-09,2022-10-30,Churned
SUB_00762,CUST_00762,Pro,199,2022-06-13,,Active
SUB_00763,CUST_00763,Starter,49,2023-04-25,,Active
SUB_00764,CUST_00764,Starter,49,2023-03-31,2023-09-15,Churned
SUB_00765,CUST_00765,Enterprise,999,2023-01-10,,Active
SUB_00766,CUST_00766,Starter,49,2022-08-08,,Active
SUB_00767,CUST_00767,Enterprise,999,2023-11-15,,Active
SUB_00768,CUST_00768,Starter,49,2022-09-11,2023-07-08,Churned
SUB_00769,CUST_00769,Starter,49,2022-07-07,,Active
SUB_00770,CUST_00770,Pro,199,2022-07-10,,Active
SUB_00771,CUST_00771,Pro,199,2023-01-24,,Active
SUB_00772,CUST_00772,Pro,199,2022-08-03,,Active
SUB_00773,CUST_00773,Pro,199,2023-01-10,,Active
SUB_00774,CUST_00774,Pro,199,2022-03-27,,Active
SUB_00775,CUST_00775,Starter,49,2023-04-19,,Active
SUB_00776,CUST_00776,Starter,49,2023-09-10,,Active
SUB_00777,CUST_00777,Starter,49,2023-06-15,,Active
SUB_00778,CUST_00778,Pro,199,2022-02-16,2022-10-04,Churned
SUB_00779,CUST_00779,Starter,49,2022-03-06,,Active
SUB_00780,CUST_00780,Starter,49,2023-04-20,,Active
SUB_00781,CUST_00781,Starter,49,2022-05-26,2022-12-05,Churned
SUB_00782,CUST_00782,Starter,49,2023-01-17,,Active
SUB_00783,CUST_00783,Starter,49,2022-03-07,,Active
SUB_00784,CUST_00784,Pro,199,2023-06-01,,Active
SUB_00785,CUST_00785,Starter,49,2022-04-03,,Active
SUB_00786,CUST_00786,Pro,199,2023-03-02,,Active
SUB_00787,CUST_00787,Pro,199,2023-04-13,,Active
SUB_00788,CUST_00788,Starter,49,2022-04-04,2022-08-03,Churned
SUB_00789,CUST_00789,Pro,199,2023-09-10,2023-11-01,Churned
SUB_00790,CUST_00790,Starter,49,2022-05-13,2022-09-07,Churned
SUB_00791,CUST_00791,Pro,199,2023-03-10,,Active
SUB_00792,CUST_00792,Enterprise,999,2022-12-07,,Active
SUB_00793,CUST_00793,Pro,199,2022-11-10,,Active
SUB_00794,CUST_00794,Pro,199,2023-08-14,,Active
SUB_00795,CUST_00795,Starter,49,2022-07-31,2023-02-27,Churned
SUB_00796,CUST_00796,Starter,49,2023-06-04,,Active
SUB_00797,CUST_00797,Pro,199,2022-06-08,2023-04-16,Churned
SUB_00798,CUST_00798,Starter,49,2022-09-25,,Active
SUB_00799,CUST_00799,Starter,49,2023-10-23,,Active
SUB_00800,CUST_00800,Starter,49,2023-08-26,,Active
SUB_00801,CUST_00801,Pro,199,2023-04-19,,Active
SUB_00802,CUST_00802,Starter,49,2023-02-14,,Active
SUB_00803,CUST_00803,Enterprise,999,2023-04-19,2023-06-08,Churned
SUB_00804,CUST_00804,Starter,49,2022-12-22,,Active
SUB_00805,CUST_00805,Starter,49,2023-11-11,,Active
SUB_00806,CUST_00806,Pro,199,2022-07-12,,Active
SUB_00807,CUST_00807,Starter,49,2023-11-30,2024-02-16,Churned
SUB_00808,CUST_00808,Pro,199,2022-09-28,,Active
SUB_00809,CUST_00809,Starter,49,2022-04-24,2022-11-29,Churned
SUB_00810,CUST_00810,Starter,49,2023-06-07,,Active
SUB_00811,CUST_00811,Starter,49,2022-02-24,,Active
SUB_00812,CUST_00812,Enterprise,999,2022-03-06,2022-10-26,Churned
SUB_00813,CUST_00813,Pro,199,2023-11-15,,Active
SUB_00814,CUST_00814,Pro,199,2022-09-29,,Active
SUB_00815,CUST_00815,Starter,49,2023-05-17,,Active
SUB_00816,CUST_00816,Pro,199,2023-10-24,,Active
SUB_00817,CUST_00817,Starter,49,2022-12-28,,Active
SUB_00818,CUST_00818,Enterprise,999,2022-05-26,,Active
SUB_00819,CUST_00819,Pro,199,2022-07-28,2022-10-09,Churned
SUB_00820,CUST_00820,Pro,199,2022-10-13,2023-09-07,Churned
SUB_00821,CUST_00821,Starter,49,2022-01-10,2022-06-16,Churned
SUB_00822,CUST_00822,Pro,199,2022-07-05,,Active
SUB_00823,CUST_00823,Starter,49,2023-07-28,2024-03-02,Churned
SUB_00824,CUST_00824,Enterprise,999,2023-08-20,,Active
SUB_00825,CUST_00825,Starter,49,2023-04-09,,Active
SUB_00826,CUST_00826,Starter,49,2022-05-14,,Active
SUB_00827,CUST_00827,Starter,49,2022-06-20,,Active
SUB_00828,CUST_00828,Starter,49,2022-08-01,,Active
SUB_00829,CUST_00829,Starter,49,2023-06-14,,Active
SUB_00830,CUST_00830,Pro,199,2023-05-17,2023-12-02,Churned
SUB_00831,CUST_00831,Pro,199,2023-07-26,,Active
SUB_00832,CUST_00832,Pro,199,2023-08-23,2024-06-26,Churned
SUB_00833,CUST_00833,Pro,199,2022-01-27,,Active
SUB_00834,CUST_00834,Starter,49,2022-03-09,,Active
SUB_00835,CUST_00835,Pro,199,2023-02-12,,Active
SUB_00836,CUST_00836,Starter,49,2023-07-06,2024-02-21,Churned
SUB_00837,CUST_00837,Enterprise,999,2022-04-19,,Active
SUB_00838,CUST_00838,Starter,49,2022-03-15,,Active
SUB_00839,CUST_00839,Starter,49,2023-08-01,,Active
SUB_00840,CUST_00840,Starter,49,2023-11-11,,Active
SUB_00841,CUST_00841,Starter,49,2022-09-19,,Active
SUB_00842,CUST_00842,Starter,49,2023-01-03,,Active
SUB_00843,CUST_00843,Starter,49,2022-08-25,,Active
SUB_00844,CUST_00844,Pro,199,2023-01-01,2023-06-04,Churned
SUB_00845,CUST_00845,Pro,199,2022-10-13,,Active
SUB_00846,CUST_00846,Starter,49,2023-01-13,2023-11-30,Churned
SUB_00847,CUST_00847,Starter,49,2023-10-23,2024-09-27,Churned
SUB_00848,CUST_00848,Pro,199,2023-01-11,2023-02-25,Churned
SUB_00849,CUST_00849,Starter,49,2023-09-11,,Active
SUB_00850,CUST_00850,Pro,199,2023-10-15,,Active
SUB_00851,CUST_00851,Starter,49,2022-03-17,,Active
SUB_00852,CUST_00852,Pro,199,2022-01-09,,Active
SUB_00853,CUST_00853,Pro,199,2022-07-15,,Active
SUB_00854,CUST_00854,Pro,199,2023-09-22,,Active
SUB_00855,CUST_00855,Pro,199,2022-10-17,2023-08-16,Churned
SUB_00856,CUST_00856,Starter,49,2022-03-02,,Active
SUB_00857,CUST_00857,Starter,49,2023-01-24,,Active
SUB_00858,CUST_00858,Pro,199,2023-07-17,2024-06-04,Churned
SUB_00859,CUST_00859,Pro,199,2023-07-18,,Active
SUB_00860,CUST_00860,Starter,49,2023-09-26,,Active
SUB_00861,CUST_00861,Pro,199,2023-11-10,,Active
SUB_00862,CUST_00862,Starter,49,2022-01-08,2022-02-26,Churned
SUB_00863,CUST_00863,Starter,49,2023-01-04,,Active
SUB_00864,CUST_00864,Pro,199,2022-02-14,,Active
SUB_00865,CUST_00865,Starter,49,2022-12-10,,Active
SUB_00866,CUST_00866,Pro,199,2023-01-10,2023-02-27,Churned
SUB_00867,CUST_00867,Starter,49,2023-09-11,2023-10-23,Churned
SUB_00868,CUST_00868,Starter,49,2022-01-27,,Active
SUB_00869,CUST_00869,Pro,199,2022-07-12,,Active
SUB_00870,CUST_00870,Pro,199,2022-12-23,,Active
SUB_00871,CUST_00871,Starter,49,2022-03-03,,Active
SUB_00872,CUST_00872,Starter,49,2022-03-03,2022-04-18,Churned
SUB_00873,CUST_00873,Starter,49,2023-02-26,2023-10-19,Churned
SUB_00874,CUST_00874,Starter,49,2023-09-25,2023-11-23,Churned
SUB_00875,CUST_00875,Enterprise,999,2023-07-05,2024-05-28,Churned
SUB_00876,CUST_00876,Pro,199,2023-01-15,,Active
SUB_00877,CUST_00877,Starter,49,2022-10-04,,Active
SUB_00878,CUST_00878,Starter,49,2023-08-29,,Active
SUB_00879,CUST_00879,Enterprise,999,2023-03-07,,Active
SUB_00880,CUST_00880,Pro,199,2022-04-25,,Active
SUB_00881,CUST_00881,Pro,199,2023-11-19,,Active
SUB_00882,CUST_00882,Pro,199,2022-05-01,2023-03-30,Churned
SUB_00883,CUST_00883,Starter,49,2023-06-09,2023-08-20,Churned
SUB_00884,CUST_00884,Starter,49,2023-02-20,,Active
SUB_00885,CUST_00885,Enterprise,999,2022-06-12,,Active
SUB_00886,CUST_00886,Pro,199,2023-11-19,,Active
SUB_00887,CUST_00887,Starter,49,2022-12-03,,Active
SUB_00888,CUST_00888,Starter,49,2023-01-14,,Active
SUB_00889,CUST_00889,Starter,49,2022-11-20,,Active
SUB_00890,CUST_00890,Pro,199,2022-06-22,2022-10-22,Churned
SUB_00891,CUST_00891,Starter,49,2022-03-05,2022-06-08,Churned
SUB_00892,CUST_00892,Starter,49,2022-04-11,,Active
SUB_00893,CUST_00893,Enterprise,999,2022-11-18,,Active
SUB_00894,CUST_00894,Starter,49,2022-03-07,2022-08-02,Churned
SUB_00895,CUST_00895,Starter,49,2023-07-11,2024-06-13,Churned
SUB_00896,CUST_00896,Starter,49,2023-08-22,,Active
SUB_00897,CUST_00897,Starter,49,2023-04-03,,Active
SUB_00898,CUST_00898,Starter,49,2023-08-02,,Active
SUB_00899,CUST_00899,Enterprise,999,2023-03-29,,Active
SUB_00900,CUST_00900,Pro,199,2022-09-16,,Active
SUB_00901,CUST_00901,Starter,49,2023-03-02,2023-06-11,Churned
SUB_00902,CUST_00902,Starter,49,2022-06-27,2023-06-25,Churned
SUB_00903,CUST_00903,Pro,199,2022-10-07,,Active
SUB_00904,CUST_00904,Starter,49,2022-12-10,,Active
SUB_00905,CUST_00905,Starter,49,2022-01-17,2022-07-27,Churned
SUB_00906,CUST_00906,Enterprise,999,2022-10-23,,Active
SUB_00907,CUST_00907,Starter,49,2022-07-21,,Active
SUB_00908,CUST_00908,Starter,49,2023-11-15,,Active
SUB_00909,CUST_00909,Starter,49,2022-07-13,,Active
SUB_00910,CUST_00910,Starter,49,2022-05-29,,Active
SUB_00911,CUST_00911,Starter,49,2023-01-10,,Active
SUB_00912,CUST_00912,Starter,49,2022-02-04,,Active
SUB_00913,CUST_00913,Starter,49,2023-01-04,2023-12-29,Churned
SUB_00914,CUST_00914,Pro,199,2022-01-29,,Active
SUB_00915,CUST_00915,Starter,49,2022-08-09,2023-08-01,Churned
SUB_00916,CUST_00916,Starter,49,2022-02-22,,Active
SUB_00917,CUST_00917,Pro,199,2022-12-19,2023-10-13,Churned
SUB_00918,CUST_00918,Pro,199,2023-01-27,,Active
SUB_00919,CUST_00919,Starter,49,2022-03-17,,Active
SUB_00920,CUST_00920,Starter,49,2023-05-09,,Active
SUB_00921,CUST_00921,Starter,49,2023-11-19,,Active
SUB_00922,CUST_00922,Pro,199,2023-06-06,,Active
SUB_00923,CUST_00923,Starter,49,2022-04-27,,Active
SUB_00924,CUST_00924,Starter,49,2022-10-07,2023-06-11,Churned
SUB_00925,CUST_00925,Starter,49,2022-06-24,,Active
SUB_00926,CUST_00926,Starter,49,2022-10-22,,Active
SUB_00927,CUST_00927,Starter,49,2023-03-27,,Active
SUB_00928,CUST_00928,Starter,49,2023-06-02,,Active
SUB_00929,CUST_00929,Pro,199,2022-01-21,,Active
SUB_00930,CUST_00930,Pro,199,2022-03-14,,Active
SUB_00931,CUST_00931,Starter,49,2022-02-05,2022-11-15,Churned
SUB_00932,CUST_00932,Starter,49,2023-05-22,,Active
SUB_00933,CUST_00933,Starter,49,2022-08-21,,Active
SUB_00934,CUST_00934,Starter,49,2023-05-12,,Active
SUB_00935,CUST_00935,Pro,199,2022-07-25,2022-10-21,Churned
SUB_00936,CUST_00936,Enterprise,999,2023-03-02,2023-05-02,Churned
SUB_00937,CUST_00937,Starter,49,2022-02-13,2022-07-12,Churned
SUB_00938,CUST_00938,Starter,49,2022-04-01,,Active
SUB_00939,CUST_00939,Starter,49,2023-04-15,,Active
SUB_00940,CUST_00940,Pro,199,2023-08-28,,Active
SUB_00941,CUST_00941,Pro,199,2023-04-12,,Active
SUB_00942,CUST_00942,Pro,199,2023-03-30,,Active
SUB_00943,CUST_00943,Pro,199,2023-08-18,,Active
SUB_00944,CUST_00944,Starter,49,2022-11-29,,Active
SUB_00945,CUST_00945,Pro,199,2023-05-22,2024-04-25,Churned
SUB_00946,CUST_00946,Pro,199,2023-04-15,2023-05-16,Churned
SUB_00947,CUST_00947,Pro,199,2022-01-21,,Active
SUB_00948,CUST_00948,Starter,49,2022-08-16,2023-01-10,Churned
SUB_00949,CUST_00949,Pro,199,2023-01-11,,Active
SUB_00950,CUST_00950,Pro,199,2022-05-10,,Active
SUB_00951,CUST_00951,Pro,199,2023-11-18,2024-01-23,Churned
SUB_00952,CUST_00952,Pro,199,2023-09-12,,Active
SUB_00953,CUST_00953,Pro,199,2023-02-18,,Active
SUB_00954,CUST_00954,Pro,199,2022-03-12,,Active
SUB_00955,CUST_00955,Pro,199,2023-02-08,,Active
SUB_00956,CUST_00956,Pro,199,2023-07-16,,Active
SUB_00957,CUST_00957,Starter,49,2023-08-30,,Active
SUB_00958,CUST_00958,Starter,49,2023-02-01,,Active
SUB_00959,CUST_00959,Starter,49,2022-12-03,2023-04-08,Churned
SUB_00960,CUST_00960,Pro,199,2023-10-06,,Active
SUB_00961,CUST_00961,Pro,199,2023-05-20,2024-03-01,Churned
SUB_00962,CUST_00962,Enterprise,999,2022-10-03,,Active
SUB_00963,CUST_00963,Starter,49,2022-01-13,2022-06-19,Churned
SUB_00964,CUST_00964,Starter,49,2022-01-03,,Active
SUB_00965,CUST_00965,Starter,49,2022-08-12,,Active
SUB_00966,CUST_00966,Starter,49,2022-06-24,2022-12-26,Churned
SUB_00967,CUST_00967,Pro,199,2023-01-20,,Active
SUB_00968,CUST_00968,Starter,49,2023-08-25,2024-02-15,Churned
SUB_00969,CUST_00969,Pro,199,2022-08-29,,Active
SUB_00970,CUST_00970,Pro,199,2023-07-01,,Active
SUB_00971,CUST_00971,Starter,49,2022-01-14,,Active
SUB_00972,CUST_00972,Pro,199,2022-07-14,,Active
SUB_00973,CUST_00973,Starter,49,2023-02-01,,Active
SUB_00974,CUST_00974,Starter,49,2023-03-07,2023-06-01,Churned
SUB_00975,CUST_00975,Pro,199,2022-11-02,2023-02-09,Churned
SUB_00976,CUST_00976,Pro,199,2022-11-30,2023-02-11,Churned
SUB_00977,CUST_00977,Starter,49,2023-02-14,,Active
SUB_00978,CUST_00978,Starter,49,2022-01-03,2022-09-01,Churned
SUB_00979,CUST_00979,Starter,49,2023-11-22,,Active
SUB_00980,CUST_00980,Starter,49,2023-07-06,2024-01-26,Churned
SUB_00981,CUST_00981,Enterprise,999,2023-03-28,,Active
SUB_00982,CUST_00982,Pro,199,2023-11-07,,Active
SUB_00983,CUST_00983,Starter,49,2023-05-10,2023-10-27,Churned
SUB_00984,CUST_00984,Pro,199,2023-02-21,2023-06-06,Churned
SUB_00985,CUST_00985,Starter,49,2023-01-26,2023-08-01,Churned
SUB_00986,CUST_00986,Starter,49,2023-01-08,2023-05-02,Churned
SUB_00987,CUST_00987,Enterprise,999,2023-09-20,,Active
SUB_00988,CUST_00988,Pro,199,2022-02-21,2023-02-07,Churned
SUB_00989,CUST_00989,Pro,199,2023-01-11,,Active
SUB_00990,CUST_00990,Pro,199,2023-01-30,,Active
SUB_00991,CUST_00991,Pro,199,2022-05-22,,Active
SUB_00992,CUST_00992,Starter,49,2022-03-27,,Active
SUB_00993,CUST_00993,Pro,199,2023-04-09,,Active
SUB_00994,CUST_00994,Enterprise,999,2022-02-15,,Active
SUB_00995,CUST_00995,Starter,49,2022-08-26,,Active
SUB_00996,CUST_00996,Pro,199,2022-01-10,,Active
SUB_00997,CUST_00997,Starter,49,2023-10-26,,Active
SUB_00998,CUST_00998,Starter,49,2023-07-27,,Active
SUB_00999,CUST_00999,Pro,199,2023-06-14,,Active
SUB_01000,CUST_01000,Starter,49,2023-08-21,,Active
SUB_01001,CUST_01001,Pro,199,2023-10-11,,Active
SUB_01002,CUST_01002,Starter,49,2023-10-02,,Active
SUB_01003,CUST_01003,Enterprise,999,2023-09-08,2024-08-11,Churned
SUB_01004,CUST_01004,Starter,49,2023-11-29,,Active
SUB_01005,CUST_01005,Starter,49,2022-06-27,,Active
SUB_01006,CUST_01006,Starter,49,2022-01-06,,Active
SUB_01007,CUST_01007,Enterprise,999,2022-11-03,,Active
SUB_01008,CUST_01008,Pro,199,2023-07-02,2023-08-18,Churned
SUB_01009,CUST_01009,Pro,199,2022-11-23,,Active
SUB_01010,CUST_01010,Starter,49,2022-12-22,2023-10-31,Churned
SUB_01011,CUST_01011,Starter,49,2023-01-30,,Active
SUB_01012,CUST_01012,Starter,49,2022-10-27,,Active
SUB_01013,CUST_01013,Pro,199,2023-06-10,,Active
SUB_01014,CUST_01014,Starter,49,2022-10-12,2022-12-22,Churned
SUB_01015,CUST_01015,Enterprise,999,2022-11-26,2023-05-08,Churned
SUB_01016,CUST_01016,Pro,199,2022-02-19,,Active
SUB_01017,CUST_01017,Starter,49,2023-09-14,2024-01-23,Churned
SUB_01018,CUST_01018,Starter,49,2023-01-13,,Active
SUB_01019,CUST_01019,Pro,199,2023-08-23,2024-02-05,Churned
SUB_01020,CUST_01020,Starter,49,2023-06-22,2024-02-28,Churned
SUB_01021,CUST_01021,Starter,49,2022-05-24,,Active
SUB_01022,CUST_01022,Starter,49,2022-03-01,,Active
SUB_01023,CUST_01023,Pro,199,2022-03-16,,Active
SUB_01024,CUST_01024,Pro,199,2022-01-03,,Active
SUB_01025,CUST_01025,Starter,49,2023-07-29,,Active
SUB_01026,CUST_01026,Starter,49,2023-03-24,2023-12-07,Churned
SUB_01027,CUST_01027,Starter,49,2022-10-02,2023-08-21,Churned
SUB_01028,CUST_01028,Pro,199,2023-06-14,2024-05-14,Churned
SUB_01029,CUST_01029,Starter,49,2023-08-15,2024-07-25,Churned
SUB_01030,CUST_01030,Starter,49,2022-08-03,2022-12-29,Churned
SUB_01031,CUST_01031,Enterprise,999,2023-11-14,,Active
SUB_01032,CUST_01032,Enterprise,999,2023-04-30,,Active
SUB_01033,CUST_01033,Enterprise,999,2022-11-25,,Active
SUB_01034,CUST_01034,Pro,199,2022-09-12,,Active
SUB_01035,CUST_01035,Starter,49,2023-01-22,,Active
SUB_01036,CUST_01036,Starter,49,2022-05-06,,Active
SUB_01037,CUST_01037,Starter,49,2023-08-07,2023-12-13,Churned
SUB_01038,CUST_01038,Starter,49,2023-07-04,2024-06-21,Churned
SUB_01039,CUST_01039,Enterprise,999,2022-11-20,,Active
SUB_01040,CUST_01040,Pro,199,2022-07-23,2023-01-27,Churned
SUB_01041,CUST_01041,Pro,199,2022-06-21,,Active
SUB_01042,CUST_01042,Starter,49,2022-08-05,2023-04-30,Churned
SUB_01043,CUST_01043,Enterprise,999,2022-09-02,,Active
SUB_01044,CUST_01044,Pro,199,2022-12-02,,Active
SUB_01045,CUST_01045,Starter,49,2022-10-25,2023-10-09,Churned
SUB_01046,CUST_01046,Pro,199,2022-07-01,,Active
SUB_01047,CUST_01047,Starter,49,2022-11-30,,Active
SUB_01048,CUST_01048,Starter,49,2023-05-26,,Active
SUB_01049,CUST_01049,Pro,199,2023-01-18,,Active
SUB_01050,CUST_01050,Pro,199,2022-07-18,2023-07-17,Churned
SUB_01051,CUST_01051,Starter,49,2022-11-28,,Active
SUB_01052,CUST_01052,Starter,49,2022-06-14,2023-01-18,Churned
SUB_01053,CUST_01053,Enterprise,999,2022-08-30,,Active
SUB_01054,CUST_01054,Pro,199,2023-10-04,,Active
SUB_01055,CUST_01055,Pro,199,2022-08-15,,Active
SUB_01056,CUST_01056,Starter,49,2023-09-26,,Active
SUB_01057,CUST_01057,Starter,49,2023-07-10,,Active
SUB_01058,CUST_01058,Starter,49,2023-03-27,,Active
SUB_01059,CUST_01059,Starter,49,2022-07-15,,Active
SUB_01060,CUST_01060,Starter,49,2022-07-23,,Active
SUB_01061,CUST_01061,Starter,49,2023-04-03,2024-03-06,Churned
SUB_01062,CUST_01062,Pro,199,2022-09-14,,Active
SUB_01063,CUST_01063,Starter,49,2023-06-13,,Active
SUB_01064,CUST_01064,Pro,199,2022-09-29,,Active
SUB_01065,CUST_01065,Starter,49,2022-01-09,,Active
SUB_01066,CUST_01066,Starter,49,2022-07-20,,Active
SUB_01067,CUST_01067,Starter,49,2022-02-28,,Active
SUB_01068,CUST_01068,Starter,49,2023-01-28,,Active
SUB_01069,CUST_01069,Starter,49,2023-10-14,,Active
SUB_01070,CUST_01070,Enterprise,999,2022-04-29,,Active
SUB_01071,CUST_01071,Pro,199,2023-07-07,,Active
SUB_01072,CUST_01072,Starter,49,2023-02-03,,Active
SUB_01073,CUST_01073,Starter,49,2022-11-27,,Active
SUB_01074,CUST_01074,Pro,199,2022-09-24,,Active
SUB_01075,CUST_01075,Pro,199,2023-06-04,,Active
SUB_01076,CUST_01076,Starter,49,2023-11-26,2024-08-30,Churned
SUB_01077,CUST_01077,Pro,199,2023-04-25,,Active
SUB_01078,CUST_01078,Pro,199,2022-05-14,2022-07-08,Churned
SUB_01079,CUST_01079,Pro,199,2023-11-24,,Active
SUB_01080,CUST_01080,Pro,199,2022-12-21,,Active
SUB_01081,CUST_01081,Pro,199,2023-08-07,,Active
SUB_01082,CUST_01082,Enterprise,999,2023-05-13,,Active
SUB_01083,CUST_01083,Starter,49,2023-09-17,,Active
SUB_01084,CUST_01084,Pro,199,2022-04-17,2022-11-21,Churned
SUB_01085,CUST_01085,Pro,199,2022-10-17,,Active
SUB_01086,CUST_01086,Pro,199,2023-09-21,2024-03-08,Churned
SUB_01087,CUST_01087,Enterprise,999,2023-09-24,,Active
SUB_01088,CUST_01088,Starter,49,2022-05-27,,Active
SUB_01089,CUST_01089,Starter,49,2022-11-23,,Active
SUB_01090,CUST_01090,Starter,49,2023-02-19,2023-09-17,Churned
SUB_01091,CUST_01091,Starter,49,2022-07-29,2022-09-17,Churned
SUB_01092,CUST_01092,Starter,49,2022-10-23,2023-05-03,Churned
SUB_01093,CUST_01093,Pro,199,2023-02-02,,Active
SUB_01094,CUST_01094,Starter,49,2022-04-13,2022-07-22,Churned
SUB_01095,CUST_01095,Pro,199,2023-09-28,2024-01-17,Churned
SUB_01096,CUST_01096,Pro,199,2023-05-23,,Active
SUB_01097,CUST_01097,Starter,49,2022-07-28,,Active
SUB_01098,CUST_01098,Starter,49,2023-03-04,2023-09-04,Churned
SUB_01099,CUST_01099,Pro,199,2023-01-28,2024-01-08,Churned
SUB_01100,CUST_01100,Pro,199,2022-04-19,2022-07-04,Churned
SUB_01101,CUST_01101,Pro,199,2022-12-14,,Active
SUB_01102,CUST_01102,Pro,199,2022-02-19,,Active
SUB_01103,CUST_01103,Enterprise,999,2022-04-15,,Active
SUB_01104,CUST_01104,Pro,199,2023-02-24,2023-10-05,Churned
SUB_01105,CUST_01105,Enterprise,999,2023-01-08,2023-09-18,Churned
SUB_01106,CUST_01106,Pro,199,2022-01-27,2022-10-20,Churned
SUB_01107,CUST_01107,Pro,199,2022-09-30,,Active
SUB_01108,CUST_01108,Starter,49,2023-10-11,2024-08-15,Churned
SUB_01109,CUST_01109,Enterprise,999,2022-12-06,,Active
SUB_01110,CUST_01110,Starter,49,2022-10-28,,Active
SUB_01111,CUST_01111,Pro,199,2023-04-25,,Active
SUB_01112,CUST_01112,Starter,49,2023-06-28,2023-08-06,Churned
SUB_01113,CUST_01113,Starter,49,2023-07-11,2024-01-08,Churned
SUB_01114,CUST_01114,Starter,49,2022-09-22,,Active
SUB_01115,CUST_01115,Starter,49,2023-06-26,,Active
SUB_01116,CUST_01116,Starter,49,2023-08-19,2023-12-30,Churned
SUB_01117,CUST_01117,Pro,199,2022-06-15,,Active
SUB_01118,CUST_01118,Starter,49,2022-11-12,2023-04-14,Churned
SUB_01119,CUST_01119,Starter,49,2022-01-01,,Active
SUB_01120,CUST_01120,Starter,49,2022-09-18,,Active
SUB_01121,CUST_01121,Pro,199,2022-03-04,,Active
SUB_01122,CUST_01122,Starter,49,2023-04-28,,Active
SUB_01123,CUST_01123,Starter,49,2023-11-07,,Active
SUB_01124,CUST_01124,Starter,49,2022-11-17,,Active
SUB_01125,CUST_01125,Pro,199,2022-07-20,,Active
SUB_01126,CUST_01126,Starter,49,2022-08-10,,Active
SUB_01127,CUST_01127,Starter,49,2022-06-01,2023-01-01,Churned
SUB_01128,CUST_01128,Starter,49,2023-10-06,,Active
SUB_01129,CUST_01129,Enterprise,999,2023-09-18,,Active
SUB_01130,CUST_01130,Starter,49,2023-04-07,2024-02-20,Churned
SUB_01131,CUST_01131,Pro,199,2022-08-05,2022-10-14,Churned
SUB_01132,CUST_01132,Starter,49,2022-07-15,,Active
SUB_01133,CUST_01133,Starter,49,2022-07-21,2022-08-30,Churned
SUB_01134,CUST_01134,Starter,49,2023-10-09,2024-06-12,Churned
SUB_01135,CUST_01135,Starter,49,2022-08-22,,Active
SUB_01136,CUST_01136,Starter,49,2022-05-21,,Active
SUB_01137,CUST_01137,Starter,49,2023-05-13,2023-06-12,Churned
SUB_01138,CUST_01138,Starter,49,2023-07-09,,Active
SUB_01139,CUST_01139,Pro,199,2022-02-26,,Active
SUB_01140,CUST_01140,Enterprise,999,2023-05-19,2023-12-05,Churned
SUB_01141,CUST_01141,Starter,49,2022-05-22,,Active
SUB_01142,CUST_01142,Pro,199,2023-08-07,2024-06-13,Churned
SUB_01143,CUST_01143,Enterprise,999,2023-06-23,,Active
SUB_01144,CUST_01144,Pro,199,2023-10-02,,Active
SUB_01145,CUST_01145,Starter,49,2022-04-16,2022-07-07,Churned
SUB_01146,CUST_01146,Pro,199,2022-06-14,,Active
SUB_01147,CUST_01147,Starter,49,2022-08-03,2023-01-04,Churned
SUB_01148,CUST_01148,Pro,199,2022-03-12,2022-10-02,Churned
SUB_01149,CUST_01149,Starter,49,2023-10-27,2024-08-16,Churned
SUB_01150,CUST_01150,Starter,49,2023-08-02,,Active
SUB_01151,CUST_01151,Starter,49,2022-03-31,,Active
SUB_01152,CUST_01152,Starter,49,2022-08-16,2023-06-06,Churned
SUB_01153,CUST_01153,Pro,199,2022-03-20,2022-11-03,Churned
SUB_01154,CUST_01154,Starter,49,2023-08-31,,Active
SUB_01155,CUST_01155,Pro,199,2022-12-15,2023-09-26,Churned
SUB_01156,CUST_01156,Starter,49,2022-09-03,,Active
SUB_01157,CUST_01157,Starter,49,2022-09-29,2023-04-18,Churned
SUB_01158,CUST_01158,Pro,199,2023-02-07,,Active
SUB_01159,CUST_01159,Enterprise,999,2023-10-31,,Active
SUB_01160,CUST_01160,Starter,49,2022-04-26,,Active
SUB_01161,CUST_01161,Starter,49,2023-03-11,,Active
SUB_01162,CUST_01162,Pro,199,2023-06-14,2023-09-10,Churned
SUB_01163,CUST_01163,Starter,49,2023-03-18,,Active
SUB_01164,CUST_01164,Pro,199,2022-06-21,2022-11-03,Churned
SUB_01165,CUST_01165,Pro,199,2022-01-16,,Active
SUB_01166,CUST_01166,Starter,49,2022-02-25,,Active
SUB_01167,CUST_01167,Starter,49,2023-08-14,,Active
SUB_01168,CUST_01168,Starter,49,2022-04-13,,Active
SUB_01169,CUST_01169,Starter,49,2022-10-11,,Active
SUB_01170,CUST_01170,Pro,199,2023-06-01,,Active
SUB_01171,CUST_01171,Pro,199,2023-09-10,,Active
SUB_01172,CUST_01172,Pro,199,2022-10-05,,Active
SUB_01173,CUST_01173,Pro,199,2023-09-04,,Active
SUB_01174,CUST_01174,Starter,49,2022-09-26,2023-02-27,Churned
SUB_01175,CUST_01175,Pro,199,2023-02-04,,Active
SUB_01176,CUST_01176,Starter,49,2023-05-18,,Active
SUB_01177,CUST_01177,Pro,199,2022-03-27,,Active
SUB_01178,CUST_01178,Starter,49,2022-11-16,,Active
SUB_01179,CUST_01179,Pro,199,2022-02-01,2022-03-18,Churned
SUB_01180,CUST_01180,Pro,199,2022-12-02,,Active
SUB_01181,CUST_01181,Starter,49,2022-02-20,2022-04-28,Churned
SUB_01182,CUST_01182,Starter,49,2022-03-20,2022-12-17,Churned
SUB_01183,CUST_01183,Pro,199,2023-11-29,,Active
SUB_01184,CUST_01184,Starter,49,2022-06-23,2023-02-17,Churned
SUB_01185,CUST_01185,Pro,199,2023-09-10,,Active
SUB_01186,CUST_01186,Enterprise,999,2023-05-16,,Active
SUB_01187,CUST_01187,Starter,49,2023-07-29,,Active
SUB_01188,CUST_01188,Starter,49,2022-03-17,,Active
SUB_01189,CUST_01189,Pro,199,2022-11-12,,Active
SUB_01190,CUST_01190,Starter,49,2023-01-08,,Active
SUB_01191,CUST_01191,Starter,49,2022-03-22,2023-03-01,Churned
SUB_01192,CUST_01192,Enterprise,999,2023-10-02,,Active
SUB_01193,CUST_01193,Pro,199,2023-11-26,,Active
SUB_01194,CUST_01194,Starter,49,2023-11-28,,Active
SUB_01195,CUST_01195,Starter,49,2022-03-12,2023-01-20,Churned
SUB_01196,CUST_01196,Pro,199,2023-10-28,,Active
SUB_01197,CUST_01197,Pro,199,2023-10-14,,Active
SUB_01198,CUST_01198,Pro,199,2022-03-12,,Active
SUB_01199,CUST_01199,Starter,49,2022-02-15,,Active
SUB_01200,CUST_01200,Enterprise,999,2022-02-16,,Active
SUB_01201,CUST_01201,Pro,199,2023-08-14,,Active
SUB_01202,CUST_01202,Pro,199,2023-02-26,,Active
SUB_01203,CUST_01203,Pro,199,2022-05-29,,Active
SUB_01204,CUST_01204,Starter,49,2022-05-10,,Active
SUB_01205,CUST_01205,Enterprise,999,2023-04-01,,Active
SUB_01206,CUST_01206,Starter,49,2023-10-01,,Active
SUB_01207,CUST_01207,Starter,49,2023-09-23,,Active
SUB_01208,CUST_01208,Pro,199,2023-05-20,,Active
SUB_01209,CUST_01209,Pro,199,2022-09-01,2023-03-17,Churned
SUB_01210,CUST_01210,Pro,199,2023-04-19,,Active
SUB_01211,CUST_01211,Pro,199,2023-01-17,,Active
SUB_01212,CUST_01212,Starter,49,2022-04-13,,Active
SUB_01213,CUST_01213,Enterprise,999,2023-05-04,2024-02-21,Churned
SUB_01214,CUST_01214,Starter,49,2022-02-06,,Active
SUB_01215,CUST_01215,Pro,199,2023-10-16,,Active
SUB_01216,CUST_01216,Starter,49,2023-07-03,,Active
SUB_01217,CUST_01217,Pro,199,2023-06-04,,Active
SUB_01218,CUST_01218,Starter,49,2022-11-29,,Active
SUB_01219,CUST_01219,Pro,199,2023-02-01,2023-06-08,Churned
SUB_01220,CUST_01220,Pro,199,2022-10-23,,Active
SUB_01221,CUST_01221,Starter,49,2022-04-17,,Active
SUB_01222,CUST_01222,Pro,199,2023-06-14,,Active
SUB_01223,CUST_01223,Pro,199,2022-03-24,,Active
SUB_01224,CUST_01224,Pro,199,2022-10-15,2023-03-27,Churned
SUB_01225,CUST_01225,Enterprise,999,2023-04-06,,Active
SUB_01226,CUST_01226,Starter,49,2022-08-03,2023-03-01,Churned
SUB_01227,CUST_01227,Starter,49,2022-10-08,,Active
SUB_01228,CUST_01228,Starter,49,2023-04-04,,Active
SUB_01229,CUST_01229,Starter,49,2022-12-10,2023-08-18,Churned
SUB_01230,CUST_01230,Starter,49,2022-07-13,,Active
SUB_01231,CUST_01231,Pro,199,2022-06-07,,Active
SUB_01232,CUST_01232,Starter,49,2023-04-10,,Active
SUB_01233,CUST_01233,Starter,49,2022-04-14,2022-10-09,Churned
SUB_01234,CUST_01234,Starter,49,2022-02-03,,Active
SUB_01235,CUST_01235,Pro,199,2022-04-12,,Active
SUB_01236,CUST_01236,Pro,199,2023-10-01,,Active
SUB_01237,CUST_01237,Starter,49,2022-11-21,,Active
SUB_01238,CUST_01238,Pro,199,2023-11-22,2024-08-21,Churned
SUB_01239,CUST_01239,Starter,49,2023-08-15,,Active
SUB_01240,CUST_01240,Enterprise,999,2022-05-21,2023-04-28,Churned
SUB_01241,CUST_01241,Pro,199,2023-04-19,,Active
SUB_01242,CUST_01242,Starter,49,2022-01-31,2022-05-16,Churned
SUB_01243,CUST_01243,Pro,199,2022-03-04,,Active
SUB_01244,CUST_01244,Pro,199,2023-07-14,2024-04-30,Churned
SUB_01245,CUST_01245,Starter,49,2022-03-28,,Active
SUB_01246,CUST_01246,Pro,199,2022-10-31,,Active
SUB_01247,CUST_01247,Starter,49,2022-03-02,,Active
SUB_01248,CUST_01248,Starter,49,2023-01-31,,Active
SUB_01249,CUST_01249,Starter,49,2022-11-30,,Active
SUB_01250,CUST_01250,Starter,49,2023-02-15,2023-11-02,Churned
SUB_01251,CUST_01251,Starter,49,2022-10-11,,Active
SUB_01252,CUST_01252,Enterprise,999,2023-04-11,2023-11-17,Churned
SUB_01253,CUST_01253,Starter,49,2022-03-21,,Active
SUB_01254,CUST_01254,Starter,49,2023-11-23,,Active
SUB_01255,CUST_01255,Pro,199,2022-03-18,,Active
SUB_01256,CUST_01256,Pro,199,2023-06-24,,Active
SUB_01257,CUST_01257,Enterprise,999,2022-12-27,2023-06-08,Churned
SUB_01258,CUST_01258,Pro,199,2022-03-18,,Active
SUB_01259,CUST_01259,Enterprise,999,2023-05-24,2024-04-26,Churned
SUB_01260,CUST_01260,Pro,199,2022-06-13,2023-03-21,Churned
SUB_01261,CUST_01261,Enterprise,999,2022-01-09,,Active
SUB_01262,CUST_01262,Pro,199,2022-06-24,2023-03-25,Churned
SUB_01263,CUST_01263,Starter,49,2023-04-07,,Active
SUB_01264,CUST_01264,Starter,49,2022-11-03,2023-08-24,Churned
SUB_01265,CUST_01265,Pro,199,2023-08-11,,Active
SUB_01266,CUST_01266,Starter,49,2022-09-02,2023-08-22,Churned
SUB_01267,CUST_01267,Starter,49,2022-05-02,,Active
SUB_01268,CUST_01268,Pro,199,2022-07-04,,Active
SUB_01269,CUST_01269,Enterprise,999,2022-02-01,,Active
SUB_01270,CUST_01270,Starter,49,2023-07-23,,Active
SUB_01271,CUST_01271,Pro,199,2022-11-06,,Active
SUB_01272,CUST_01272,Pro,199,2023-01-07,,Active
SUB_01273,CUST_01273,Enterprise,999,2023-10-18,,Active
SUB_01274,CUST_01274,Enterprise,999,2023-08-19,,Active
SUB_01275,CUST_01275,Pro,199,2022-02-25,,Active
SUB_01276,CUST_01276,Pro,199,2022-09-30,,Active
SUB_01277,CUST_01277,Starter,49,2023-04-09,,Active
SUB_01278,CUST_01278,Pro,199,2023-11-09,,Active
SUB_01279,CUST_01279,Pro,199,2023-04-01,,Active
SUB_01280,CUST_01280,Pro,199,2023-11-01,2024-10-25,Churned
SUB_01281,CUST_01281,Pro,199,2022-09-06,,Active
SUB_01282,CUST_01282,Starter,49,2023-11-29,2024-01-01,Churned
SUB_01283,CUST_01283,Pro,199,2022-03-19,,Active
SUB_01284,CUST_01284,Starter,49,2023-06-18,,Active
SUB_01285,CUST_01285,Starter,49,2022-04-18,,Active
SUB_01286,CUST_01286,Starter,49,2022-09-30,,Active
SUB_01287,CUST_01287,Starter,49,2022-01-15,2022-03-22,Churned
SUB_01288,CUST_01288,Pro,199,2023-01-05,2023-04-15,Churned
SUB_01289,CUST_01289,Starter,49,2022-10-31,,Active
SUB_01290,CUST_01290,Starter,49,2023-11-03,,Active
SUB_01291,CUST_01291,Enterprise,999,2022-07-24,,Active
SUB_01292,CUST_01292,Starter,49,2022-04-23,2023-02-08,Churned
SUB_01293,CUST_01293,Starter,49,2023-11-11,2024-08-03,Churned
SUB_01294,CUST_01294,Starter,49,2022-09-10,,Active
SUB_01295,CUST_01295,Starter,49,2023-03-17,,Active
SUB_01296,CUST_01296,Starter,49,2022-07-05,,Active
SUB_01297,CUST_01297,Starter,49,2022-08-15,,Active
SUB_01298,CUST_01298,Pro,199,2023-06-12,,Active
SUB_01299,CUST_01299,Starter,49,2023-10-30,2024-09-30,Churned
SUB_01300,CUST_01300,Starter,49,2022-12-20,,Active
SUB_01301,CUST_01301,Pro,199,2023-09-15,2024-04-09,Churned
SUB_01302,CUST_01302,Starter,49,2022-01-01,,Active
SUB_01303,CUST_01303,Enterprise,999,2023-07-07,,Active
SUB_01304,CUST_01304,Starter,49,2023-07-14,,Active
SUB_01305,CUST_01305,Starter,49,2023-02-24,,Active
SUB_01306,CUST_01306,Pro,199,2023-09-12,2024-01-15,Churned
SUB_01307,CUST_01307,Starter,49,2022-06-10,,Active
SUB_01308,CUST_01308,Starter,49,2022-06-10,,Active
SUB_01309,CUST_01309,Pro,199,2022-05-08,,Active
SUB_01310,CUST_01310,Starter,49,2022-05-31,,Active
SUB_01311,CUST_01311,Pro,199,2023-03-20,,Active
SUB_01312,CUST_01312,Enterprise,999,2023-04-16,,Active
SUB_01313,CUST_01313,Starter,49,2023-04-08,,Active
SUB_01314,CUST_01314,Pro,199,2022-01-30,,Active
SUB_01315,CUST_01315,Pro,199,2023-04-18,,Active
SUB_01316,CUST_01316,Enterprise,999,2023-07-11,,Active
SUB_01317,CUST_01317,Pro,199,2022-03-21,2022-12-02,Churned
SUB_01318,CUST_01318,Enterprise,999,2022-02-08,2022-03-20,Churned
SUB_01319,CUST_01319,Starter,49,2022-08-28,,Active
SUB_01320,CUST_01320,Pro,199,2023-07-11,,Active
SUB_01321,CUST_01321,Starter,49,2023-08-13,,Active
SUB_01322,CUST_01322,Starter,49,2022-12-03,,Active
SUB_01323,CUST_01323,Enterprise,999,2022-10-07,,Active
SUB_01324,CUST_01324,Starter,49,2022-04-26,,Active
SUB_01325,CUST_01325,Enterprise,999,2022-09-26,,Active
SUB_01326,CUST_01326,Starter,49,2022-12-01,,Active
SUB_01327,CUST_01327,Pro,199,2022-11-08,,Active
SUB_01328,CUST_01328,Starter,49,2022-02-22,,Active
SUB_01329,CUST_01329,Starter,49,2022-03-09,,Active
SUB_01330,CUST_01330,Starter,49,2023-11-25,2024-09-15,Churned
SUB_01331,CUST_01331,Pro,199,2022-02-03,,Active
SUB_01332,CUST_01332,Starter,49,2023-01-21,2023-08-27,Churned
SUB_01333,CUST_01333,Pro,199,2022-09-06,,Active
SUB_01334,CUST_01334,Starter,49,2022-04-21,,Active
SUB_01335,CUST_01335,Starter,49,2022-04-04,,Active
SUB_01336,CUST_01336,Starter,49,2023-02-14,,Active
SUB_01337,CUST_01337,Starter,49,2022-06-28,2023-02-21,Churned
SUB_01338,CUST_01338,Pro,199,2022-02-16,,Active
SUB_01339,CUST_01339,Pro,199,2023-08-27,2023-10-08,Churned
SUB_01340,CUST_01340,Starter,49,2023-01-11,,Active
SUB_01341,CUST_01341,Pro,199,2023-08-10,,Active
SUB_01342,CUST_01342,Pro,199,2022-07-21,,Active
SUB_01343,CUST_01343,Starter,49,2023-03-21,2023-09-28,Churned
SUB_01344,CUST_01344,Starter,49,2022-10-24,,Active
SUB_01345,CUST_01345,Pro,199,2022-11-04,2023-02-01,Churned
SUB_01346,CUST_01346,Starter,49,2023-05-08,,Active
SUB_01347,CUST_01347,Starter,49,2022-12-04,2023-01-07,Churned
SUB_01348,CUST_01348,Starter,49,2023-10-08,,Active
SUB_01349,CUST_01349,Pro,199,2022-03-07,,Active
SUB_01350,CUST_01350,Starter,49,2023-02-26,,Active
SUB_01351,CUST_01351,Starter,49,2023-06-24,,Active
SUB_01352,CUST_01352,Starter,49,2023-09-21,,Active
SUB_01353,CUST_01353,Starter,49,2023-05-08,,Active
SUB_01354,CUST_01354,Starter,49,2022-11-13,,Active
SUB_01355,CUST_01355,Enterprise,999,2023-09-18,,Active
SUB_01356,CUST_01356,Starter,49,2022-03-16,,Active
SUB_01357,CUST_01357,Pro,199,2022-02-28,,Active
SUB_01358,CUST_01358,Starter,49,2023-01-21,,Active
SUB_01359,CUST_01359,Pro,199,2022-01-15,2022-09-03,Churned
SUB_01360,CUST_01360,Pro,199,2022-08-19,2022-09-29,Churned
SUB_01361,CUST_01361,Starter,49,2023-09-09,,Active
SUB_01362,CUST_01362,Pro,199,2023-11-08,2024-08-03,Churned
SUB_01363,CUST_01363,Starter,49,2022-07-18,2023-03-29,Churned
SUB_01364,CUST_01364,Pro,199,2022-12-20,,Active
SUB_01365,CUST_01365,Starter,49,2022-02-04,,Active
SUB_01366,CUST_01366,Enterprise,999,2022-06-11,2023-01-08,Churned
SUB_01367,CUST_01367,Pro,199,2023-04-16,,Active
SUB_01368,CUST_01368,Enterprise,999,2023-06-15,,Active
SUB_01369,CUST_01369,Pro,199,2023-02-27,2024-01-19,Churned
SUB_01370,CUST_01370,Starter,49,2022-12-14,,Active
SUB_01371,CUST_01371,Pro,199,2023-11-25,,Active
SUB_01372,CUST_01372,Pro,199,2022-05-27,,Active
SUB_01373,CUST_01373,Enterprise,999,2023-01-09,,Active
SUB_01374,CUST_01374,Starter,49,2023-11-19,,Active
SUB_01375,CUST_01375,Pro,199,2023-11-06,,Active
SUB_01376,CUST_01376,Starter,49,2023-02-20,,Active
SUB_01377,CUST_01377,Pro,199,2023-11-18,,Active
SUB_01378,CUST_01378,Starter,49,2023-05-09,,Active
SUB_01379,CUST_01379,Starter,49,2023-07-13,,Active
SUB_01380,CUST_01380,Enterprise,999,2022-09-13,,Active
SUB_01381,CUST_01381,Starter,49,2023-11-17,,Active
SUB_01382,CUST_01382,Pro,199,2022-04-13,,Active
SUB_01383,CUST_01383,Pro,199,2022-05-01,2023-03-30,Churned
SUB_01384,CUST_01384,Starter,49,2023-02-23,,Active
SUB_01385,CUST_01385,Starter,49,2022-12-16,,Active
SUB_01386,CUST_01386,Pro,199,2023-10-19,2024-09-19,Churned
SUB_01387,CUST_01387,Starter,49,2022-02-11,,Active
SUB_01388,CUST_01388,Pro,199,2023-01-02,2023-07-28,Churned
SUB_01389,CUST_01389,Enterprise,999,2022-01-29,,Active
SUB_01390,CUST_01390,Starter,49,2022-01-14,2022-06-10,Churned
SUB_01391,CUST_01391,Starter,49,2023-04-30,2023-08-13,Churned
SUB_01392,CUST_01392,Starter,49,2022-07-08,,Active
SUB_01393,CUST_01393,Pro,199,2022-10-22,,Active
SUB_01394,CUST_01394,Starter,49,2022-07-02,2022-09-15,Churned
SUB_01395,CUST_01395,Starter,49,2023-07-02,,Active
SUB_01396,CUST_01396,Pro,199,2022-02-06,2022-10-20,Churned
SUB_01397,CUST_01397,Enterprise,999,2022-01-14,,Active
SUB_01398,CUST_01398,Starter,49,2023-09-27,,Active
SUB_01399,CUST_01399,Starter,49,2023-08-18,,Active
SUB_01400,CUST_01400,Enterprise,999,2022-06-08,,Active
SUB_01401,CUST_01401,Pro,199,2023-05-09,,Active
SUB_01402,CUST_01402,Pro,199,2022-11-25,,Active
SUB_01403,CUST_01403,Pro,199,2023-09-06,,Active
SUB_01404,CUST_01404,Enterprise,999,2022-03-24,,Active
SUB_01405,CUST_01405,Pro,199,2023-07-10,,Active
SUB_01406,CUST_01406,Pro,199,2023-08-03,2024-06-21,Churned
SUB_01407,CUST_01407,Pro,199,2023-07-14,2024-04-08,Churned
SUB_01408,CUST_01408,Pro,199,2023-07-23,,Active
SUB_01409,CUST_01409,Starter,49,2023-08-10,,Active
SUB_01410,CUST_01410,Starter,49,2022-01-22,,Active
SUB_01411,CUST_01411,Pro,199,2022-05-12,,Active
SUB_01412,CUST_01412,Starter,49,2023-04-10,,Active
SUB_01413,CUST_01413,Pro,199,2023-04-01,,Active
SUB_01414,CUST_01414,Starter,49,2022-10-29,,Active
SUB_01415,CUST_01415,Pro,199,2022-09-24,2023-03-13,Churned
SUB_01416,CUST_01416,Starter,49,2023-01-30,,Active
SUB_01417,CUST_01417,Pro,199,2022-04-30,,Active
SUB_01418,CUST_01418,Pro,199,2022-09-03,,Active
SUB_01419,CUST_01419,Starter,49,2023-07-22,,Active
SUB_01420,CUST_01420,Pro,199,2022-02-07,,Active
SUB_01421,CUST_01421,Starter,49,2022-09-02,,Active
SUB_01422,CUST_01422,Starter,49,2022-01-21,,Active
SUB_01423,CUST_01423,Starter,49,2022-04-20,,Active
SUB_01424,CUST_01424,Starter,49,2023-08-29,,Active
SUB_01425,CUST_01425,Enterprise,999,2023-01-29,,Active
SUB_01426,CUST_01426,Starter,49,2023-02-14,2023-10-05,Churned
SUB_01427,CUST_01427,Pro,199,2023-10-10,,Active
SUB_01428,CUST_01428,Starter,49,2022-01-08,,Active
SUB_01429,CUST_01429,Pro,199,2023-03-20,,Active
SUB_01430,CUST_01430,Starter,49,2022-11-24,2023-05-22,Churned
SUB_01431,CUST_01431,Pro,199,2022-10-17,2023-03-25,Churned
SUB_01432,CUST_01432,Pro,199,2023-05-26,,Active
SUB_01433,CUST_01433,Pro,199,2022-12-27,2023-12-24,Churned
SUB_01434,CUST_01434,Starter,49,2023-08-22,,Active
SUB_01435,CUST_01435,Pro,199,2022-08-07,2023-06-01,Churned
SUB_01436,CUST_01436,Starter,49,2023-02-10,,Active
SUB_01437,CUST_01437,Starter,49,2023-09-13,,Active
SUB_01438,CUST_01438,Starter,49,2022-08-08,,Active
SUB_01439,CUST_01439,Starter,49,2023-08-18,,Active
SUB_01440,CUST_01440,Starter,49,2022-04-17,,Active
SUB_01441,CUST_01441,Pro,199,2023-08-04,,Active
SUB_01442,CUST_01442,Starter,49,2023-09-01,,Active
SUB_01443,CUST_01443,Starter,49,2022-10-13,,Active
SUB_01444,CUST_01444,Starter,49,2022-01-08,,Active
SUB_01445,CUST_01445,Pro,199,2022-07-08,2023-06-15,Churned
SUB_01446,CUST_01446,Pro,199,2022-03-22,2022-09-04,Churned
SUB_01447,CUST_01447,Starter,49,2022-04-18,2022-09-10,Churned
SUB_01448,CUST_01448,Pro,199,2022-11-17,,Active
SUB_01449,CUST_01449,Pro,199,2023-08-02,2024-02-08,Churned
SUB_01450,CUST_01450,Starter,49,2023-11-17,,Active
SUB_01451,CUST_01451,Pro,199,2022-12-12,,Active
SUB_01452,CUST_01452,Pro,199,2022-11-24,,Active
SUB_01453,CUST_01453,Pro,199,2023-07-09,,Active
SUB_01454,CUST_01454,Starter,49,2023-11-30,,Active
SUB_01455,CUST_01455,Starter,49,2022-10-29,,Active
SUB_01456,CUST_01456,Starter,49,2022-07-19,2023-01-19,Churned
SUB_01457,CUST_01457,Pro,199,2023-02-23,,Active
SUB_01458,CUST_01458,Pro,199,2022-02-08,,Active
SUB_01459,CUST_01459,Starter,49,2022-11-03,,Active
SUB_01460,CUST_01460,Starter,49,2022-01-04,,Active
SUB_01461,CUST_01461,Pro,199,2023-09-25,2024-04-14,Churned
SUB_01462,CUST_01462,Pro,199,2022-03-18,,Active
SUB_01463,CUST_01463,Pro,199,2023-04-13,,Active
SUB_01464,CUST_01464,Pro,199,2022-06-28,,Active
SUB_01465,CUST_01465,Pro,199,2023-10-07,,Active
SUB_01466,CUST_01466,Starter,49,2022-10-03,,Active
SUB_01467,CUST_01467,Starter,49,2022-06-01,,Active
SUB_01468,CUST_01468,Starter,49,2022-06-13,,Active
SUB_01469,CUST_01469,Pro,199,2022-10-17,,Active
SUB_01470,CUST_01470,Starter,49,2023-01-13,,Active
SUB_01471,CUST_01471,Starter,49,2023-09-13,2024-02-19,Churned
SUB_01472,CUST_01472,Starter,49,2023-09-30,2024-01-16,Churned
SUB_01473,CUST_01473,Starter,49,2022-11-06,,Active
SUB_01474,CUST_01474,Pro,199,2023-01-24,,Active
SUB_01475,CUST_01475,Starter,49,2023-10-20,,Active
SUB_01476,CUST_01476,Starter,49,2022-07-02,2022-09-26,Churned
SUB_01477,CUST_01477,Pro,199,2022-11-02,,Active
SUB_01478,CUST_01478,Starter,49,2022-03-13,2022-06-07,Churned
SUB_01479,CUST_01479,Pro,199,2022-08-07,,Active
SUB_01480,CUST_01480,Pro,199,2022-06-22,,Active
SUB_01481,CUST_01481,Enterprise,999,2023-10-15,,Active
SUB_01482,CUST_01482,Pro,199,2022-09-29,,Active
SUB_01483,CUST_01483,Starter,49,2023-04-13,,Active
SUB_01484,CUST_01484,Pro,199,2022-09-26,,Active
SUB_01485,CUST_01485,Starter,49,2022-01-20,2023-01-19,Churned
SUB_01486,CUST_01486,Starter,49,2023-08-01,,Active
SUB_01487,CUST_01487,Starter,49,2023-05-18,2023-10-28,Churned
SUB_01488,CUST_01488,Starter,49,2022-05-27,,Active
SUB_01489,CUST_01489,Pro,199,2023-03-05,2023-04-17,Churned
SUB_01490,CUST_01490,Starter,49,2022-06-14,2023-04-22,Churned
SUB_01491,CUST_01491,Pro,199,2022-11-06,2023-09-25,Churned
SUB_01492,CUST_01492,Starter,49,2023-06-02,2023-11-25,Churned
SUB_01493,CUST_01493,Starter,49,2022-01-14,2022-06-19,Churned
SUB_01494,CUST_01494,Enterprise,999,2022-05-12,,Active
SUB_01495,CUST_01495,Starter,49,2023-03-15,,Active
SUB_01496,CUST_01496,Pro,199,2023-11-05,,Active
SUB_01497,CUST_01497,Starter,49,2022-09-20,2023-07-06,Churned
SUB_01498,CUST_01498,Starter,49,2023-10-05,2024-09-12,Churned
SUB_01499,CUST_01499,Starter,49,2022-08-13,,Active
SUB_01500,CUST_01500,Pro,199,2022-09-15,,Active
SUB_01501,CUST_01501,Starter,49,2022-08-22,2023-04-26,Churned
SUB_01502,CUST_01502,Starter,49,2022-12-02,2023-08-21,Churned
SUB_01503,CUST_01503,Starter,49,2023-02-13,,Active
SUB_01504,CUST_01504,Pro,199,2022-01-24,,Active
SUB_01505,CUST_01505,Pro,199,2022-09-28,,Active
SUB_01506,CUST_01506,Pro,199,2022-04-05,,Active
SUB_01507,CUST_01507,Starter,49,2022-05-22,,Active
SUB_01508,CUST_01508,Pro,199,2023-11-25,,Active
SUB_01509,CUST_01509,Pro,199,2022-03-22,2022-10-05,Churned
SUB_01510,CUST_01510,Pro,199,2022-10-01,,Active
SUB_01511,CUST_01511,Pro,199,2022-10-03,,Active
SUB_01512,CUST_01512,Pro,199,2023-04-10,2023-09-29,Churned
SUB_01513,CUST_01513,Starter,49,2022-07-27,2023-05-12,Churned
SUB_01514,CUST_01514,Pro,199,2022-10-23,2023-06-27,Churned
SUB_01515,CUST_01515,Enterprise,999,2022-02-08,,Active
SUB_01516,CUST_01516,Starter,49,2022-10-15,2023-09-17,Churned
SUB_01517,CUST_01517,Starter,49,2022-05-04,,Active
SUB_01518,CUST_01518,Enterprise,999,2022-10-10,2023-04-03,Churned
SUB_01519,CUST_01519,Starter,49,2022-06-29,,Active
SUB_01520,CUST_01520,Pro,199,2022-04-07,,Active
SUB_01521,CUST_01521,Starter,49,2022-07-10,,Active
SUB_01522,CUST_01522,Starter,49,2022-03-15,,Active
SUB_01523,CUST_01523,Starter,49,2023-03-23,2023-07-29,Churned
SUB_01524,CUST_01524,Starter,49,2023-05-12,,Active
SUB_01525,CUST_01525,Starter,49,2023-07-15,,Active
SUB_01526,CUST_01526,Starter,49,2023-04-29,,Active
SUB_01527,CUST_01527,Pro,199,2022-04-26,,Active
SUB_01528,CUST_01528,Enterprise,999,2023-06-19,2024-01-16,Churned
SUB_01529,CUST_01529,Starter,49,2022-04-08,2022-10-23,Churned
SUB_01530,CUST_01530,Pro,199,2022-11-24,2023-08-13,Churned
SUB_01531,CUST_01531,Pro,199,2023-02-11,,Active
SUB_01532,CUST_01532,Pro,199,2022-11-09,,Active
SUB_01533,CUST_01533,Pro,199,2023-11-25,,Active
SUB_01534,CUST_01534,Starter,49,2022-05-28,,Active
SUB_01535,CUST_01535,Starter,49,2022-12-08,,Active
SUB_01536,CUST_01536,Starter,49,2023-05-10,2023-09-09,Churned
SUB_01537,CUST_01537,Starter,49,2022-01-23,,Active
SUB_01538,CUST_01538,Pro,199,2022-04-15,,Active
SUB_01539,CUST_01539,Starter,49,2023-11-06,,Active
SUB_01540,CUST_01540,Pro,199,2023-08-02,,Active
SUB_01541,CUST_01541,Enterprise,999,2023-07-12,2023-12-05,Churned
SUB_01542,CUST_01542,Enterprise,999,2023-08-16,,Active
SUB_01543,CUST_01543,Enterprise,999,2023-10-21,,Active
SUB_01544,CUST_01544,Starter,49,2022-08-10,,Active
SUB_01545,CUST_01545,Pro,199,2022-01-15,2022-02-17,Churned
SUB_01546,CUST_01546,Starter,49,2023-09-25,2024-01-17,Churned
SUB_01547,CUST_01547,Pro,199,2022-03-19,2022-10-01,Churned
SUB_01548,CUST_01548,Pro,199,2022-11-18,,Active
SUB_01549,CUST_01549,Pro,199,2022-08-29,,Active
SUB_01550,CUST_01550,Starter,49,2022-01-18,,Active
SUB_01551,CUST_01551,Pro,199,2023-03-30,2023-05-05,Churned
SUB_01552,CUST_01552,Starter,49,2023-03-19,2023-12-05,Churned
SUB_01553,CUST_01553,Starter,49,2022-10-04,2023-07-11,Churned
SUB_01554,CUST_01554,Pro,199,2023-02-28,,Active
SUB_01555,CUST_01555,Starter,49,2023-04-21,2023-08-13,Churned
SUB_01556,CUST_01556,Enterprise,999,2022-01-27,,Active
SUB_01557,CUST_01557,Starter,49,2023-05-29,2024-05-11,Churned
SUB_01558,CUST_01558,Pro,199,2023-04-09,,Active
SUB_01559,CUST_01559,Starter,49,2022-12-29,,Active
SUB_01560,CUST_01560,Pro,199,2023-01-18,,Active
SUB_01561,CUST_01561,Pro,199,2023-06-09,,Active
SUB_01562,CUST_01562,Enterprise,999,2023-01-17,,Active
SUB_01563,CUST_01563,Starter,49,2022-07-03,,Active
SUB_01564,CUST_01564,Enterprise,999,2022-07-13,,Active
SUB_01565,CUST_01565,Starter,49,2023-04-07,,Active
SUB_01566,CUST_01566,Starter,49,2022-02-25,,Active
SUB_01567,CUST_01567,Starter,49,2022-08-18,,Active
SUB_01568,CUST_01568,Pro,199,2023-05-04,2023-12-12,Churned
SUB_01569,CUST_01569,Starter,49,2022-01-28,,Active
SUB_01570,CUST_01570,Pro,199,2023-08-06,,Active
SUB_01571,CUST_01571,Pro,199,2022-07-03,2022-12-02,Churned
SUB_01572,CUST_01572,Starter,49,2023-03-01,,Active
SUB_01573,CUST_01573,Enterprise,999,2023-01-10,,Active
SUB_01574,CUST_01574,Starter,49,2022-02-10,2022-06-08,Churned
SUB_01575,CUST_01575,Pro,199,2023-04-29,,Active
SUB_01576,CUST_01576,Starter,49,2022-09-17,2023-01-19,Churned
SUB_01577,CUST_01577,Pro,199,2023-03-17,,Active
SUB_01578,CUST_01578,Starter,49,2022-03-25,2023-02-17,Churned
SUB_01579,CUST_01579,Starter,49,2022-02-15,,Active
SUB_01580,CUST_01580,Starter,49,2023-03-16,,Active
SUB_01581,CUST_01581,Starter,49,2023-11-02,,Active
SUB_01582,CUST_01582,Starter,49,2023-06-03,,Active
SUB_01583,CUST_01583,Starter,49,2023-03-14,2023-05-27,Churned
SUB_01584,CUST_01584,Starter,49,2022-05-16,,Active
SUB_01585,CUST_01585,Pro,199,2022-07-02,,Active
SUB_01586,CUST_01586,Pro,199,2022-06-21,,Active
SUB_01587,CUST_01587,Pro,199,2023-08-13,,Active
SUB_01588,CUST_01588,Pro,199,2023-11-21,2024-08-29,Churned
SUB_01589,CUST_01589,Pro,199,2023-06-23,,Active
SUB_01590,CUST_01590,Pro,199,2022-04-30,,Active
SUB_01591,CUST_01591,Starter,49,2022-10-08,2022-12-27,Churned
SUB_01592,CUST_01592,Pro,199,2022-11-04,2023-02-06,Churned
SUB_01593,CUST_01593,Starter,49,2022-10-04,,Active
SUB_01594,CUST_01594,Pro,199,2023-06-14,,Active
SUB_01595,CUST_01595,Pro,199,2022-10-22,2023-01-13,Churned
SUB_01596,CUST_01596,Starter,49,2022-02-22,2022-10-31,Churned
SUB_01597,CUST_01597,Pro,199,2023-03-08,2023-06-17,Churned
SUB_01598,CUST_01598,Starter,49,2022-02-21,2022-09-06,Churned
SUB_01599,CUST_01599,Starter,49,2022-03-13,,Active
SUB_01600,CUST_01600,Starter,49,2022-01-28,2022-08-31,Churned
SUB_01601,CUST_01601,Pro,199,2023-04-14,2023-10-03,Churned
SUB_01602,CUST_01602,Pro,199,2023-07-01,,Active
SUB_01603,CUST_01603,Pro,199,2023-02-05,,Active
SUB_01604,CUST_01604,Starter,49,2022-07-20,,Active
SUB_01605,CUST_01605,Pro,199,2023-09-03,,Active
SUB_01606,CUST_01606,Pro,199,2023-04-11,2023-05-29,Churned
SUB_01607,CUST_01607,Starter,49,2023-10-14,2023-11-22,Churned
SUB_01608,CUST_01608,Pro,199,2023-08-18,,Active
SUB_01609,CUST_01609,Starter,49,2023-07-14,2024-05-10,Churned
SUB_01610,CUST_01610,Starter,49,2023-01-14,,Active
SUB_01611,CUST_01611,Starter,49,2022-06-26,2023-01-12,Churned
SUB_01612,CUST_01612,Pro,199,2022-02-21,,Active
SUB_01613,CUST_01613,Starter,49,2022-03-20,,Active
SUB_01614,CUST_01614,Starter,49,2023-01-20,,Active
SUB_01615,CUST_01615,Starter,49,2023-07-30,2023-09-13,Churned
SUB_01616,CUST_01616,Starter,49,2022-01-08,,Active
SUB_01617,CUST_01617,Starter,49,2022-08-02,2022-11-19,Churned
SUB_01618,CUST_01618,Starter,49,2022-01-25,,Active
SUB_01619,CUST_01619,Pro,199,2023-03-26,,Active
SUB_01620,CUST_01620,Starter,49,2023-04-02,,Active
SUB_01621,CUST_01621,Pro,199,2023-04-06,,Active
SUB_01622,CUST_01622,Pro,199,2022-07-17,2023-05-26,Churned
SUB_01623,CUST_01623,Starter,49,2022-04-04,,Active
SUB_01624,CUST_01624,Starter,49,2023-03-13,2023-10-18,Churned
SUB_01625,CUST_01625,Pro,199,2023-06-11,2023-12-05,Churned
SUB_01626,CUST_01626,Starter,49,2023-11-21,2024-05-31,Churned
SUB_01627,CUST_01627,Starter,49,2023-01-13,,Active
SUB_01628,CUST_01628,Starter,49,2023-08-10,2024-05-30,Churned
SUB_01629,CUST_01629,Pro,199,2022-04-14,,Active
SUB_01630,CUST_01630,Pro,199,2023-11-11,,Active
SUB_01631,CUST_01631,Enterprise,999,2023-09-19,,Active
SUB_01632,CUST_01632,Pro,199,2022-02-08,2022-07-25,Churned
SUB_01633,CUST_01633,Starter,49,2023-04-03,,Active
SUB_01634,CUST_01634,Starter,49,2022-12-30,,Active
SUB_01635,CUST_01635,Starter,49,2022-05-15,,Active
SUB_01636,CUST_01636,Starter,49,2023-01-09,,Active
SUB_01637,CUST_01637,Starter,49,2022-08-20,,Active
SUB_01638,CUST_01638,Starter,49,2022-02-08,2023-01-04,Churned
SUB_01639,CUST_01639,Starter,49,2022-02-16,,Active
SUB_01640,CUST_01640,Starter,49,2022-02-05,2022-04-05,Churned
SUB_01641,CUST_01641,Starter,49,2022-04-05,,Active
SUB_01642,CUST_01642,Enterprise,999,2022-12-27,2023-11-25,Churned
SUB_01643,CUST_01643,Pro,199,2023-06-09,,Active
SUB_01644,CUST_01644,Enterprise,999,2022-05-26,,Active
SUB_01645,CUST_01645,Starter,49,2023-01-03,,Active
SUB_01646,CUST_01646,Starter,49,2022-03-06,,Active
SUB_01647,CUST_01647,Starter,49,2022-08-16,2023-03-01,Churned
SUB_01648,CUST_01648,Starter,49,2023-06-04,,Active
SUB_01649,CUST_01649,Starter,49,2023-07-09,2023-11-06,Churned
SUB_01650,CUST_01650,Enterprise,999,2022-06-30,2022-10-28,Churned
SUB_01651,CUST_01651,Enterprise,999,2023-05-16,,Active
SUB_01652,CUST_01652,Starter,49,2023-08-20,,Active
SUB_01653,CUST_01653,Starter,49,2022-06-04,,Active
SUB_01654,CUST_01654,Starter,49,2023-06-19,,Active
SUB_01655,CUST_01655,Starter,49,2023-09-19,2024-05-16,Churned
SUB_01656,CUST_01656,Starter,49,2023-03-11,2024-03-04,Churned
SUB_01657,CUST_01657,Starter,49,2022-04-09,,Active
SUB_01658,CUST_01658,Starter,49,2023-09-08,,Active
SUB_01659,CUST_01659,Starter,49,2023-01-07,,Active
SUB_01660,CUST_01660,Starter,49,2023-07-17,,Active
SUB_01661,CUST_01661,Starter,49,2022-12-28,2023-11-22,Churned
SUB_01662,CUST_01662,Starter,49,2022-04-22,2022-11-11,Churned
SUB_01663,CUST_01663,Enterprise,999,2023-03-29,2023-09-08,Churned
SUB_01664,CUST_01664,Starter,49,2022-06-18,2022-08-10,Churned
SUB_01665,CUST_01665,Pro,199,2023-08-07,,Active
SUB_01666,CUST_01666,Pro,199,2022-05-19,,Active
SUB_01667,CUST_01667,Enterprise,999,2022-08-19,,Active
SUB_01668,CUST_01668,Pro,199,2022-08-27,2023-04-14,Churned
SUB_01669,CUST_01669,Pro,199,2022-09-10,,Active
SUB_01670,CUST_01670,Pro,199,2023-03-12,,Active
SUB_01671,CUST_01671,Starter,49,2023-07-15,,Active
SUB_01672,CUST_01672,Starter,49,2023-02-26,,Active
SUB_01673,CUST_01673,Enterprise,999,2022-10-30,2023-07-05,Churned
SUB_01674,CUST_01674,Pro,199,2022-03-13,,Active
SUB_01675,CUST_01675,Enterprise,999,2022-09-20,,Active
SUB_01676,CUST_01676,Pro,199,2022-08-10,,Active
SUB_01677,CUST_01677,Pro,199,2022-03-18,,Active
SUB_01678,CUST_01678,Pro,199,2022-03-03,,Active
SUB_01679,CUST_01679,Pro,199,2023-04-16,,Active
SUB_01680,CUST_01680,Pro,199,2022-06-06,,Active
SUB_01681,CUST_01681,Enterprise,999,2022-05-05,,Active
SUB_01682,CUST_01682,Pro,199,2022-06-10,,Active
SUB_01683,CUST_01683,Pro,199,2023-06-25,,Active
SUB_01684,CUST_01684,Pro,199,2023-09-18,,Active
SUB_01685,CUST_01685,Starter,49,2023-08-14,,Active
SUB_01686,CUST_01686,Starter,49,2023-06-19,2023-07-25,Churned
SUB_01687,CUST_01687,Enterprise,999,2022-04-16,,Active
SUB_01688,CUST_01688,Pro,199,2022-05-11,,Active
SUB_01689,CUST_01689,Starter,49,2022-12-23,2023-01-27,Churned
SUB_01690,CUST_01690,Starter,49,2023-11-16,,Active
SUB_01691,CUST_01691,Pro,199,2022-01-02,2022-05-29,Churned
SUB_01692,CUST_01692,Pro,199,2022-08-21,2023-02-27,Churned
SUB_01693,CUST_01693,Pro,199,2023-01-04,,Active
SUB_01694,CUST_01694,Pro,199,2022-09-08,,Active
SUB_01695,CUST_01695,Starter,49,2022-04-18,,Active
SUB_01696,CUST_01696,Starter,49,2022-10-03,,Active
SUB_01697,CUST_01697,Starter,49,2022-06-29,2022-10-21,Churned
SUB_01698,CUST_01698,Pro,199,2022-10-20,,Active
SUB_01699,CUST_01699,Starter,49,2023-08-07,,Active
SUB_01700,CUST_01700,Pro,199,2022-06-24,,Active
SUB_01701,CUST_01701,Pro,199,2022-05-03,2023-02-04,Churned
SUB_01702,CUST_01702,Pro,199,2022-08-15,,Active
SUB_01703,CUST_01703,Enterprise,999,2023-03-20,,Active
SUB_01704,CUST_01704,Starter,49,2023-03-04,2023-09-15,Churned
SUB_01705,CUST_01705,Pro,199,2022-03-24,,Active
SUB_01706,CUST_01706,Starter,49,2023-10-20,,Active
SUB_01707,CUST_01707,Starter,49,2023-09-24,2024-03-16,Churned
SUB_01708,CUST_01708,Starter,49,2022-03-06,,Active
SUB_01709,CUST_01709,Starter,49,2022-10-08,,Active
SUB_01710,CUST_01710,Pro,199,2023-01-26,2023-03-27,Churned
SUB_01711,CUST_01711,Pro,199,2023-03-04,2023-11-08,Churned
SUB_01712,CUST_01712,Starter,49,2023-09-10,,Active
SUB_01713,CUST_01713,Starter,49,2022-04-17,,Active
SUB_01714,CUST_01714,Pro,199,2023-07-02,,Active
SUB_01715,CUST_01715,Pro,199,2023-10-21,,Active
SUB_01716,CUST_01716,Starter,49,2022-09-19,,Active
SUB_01717,CUST_01717,Pro,199,2022-06-08,,Active
SUB_01718,CUST_01718,Pro,199,2022-09-22,,Active
SUB_01719,CUST_01719,Pro,199,2023-04-13,,Active
SUB_01720,CUST_01720,Starter,49,2022-07-21,,Active
SUB_01721,CUST_01721,Pro,199,2022-06-04,,Active
SUB_01722,CUST_01722,Pro,199,2022-01-13,,Active
SUB_01723,CUST_01723,Pro,199,2022-10-24,,Active
SUB_01724,CUST_01724,Pro,199,2023-05-13,2023-10-22,Churned
SUB_01725,CUST_01725,Enterprise,999,2023-08-20,,Active
SUB_01726,CUST_01726,Starter,49,2022-09-02,2022-12-04,Churned
SUB_01727,CUST_01727,Enterprise,999,2022-10-27,2023-02-09,Churned
SUB_01728,CUST_01728,Pro,199,2022-12-28,,Active
SUB_01729,CUST_01729,Pro,199,2022-12-20,2023-05-29,Churned
SUB_01730,CUST_01730,Starter,49,2023-06-05,,Active
SUB_01731,CUST_01731,Starter,49,2023-01-21,,Active
SUB_01732,CUST_01732,Pro,199,2022-11-08,,Active
SUB_01733,CUST_01733,Pro,199,2023-02-18,,Active
SUB_01734,CUST_01734,Starter,49,2022-10-05,,Active
SUB_01735,CUST_01735,Pro,199,2023-08-16,,Active
SUB_01736,CUST_01736,Starter,49,2022-12-22,,Active
SUB_01737,CUST_01737,Enterprise,999,2023-06-09,2024-05-15,Churned
SUB_01738,CUST_01738,Pro,199,2022-01-16,,Active
SUB_01739,CUST_01739,Starter,49,2022-02-14,,Active
SUB_01740,CUST_01740,Pro,199,2022-11-17,,Active
SUB_01741,CUST_01741,Enterprise,999,2023-10-13,,Active
SUB_01742,CUST_01742,Starter,49,2022-11-22,2023-11-05,Churned
SUB_01743,CUST_01743,Pro,199,2022-05-28,,Active
SUB_01744,CUST_01744,Starter,49,2022-12-21,,Active
SUB_01745,CUST_01745,Pro,199,2022-08-24,,Active
SUB_01746,CUST_01746,Starter,49,2023-09-05,2023-11-11,Churned
SUB_01747,CUST_01747,Starter,49,2022-04-15,,Active
SUB_01748,CUST_01748,Starter,49,2023-04-19,,Active
SUB_01749,CUST_01749,Starter,49,2023-01-31,,Active
SUB_01750,CUST_01750,Pro,199,2023-03-22,,Active
SUB_01751,CUST_01751,Starter,49,2023-08-29,,Active
SUB_01752,CUST_01752,Starter,49,2022-08-08,,Active
SUB_01753,CUST_01753,Pro,199,2023-03-18,2023-06-09,Churned
SUB_01754,CUST_01754,Starter,49,2023-10-07,,Active
SUB_01755,CUST_01755,Pro,199,2023-10-29,,Active
SUB_01756,CUST_01756,Enterprise,999,2022-01-28,,Active
SUB_01757,CUST_01757,Pro,199,2023-04-20,,Active
SUB_01758,CUST_01758,Starter,49,2023-09-20,,Active
SUB_01759,CUST_01759,Starter,49,2022-11-01,,Active
SUB_01760,CUST_01760,Enterprise,999,2023-02-09,,Active
SUB_01761,CUST_01761,Starter,49,2023-05-28,,Active
SUB_01762,CUST_01762,Starter,49,2023-05-17,,Active
SUB_01763,CUST_01763,Starter,49,2022-12-14,,Active
SUB_01764,CUST_01764,Starter,49,2022-08-28,,Active
SUB_01765,CUST_01765,Pro,199,2023-07-24,,Active
SUB_01766,CUST_01766,Pro,199,2023-11-26,,Active
SUB_01767,CUST_01767,Enterprise,999,2022-12-03,,Active
SUB_01768,CUST_01768,Pro,199,2022-01-26,2022-07-04,Churned
SUB_01769,CUST_01769,Starter,49,2023-02-13,2023-10-18,Churned
SUB_01770,CUST_01770,Starter,49,2022-03-18,,Active
SUB_01771,CUST_01771,Enterprise,999,2022-08-05,2022-09-05,Churned
SUB_01772,CUST_01772,Starter,49,2022-11-24,,Active
SUB_01773,CUST_01773,Starter,49,2022-01-23,,Active
SUB_01774,CUST_01774,Enterprise,999,2023-11-01,,Active
SUB_01775,CUST_01775,Pro,199,2022-11-06,,Active
SUB_01776,CUST_01776,Starter,49,2023-08-22,,Active
SUB_01777,CUST_01777,Pro,199,2022-09-24,,Active
SUB_01778,CUST_01778,Enterprise,999,2023-02-19,2023-11-21,Churned
SUB_01779,CUST_01779,Starter,49,2023-10-08,,Active
SUB_01780,CUST_01780,Pro,199,2022-09-24,,Active
SUB_01781,CUST_01781,Starter,49,2022-11-29,,Active
SUB_01782,CUST_01782,Pro,199,2023-03-26,,Active
SUB_01783,CUST_01783,Enterprise,999,2023-07-19,,Active
SUB_01784,CUST_01784,Enterprise,999,2023-09-03,,Active
SUB_01785,CUST_01785,Starter,49,2022-09-04,,Active
SUB_01786,CUST_01786,Starter,49,2022-02-05,2022-07-24,Churned
SUB_01787,CUST_01787,Starter,49,2023-02-05,,Active
SUB_01788,CUST_01788,Pro,199,2022-01-28,,Active
SUB_01789,CUST_01789,Starter,49,2022-08-08,,Active
SUB_01790,CUST_01790,Starter,49,2023-02-10,2024-01-01,Churned
SUB_01791,CUST_01791,Starter,49,2023-09-06,,Active
SUB_01792,CUST_01792,Starter,49,2022-09-28,,Active
SUB_01793,CUST_01793,Starter,49,2023-10-13,2024-07-26,Churned
SUB_01794,CUST_01794,Pro,199,2023-05-26,,Active
SUB_01795,CUST_01795,Starter,49,2022-10-13,,Active
SUB_01796,CUST_01796,Starter,49,2023-03-30,,Active
SUB_01797,CUST_01797,Pro,199,2022-11-13,2023-03-27,Churned
SUB_01798,CUST_01798,Pro,199,2023-08-13,2024-03-14,Churned
SUB_01799,CUST_01799,Starter,49,2022-10-24,,Active
SUB_01800,CUST_01800,Starter,49,2022-12-04,,Active
SUB_01801,CUST_01801,Pro,199,2022-11-03,,Active
SUB_01802,CUST_01802,Starter,49,2023-03-04,,Active
SUB_01803,CUST_01803,Pro,199,2022-12-17,,Active
SUB_01804,CUST_01804,Starter,49,2023-05-26,2024-04-22,Churned
SUB_01805,CUST_01805,Starter,49,2023-06-09,,Active
SUB_01806,CUST_01806,Starter,49,2023-05-07,,Active
SUB_01807,CUST_01807,Pro,199,2023-08-17,,Active
SUB_01808,CUST_01808,Enterprise,999,2022-01-09,,Active
SUB_01809,CUST_01809,Starter,49,2023-05-12,,Active
SUB_01810,CUST_01810,Pro,199,2023-07-14,,Active
SUB_01811,CUST_01811,Starter,49,2023-07-15,,Active
SUB_01812,CUST_01812,Starter,49,2023-03-16,,Active
SUB_01813,CUST_01813,Pro,199,2023-07-06,2024-04-04,Churned
SUB_01814,CUST_01814,Starter,49,2022-04-18,2022-10-28,Churned
SUB_01815,CUST_01815,Enterprise,999,2022-09-02,2023-02-10,Churned
SUB_01816,CUST_01816,Pro,199,2022-09-12,2023-05-02,Churned
SUB_01817,CUST_01817,Enterprise,999,2022-02-02,,Active
SUB_01818,CUST_01818,Pro,199,2022-01-23,,Active
SUB_01819,CUST_01819,Starter,49,2023-07-20,2024-03-15,Churned
SUB_01820,CUST_01820,Starter,49,2022-02-18,,Active
SUB_01821,CUST_01821,Starter,49,2023-04-07,2023-08-15,Churned
SUB_01822,CUST_01822,Starter,49,2023-08-13,,Active
SUB_01823,CUST_01823,Starter,49,2022-12-02,2023-09-28,Churned
SUB_01824,CUST_01824,Starter,49,2022-12-24,,Active
SUB_01825,CUST_01825,Enterprise,999,2022-05-02,,Active
SUB_01826,CUST_01826,Starter,49,2023-03-20,2023-06-06,Churned
SUB_01827,CUST_01827,Pro,199,2022-12-25,2023-09-19,Churned
SUB_01828,CUST_01828,Enterprise,999,2023-08-25,2024-04-25,Churned
SUB_01829,CUST_01829,Pro,199,2022-12-12,,Active
SUB_01830,CUST_01830,Starter,49,2022-07-12,,Active
SUB_01831,CUST_01831,Starter,49,2023-02-20,,Active
SUB_01832,CUST_01832,Starter,49,2023-01-12,2023-11-28,Churned
SUB_01833,CUST_01833,Starter,49,2023-04-08,,Active
SUB_01834,CUST_01834,Starter,49,2023-10-23,,Active
SUB_01835,CUST_01835,Pro,199,2022-05-26,2023-03-31,Churned
SUB_01836,CUST_01836,Starter,49,2023-04-23,,Active
SUB_01837,CUST_01837,Pro,199,2023-10-15,,Active
SUB_01838,CUST_01838,Enterprise,999,2023-02-12,,Active
SUB_01839,CUST_01839,Starter,49,2022-10-13,,Active
SUB_01840,CUST_01840,Starter,49,2022-04-21,2023-04-01,Churned
SUB_01841,CUST_01841,Pro,199,2023-09-12,,Active
SUB_01842,CUST_01842,Starter,49,2022-02-19,,Active
SUB_01843,CUST_01843,Pro,199,2022-01-14,,Active
SUB_01844,CUST_01844,Starter,49,2022-05-14,2022-08-28,Churned
SUB_01845,CUST_01845,Pro,199,2023-08-11,,Active
SUB_01846,CUST_01846,Starter,49,2023-08-19,,Active
SUB_01847,CUST_01847,Starter,49,2022-12-09,2023-11-07,Churned
SUB_01848,CUST_01848,Pro,199,2023-11-01,,Active
SUB_01849,CUST_01849,Starter,49,2022-10-13,,Active
SUB_01850,CUST_01850,Starter,49,2022-11-10,,Active
SUB_01851,CUST_01851,Starter,49,2023-08-29,2024-02-25,Churned
SUB_01852,CUST_01852,Starter,49,2022-10-24,,Active
SUB_01853,CUST_01853,Pro,199,2023-08-29,,Active
SUB_01854,CUST_01854,Pro,199,2023-07-23,,Active
SUB_01855,CUST_01855,Pro,199,2022-06-13,2023-05-05,Churned
SUB_01856,CUST_01856,Pro,199,2023-05-12,2023-11-14,Churned
SUB_01857,CUST_01857,Starter,49,2023-09-02,,Active
SUB_01858,CUST_01858,Starter,49,2022-01-16,,Active
SUB_01859,CUST_01859,Pro,199,2022-12-10,2023-07-25,Churned
SUB_01860,CUST_01860,Pro,199,2022-03-19,,Active
SUB_01861,CUST_01861,Starter,49,2022-12-12,2023-10-24,Churned
SUB_01862,CUST_01862,Starter,49,2022-03-13,,Active
SUB_01863,CUST_01863,Starter,49,2022-09-27,,Active
SUB_01864,CUST_01864,Pro,199,2022-10-14,,Active
SUB_01865,CUST_01865,Pro,199,2022-03-07,2022-04-29,Churned
SUB_01866,CUST_01866,Starter,49,2022-03-09,,Active
SUB_01867,CUST_01867,Pro,199,2022-07-12,,Active
SUB_01868,CUST_01868,Starter,49,2022-02-24,,Active
SUB_01869,CUST_01869,Starter,49,2023-01-14,,Active
SUB_01870,CUST_01870,Pro,199,2022-06-17,,Active
SUB_01871,CUST_01871,Starter,49,2023-02-13,,Active
SUB_01872,CUST_01872,Starter,49,2023-05-23,2023-06-30,Churned
SUB_01873,CUST_01873,Enterprise,999,2023-06-21,,Active
SUB_01874,CUST_01874,Pro,199,2023-10-05,2024-03-14,Churned
SUB_01875,CUST_01875,Pro,199,2022-04-12,,Active
SUB_01876,CUST_01876,Starter,49,2023-02-26,,Active
SUB_01877,CUST_01877,Starter,49,2023-04-23,,Active
SUB_01878,CUST_01878,Enterprise,999,2022-04-30,2022-08-14,Churned
SUB_01879,CUST_01879,Pro,199,2022-10-18,2023-06-30,Churned
SUB_01880,CUST_01880,Pro,199,2023-05-03,,Active
SUB_01881,CUST_01881,Starter,49,2022-06-10,2022-11-17,Churned
SUB_01882,CUST_01882,Starter,49,2023-11-04,,Active
SUB_01883,CUST_01883,Enterprise,999,2022-03-19,,Active
SUB_01884,CUST_01884,Pro,199,2022-02-07,,Active
SUB_01885,CUST_01885,Starter,49,2023-01-29,,Active
SUB_01886,CUST_01886,Starter,49,2023-03-17,,Active
SUB_01887,CUST_01887,Starter,49,2023-06-24,,Active
SUB_01888,CUST_01888,Starter,49,2023-04-07,,Active
SUB_01889,CUST_01889,Starter,49,2023-09-04,2024-01-01,Churned
SUB_01890,CUST_01890,Starter,49,2022-10-21,,Active
SUB_01891,CUST_01891,Pro,199,2023-02-04,,Active
SUB_01892,CUST_01892,Starter,49,2023-09-28,,Active
SUB_01893,CUST_01893,Enterprise,999,2022-04-02,2022-08-26,Churned
SUB_01894,CUST_01894,Starter,49,2023-09-01,2024-01-18,Churned
SUB_01895,CUST_01895,Pro,199,2022-01-06,,Active
SUB_01896,CUST_01896,Starter,49,2023-11-12,2024-09-07,Churned
SUB_01897,CUST_01897,Pro,199,2022-09-28,2023-06-11,Churned
SUB_01898,CUST_01898,Enterprise,999,2023-09-12,,Active
SUB_01899,CUST_01899,Pro,199,2023-07-13,,Active
SUB_01900,CUST_01900,Pro,199,2022-04-09,,Active
SUB_01901,CUST_01901,Starter,49,2023-06-10,,Active
SUB_01902,CUST_01902,Pro,199,2022-07-13,,Active
SUB_01903,CUST_01903,Enterprise,999,2022-06-06,2023-03-06,Churned
SUB_01904,CUST_01904,Enterprise,999,2023-10-28,,Active
SUB_01905,CUST_01905,Starter,49,2022-04-25,2023-03-28,Churned
SUB_01906,CUST_01906,Enterprise,999,2023-01-31,2023-04-25,Churned
SUB_01907,CUST_01907,Starter,49,2023-10-19,,Active
SUB_01908,CUST_01908,Starter,49,2023-06-06,,Active
SUB_01909,CUST_01909,Starter,49,2022-08-02,,Active
SUB_01910,CUST_01910,Starter,49,2023-11-14,2024-01-19,Churned
SUB_01911,CUST_01911,Pro,199,2023-06-17,2023-09-09,Churned
SUB_01912,CUST_01912,Pro,199,2022-01-15,,Active
SUB_01913,CUST_01913,Pro,199,2023-02-23,2023-04-05,Churned
SUB_01914,CUST_01914,Pro,199,2023-01-03,,Active
SUB_01915,CUST_01915,Pro,199,2023-09-30,2024-05-01,Churned
SUB_01916,CUST_01916,Pro,199,2022-08-01,,Active
SUB_01917,CUST_01917,Starter,49,2023-12-01,,Active
SUB_01918,CUST_01918,Pro,199,2023-11-15,,Active
SUB_01919,CUST_01919,Pro,199,2022-01-05,,Active
SUB_01920,CUST_01920,Pro,199,2022-08-19,,Active
SUB_01921,CUST_01921,Pro,199,2022-07-20,2023-04-12,Churned
SUB_01922,CUST_01922,Pro,199,2023-02-06,,Active
SUB_01923,CUST_01923,Starter,49,2022-05-29,,Active
SUB_01924,CUST_01924,Starter,49,2023-08-07,,Active
SUB_01925,CUST_01925,Pro,199,2023-05-07,2024-03-24,Churned
SUB_01926,CUST_01926,Starter,49,2022-08-14,2023-04-04,Churned
SUB_01927,CUST_01927,Pro,199,2023-08-09,,Active
SUB_01928,CUST_01928,Starter,49,2022-06-18,,Active
SUB_01929,CUST_01929,Starter,49,2022-06-01,,Active
SUB_01930,CUST_01930,Pro,199,2022-08-12,2023-04-09,Churned
SUB_01931,CUST_01931,Starter,49,2023-05-19,,Active
SUB_01932,CUST_01932,Pro,199,2023-07-04,,Active
SUB_01933,CUST_01933,Starter,49,2022-02-13,,Active
SUB_01934,CUST_01934,Starter,49,2023-11-28,,Active
SUB_01935,CUST_01935,Pro,199,2023-05-19,2024-01-29,Churned
SUB_01936,CUST_01936,Starter,49,2022-08-29,,Active
SUB_01937,CUST_01937,Pro,199,2022-12-17,,Active
SUB_01938,CUST_01938,Pro,199,2022-01-23,,Active
SUB_01939,CUST_01939,Starter,49,2023-09-28,2023-11-03,Churned
SUB_01940,CUST_01940,Pro,199,2023-08-21,,Active
SUB_01941,CUST_01941,Pro,199,2022-02-12,,Active
SUB_01942,CUST_01942,Starter,49,2023-04-11,,Active
SUB_01943,CUST_01943,Starter,49,2022-02-09,,Active
SUB_01944,CUST_01944,Starter,49,2022-10-30,,Active
SUB_01945,CUST_01945,Pro,199,2023-11-12,,Active
SUB_01946,CUST_01946,Pro,199,2022-06-24,,Active
SUB_01947,CUST_01947,Pro,199,2023-06-16,,Active
SUB_01948,CUST_01948,Pro,199,2023-04-06,2023-12-11,Churned
SUB_01949,CUST_01949,Pro,199,2023-09-13,,Active
SUB_01950,CUST_01950,Pro,199,2022-07-12,,Active
SUB_01951,CUST_01951,Pro,199,2022-09-01,2023-08-07,Churned
SUB_01952,CUST_01952,Starter,49,2022-10-07,2022-12-03,Churned
SUB_01953,CUST_01953,Pro,199,2022-02-05,,Active
SUB_01954,CUST_01954,Pro,199,2023-07-11,2024-05-28,Churned
SUB_01955,CUST_01955,Pro,199,2023-06-24,,Active
SUB_01956,CUST_01956,Pro,199,2022-06-03,,Active
SUB_01957,CUST_01957,Starter,49,2022-01-23,,Active
SUB_01958,CUST_01958,Pro,199,2022-04-01,,Active
SUB_01959,CUST_01959,Starter,49,2023-01-25,,Active
SUB_01960,CUST_01960,Pro,199,2022-12-25,,Active
SUB_01961,CUST_01961,Starter,49,2023-07-04,,Active
SUB_01962,CUST_01962,Pro,199,2022-08-16,2023-04-14,Churned
SUB_01963,CUST_01963,Pro,199,2022-07-21,,Active
SUB_01964,CUST_01964,Pro,199,2022-12-16,2023-07-22,Churned
SUB_01965,CUST_01965,Starter,49,2022-02-07,2022-05-22,Churned
SUB_01966,CUST_01966,Enterprise,999,2023-05-15,,Active
SUB_01967,CUST_01967,Pro,199,2023-11-30,2024-08-27,Churned
SUB_01968,CUST_01968,Pro,199,2022-02-12,,Active
SUB_01969,CUST_01969,Starter,49,2023-09-18,,Active
SUB_01970,CUST_01970,Pro,199,2023-06-01,,Active
SUB_01971,CUST_01971,Starter,49,2022-03-09,,Active
SUB_01972,CUST_01972,Pro,199,2022-05-03,,Active
SUB_01973,CUST_01973,Starter,49,2023-11-16,,Active
SUB_01974,CUST_01974,Pro,199,2022-12-02,,Active
SUB_01975,CUST_01975,Pro,199,2022-06-02,,Active
SUB_01976,CUST_01976,Starter,49,2023-10-31,2024-03-22,Churned
SUB_01977,CUST_01977,Starter,49,2022-06-11,,Active
SUB_01978,CUST_01978,Pro,199,2022-08-02,2023-02-14,Churned
SUB_01979,CUST_01979,Starter,49,2023-01-11,,Active
SUB_01980,CUST_01980,Pro,199,2023-03-19,,Active
SUB_01981,CUST_01981,Starter,49,2023-02-27,,Active
SUB_01982,CUST_01982,Starter,49,2023-06-22,,Active
SUB_01983,CUST_01983,Starter,49,2023-09-26,,Active
SUB_01984,CUST_01984,Pro,199,2022-08-18,,Active
SUB_01985,CUST_01985,Starter,49,2022-02-28,,Active
SUB_01986,CUST_01986,Pro,199,2022-04-06,2022-08-19,Churned
SUB_01987,CUST_01987,Pro,199,2022-09-19,2023-03-18,Churned
SUB_01988,CUST_01988,Starter,49,2022-12-20,,Active
SUB_01989,CUST_01989,Pro,199,2022-11-08,,Active
SUB_01990,CUST_01990,Starter,49,2022-05-16,2022-09-06,Churned
SUB_01991,CUST_01991,Pro,199,2023-04-18,,Active
SUB_01992,CUST_01992,Starter,49,2023-09-24,,Active
SUB_01993,CUST_01993,Starter,49,2023-03-06,,Active
SUB_01994,CUST_01994,Pro,199,2023-06-21,,Active
SUB_01995,CUST_01995,Enterprise,999,2022-05-26,2023-01-22,Churned
SUB_01996,CUST_01996,Starter,49,2023-06-08,,Active
SUB_01997,CUST_01997,Pro,199,2022-03-28,,Active
SUB_01998,CUST_01998,Starter,49,2022-04-19,,Active
SUB_01999,CUST_01999,Pro,199,2023-02-27,,Active
SUB_02000,CUST_02000,Pro,199,2022-12-11,,Active
SUB_02001,CUST_02001,Starter,49,2022-09-23,2023-07-16,Churned
SUB_02002,CUST_02002,Starter,49,2023-08-09,,Active
SUB_02003,CUST_02003,Starter,49,2023-05-09,,Active
SUB_02004,CUST_02004,Starter,49,2022-11-29,2023-11-15,Churned
SUB_02005,CUST_02005,Starter,49,2023-02-17,,Active
SUB_02006,CUST_02006,Pro,199,2023-09-06,,Active
SUB_02007,CUST_02007,Enterprise,999,2023-10-11,2024-08-04,Churned
SUB_02008,CUST_02008,Starter,49,2022-07-10,,Active
SUB_02009,CUST_02009,Pro,199,2022-05-22,,Active
SUB_02010,CUST_02010,Pro,199,2022-03-14,,Active
SUB_02011,CUST_02011,Enterprise,999,2022-06-16,2023-01-08,Churned
SUB_02012,CUST_02012,Pro,199,2022-06-17,,Active
SUB_02013,CUST_02013,Pro,199,2023-07-20,,Active
SUB_02014,CUST_02014,Starter,49,2022-09-16,,Active
SUB_02015,CUST_02015,Starter,49,2023-03-15,,Active
SUB_02016,CUST_02016,Starter,49,2022-04-21,,Active
SUB_02017,CUST_02017,Starter,49,2023-11-04,,Active
SUB_02018,CUST_02018,Starter,49,2023-06-15,,Active
SUB_02019,CUST_02019,Pro,199,2022-10-17,,Active
SUB_02020,CUST_02020,Starter,49,2023-07-16,,Active
SUB_02021,CUST_02021,Pro,199,2023-05-25,,Active
SUB_02022,CUST_02022,Starter,49,2022-06-24,,Active
SUB_02023,CUST_02023,Enterprise,999,2022-10-29,,Active
SUB_02024,CUST_02024,Pro,199,2023-11-27,2024-09-22,Churned
SUB_02025,CUST_02025,Starter,49,2022-07-04,2023-06-10,Churned
SUB_02026,CUST_02026,Starter,49,2022-12-05,,Active
SUB_02027,CUST_02027,Pro,199,2023-05-25,,Active
SUB_02028,CUST_02028,Starter,49,2022-11-06,,Active
SUB_02029,CUST_02029,Starter,49,2023-05-22,,Active
SUB_02030,CUST_02030,Starter,49,2022-12-12,,Active
SUB_02031,CUST_02031,Enterprise,999,2022-03-22,,Active
SUB_02032,CUST_02032,Pro,199,2023-01-09,,Active
SUB_02033,CUST_02033,Pro,199,2022-06-05,,Active
SUB_02034,CUST_02034,Pro,199,2023-03-08,,Active
SUB_02035,CUST_02035,Enterprise,999,2023-05-15,2023-12-12,Churned
SUB_02036,CUST_02036,Enterprise,999,2022-05-27,2022-12-01,Churned
SUB_02037,CUST_02037,Enterprise,999,2023-04-26,,Active
SUB_02038,CUST_02038,Starter,49,2023-03-11,,Active
SUB_02039,CUST_02039,Starter,49,2023-06-03,,Active
SUB_02040,CUST_02040,Pro,199,2023-10-31,,Active
SUB_02041,CUST_02041,Pro,199,2023-11-14,,Active
SUB_02042,CUST_02042,Starter,49,2022-03-10,,Active
SUB_02043,CUST_02043,Starter,49,2023-08-29,,Active
SUB_02044,CUST_02044,Pro,199,2022-07-05,2023-02-08,Churned
SUB_02045,CUST_02045,Pro,199,2023-11-13,,Active
SUB_02046,CUST_02046,Starter,49,2022-07-23,,Active
SUB_02047,CUST_02047,Pro,199,2023-07-08,,Active
SUB_02048,CUST_02048,Pro,199,2022-01-13,,Active
SUB_02049,CUST_02049,Pro,199,2023-10-28,,Active
SUB_02050,CUST_02050,Starter,49,2022-10-01,,Active
SUB_02051,CUST_02051,Starter,49,2022-10-25,2023-05-28,Churned
SUB_02052,CUST_02052,Starter,49,2022-02-20,2023-01-24,Churned
SUB_02053,CUST_02053,Starter,49,2023-05-15,2024-02-14,Churned
SUB_02054,CUST_02054,Pro,199,2023-01-04,2023-12-16,Churned
SUB_02055,CUST_02055,Starter,49,2023-10-18,2023-12-28,Churned
SUB_02056,CUST_02056,Enterprise,999,2022-12-23,,Active
SUB_02057,CUST_02057,Starter,49,2022-01-03,2022-11-13,Churned
SUB_02058,CUST_02058,Starter,49,2022-09-11,,Active
SUB_02059,CUST_02059,Pro,199,2023-04-20,,Active
SUB_02060,CUST_02060,Pro,199,2023-05-21,,Active
SUB_02061,CUST_02061,Starter,49,2022-09-13,2023-08-08,Churned
SUB_02062,CUST_02062,Pro,199,2023-09-02,,Active
SUB_02063,CUST_02063,Pro,199,2023-11-16,,Active
SUB_02064,CUST_02064,Pro,199,2022-05-30,,Active
SUB_02065,CUST_02065,Pro,199,2023-05-03,,Active
SUB_02066,CUST_02066,Starter,49,2022-10-06,,Active
SUB_02067,CUST_02067,Pro,199,2022-02-28,2023-01-17,Churned
SUB_02068,CUST_02068,Pro,199,2023-03-22,2023-10-18,Churned
SUB_02069,CUST_02069,Starter,49,2022-04-23,2022-11-20,Churned
SUB_02070,CUST_02070,Starter,49,2023-07-23,,Active
SUB_02071,CUST_02071,Enterprise,999,2023-05-04,,Active
SUB_02072,CUST_02072,Starter,49,2023-02-11,,Active
SUB_02073,CUST_02073,Starter,49,2023-01-02,,Active
SUB_02074,CUST_02074,Enterprise,999,2022-03-01,,Active
SUB_02075,CUST_02075,Starter,49,2022-11-25,2023-07-30,Churned
SUB_02076,CUST_02076,Starter,49,2023-04-14,,Active
SUB_02077,CUST_02077,Pro,199,2023-07-21,2024-01-29,Churned
SUB_02078,CUST_02078,Pro,199,2022-03-04,2022-05-18,Churned
SUB_02079,CUST_02079,Starter,49,2022-07-03,,Active
SUB_02080,CUST_02080,Pro,199,2022-11-07,2023-03-08,Churned
SUB_02081,CUST_02081,Pro,199,2023-06-22,,Active
SUB_02082,CUST_02082,Pro,199,2022-06-26,,Active
SUB_02083,CUST_02083,Starter,49,2023-07-29,,Active
SUB_02084,CUST_02084,Starter,49,2023-03-05,,Active
SUB_02085,CUST_02085,Starter,49,2022-03-14,,Active
SUB_02086,CUST_02086,Pro,199,2022-06-16,,Active
SUB_02087,CUST_02087,Pro,199,2022-08-13,,Active
SUB_02088,CUST_02088,Enterprise,999,2023-07-31,,Active
SUB_02089,CUST_02089,Pro,199,2023-08-04,,Active
SUB_02090,CUST_02090,Pro,199,2022-01-09,,Active
SUB_02091,CUST_02091,Starter,49,2022-08-24,,Active
SUB_02092,CUST_02092,Pro,199,2023-11-16,,Active
SUB_02093,CUST_02093,Pro,199,2022-01-28,,Active
SUB_02094,CUST_02094,Pro,199,2023-10-08,,Active
SUB_02095,CUST_02095,Starter,49,2022-01-27,2022-06-10,Churned
SUB_02096,CUST_02096,Enterprise,999,2023-07-04,,Active
SUB_02097,CUST_02097,Starter,49,2022-07-15,,Active
SUB_02098,CUST_02098,Starter,49,2022-07-22,,Active
SUB_02099,CUST_02099,Pro,199,2022-03-26,,Active
SUB_02100,CUST_02100,Pro,199,2022-01-30,,Active
SUB_02101,CUST_02101,Starter,49,2023-04-11,,Active
SUB_02102,CUST_02102,Pro,199,2022-04-09,2022-12-01,Churned
SUB_02103,CUST_02103,Starter,49,2022-07-09,2023-07-01,Churned
SUB_02104,CUST_02104,Starter,49,2022-01-12,,Active
SUB_02105,CUST_02105,Starter,49,2023-08-26,2024-02-10,Churned
SUB_02106,CUST_02106,Pro,199,2022-01-30,,Active
SUB_02107,CUST_02107,Enterprise,999,2022-02-07,2022-04-06,Churned
SUB_02108,CUST_02108,Pro,199,2023-07-26,,Active
SUB_02109,CUST_02109,Enterprise,999,2022-10-21,,Active
SUB_02110,CUST_02110,Starter,49,2022-12-26,,Active
SUB_02111,CUST_02111,Starter,49,2023-10-17,,Active
SUB_02112,CUST_02112,Pro,199,2022-06-29,,Active
SUB_02113,CUST_02113,Starter,49,2022-04-22,,Active
SUB_02114,CUST_02114,Pro,199,2023-03-20,,Active
SUB_02115,CUST_02115,Pro,199,2022-01-21,,Active
SUB_02116,CUST_02116,Enterprise,999,2022-05-25,,Active
SUB_02117,CUST_02117,Starter,49,2023-05-14,,Active
SUB_02118,CUST_02118,Starter,49,2022-05-26,2023-03-02,Churned
SUB_02119,CUST_02119,Pro,199,2023-03-17,2023-10-23,Churned
SUB_02120,CUST_02120,Starter,49,2023-02-25,,Active
SUB_02121,CUST_02121,Pro,199,2022-11-12,,Active
SUB_02122,CUST_02122,Starter,49,2022-06-15,,Active
SUB_02123,CUST_02123,Starter,49,2023-10-14,,Active
SUB_02124,CUST_02124,Starter,49,2022-07-22,2022-10-06,Churned
SUB_02125,CUST_02125,Starter,49,2023-05-11,,Active
SUB_02126,CUST_02126,Pro,199,2023-09-17,2024-06-23,Churned
SUB_02127,CUST_02127,Starter,49,2023-04-13,,Active
SUB_02128,CUST_02128,Starter,49,2023-01-20,,Active
SUB_02129,CUST_02129,Starter,49,2022-11-10,2023-08-29,Churned
SUB_02130,CUST_02130,Starter,49,2022-09-12,,Active
SUB_02131,CUST_02131,Starter,49,2022-01-23,,Active
SUB_02132,CUST_02132,Starter,49,2022-12-05,2023-03-08,Churned
SUB_02133,CUST_02133,Pro,199,2023-05-08,,Active
SUB_02134,CUST_02134,Pro,199,2023-05-26,,Active
SUB_02135,CUST_02135,Pro,199,2023-01-01,2023-12-16,Churned
SUB_02136,CUST_02136,Pro,199,2023-01-07,,Active
SUB_02137,CUST_02137,Starter,49,2023-08-22,2024-06-14,Churned
SUB_02138,CUST_02138,Pro,199,2022-08-07,,Active
SUB_02139,CUST_02139,Pro,199,2023-04-20,,Active
SUB_02140,CUST_02140,Starter,49,2023-02-27,2023-04-09,Churned
SUB_02141,CUST_02141,Pro,199,2022-12-22,,Active
SUB_02142,CUST_02142,Starter,49,2023-04-05,,Active
SUB_02143,CUST_02143,Starter,49,2023-05-18,,Active
SUB_02144,CUST_02144,Pro,199,2022-01-27,,Active
SUB_02145,CUST_02145,Starter,49,2022-08-11,,Active
SUB_02146,CUST_02146,Starter,49,2023-11-21,2024-10-07,Churned
SUB_02147,CUST_02147,Starter,49,2022-05-28,2022-07-25,Churned
SUB_02148,CUST_02148,Starter,49,2023-02-28,,Active
SUB_02149,CUST_02149,Starter,49,2022-12-17,,Active
SUB_02150,CUST_02150,Pro,199,2022-07-05,2022-12-20,Churned
SUB_02151,CUST_02151,Pro,199,2023-02-19,2023-06-13,Churned
SUB_02152,CUST_02152,Pro,199,2023-03-05,,Active
SUB_02153,CUST_02153,Starter,49,2022-02-10,,Active
SUB_02154,CUST_02154,Enterprise,999,2023-01-28,,Active
SUB_02155,CUST_02155,Pro,199,2022-03-20,,Active
SUB_02156,CUST_02156,Starter,49,2023-06-28,,Active
SUB_02157,CUST_02157,Pro,199,2023-03-26,,Active
SUB_02158,CUST_02158,Pro,199,2023-04-19,,Active
SUB_02159,CUST_02159,Pro,199,2022-05-22,,Active
SUB_02160,CUST_02160,Starter,49,2022-09-08,,Active
SUB_02161,CUST_02161,Starter,49,2022-10-21,,Active
SUB_02162,CUST_02162,Pro,199,2023-09-02,2023-12-14,Churned
SUB_02163,CUST_02163,Pro,199,2022-05-16,,Active
SUB_02164,CUST_02164,Pro,199,2023-04-29,2024-02-03,Churned
SUB_02165,CUST_02165,Pro,199,2022-11-08,2023-07-19,Churned
SUB_02166,CUST_02166,Pro,199,2023-07-09,2023-09-23,Churned
SUB_02167,CUST_02167,Starter,49,2023-09-24,,Active
SUB_02168,CUST_02168,Pro,199,2022-02-15,2022-06-05,Churned
SUB_02169,CUST_02169,Starter,49,2022-08-24,,Active
SUB_02170,CUST_02170,Pro,199,2022-02-17,2022-07-17,Churned
SUB_02171,CUST_02171,Pro,199,2022-07-17,2022-09-27,Churned
SUB_02172,CUST_02172,Starter,49,2022-03-25,2022-09-16,Churned
SUB_02173,CUST_02173,Pro,199,2023-06-27,,Active
SUB_02174,CUST_02174,Starter,49,2022-06-10,,Active
SUB_02175,CUST_02175,Starter,49,2023-03-04,2023-06-15,Churned
SUB_02176,CUST_02176,Starter,49,2022-03-12,,Active
SUB_02177,CUST_02177,Starter,49,2023-06-04,2023-08-25,Churned
SUB_02178,CUST_02178,Starter,49,2022-02-21,,Active
SUB_02179,CUST_02179,Starter,49,2022-02-14,,Active
SUB_02180,CUST_02180,Pro,199,2022-10-20,,Active
SUB_02181,CUST_02181,Pro,199,2023-04-10,,Active
SUB_02182,CUST_02182,Pro,199,2023-07-04,,Active
SUB_02183,CUST_02183,Starter,49,2023-01-15,,Active
SUB_02184,CUST_02184,Enterprise,999,2023-04-23,,Active
SUB_02185,CUST_02185,Pro,199,2022-09-19,,Active
SUB_02186,CUST_02186,Starter,49,2023-08-03,,Active
SUB_02187,CUST_02187,Pro,199,2022-06-28,2023-03-17,Churned
SUB_02188,CUST_02188,Starter,49,2022-12-23,2023-11-12,Churned
SUB_02189,CUST_02189,Pro,199,2023-02-23,2023-10-10,Churned
SUB_02190,CUST_02190,Starter,49,2023-11-29,,Active
SUB_02191,CUST_02191,Starter,49,2022-07-20,,Active
SUB_02192,CUST_02192,Pro,199,2022-01-13,,Active
SUB_02193,CUST_02193,Starter,49,2023-03-19,2023-09-26,Churned
SUB_02194,CUST_02194,Starter,49,2022-10-13,,Active
SUB_02195,CUST_02195,Enterprise,999,2022-09-15,,Active
SUB_02196,CUST_02196,Enterprise,999,2023-07-24,2023-09-28,Churned
SUB_02197,CUST_02197,Pro,199,2023-07-02,,Active
SUB_02198,CUST_02198,Starter,49,2023-05-05,,Active
SUB_02199,CUST_02199,Starter,49,2023-05-13,2023-09-16,Churned
SUB_02200,CUST_02200,Pro,199,2022-11-29,,Active
SUB_02201,CUST_02201,Starter,49,2023-07-16,,Active
SUB_02202,CUST_02202,Starter,49,2022-02-01,,Active
SUB_02203,CUST_02203,Pro,199,2023-09-02,,Active
SUB_02204,CUST_02204,Starter,49,2022-02-12,,Active
SUB_02205,CUST_02205,Starter,49,2022-12-17,2023-03-05,Churned
SUB_02206,CUST_02206,Starter,49,2022-11-30,,Active
SUB_02207,CUST_02207,Starter,49,2023-07-13,,Active
SUB_02208,CUST_02208,Starter,49,2022-09-27,,Active
SUB_02209,CUST_02209,Starter,49,2023-02-17,,Active
SUB_02210,CUST_02210,Starter,49,2023-07-29,,Active
SUB_02211,CUST_02211,Pro,199,2022-01-19,,Active
SUB_02212,CUST_02212,Pro,199,2022-12-13,,Active
SUB_02213,CUST_02213,Starter,49,2023-09-05,,Active
SUB_02214,CUST_02214,Pro,199,2022-02-06,,Active
SUB_02215,CUST_02215,Starter,49,2023-09-11,2023-10-20,Churned
SUB_02216,CUST_02216,Starter,49,2022-04-02,,Active
SUB_02217,CUST_02217,Starter,49,2022-07-04,,Active
SUB_02218,CUST_02218,Pro,199,2022-01-28,,Active
SUB_02219,CUST_02219,Pro,199,2023-07-02,2023-09-09,Churned
SUB_02220,CUST_02220,Pro,199,2023-01-07,,Active
SUB_02221,CUST_02221,Starter,49,2023-06-14,,Active
SUB_02222,CUST_02222,Starter,49,2022-12-11,2023-06-11,Churned
SUB_02223,CUST_02223,Pro,199,2023-02-23,,Active
SUB_02224,CUST_02224,Starter,49,2022-07-15,,Active
SUB_02225,CUST_02225,Pro,199,2022-03-19,2022-08-01,Churned
SUB_02226,CUST_02226,Pro,199,2022-06-16,2022-08-25,Churned
SUB_02227,CUST_02227,Pro,199,2022-03-31,,Active
SUB_02228,CUST_02228,Enterprise,999,2022-09-21,,Active
SUB_02229,CUST_02229,Enterprise,999,2023-04-17,,Active
SUB_02230,CUST_02230,Pro,199,2022-07-27,2023-02-05,Churned
SUB_02231,CUST_02231,Pro,199,2022-09-28,,Active
SUB_02232,CUST_02232,Starter,49,2022-09-20,,Active
SUB_02233,CUST_02233,Enterprise,999,2023-05-21,2024-03-03,Churned
SUB_02234,CUST_02234,Starter,49,2023-05-27,,Active
SUB_02235,CUST_02235,Starter,49,2023-07-30,2024-03-26,Churned
SUB_02236,CUST_02236,Starter,49,2023-06-08,2024-01-25,Churned
SUB_02237,CUST_02237,Starter,49,2022-11-08,,Active
SUB_02238,CUST_02238,Pro,199,2022-06-23,,Active
SUB_02239,CUST_02239,Pro,199,2023-03-07,,Active
SUB_02240,CUST_02240,Starter,49,2023-04-08,2023-11-18,Churned
SUB_02241,CUST_02241,Starter,49,2022-04-11,2022-07-02,Churned
SUB_02242,CUST_02242,Enterprise,999,2022-01-16,,Active
SUB_02243,CUST_02243,Pro,199,2022-09-15,2023-03-10,Churned
SUB_02244,CUST_02244,Pro,199,2022-09-01,2023-07-09,Churned
SUB_02245,CUST_02245,Starter,49,2022-12-14,,Active
SUB_02246,CUST_02246,Pro,199,2022-09-06,,Active
SUB_02247,CUST_02247,Starter,49,2022-04-15,,Active
SUB_02248,CUST_02248,Starter,49,2023-11-25,,Active
SUB_02249,CUST_02249,Starter,49,2023-10-29,2024-10-02,Churned
SUB_02250,CUST_02250,Starter,49,2022-10-14,2023-07-13,Churned
SUB_02251,CUST_02251,Starter,49,2022-06-18,,Active
SUB_02252,CUST_02252,Enterprise,999,2023-02-24,,Active
SUB_02253,CUST_02253,Starter,49,2022-02-16,,Active
SUB_02254,CUST_02254,Starter,49,2022-02-12,,Active
SUB_02255,CUST_02255,Starter,49,2022-11-17,,Active
SUB_02256,CUST_02256,Starter,49,2022-08-09,,Active
SUB_02257,CUST_02257,Pro,199,2023-05-28,,Active
SUB_02258,CUST_02258,Starter,49,2023-03-17,2023-06-05,Churned
SUB_02259,CUST_02259,Pro,199,2022-05-24,,Active
SUB_02260,CUST_02260,Starter,49,2022-01-28,,Active
SUB_02261,CUST_02261,Pro,199,2023-07-07,,Active
SUB_02262,CUST_02262,Pro,199,2023-10-21,2024-03-12,Churned
SUB_02263,CUST_02263,Pro,199,2023-11-21,2024-09-18,Churned
SUB_02264,CUST_02264,Pro,199,2022-06-16,2022-11-12,Churned
SUB_02265,CUST_02265,Pro,199,2023-09-27,,Active
SUB_02266,CUST_02266,Starter,49,2023-08-09,,Active
SUB_02267,CUST_02267,Pro,199,2022-09-06,,Active
SUB_02268,CUST_02268,Pro,199,2022-12-23,,Active
SUB_02269,CUST_02269,Pro,199,2022-04-21,,Active
SUB_02270,CUST_02270,Starter,49,2023-11-23,2024-06-28,Churned
SUB_02271,CUST_02271,Starter,49,2023-12-01,,Active
SUB_02272,CUST_02272,Pro,199,2022-08-22,,Active
SUB_02273,CUST_02273,Starter,49,2022-01-24,2022-04-09,Churned
SUB_02274,CUST_02274,Starter,49,2022-01-26,,Active
SUB_02275,CUST_02275,Starter,49,2023-01-16,,Active
SUB_02276,CUST_02276,Pro,199,2022-12-12,2023-09-10,Churned
SUB_02277,CUST_02277,Enterprise,999,2023-01-13,,Active
SUB_02278,CUST_02278,Starter,49,2023-06-06,2024-05-11,Churned
SUB_02279,CUST_02279,Starter,49,2022-01-17,,Active
SUB_02280,CUST_02280,Starter,49,2022-09-02,2022-11-20,Churned
SUB_02281,CUST_02281,Starter,49,2023-09-16,2024-09-10,Churned
SUB_02282,CUST_02282,Pro,199,2023-06-23,,Active
SUB_02283,CUST_02283,Pro,199,2023-08-06,,Active
SUB_02284,CUST_02284,Starter,49,2023-11-19,,Active
SUB_02285,CUST_02285,Pro,199,2022-07-21,,Active
SUB_02286,CUST_02286,Pro,199,2022-09-05,,Active
SUB_02287,CUST_02287,Starter,49,2022-04-28,2022-06-07,Churned
SUB_02288,CUST_02288,Starter,49,2022-01-09,,Active
SUB_02289,CUST_02289,Enterprise,999,2023-08-21,2023-11-06,Churned
SUB_02290,CUST_02290,Starter,49,2022-01-23,,Active
SUB_02291,CUST_02291,Pro,199,2022-08-28,,Active
SUB_02292,CUST_02292,Starter,49,2023-08-08,2023-11-01,Churned
SUB_02293,CUST_02293,Pro,199,2022-01-27,,Active
SUB_02294,CUST_02294,Pro,199,2022-03-22,,Active
SUB_02295,CUST_02295,Pro,199,2023-08-19,,Active
SUB_02296,CUST_02296,Pro,199,2022-07-18,2022-08-24,Churned
SUB_02297,CUST_02297,Enterprise,999,2023-07-09,,Active
SUB_02298,CUST_02298,Pro,199,2022-04-02,2022-05-15,Churned
SUB_02299,CUST_02299,Starter,49,2022-03-25,,Active
SUB_02300,CUST_02300,Starter,49,2022-10-27,,Active
SUB_02301,CUST_02301,Pro,199,2022-10-23,2023-06-24,Churned
SUB_02302,CUST_02302,Pro,199,2023-10-09,2024-07-09,Churned
SUB_02303,CUST_02303,Starter,49,2023-03-30,,Active
SUB_02304,CUST_02304,Starter,49,2022-10-08,,Active
SUB_02305,CUST_02305,Pro,199,2022-02-28,,Active
SUB_02306,CUST_02306,Starter,49,2022-12-08,,Active
SUB_02307,CUST_02307,Starter,49,2023-04-10,2023-07-02,Churned
SUB_02308,CUST_02308,Pro,199,2022-12-08,,Active
SUB_02309,CUST_02309,Pro,199,2023-09-02,,Active
SUB_02310,CUST_02310,Starter,49,2022-03-03,2022-12-30,Churned
SUB_02311,CUST_02311,Starter,49,2023-09-17,,Active
SUB_02312,CUST_02312,Starter,49,2023-03-05,2023-08-12,Churned
SUB_02313,CUST_02313,Starter,49,2023-10-20,2023-11-27,Churned
SUB_02314,CUST_02314,Pro,199,2022-09-13,,Active
SUB_02315,CUST_02315,Pro,199,2022-12-13,2023-08-11,Churned
SUB_02316,CUST_02316,Starter,49,2023-06-10,,Active
SUB_02317,CUST_02317,Starter,49,2022-10-31,,Active
SUB_02318,CUST_02318,Starter,49,2023-09-07,,Active
SUB_02319,CUST_02319,Enterprise,999,2022-09-02,,Active
SUB_02320,CUST_02320,Starter,49,2023-02-16,,Active
SUB_02321,CUST_02321,Pro,199,2022-08-05,,Active
SUB_02322,CUST_02322,Pro,199,2023-05-31,2023-10-29,Churned
SUB_02323,CUST_02323,Pro,199,2023-04-19,,Active
SUB_02324,CUST_02324,Pro,199,2022-02-05,2022-06-28,Churned
SUB_02325,CUST_02325,Starter,49,2022-06-27,,Active
SUB_02326,CUST_02326,Pro,199,2023-01-22,,Active
SUB_02327,CUST_02327,Starter,49,2022-01-17,,Active
SUB_02328,CUST_02328,Pro,199,2022-02-17,,Active
SUB_02329,CUST_02329,Starter,49,2022-03-03,,Active
SUB_02330,CUST_02330,Pro,199,2022-03-10,2022-04-28,Churned
SUB_02331,CUST_02331,Starter,49,2023-10-21,,Active
SUB_02332,CUST_02332,Pro,199,2023-01-01,,Active
SUB_02333,CUST_02333,Starter,49,2022-06-11,,Active
SUB_02334,CUST_02334,Pro,199,2023-05-03,,Active
SUB_02335,CUST_02335,Starter,49,2023-03-07,,Active
SUB_02336,CUST_02336,Starter,49,2023-05-04,,Active
SUB_02337,CUST_02337,Pro,199,2022-08-18,,Active
SUB_02338,CUST_02338,Enterprise,999,2023-01-05,,Active
SUB_02339,CUST_02339,Starter,49,2022-06-27,2022-08-16,Churned
SUB_02340,CUST_02340,Enterprise,999,2023-02-14,,Active
SUB_02341,CUST_02341,Pro,199,2023-07-22,,Active
SUB_02342,CUST_02342,Pro,199,2023-08-13,2024-04-06,Churned
SUB_02343,CUST_02343,Starter,49,2022-09-27,,Active
SUB_02344,CUST_02344,Starter,49,2022-07-25,,Active
SUB_02345,CUST_02345,Pro,199,2022-03-23,2022-05-24,Churned
SUB_02346,CUST_02346,Starter,49,2022-07-12,,Active
SUB_02347,CUST_02347,Pro,199,2023-09-10,,Active
SUB_02348,CUST_02348,Starter,49,2022-07-08,2022-12-17,Churned
SUB_02349,CUST_02349,Starter,49,2022-10-03,2023-05-11,Churned
SUB_02350,CUST_02350,Pro,199,2022-03-15,,Active
SUB_02351,CUST_02351,Pro,199,2022-01-10,,Active
SUB_02352,CUST_02352,Pro,199,2023-09-27,2023-11-21,Churned
SUB_02353,CUST_02353,Starter,49,2022-08-04,,Active
SUB_02354,CUST_02354,Starter,49,2022-10-17,,Active
SUB_02355,CUST_02355,Starter,49,2023-03-21,,Active
SUB_02356,CUST_02356,Starter,49,2023-07-06,2023-11-01,Churned
SUB_02357,CUST_02357,Pro,199,2022-07-12,,Active
SUB_02358,CUST_02358,Pro,199,2023-10-01,,Active
SUB_02359,CUST_02359,Starter,49,2022-10-16,,Active
SUB_02360,CUST_02360,Pro,199,2023-08-06,,Active
SUB_02361,CUST_02361,Starter,49,2023-10-11,2024-02-09,Churned
SUB_02362,CUST_02362,Pro,199,2022-05-24,2022-07-25,Churned
SUB_02363,CUST_02363,Starter,49,2023-01-24,,Active
SUB_02364,CUST_02364,Pro,199,2023-02-11,,Active
SUB_02365,CUST_02365,Starter,49,2023-01-05,2023-09-29,Churned
SUB_02366,CUST_02366,Starter,49,2023-03-17,,Active
SUB_02367,CUST_02367,Starter,49,2023-10-13,,Active
SUB_02368,CUST_02368,Starter,49,2023-07-18,,Active
SUB_02369,CUST_02369,Starter,49,2023-06-13,,Active
SUB_02370,CUST_02370,Starter,49,2023-11-08,,Active
SUB_02371,CUST_02371,Starter,49,2022-01-13,2022-03-01,Churned
SUB_02372,CUST_02372,Pro,199,2022-12-06,,Active
SUB_02373,CUST_02373,Starter,49,2022-11-08,,Active
SUB_02374,CUST_02374,Pro,199,2022-04-14,,Active
SUB_02375,CUST_02375,Starter,49,2022-12-05,,Active
SUB_02376,CUST_02376,Enterprise,999,2022-07-17,,Active
SUB_02377,CUST_02377,Enterprise,999,2022-10-27,,Active
SUB_02378,CUST_02378,Starter,49,2023-03-20,,Active
SUB_02379,CUST_02379,Pro,199,2022-12-25,,Active
SUB_02380,CUST_02380,Starter,49,2023-01-03,,Active
SUB_02381,CUST_02381,Enterprise,999,2022-06-18,,Active
SUB_02382,CUST_02382,Pro,199,2022-05-29,,Active
SUB_02383,CUST_02383,Starter,49,2022-02-11,,Active
SUB_02384,CUST_02384,Starter,49,2022-07-21,,Active
SUB_02385,CUST_02385,Starter,49,2022-09-01,2023-07-01,Churned
SUB_02386,CUST_02386,Starter,49,2023-10-31,,Active
SUB_02387,CUST_02387,Pro,199,2023-04-09,,Active
SUB_02388,CUST_02388,Starter,49,2023-03-25,,Active
SUB_02389,CUST_02389,Starter,49,2023-03-13,,Active
SUB_02390,CUST_02390,Starter,49,2023-06-15,,Active
SUB_02391,CUST_02391,Starter,49,2023-07-19,,Active
SUB_02392,CUST_02392,Starter,49,2023-08-20,,Active
SUB_02393,CUST_02393,Pro,199,2022-09-30,,Active
SUB_02394,CUST_02394,Starter,49,2023-03-06,,Active
SUB_02395,CUST_02395,Pro,199,2022-08-01,,Active
SUB_02396,CUST_02396,Starter,49,2022-04-14,,Active
SUB_02397,CUST_02397,Starter,49,2022-07-11,2023-05-25,Churned
SUB_02398,CUST_02398,Pro,199,2023-11-20,,Active
SUB_02399,CUST_02399,Starter,49,2023-10-21,2023-12-16,Churned
SUB_02400,CUST_02400,Starter,49,2023-01-15,,Active
SUB_02401,CUST_02401,Pro,199,2022-03-22,,Active
SUB_02402,CUST_02402,Starter,49,2023-07-03,,Active
SUB_02403,CUST_02403,Starter,49,2023-01-12,,Active
SUB_02404,CUST_02404,Pro,199,2022-06-03,,Active
SUB_02405,CUST_02405,Pro,199,2023-10-04,2024-09-02,Churned
SUB_02406,CUST_02406,Starter,49,2023-07-25,,Active
SUB_02407,CUST_02407,Starter,49,2022-08-28,2023-01-12,Churned
SUB_02408,CUST_02408,Starter,49,2023-01-09,,Active
SUB_02409,CUST_02409,Starter,49,2022-07-23,,Active
SUB_02410,CUST_02410,Pro,199,2023-09-03,,Active
SUB_02411,CUST_02411,Pro,199,2022-12-16,,Active
SUB_02412,CUST_02412,Pro,199,2023-11-19,,Active
SUB_02413,CUST_02413,Starter,49,2022-05-23,2023-02-02,Churned
SUB_02414,CUST_02414,Starter,49,2022-07-08,2023-06-26,Churned
SUB_02415,CUST_02415,Pro,199,2022-09-29,2022-11-16,Churned
SUB_02416,CUST_02416,Starter,49,2023-06-16,,Active
SUB_02417,CUST_02417,Pro,199,2022-10-27,2023-07-06,Churned
SUB_02418,CUST_02418,Pro,199,2023-03-02,2024-01-06,Churned
SUB_02419,CUST_02419,Enterprise,999,2022-02-15,,Active
SUB_02420,CUST_02420,Starter,49,2022-04-05,,Active
SUB_02421,CUST_02421,Starter,49,2022-03-05,,Active
SUB_02422,CUST_02422,Pro,199,2023-02-17,,Active
SUB_02423,CUST_02423,Pro,199,2023-10-05,,Active
SUB_02424,CUST_02424,Pro,199,2022-01-09,,Active
SUB_02425,CUST_02425,Starter,49,2023-04-04,,Active
SUB_02426,CUST_02426,Pro,199,2023-02-13,,Active
SUB_02427,CUST_02427,Pro,199,2023-04-15,2023-08-26,Churned
SUB_02428,CUST_02428,Starter,49,2023-05-21,2024-05-16,Churned
SUB_02429,CUST_02429,Pro,199,2023-11-17,2024-11-12,Churned
SUB_02430,CUST_02430,Pro,199,2022-03-14,,Active
SUB_02431,CUST_02431,Starter,49,2022-03-25,,Active
SUB_02432,CUST_02432,Starter,49,2022-02-28,,Active
SUB_02433,CUST_02433,Pro,199,2022-01-21,2022-12-05,Churned
SUB_02434,CUST_02434,Starter,49,2023-04-03,,Active
SUB_02435,CUST_02435,Pro,199,2022-06-06,,Active
SUB_02436,CUST_02436,Starter,49,2022-11-25,2023-01-30,Churned
SUB_02437,CUST_02437,Starter,49,2023-07-27,,Active
SUB_02438,CUST_02438,Enterprise,999,2023-07-30,,Active
SUB_02439,CUST_02439,Enterprise,999,2023-11-11,2024-08-10,Churned
SUB_02440,CUST_02440,Starter,49,2022-07-22,,Active
SUB_02441,CUST_02441,Pro,199,2023-10-03,,Active
SUB_02442,CUST_02442,Starter,49,2022-04-16,,Active
SUB_02443,CUST_02443,Starter,49,2022-05-02,,Active
SUB_02444,CUST_02444,Starter,49,2022-11-14,,Active
SUB_02445,CUST_02445,Starter,49,2022-07-01,,Active
SUB_02446,CUST_02446,Pro,199,2023-09-07,,Active
SUB_02447,CUST_02447,Pro,199,2022-11-12,2023-01-23,Churned
SUB_02448,CUST_02448,Enterprise,999,2023-09-17,,Active
SUB_02449,CUST_02449,Pro,199,2023-02-10,,Active
SUB_02450,CUST_02450,Starter,49,2022-03-11,2022-08-13,Churned
SUB_02451,CUST_02451,Pro,199,2022-06-09,2022-07-17,Churned
SUB_02452,CUST_02452,Enterprise,999,2022-08-28,,Active
SUB_02453,CUST_02453,Pro,199,2023-06-07,2023-07-20,Churned
SUB_02454,CUST_02454,Pro,199,2022-05-18,,Active
SUB_02455,CUST_02455,Enterprise,999,2023-05-10,,Active
SUB_02456,CUST_02456,Starter,49,2023-11-10,2024-04-18,Churned
SUB_02457,CUST_02457,Pro,199,2022-09-04,,Active
SUB_02458,CUST_02458,Pro,199,2023-06-27,,Active
SUB_02459,CUST_02459,Enterprise,999,2023-06-08,,Active
SUB_02460,CUST_02460,Starter,49,2022-08-31,,Active
SUB_02461,CUST_02461,Pro,199,2023-09-12,,Active
SUB_02462,CUST_02462,Pro,199,2022-12-02,,Active
SUB_02463,CUST_02463,Starter,49,2023-02-26,,Active
SUB_02464,CUST_02464,Pro,199,2022-07-13,,Active
SUB_02465,CUST_02465,Starter,49,2022-11-04,,Active
SUB_02466,CUST_02466,Starter,49,2023-10-07,,Active
SUB_02467,CUST_02467,Starter,49,2023-05-21,,Active
SUB_02468,CUST_02468,Pro,199,2022-10-08,2023-09-27,Churned
SUB_02469,CUST_02469,Starter,49,2023-11-06,2024-06-06,Churned
SUB_02470,CUST_02470,Starter,49,2023-03-15,2024-01-20,Churned
SUB_02471,CUST_02471,Starter,49,2023-08-31,,Active
SUB_02472,CUST_02472,Starter,49,2023-04-28,,Active
SUB_02473,CUST_02473,Starter,49,2022-08-11,,Active
SUB_02474,CUST_02474,Starter,49,2022-04-27,2022-07-18,Churned
SUB_02475,CUST_02475,Pro,199,2022-07-11,,Active
SUB_02476,CUST_02476,Pro,199,2023-09-10,2023-11-19,Churned
SUB_02477,CUST_02477,Starter,49,2023-05-31,2023-07-20,Churned
SUB_02478,CUST_02478,Starter,49,2023-06-14,,Active
SUB_02479,CUST_02479,Pro,199,2022-11-03,,Active
SUB_02480,CUST_02480,Starter,49,2023-06-16,,Active
SUB_02481,CUST_02481,Enterprise,999,2022-05-02,,Active
SUB_02482,CUST_02482,Pro,199,2023-10-11,,Active
SUB_02483,CUST_02483,Starter,49,2023-08-15,2024-07-04,Churned
SUB_02484,CUST_02484,Starter,49,2022-06-03,,Active
SUB_02485,CUST_02485,Pro,199,2023-06-21,,Active
SUB_02486,CUST_02486,Starter,49,2023-03-28,,Active
SUB_02487,CUST_02487,Starter,49,2022-06-18,2023-02-10,Churned
SUB_02488,CUST_02488,Starter,49,2022-02-28,2022-08-27,Churned
SUB_02489,CUST_02489,Pro,199,2022-10-28,2023-02-03,Churned
SUB_02490,CUST_02490,Pro,199,2023-07-07,2024-07-01,Churned
SUB_02491,CUST_02491,Starter,49,2023-07-04,,Active
SUB_02492,CUST_02492,Pro,199,2022-04-27,,Active
SUB_02493,CUST_02493,Starter,49,2022-05-07,,Active
SUB_02494,CUST_02494,Pro,199,2023-02-09,,Active
SUB_02495,CUST_02495,Starter,49,2023-02-03,2024-01-16,Churned
SUB_02496,CUST_02496,Pro,199,2023-05-30,,Active
SUB_02497,CUST_02497,Enterprise,999,2023-05-13,,Active
SUB_02498,CUST_02498,Starter,49,2023-06-12,,Active
SUB_02499,CUST_02499,Starter,49,2023-02-02,,Active
SUB_02500,CUST_02500,Starter,49,2022-09-22,,Active
SUB_02501,CUST_02501,Starter,49,2022-09-20,,Active
SUB_02502,CUST_02502,Starter,49,2023-02-02,2023-12-29,Churned
SUB_02503,CUST_02503,Pro,199,2023-10-08,,Active
SUB_02504,CUST_02504,Enterprise,999,2023-06-11,,Active
SUB_02505,CUST_02505,Starter,49,2023-03-12,,Active
SUB_02506,CUST_02506,Pro,199,2022-12-26,2023-02-20,Churned
SUB_02507,CUST_02507,Pro,199,2022-05-09,,Active
SUB_02508,CUST_02508,Pro,199,2023-09-26,,Active
SUB_02509,CUST_02509,Starter,49,2022-08-29,,Active
SUB_02510,CUST_02510,Starter,49,2023-09-19,,Active
SUB_02511,CUST_02511,Starter,49,2022-08-10,2023-01-02,Churned
SUB_02512,CUST_02512,Starter,49,2022-08-02,,Active
SUB_02513,CUST_02513,Pro,199,2023-08-15,2024-02-02,Churned
SUB_02514,CUST_02514,Pro,199,2022-05-15,2022-07-24,Churned
SUB_02515,CUST_02515,Starter,49,2023-01-21,,Active
SUB_02516,CUST_02516,Starter,49,2022-10-30,,Active
SUB_02517,CUST_02517,Enterprise,999,2022-10-14,,Active
SUB_02518,CUST_02518,Pro,199,2023-07-16,,Active
SUB_02519,CUST_02519,Pro,199,2022-07-08,,Active
SUB_02520,CUST_02520,Starter,49,2022-10-24,,Active
SUB_02521,CUST_02521,Pro,199,2023-06-10,2023-10-23,Churned
SUB_02522,CUST_02522,Pro,199,2023-01-24,,Active
SUB_02523,CUST_02523,Pro,199,2023-04-04,,Active
SUB_02524,CUST_02524,Starter,49,2022-09-18,,Active
SUB_02525,CUST_02525,Starter,49,2022-04-23,2022-08-04,Churned
SUB_02526,CUST_02526,Starter,49,2022-02-05,2022-05-05,Churned
SUB_02527,CUST_02527,Pro,199,2022-03-20,,Active
SUB_02528,CUST_02528,Enterprise,999,2022-10-02,2023-08-25,Churned
SUB_02529,CUST_02529,Enterprise,999,2022-10-05,,Active
SUB_02530,CUST_02530,Enterprise,999,2023-11-05,2024-04-04,Churned
SUB_02531,CUST_02531,Starter,49,2022-11-08,2023-06-28,Churned
SUB_02532,CUST_02532,Starter,49,2023-06-13,,Active
SUB_02533,CUST_02533,Starter,49,2022-07-23,,Active
SUB_02534,CUST_02534,Starter,49,2022-01-17,,Active
SUB_02535,CUST_02535,Pro,199,2023-04-21,,Active
SUB_02536,CUST_02536,Pro,199,2023-05-26,2023-07-05,Churned
SUB_02537,CUST_02537,Starter,49,2022-07-29,2023-01-21,Churned
SUB_02538,CUST_02538,Pro,199,2023-05-14,,Active
SUB_02539,CUST_02539,Enterprise,999,2023-02-06,2023-10-09,Churned
SUB_02540,CUST_02540,Starter,49,2023-03-05,,Active
SUB_02541,CUST_02541,Starter,49,2022-03-19,,Active
SUB_02542,CUST_02542,Starter,49,2023-07-22,,Active
SUB_02543,CUST_02543,Starter,49,2022-03-21,,Active
SUB_02544,CUST_02544,Pro,199,2022-11-02,2023-10-18,Churned
SUB_02545,CUST_02545,Starter,49,2022-02-27,2023-01-25,Churned
SUB_02546,CUST_02546,Starter,49,2023-06-14,,Active
SUB_02547,CUST_02547,Enterprise,999,2022-07-27,,Active
SUB_02548,CUST_02548,Pro,199,2023-05-26,,Active
SUB_02549,CUST_02549,Starter,49,2022-05-15,2022-06-27,Churned
SUB_02550,CUST_02550,Enterprise,999,2023-06-06,,Active
SUB_02551,CUST_02551,Starter,49,2023-08-04,,Active
SUB_02552,CUST_02552,Starter,49,2022-03-24,,Active
SUB_02553,CUST_02553,Pro,199,2023-09-13,,Active
SUB_02554,CUST_02554,Starter,49,2022-02-13,,Active
SUB_02555,CUST_02555,Pro,199,2023-04-28,2023-08-02,Churned
SUB_02556,CUST_02556,Starter,49,2023-10-06,,Active
SUB_02557,CUST_02557,Starter,49,2023-05-08,2023-12-03,Churned
SUB_02558,CUST_02558,Pro,199,2023-05-14,,Active
SUB_02559,CUST_02559,Starter,49,2022-01-18,2022-10-16,Churned
SUB_02560,CUST_02560,Pro,199,2023-08-28,,Active
SUB_02561,CUST_02561,Pro,199,2022-10-21,,Active
SUB_02562,CUST_02562,Enterprise,999,2022-05-28,,Active
SUB_02563,CUST_02563,Pro,199,2023-04-17,,Active
SUB_02564,CUST_02564,Starter,49,2022-06-21,2022-12-27,Churned
SUB_02565,CUST_02565,Pro,199,2023-07-17,,Active
SUB_02566,CUST_02566,Pro,199,2023-06-15,,Active
SUB_02567,CUST_02567,Pro,199,2022-04-30,2022-06-08,Churned
SUB_02568,CUST_02568,Pro,199,2022-03-07,2022-08-07,Churned
SUB_02569,CUST_02569,Pro,199,2022-05-21,,Active
SUB_02570,CUST_02570,Starter,49,2023-03-22,2024-01-18,Churned
SUB_02571,CUST_02571,Pro,199,2023-05-21,,Active
SUB_02572,CUST_02572,Starter,49,2022-07-08,,Active
SUB_02573,CUST_02573,Starter,49,2022-06-07,,Active
SUB_02574,CUST_02574,Pro,199,2023-09-02,,Active
SUB_02575,CUST_02575,Starter,49,2023-11-01,,Active
SUB_02576,CUST_02576,Starter,49,2022-09-03,,Active
SUB_02577,CUST_02577,Starter,49,2022-02-02,,Active
SUB_02578,CUST_02578,Pro,199,2022-12-27,2023-09-23,Churned
SUB_02579,CUST_02579,Starter,49,2022-11-26,,Active
SUB_02580,CUST_02580,Pro,199,2023-05-27,2023-11-15,Churned
SUB_02581,CUST_02581,Starter,49,2022-03-12,2022-09-24,Churned
SUB_02582,CUST_02582,Starter,49,2022-11-09,,Active
SUB_02583,CUST_02583,Starter,49,2022-03-20,,Active
SUB_02584,CUST_02584,Pro,199,2022-06-18,,Active
SUB_02585,CUST_02585,Starter,49,2022-06-29,2022-09-23,Churned
SUB_02586,CUST_02586,Enterprise,999,2023-09-20,,Active
SUB_02587,CUST_02587,Enterprise,999,2022-09-17,,Active
SUB_02588,CUST_02588,Pro,199,2023-05-01,2023-10-15,Churned
SUB_02589,CUST_02589,Enterprise,999,2022-01-05,,Active
SUB_02590,CUST_02590,Starter,49,2022-10-24,,Active
SUB_02591,CUST_02591,Pro,199,2023-09-12,,Active
SUB_02592,CUST_02592,Pro,199,2022-12-26,,Active
SUB_02593,CUST_02593,Pro,199,2022-04-27,2023-04-18,Churned
SUB_02594,CUST_02594,Pro,199,2022-12-23,,Active
SUB_02595,CUST_02595,Pro,199,2023-03-15,,Active
SUB_02596,CUST_02596,Enterprise,999,2022-11-27,2023-01-12,Churned
SUB_02597,CUST_02597,Starter,49,2023-06-09,2024-06-04,Churned
SUB_02598,CUST_02598,Pro,199,2023-10-16,2024-08-13,Churned
SUB_02599,CUST_02599,Pro,199,2022-07-07,,Active
SUB_02600,CUST_02600,Pro,199,2022-10-08,2023-10-06,Churned
SUB_02601,CUST_02601,Starter,49,2023-05-26,,Active
SUB_02602,CUST_02602,Pro,199,2023-04-11,,Active
SUB_02603,CUST_02603,Enterprise,999,2022-04-25,2022-05-27,Churned
SUB_02604,CUST_02604,Starter,49,2022-08-24,,Active
SUB_02605,CUST_02605,Pro,199,2022-12-04,2023-09-02,Churned
SUB_02606,CUST_02606,Starter,49,2023-06-06,,Active
SUB_02607,CUST_02607,Enterprise,999,2022-07-18,2022-12-02,Churned
SUB_02608,CUST_02608,Starter,49,2022-02-19,,Active
SUB_02609,CUST_02609,Starter,49,2022-05-22,,Active
SUB_02610,CUST_02610,Starter,49,2023-06-12,,Active
SUB_02611,CUST_02611,Pro,199,2023-05-29,,Active
SUB_02612,CUST_02612,Starter,49,2023-11-01,2024-01-20,Churned
SUB_02613,CUST_02613,Pro,199,2022-01-30,,Active
SUB_02614,CUST_02614,Enterprise,999,2022-03-23,,Active
SUB_02615,CUST_02615,Pro,199,2022-01-31,,Active
SUB_02616,CUST_02616,Starter,49,2022-11-29,2023-06-20,Churned
SUB_02617,CUST_02617,Enterprise,999,2023-10-22,,Active
SUB_02618,CUST_02618,Pro,199,2022-06-26,,Active
SUB_02619,CUST_02619,Starter,49,2023-01-05,,Active
SUB_02620,CUST_02620,Starter,49,2023-07-01,2023-11-23,Churned
SUB_02621,CUST_02621,Starter,49,2023-06-19,,Active
SUB_02622,CUST_02622,Pro,199,2022-04-16,,Active
SUB_02623,CUST_02623,Starter,49,2022-04-07,2022-11-05,Churned
SUB_02624,CUST_02624,Starter,49,2022-08-18,2023-02-17,Churned
SUB_02625,CUST_02625,Pro,199,2022-08-15,,Active
SUB_02626,CUST_02626,Pro,199,2023-01-06,2023-10-09,Churned
SUB_02627,CUST_02627,Pro,199,2022-04-10,,Active
SUB_02628,CUST_02628,Pro,199,2023-03-21,,Active
SUB_02629,CUST_02629,Starter,49,2023-04-13,,Active
SUB_02630,CUST_02630,Pro,199,2022-02-24,2022-06-09,Churned
SUB_02631,CUST_02631,Starter,49,2022-07-14,,Active
SUB_02632,CUST_02632,Pro,199,2023-06-04,,Active
SUB_02633,CUST_02633,Pro,199,2023-02-28,,Active
SUB_02634,CUST_02634,Starter,49,2022-11-11,2023-08-11,Churned
SUB_02635,CUST_02635,Enterprise,999,2022-05-08,,Active
SUB_02636,CUST_02636,Starter,49,2022-02-01,,Active
SUB_02637,CUST_02637,Starter,49,2022-04-03,,Active
SUB_02638,CUST_02638,Enterprise,999,2023-06-03,,Active
SUB_02639,CUST_02639,Pro,199,2022-09-15,2023-01-03,Churned
SUB_02640,CUST_02640,Pro,199,2022-08-08,,Active
SUB_02641,CUST_02641,Pro,199,2022-04-16,2022-12-30,Churned
SUB_02642,CUST_02642,Pro,199,2023-07-02,,Active
SUB_02643,CUST_02643,Starter,49,2023-02-20,,Active
SUB_02644,CUST_02644,Starter,49,2023-07-11,,Active
SUB_02645,CUST_02645,Starter,49,2022-11-05,,Active
SUB_02646,CUST_02646,Starter,49,2023-01-01,2023-04-12,Churned
SUB_02647,CUST_02647,Pro,199,2023-06-05,2024-02-07,Churned
SUB_02648,CUST_02648,Starter,49,2023-04-04,,Active
SUB_02649,CUST_02649,Starter,49,2023-08-22,,Active
SUB_02650,CUST_02650,Starter,49,2023-01-05,,Active
SUB_02651,CUST_02651,Pro,199,2022-11-27,2023-08-26,Churned
SUB_02652,CUST_02652,Pro,199,2023-11-20,,Active
SUB_02653,CUST_02653,Starter,49,2023-10-04,,Active
SUB_02654,CUST_02654,Pro,199,2022-01-11,,Active
SUB_02655,CUST_02655,Starter,49,2023-05-22,2024-04-29,Churned
SUB_02656,CUST_02656,Pro,199,2023-02-23,,Active
SUB_02657,CUST_02657,Starter,49,2022-05-02,,Active
SUB_02658,CUST_02658,Starter,49,2022-08-23,,Active
SUB_02659,CUST_02659,Pro,199,2022-11-27,,Active
SUB_02660,CUST_02660,Enterprise,999,2023-06-27,,Active
SUB_02661,CUST_02661,Starter,49,2022-12-14,2023-03-31,Churned
SUB_02662,CUST_02662,Pro,199,2023-02-16,2023-08-22,Churned
SUB_02663,CUST_02663,Pro,199,2022-08-12,,Active
SUB_02664,CUST_02664,Enterprise,999,2022-06-02,2022-08-18,Churned
SUB_02665,CUST_02665,Starter,49,2022-07-31,,Active
SUB_02666,CUST_02666,Starter,49,2022-04-02,,Active
SUB_02667,CUST_02667,Pro,199,2022-11-27,2023-11-03,Churned
SUB_02668,CUST_02668,Starter,49,2023-04-12,,Active
SUB_02669,CUST_02669,Starter,49,2023-10-03,,Active
SUB_02670,CUST_02670,Starter,49,2023-07-08,2024-05-30,Churned
SUB_02671,CUST_02671,Pro,199,2022-08-16,,Active
SUB_02672,CUST_02672,Starter,49,2022-07-13,2022-09-04,Churned
SUB_02673,CUST_02673,Pro,199,2023-06-14,2023-10-31,Churned
SUB_02674,CUST_02674,Starter,49,2022-08-31,,Active
SUB_02675,CUST_02675,Starter,49,2023-01-24,,Active
SUB_02676,CUST_02676,Starter,49,2022-10-03,,Active
SUB_02677,CUST_02677,Starter,49,2023-03-26,,Active
SUB_02678,CUST_02678,Pro,199,2023-10-01,,Active
SUB_02679,CUST_02679,Pro,199,2023-08-10,2023-10-30,Churned
SUB_02680,CUST_02680,Starter,49,2023-07-28,,Active
SUB_02681,CUST_02681,Starter,49,2023-04-23,,Active
SUB_02682,CUST_02682,Pro,199,2023-04-25,,Active
SUB_02683,CUST_02683,Pro,199,2022-10-15,,Active
SUB_02684,CUST_02684,Pro,199,2023-11-29,2024-10-13,Churned
SUB_02685,CUST_02685,Pro,199,2023-11-21,,Active
SUB_02686,CUST_02686,Starter,49,2023-11-09,2024-08-23,Churned
SUB_02687,CUST_02687,Pro,199,2023-11-26,,Active
SUB_02688,CUST_02688,Starter,49,2023-06-24,,Active
SUB_02689,CUST_02689,Starter,49,2022-11-26,,Active
SUB_02690,CUST_02690,Pro,199,2023-04-15,,Active
SUB_02691,CUST_02691,Enterprise,999,2023-06-18,,Active
SUB_02692,CUST_02692,Pro,199,2023-04-12,,Active
SUB_02693,CUST_02693,Starter,49,2023-02-24,2024-02-12,Churned
SUB_02694,CUST_02694,Starter,49,2023-08-31,,Active
SUB_02695,CUST_02695,Starter,49,2022-05-02,2022-10-17,Churned
SUB_02696,CUST_02696,Pro,199,2022-11-04,,Active
SUB_02697,CUST_02697,Starter,49,2022-11-30,,Active
SUB_02698,CUST_02698,Pro,199,2023-02-24,,Active
SUB_02699,CUST_02699,Starter,49,2022-11-22,,Active
SUB_02700,CUST_02700,Pro,199,2023-10-11,2024-09-10,Churned
SUB_02701,CUST_02701,Enterprise,999,2023-07-27,,Active
SUB_02702,CUST_02702,Starter,49,2022-09-07,,Active
SUB_02703,CUST_02703,Starter,49,2022-04-05,,Active
SUB_02704,CUST_02704,Pro,199,2022-10-23,,Active
SUB_02705,CUST_02705,Pro,199,2022-07-03,2023-05-03,Churned
SUB_02706,CUST_02706,Pro,199,2022-09-17,,Active
SUB_02707,CUST_02707,Pro,199,2023-10-29,,Active
SUB_02708,CUST_02708,Starter,49,2022-07-05,,Active
SUB_02709,CUST_02709,Pro,199,2023-02-13,2023-04-27,Churned
SUB_02710,CUST_02710,Starter,49,2022-03-10,2022-12-23,Churned
SUB_02711,CUST_02711,Enterprise,999,2023-09-19,,Active
SUB_02712,CUST_02712,Starter,49,2022-01-08,,Active
SUB_02713,CUST_02713,Pro,199,2022-09-22,2023-02-11,Churned
SUB_02714,CUST_02714,Starter,49,2023-04-29,,Active
SUB_02715,CUST_02715,Starter,49,2023-09-09,2024-05-22,Churned
SUB_02716,CUST_02716,Starter,49,2023-01-06,,Active
SUB_02717,CUST_02717,Pro,199,2023-11-08,,Active
SUB_02718,CUST_02718,Pro,199,2022-03-24,2022-06-26,Churned
SUB_02719,CUST_02719,Pro,199,2023-10-08,,Active
SUB_02720,CUST_02720,Starter,49,2022-07-30,,Active
SUB_02721,CUST_02721,Pro,199,2022-11-09,,Active
SUB_02722,CUST_02722,Pro,199,2023-08-27,,Active
SUB_02723,CUST_02723,Starter,49,2022-12-03,,Active
SUB_02724,CUST_02724,Starter,49,2023-05-05,2023-11-13,Churned
SUB_02725,CUST_02725,Starter,49,2023-02-07,2023-08-19,Churned
SUB_02726,CUST_02726,Starter,49,2023-10-01,,Active
SUB_02727,CUST_02727,Starter,49,2022-07-10,,Active
SUB_02728,CUST_02728,Pro,199,2023-11-02,2024-05-15,Churned
SUB_02729,CUST_02729,Starter,49,2022-12-01,,Active
SUB_02730,CUST_02730,Pro,199,2023-06-06,,Active
SUB_02731,CUST_02731,Enterprise,999,2023-09-11,2023-11-18,Churned
SUB_02732,CUST_02732,Pro,199,2022-03-28,,Active
SUB_02733,CUST_02733,Pro,199,2023-08-02,,Active
SUB_02734,CUST_02734,Starter,49,2022-03-03,,Active
SUB_02735,CUST_02735,Pro,199,2023-01-22,,Active
SUB_02736,CUST_02736,Starter,49,2022-05-26,,Active
SUB_02737,CUST_02737,Pro,199,2022-06-02,2022-12-01,Churned
SUB_02738,CUST_02738,Enterprise,999,2023-09-11,,Active
SUB_02739,CUST_02739,Pro,199,2023-10-22,,Active
SUB_02740,CUST_02740,Pro,199,2023-11-29,2024-11-12,Churned
SUB_02741,CUST_02741,Starter,49,2022-12-15,,Active
SUB_02742,CUST_02742,Starter,49,2022-06-27,,Active
SUB_02743,CUST_02743,Pro,199,2023-05-02,,Active
SUB_02744,CUST_02744,Starter,49,2023-10-23,2024-08-16,Churned
SUB_02745,CUST_02745,Pro,199,2022-09-04,,Active
SUB_02746,CUST_02746,Starter,49,2022-09-11,,Active
SUB_02747,CUST_02747,Pro,199,2023-05-15,,Active
SUB_02748,CUST_02748,Starter,49,2023-06-25,,Active
SUB_02749,CUST_02749,Pro,199,2022-12-18,,Active
SUB_02750,CUST_02750,Pro,199,2023-05-27,,Active
SUB_02751,CUST_02751,Starter,49,2022-01-13,,Active
SUB_02752,CUST_02752,Starter,49,2023-07-13,2024-06-30,Churned
SUB_02753,CUST_02753,Starter,49,2022-05-31,,Active
SUB_02754,CUST_02754,Starter,49,2022-02-19,,Active
SUB_02755,CUST_02755,Starter,49,2022-08-03,,Active
SUB_02756,CUST_02756,Starter,49,2023-10-06,2024-09-25,Churned
SUB_02757,CUST_02757,Pro,199,2023-01-07,2023-04-21,Churned
SUB_02758,CUST_02758,Starter,49,2022-04-23,2023-02-03,Churned
SUB_02759,CUST_02759,Enterprise,999,2022-09-09,,Active
SUB_02760,CUST_02760,Pro,199,2022-12-07,2023-07-24,Churned
SUB_02761,CUST_02761,Starter,49,2022-02-22,,Active
SUB_02762,CUST_02762,Starter,49,2022-05-10,,Active
SUB_02763,CUST_02763,Pro,199,2022-07-12,,Active
SUB_02764,CUST_02764,Starter,49,2023-08-14,,Active
SUB_02765,CUST_02765,Pro,199,2022-02-26,,Active
SUB_02766,CUST_02766,Pro,199,2022-04-07,,Active
SUB_02767,CUST_02767,Starter,49,2022-07-17,,Active
SUB_02768,CUST_02768,Pro,199,2023-10-09,,Active
SUB_02769,CUST_02769,Starter,49,2022-05-27,,Active
SUB_02770,CUST_02770,Starter,49,2023-11-15,,Active
SUB_02771,CUST_02771,Pro,199,2023-07-29,2023-12-03,Churned
SUB_02772,CUST_02772,Pro,199,2023-07-31,,Active
SUB_02773,CUST_02773,Pro,199,2022-10-22,,Active
SUB_02774,CUST_02774,Pro,199,2023-09-13,2024-01-24,Churned
SUB_02775,CUST_02775,Pro,199,2023-11-15,,Active
SUB_02776,CUST_02776,Pro,199,2022-01-12,,Active
SUB_02777,CUST_02777,Starter,49,2022-11-29,,Active
SUB_02778,CUST_02778,Pro,199,2022-08-08,,Active
SUB_02779,CUST_02779,Pro,199,2023-02-02,,Active
SUB_02780,CUST_02780,Starter,49,2022-12-08,,Active
SUB_02781,CUST_02781,Pro,199,2023-05-27,,Active
SUB_02782,CUST_02782,Starter,49,2022-06-21,2022-12-31,Churned
SUB_02783,CUST_02783,Pro,199,2023-04-13,,Active
SUB_02784,CUST_02784,Pro,199,2022-06-15,,Active
SUB_02785,CUST_02785,Enterprise,999,2023-11-30,,Active
SUB_02786,CUST_02786,Starter,49,2022-06-19,,Active
SUB_02787,CUST_02787,Pro,199,2023-07-18,2023-12-07,Churned
SUB_02788,CUST_02788,Starter,49,2023-05-27,,Active
SUB_02789,CUST_02789,Pro,199,2022-07-08,,Active
SUB_02790,CUST_02790,Pro,199,2022-04-30,,Active
SUB_02791,CUST_02791,Pro,199,2022-04-15,2022-08-25,Churned
SUB_02792,CUST_02792,Pro,199,2023-11-05,,Active
SUB_02793,CUST_02793,Pro,199,2022-02-10,,Active
SUB_02794,CUST_02794,Starter,49,2023-11-08,2024-01-13,Churned
SUB_02795,CUST_02795,Starter,49,2022-11-17,,Active
SUB_02796,CUST_02796,Pro,199,2022-12-01,,Active
SUB_02797,CUST_02797,Starter,49,2022-06-09,2022-10-22,Churned
SUB_02798,CUST_02798,Starter,49,2022-09-21,,Active
SUB_02799,CUST_02799,Pro,199,2023-06-14,,Active
SUB_02800,CUST_02800,Starter,49,2023-11-16,,Active
SUB_02801,CUST_02801,Starter,49,2023-04-22,,Active
SUB_02802,CUST_02802,Pro,199,2022-12-18,2023-07-22,Churned
SUB_02803,CUST_02803,Starter,49,2023-06-29,,Active
SUB_02804,CUST_02804,Starter,49,2022-07-29,,Active
SUB_02805,CUST_02805,Starter,49,2023-05-11,,Active
SUB_02806,CUST_02806,Pro,199,2023-01-17,,Active
SUB_02807,CUST_02807,Enterprise,999,2023-11-07,,Active
SUB_02808,CUST_02808,Pro,199,2023-04-26,,Active
SUB_02809,CUST_02809,Starter,49,2022-01-05,,Active
SUB_02810,CUST_02810,Enterprise,999,2022-02-03,,Active
SUB_02811,CUST_02811,Pro,199,2022-05-25,,Active
SUB_02812,CUST_02812,Pro,199,2022-12-17,2023-02-05,Churned
SUB_02813,CUST_02813,Pro,199,2023-08-06,,Active
SUB_02814,CUST_02814,Starter,49,2023-04-10,,Active
SUB_02815,CUST_02815,Starter,49,2022-12-14,,Active
SUB_02816,CUST_02816,Starter,49,2022-05-05,,Active
SUB_02817,CUST_02817,Starter,49,2022-09-28,,Active
SUB_02818,CUST_02818,Pro,199,2022-12-23,2023-06-18,Churned
SUB_02819,CUST_02819,Pro,199,2023-06-11,2023-11-16,Churned
SUB_02820,CUST_02820,Pro,199,2023-05-13,2023-12-15,Churned
SUB_02821,CUST_02821,Starter,49,2022-06-02,,Active
SUB_02822,CUST_02822,Starter,49,2022-02-22,,Active
SUB_02823,CUST_02823,Starter,49,2022-05-29,,Active
SUB_02824,CUST_02824,Starter,49,2023-05-18,2024-03-26,Churned
SUB_02825,CUST_02825,Starter,49,2023-03-26,2023-11-09,Churned
SUB_02826,CUST_02826,Pro,199,2022-08-07,,Active
SUB_02827,CUST_02827,Starter,49,2023-09-17,,Active
SUB_02828,CUST_02828,Enterprise,999,2022-10-04,,Active
SUB_02829,CUST_02829,Starter,49,2023-03-28,,Active
SUB_02830,CUST_02830,Pro,199,2023-03-04,,Active
SUB_02831,CUST_02831,Pro,199,2022-03-24,2022-12-13,Churned
SUB_02832,CUST_02832,Starter,49,2022-08-06,,Active
SUB_02833,CUST_02833,Pro,199,2023-06-11,2023-10-26,Churned
SUB_02834,CUST_02834,Pro,199,2023-02-08,2023-03-18,Churned
SUB_02835,CUST_02835,Pro,199,2022-10-17,2023-06-29,Churned
SUB_02836,CUST_02836,Pro,199,2023-02-24,,Active
SUB_02837,CUST_02837,Starter,49,2022-12-05,,Active
SUB_02838,CUST_02838,Pro,199,2023-11-01,,Active
SUB_02839,CUST_02839,Enterprise,999,2023-02-23,,Active
SUB_02840,CUST_02840,Starter,49,2022-07-26,,Active
SUB_02841,CUST_02841,Starter,49,2023-11-17,,Active
SUB_02842,CUST_02842,Enterprise,999,2023-11-27,2024-07-22,Churned
SUB_02843,CUST_02843,Starter,49,2022-09-22,,Active
SUB_02844,CUST_02844,Pro,199,2022-02-05,,Active
SUB_02845,CUST_02845,Pro,199,2023-01-08,,Active
SUB_02846,CUST_02846,Pro,199,2023-05-03,2024-02-01,Churned
SUB_02847,CUST_02847,Starter,49,2022-09-16,,Active
SUB_02848,CUST_02848,Starter,49,2023-06-15,,Active
SUB_02849,CUST_02849,Starter,49,2022-01-23,2022-12-06,Churned
SUB_02850,CUST_02850,Pro,199,2022-04-14,,Active
SUB_02851,CUST_02851,Pro,199,2022-08-29,,Active
SUB_02852,CUST_02852,Pro,199,2022-09-10,2022-12-14,Churned
SUB_02853,CUST_02853,Pro,199,2022-05-22,2022-11-20,Churned
SUB_02854,CUST_02854,Starter,49,2023-10-17,,Active
SUB_02855,CUST_02855,Starter,49,2023-03-27,2023-11-02,Churned
SUB_02856,CUST_02856,Pro,199,2022-11-03,2023-07-08,Churned
SUB_02857,CUST_02857,Starter,49,2023-05-15,,Active
SUB_02858,CUST_02858,Starter,49,2023-09-14,,Active
SUB_02859,CUST_02859,Starter,49,2022-01-08,,Active
SUB_02860,CUST_02860,Starter,49,2022-03-10,,Active
SUB_02861,CUST_02861,Starter,49,2023-11-22,,Active
SUB_02862,CUST_02862,Pro,199,2023-07-29,,Active
SUB_02863,CUST_02863,Enterprise,999,2022-03-09,,Active
SUB_02864,CUST_02864,Pro,199,2023-02-12,,Active
SUB_02865,CUST_02865,Enterprise,999,2023-06-02,,Active
SUB_02866,CUST_02866,Enterprise,999,2022-04-29,,Active
SUB_02867,CUST_02867,Pro,199,2022-01-31,,Active
SUB_02868,CUST_02868,Starter,49,2023-06-02,,Active
SUB_02869,CUST_02869,Pro,199,2023-04-28,,Active
SUB_02870,CUST_02870,Starter,49,2022-07-26,,Active
SUB_02871,CUST_02871,Starter,49,2023-10-31,,Active
SUB_02872,CUST_02872,Starter,49,2023-08-02,,Active
SUB_02873,CUST_02873,Pro,199,2023-01-22,,Active
SUB_02874,CUST_02874,Starter,49,2023-02-16,,Active
SUB_02875,CUST_02875,Starter,49,2023-01-05,,Active
SUB_02876,CUST_02876,Starter,49,2022-12-19,,Active
SUB_02877,CUST_02877,Pro,199,2022-12-02,2023-06-03,Churned
SUB_02878,CUST_02878,Pro,199,2022-10-16,,Active
SUB_02879,CUST_02879,Pro,199,2022-05-20,,Active
SUB_02880,CUST_02880,Starter,49,2022-10-27,,Active
SUB_02881,CUST_02881,Starter,49,2022-01-13,2022-11-15,Churned
SUB_02882,CUST_02882,Pro,199,2023-10-26,,Active
SUB_02883,CUST_02883,Starter,49,2023-03-04,,Active
SUB_02884,CUST_02884,Pro,199,2023-02-04,2023-05-26,Churned
SUB_02885,CUST_02885,Pro,199,2022-04-19,,Active
SUB_02886,CUST_02886,Pro,199,2023-04-30,2024-01-05,Churned
SUB_02887,CUST_02887,Enterprise,999,2022-12-22,2023-10-27,Churned
SUB_02888,CUST_02888,Starter,49,2022-05-29,,Active
SUB_02889,CUST_02889,Starter,49,2022-11-03,,Active
SUB_02890,CUST_02890,Pro,199,2023-06-17,,Active
SUB_02891,CUST_02891,Starter,49,2022-03-01,,Active
SUB_02892,CUST_02892,Starter,49,2023-03-11,2023-07-29,Churned
SUB_02893,CUST_02893,Starter,49,2022-01-21,,Active
SUB_02894,CUST_02894,Starter,49,2023-01-17,,Active
SUB_02895,CUST_02895,Starter,49,2022-09-02,,Active
SUB_02896,CUST_02896,Starter,49,2022-03-14,,Active
SUB_02897,CUST_02897,Pro,199,2023-03-25,,Active
SUB_02898,CUST_02898,Pro,199,2022-03-17,2022-07-16,Churned
SUB_02899,CUST_02899,Pro,199,2023-11-29,,Active
SUB_02900,CUST_02900,Pro,199,2023-08-13,2023-09-23,Churned
SUB_02901,CUST_02901,Starter,49,2023-01-25,,Active
SUB_02902,CUST_02902,Starter,49,2023-07-31,,Active
SUB_02903,CUST_02903,Starter,49,2022-12-08,,Active
SUB_02904,CUST_02904,Pro,199,2022-10-17,,Active
SUB_02905,CUST_02905,Pro,199,2023-07-22,2024-01-06,Churned
SUB_02906,CUST_02906,Starter,49,2022-11-27,2023-05-30,Churned
SUB_02907,CUST_02907,Starter,49,2022-09-16,2022-11-07,Churned
SUB_02908,CUST_02908,Enterprise,999,2023-03-02,,Active
SUB_02909,CUST_02909,Pro,199,2022-01-06,2022-09-12,Churned
SUB_02910,CUST_02910,Pro,199,2022-01-06,2022-09-29,Churned
SUB_02911,CUST_02911,Starter,49,2022-07-10,,Active
SUB_02912,CUST_02912,Starter,49,2022-05-28,2023-03-06,Churned
SUB_02913,CUST_02913,Pro,199,2023-02-09,,Active
SUB_02914,CUST_02914,Pro,199,2022-09-15,,Active
SUB_02915,CUST_02915,Pro,199,2023-04-24,2023-11-22,Churned
SUB_02916,CUST_02916,Pro,199,2022-03-31,,Active
SUB_02917,CUST_02917,Pro,199,2022-01-10,,Active
SUB_02918,CUST_02918,Pro,199,2022-03-28,,Active
SUB_02919,CUST_02919,Starter,49,2022-05-31,2023-01-13,Churned
SUB_02920,CUST_02920,Starter,49,2023-09-17,,Active
SUB_02921,CUST_02921,Pro,199,2022-01-30,,Active
SUB_02922,CUST_02922,Starter,49,2022-05-08,,Active
SUB_02923,CUST_02923,Pro,199,2022-03-19,,Active
SUB_02924,CUST_02924,Pro,199,2023-02-25,2023-09-12,Churned
SUB_02925,CUST_02925,Enterprise,999,2022-02-24,,Active
SUB_02926,CUST_02926,Starter,49,2023-04-25,,Active
SUB_02927,CUST_02927,Starter,49,2022-11-01,,Active
SUB_02928,CUST_02928,Pro,199,2023-06-30,,Active
SUB_02929,CUST_02929,Pro,199,2022-04-15,,Active
SUB_02930,CUST_02930,Pro,199,2022-06-21,2022-11-20,Churned
SUB_02931,CUST_02931,Starter,49,2023-05-14,,Active
SUB_02932,CUST_02932,Starter,49,2022-01-22,,Active
SUB_02933,CUST_02933,Pro,199,2022-10-14,2022-12-16,Churned
SUB_02934,CUST_02934,Pro,199,2023-01-26,2024-01-03,Churned
SUB_02935,CUST_02935,Pro,199,2023-09-09,2023-10-11,Churned
SUB_02936,CUST_02936,Starter,49,2022-05-29,2022-07-03,Churned
SUB_02937,CUST_02937,Starter,49,2022-09-29,2023-08-28,Churned
SUB_02938,CUST_02938,Starter,49,2022-10-26,,Active
SUB_02939,CUST_02939,Enterprise,999,2022-06-21,2022-10-30,Churned
SUB_02940,CUST_02940,Pro,199,2022-02-16,,Active
SUB_02941,CUST_02941,Starter,49,2023-09-18,,Active
SUB_02942,CUST_02942,Starter,49,2022-07-26,,Active
SUB_02943,CUST_02943,Pro,199,2023-03-29,2023-11-05,Churned
SUB_02944,CUST_02944,Starter,49,2023-01-30,,Active
SUB_02945,CUST_02945,Pro,199,2022-10-28,,Active
SUB_02946,CUST_02946,Pro,199,2023-11-07,,Active
SUB_02947,CUST_02947,Starter,49,2022-06-25,,Active
SUB_02948,CUST_02948,Starter,49,2022-04-20,,Active
SUB_02949,CUST_02949,Pro,199,2023-11-15,,Active
SUB_02950,CUST_02950,Starter,49,2022-07-21,,Active
SUB_02951,CUST_02951,Starter,49,2022-06-17,,Active
SUB_02952,CUST_02952,Enterprise,999,2023-09-06,2023-10-18,Churned
SUB_02953,CUST_02953,Pro,199,2022-03-27,,Active
SUB_02954,CUST_02954,Pro,199,2023-10-16,,Active
SUB_02955,CUST_02955,Starter,49,2022-02-20,,Active
SUB_02956,CUST_02956,Starter,49,2022-04-22,,Active
SUB_02957,CUST_02957,Starter,49,2023-04-08,,Active
SUB_02958,CUST_02958,Starter,49,2023-03-18,,Active
SUB_02959,CUST_02959,Pro,199,2022-09-28,,Active
SUB_02960,CUST_02960,Starter,49,2023-07-31,,Active
SUB_02961,CUST_02961,Pro,199,2022-12-10,,Active
SUB_02962,CUST_02962,Starter,49,2022-07-02,2022-09-05,Churned
SUB_02963,CUST_02963,Starter,49,2023-05-18,,Active
SUB_02964,CUST_02964,Enterprise,999,2022-01-10,,Active
SUB_02965,CUST_02965,Starter,49,2023-05-09,,Active
SUB_02966,CUST_02966,Starter,49,2022-08-22,,Active
SUB_02967,CUST_02967,Starter,49,2022-10-25,2023-02-01,Churned
SUB_02968,CUST_02968,Starter,49,2022-09-01,,Active
SUB_02969,CUST_02969,Starter,49,2023-05-24,,Active
SUB_02970,CUST_02970,Starter,49,2022-12-17,,Active
SUB_02971,CUST_02971,Pro,199,2022-09-24,2023-08-08,Churned
SUB_02972,CUST_02972,Pro,199,2023-09-22,2024-02-03,Churned
SUB_02973,CUST_02973,Pro,199,2023-10-18,,Active
SUB_02974,CUST_02974,Starter,49,2022-07-20,,Active
SUB_02975,CUST_02975,Pro,199,2022-08-27,,Active
SUB_02976,CUST_02976,Starter,49,2022-11-30,,Active
SUB_02977,CUST_02977,Pro,199,2023-02-19,,Active
SUB_02978,CUST_02978,Pro,199,2023-04-29,,Active
SUB_02979,CUST_02979,Starter,49,2023-03-13,,Active
SUB_02980,CUST_02980,Pro,199,2022-09-03,,Active
SUB_02981,CUST_02981,Enterprise,999,2022-01-08,2022-08-29,Churned
SUB_02982,CUST_02982,Pro,199,2022-06-01,,Active
SUB_02983,CUST_02983,Starter,49,2023-01-27,,Active
SUB_02984,CUST_02984,Pro,199,2022-07-30,,Active
SUB_02985,CUST_02985,Enterprise,999,2023-01-02,,Active
SUB_02986,CUST_02986,Starter,49,2023-11-01,,Active
SUB_02987,CUST_02987,Pro,199,2023-07-24,,Active
SUB_02988,CUST_02988,Starter,49,2022-03-27,,Active
SUB_02989,CUST_02989,Starter,49,2022-02-24,,Active
SUB_02990,CUST_02990,Pro,199,2023-09-26,,Active
SUB_02991,CUST_02991,Pro,199,2023-03-22,,Active
SUB_02992,CUST_02992,Pro,199,2023-09-12,,Active
SUB_02993,CUST_02993,Enterprise,999,2022-10-31,,Active
SUB_02994,CUST_02994,Starter,49,2022-05-12,,Active
SUB_02995,CUST_02995,Starter,49,2023-02-25,2024-02-02,Churned
SUB_02996,CUST_02996,Enterprise,999,2023-01-20,,Active
SUB_02997,CUST_02997,Starter,49,2022-07-17,,Active
SUB_02998,CUST_02998,Pro,199,2022-02-16,2022-05-11,Churned
SUB_02999,CUST_02999,Pro,199,2022-07-22,2022-12-05,Churned
SUB_03000,CUST_03000,Starter,49,2022-09-18,2023-03-07,Churned
SUB_03001,CUST_03001,Starter,49,2023-11-21,,Active
SUB_03002,CUST_03002,Pro,199,2022-01-24,,Active
SUB_03003,CUST_03003,Pro,199,2023-11-18,,Active
SUB_03004,CUST_03004,Pro,199,2022-12-06,2023-08-17,Churned
SUB_03005,CUST_03005,Pro,199,2023-02-16,2024-01-18,Churned
SUB_03006,CUST_03006,Starter,49,2022-09-18,,Active
SUB_03007,CUST_03007,Starter,49,2022-10-13,2023-09-16,Churned
SUB_03008,CUST_03008,Starter,49,2023-05-28,,Active
SUB_03009,CUST_03009,Starter,49,2022-03-27,,Active
SUB_03010,CUST_03010,Starter,49,2023-03-06,2023-05-10,Churned
SUB_03011,CUST_03011,Starter,49,2023-08-04,2024-01-13,Churned
SUB_03012,CUST_03012,Starter,49,2022-01-31,2022-03-26,Churned
SUB_03013,CUST_03013,Starter,49,2023-08-26,,Active
SUB_03014,CUST_03014,Starter,49,2023-03-16,,Active
SUB_03015,CUST_03015,Pro,199,2022-12-15,,Active
SUB_03016,CUST_03016,Pro,199,2023-02-16,2023-04-23,Churned
SUB_03017,CUST_03017,Starter,49,2023-06-12,,Active
SUB_03018,CUST_03018,Enterprise,999,2022-11-06,,Active
SUB_03019,CUST_03019,Starter,49,2023-01-31,,Active
SUB_03020,CUST_03020,Pro,199,2022-12-04,,Active
SUB_03021,CUST_03021,Starter,49,2023-11-05,,Active
SUB_03022,CUST_03022,Pro,199,2023-03-13,,Active
SUB_03023,CUST_03023,Starter,49,2023-10-25,,Active
SUB_03024,CUST_03024,Pro,199,2022-12-31,,Active
SUB_03025,CUST_03025,Starter,49,2022-04-23,2022-06-10,Churned
SUB_03026,CUST_03026,Pro,199,2022-06-25,,Active
SUB_03027,CUST_03027,Starter,49,2022-05-29,2022-08-01,Churned
SUB_03028,CUST_03028,Starter,49,2022-06-27,,Active
SUB_03029,CUST_03029,Pro,199,2023-01-17,2023-12-22,Churned
SUB_03030,CUST_03030,Starter,49,2022-08-11,,Active
SUB_03031,CUST_03031,Enterprise,999,2022-09-16,,Active
SUB_03032,CUST_03032,Starter,49,2022-07-08,2022-08-12,Churned
SUB_03033,CUST_03033,Starter,49,2022-11-02,,Active
SUB_03034,CUST_03034,Pro,199,2023-01-13,,Active
SUB_03035,CUST_03035,Starter,49,2023-08-25,2024-04-09,Churned
SUB_03036,CUST_03036,Starter,49,2022-12-09,,Active
SUB_03037,CUST_03037,Pro,199,2022-06-05,2022-08-07,Churned
SUB_03038,CUST_03038,Pro,199,2022-02-24,,Active
SUB_03039,CUST_03039,Enterprise,999,2023-03-18,,Active
SUB_03040,CUST_03040,Starter,49,2023-11-16,,Active
SUB_03041,CUST_03041,Pro,199,2022-07-19,,Active
SUB_03042,CUST_03042,Starter,49,2023-02-07,,Active
SUB_03043,CUST_03043,Starter,49,2023-09-06,,Active
SUB_03044,CUST_03044,Pro,199,2023-10-25,,Active
SUB_03045,CUST_03045,Starter,49,2023-09-15,,Active
SUB_03046,CUST_03046,Starter,49,2023-08-26,,Active
SUB_03047,CUST_03047,Starter,49,2022-06-26,2022-09-19,Churned
SUB_03048,CUST_03048,Pro,199,2023-03-25,,Active
SUB_03049,CUST_03049,Enterprise,999,2023-06-25,2024-04-05,Churned
SUB_03050,CUST_03050,Pro,199,2022-10-28,2023-06-25,Churned
SUB_03051,CUST_03051,Starter,49,2022-11-03,,Active
SUB_03052,CUST_03052,Pro,199,2022-09-24,2023-01-28,Churned
SUB_03053,CUST_03053,Pro,199,2022-08-02,,Active
SUB_03054,CUST_03054,Starter,49,2023-08-17,,Active
SUB_03055,CUST_03055,Starter,49,2023-10-02,,Active
SUB_03056,CUST_03056,Starter,49,2023-04-28,,Active
SUB_03057,CUST_03057,Starter,49,2022-09-19,2023-07-27,Churned
SUB_03058,CUST_03058,Pro,199,2022-03-08,,Active
SUB_03059,CUST_03059,Starter,49,2023-07-28,,Active
SUB_03060,CUST_03060,Starter,49,2022-05-13,2023-02-07,Churned
SUB_03061,CUST_03061,Enterprise,999,2023-10-11,,Active
SUB_03062,CUST_03062,Pro,199,2023-06-24,,Active
SUB_03063,CUST_03063,Pro,199,2023-05-27,,Active
SUB_03064,CUST_03064,Starter,49,2022-07-30,2023-02-14,Churned
SUB_03065,CUST_03065,Starter,49,2022-09-10,2023-07-30,Churned
SUB_03066,CUST_03066,Starter,49,2022-02-07,,Active
SUB_03067,CUST_03067,Starter,49,2022-02-12,,Active
SUB_03068,CUST_03068,Starter,49,2023-09-21,,Active
SUB_03069,CUST_03069,Pro,199,2023-02-09,,Active
SUB_03070,CUST_03070,Starter,49,2022-02-15,,Active
SUB_03071,CUST_03071,Starter,49,2023-03-30,,Active
SUB_03072,CUST_03072,Starter,49,2023-11-09,,Active
SUB_03073,CUST_03073,Pro,199,2022-11-01,2023-07-15,Churned
SUB_03074,CUST_03074,Pro,199,2022-08-21,2023-07-31,Churned
SUB_03075,CUST_03075,Pro,199,2022-09-02,,Active
SUB_03076,CUST_03076,Starter,49,2022-10-22,,Active
SUB_03077,CUST_03077,Starter,49,2023-01-18,,Active
SUB_03078,CUST_03078,Starter,49,2022-06-07,,Active
SUB_03079,CUST_03079,Starter,49,2023-02-09,,Active
SUB_03080,CUST_03080,Pro,199,2022-01-01,,Active
SUB_03081,CUST_03081,Enterprise,999,2022-08-05,2023-01-08,Churned
SUB_03082,CUST_03082,Pro,199,2023-05-22,2024-03-26,Churned
SUB_03083,CUST_03083,Enterprise,999,2023-08-04,,Active
SUB_03084,CUST_03084,Pro,199,2022-01-30,,Active
SUB_03085,CUST_03085,Starter,49,2023-09-19,2023-11-08,Churned
SUB_03086,CUST_03086,Enterprise,999,2023-06-04,2024-05-14,Churned
SUB_03087,CUST_03087,Starter,49,2022-10-02,2023-07-04,Churned
SUB_03088,CUST_03088,Pro,199,2023-05-07,,Active
SUB_03089,CUST_03089,Starter,49,2022-02-05,,Active
SUB_03090,CUST_03090,Starter,49,2022-11-07,,Active
SUB_03091,CUST_03091,Pro,199,2022-02-13,2022-06-12,Churned
SUB_03092,CUST_03092,Starter,49,2022-06-04,,Active
SUB_03093,CUST_03093,Starter,49,2022-03-18,,Active
SUB_03094,CUST_03094,Starter,49,2023-08-13,2023-09-17,Churned
SUB_03095,CUST_03095,Starter,49,2023-09-05,,Active
SUB_03096,CUST_03096,Enterprise,999,2023-03-14,2024-01-03,Churned
SUB_03097,CUST_03097,Pro,199,2023-03-08,,Active
SUB_03098,CUST_03098,Starter,49,2023-06-26,,Active
SUB_03099,CUST_03099,Starter,49,2022-02-08,,Active
SUB_03100,CUST_03100,Pro,199,2022-08-27,,Active
SUB_03101,CUST_03101,Starter,49,2022-01-13,2022-05-19,Churned
SUB_03102,CUST_03102,Starter,49,2022-05-02,,Active
SUB_03103,CUST_03103,Starter,49,2022-05-24,2022-11-19,Churned
SUB_03104,CUST_03104,Pro,199,2023-11-15,,Active
SUB_03105,CUST_03105,Starter,49,2023-03-31,2023-07-18,Churned
SUB_03106,CUST_03106,Starter,49,2023-01-03,,Active
SUB_03107,CUST_03107,Starter,49,2022-09-04,,Active
SUB_03108,CUST_03108,Starter,49,2022-02-14,2022-04-01,Churned
SUB_03109,CUST_03109,Pro,199,2023-01-10,,Active
SUB_03110,CUST_03110,Starter,49,2022-10-18,,Active
SUB_03111,CUST_03111,Starter,49,2022-07-26,,Active
SUB_03112,CUST_03112,Starter,49,2023-06-03,,Active
SUB_03113,CUST_03113,Starter,49,2022-08-30,2023-02-13,Churned
SUB_03114,CUST_03114,Pro,199,2023-09-14,,Active
SUB_03115,CUST_03115,Pro,199,2022-04-24,,Active
SUB_03116,CUST_03116,Starter,49,2022-10-29,2023-04-16,Churned
SUB_03117,CUST_03117,Starter,49,2022-10-03,,Active
SUB_03118,CUST_03118,Starter,49,2022-04-06,,Active
SUB_03119,CUST_03119,Pro,199,2022-10-21,,Active
SUB_03120,CUST_03120,Pro,199,2022-12-26,,Active
SUB_03121,CUST_03121,Starter,49,2022-10-15,,Active
SUB_03122,CUST_03122,Pro,199,2022-06-03,,Active
SUB_03123,CUST_03123,Pro,199,2023-07-24,,Active
SUB_03124,CUST_03124,Enterprise,999,2023-02-27,,Active
SUB_03125,CUST_03125,Starter,49,2022-02-19,,Active
SUB_03126,CUST_03126,Starter,49,2022-07-26,,Active
SUB_03127,CUST_03127,Starter,49,2023-07-18,2023-09-25,Churned
SUB_03128,CUST_03128,Pro,199,2023-10-24,,Active
SUB_03129,CUST_03129,Pro,199,2023-07-19,2024-02-01,Churned
SUB_03130,CUST_03130,Pro,199,2022-08-01,,Active
SUB_03131,CUST_03131,Starter,49,2022-03-07,,Active
SUB_03132,CUST_03132,Starter,49,2022-08-20,,Active
SUB_03133,CUST_03133,Starter,49,2023-10-25,2024-02-05,Churned
SUB_03134,CUST_03134,Pro,199,2022-11-16,,Active
SUB_03135,CUST_03135,Starter,49,2022-05-17,,Active
SUB_03136,CUST_03136,Starter,49,2023-10-09,2024-01-20,Churned
SUB_03137,CUST_03137,Pro,199,2023-07-20,2023-10-07,Churned
SUB_03138,CUST_03138,Starter,49,2022-03-06,,Active
SUB_03139,CUST_03139,Starter,49,2023-05-29,2023-07-07,Churned
SUB_03140,CUST_03140,Starter,49,2022-05-12,,Active
SUB_03141,CUST_03141,Pro,199,2022-11-30,,Active
SUB_03142,CUST_03142,Pro,199,2022-02-01,,Active
SUB_03143,CUST_03143,Enterprise,999,2023-05-13,,Active
SUB_03144,CUST_03144,Starter,49,2022-08-31,,Active
SUB_03145,CUST_03145,Enterprise,999,2022-07-11,2022-11-20,Churned
SUB_03146,CUST_03146,Pro,199,2022-05-22,,Active
SUB_03147,CUST_03147,Pro,199,2023-10-22,,Active
SUB_03148,CUST_03148,Enterprise,999,2023-08-24,2024-07-17,Churned
SUB_03149,CUST_03149,Starter,49,2023-07-15,,Active
SUB_03150,CUST_03150,Starter,49,2023-10-10,2024-02-20,Churned
SUB_03151,CUST_03151,Starter,49,2022-07-10,2023-05-25,Churned
SUB_03152,CUST_03152,Pro,199,2022-05-29,2023-04-03,Churned
SUB_03153,CUST_03153,Pro,199,2023-08-22,2024-02-09,Churned
SUB_03154,CUST_03154,Pro,199,2023-02-20,,Active
SUB_03155,CUST_03155,Starter,49,2023-06-04,,Active
SUB_03156,CUST_03156,Starter,49,2022-01-16,,Active
SUB_03157,CUST_03157,Starter,49,2022-04-16,,Active
SUB_03158,CUST_03158,Pro,199,2022-10-10,,Active
SUB_03159,CUST_03159,Starter,49,2022-04-14,,Active
SUB_03160,CUST_03160,Enterprise,999,2022-12-27,2023-11-18,Churned
SUB_03161,CUST_03161,Starter,49,2023-10-20,2024-05-06,Churned
SUB_03162,CUST_03162,Starter,49,2022-02-04,,Active
SUB_03163,CUST_03163,Pro,199,2022-04-23,,Active
SUB_03164,CUST_03164,Starter,49,2022-11-04,,Active
SUB_03165,CUST_03165,Starter,49,2022-02-22,2022-04-05,Churned
SUB_03166,CUST_03166,Starter,49,2022-03-22,,Active
SUB_03167,CUST_03167,Starter,49,2023-09-08,,Active
SUB_03168,CUST_03168,Enterprise,999,2023-01-04,,Active
SUB_03169,CUST_03169,Pro,199,2022-08-30,,Active
SUB_03170,CUST_03170,Starter,49,2022-01-31,2022-08-05,Churned
SUB_03171,CUST_03171,Pro,199,2022-12-27,,Active
SUB_03172,CUST_03172,Starter,49,2022-08-21,,Active
SUB_03173,CUST_03173,Pro,199,2023-09-02,2024-03-23,Churned
SUB_03174,CUST_03174,Enterprise,999,2022-02-03,2022-08-13,Churned
SUB_03175,CUST_03175,Pro,199,2022-08-31,2023-02-08,Churned
SUB_03176,CUST_03176,Starter,49,2022-02-28,,Active
SUB_03177,CUST_03177,Starter,49,2023-06-13,,Active
SUB_03178,CUST_03178,Starter,49,2022-03-19,,Active
SUB_03179,CUST_03179,Pro,199,2022-10-29,,Active
SUB_03180,CUST_03180,Pro,199,2023-11-09,,Active
SUB_03181,CUST_03181,Starter,49,2022-04-22,,Active
SUB_03182,CUST_03182,Enterprise,999,2023-02-17,,Active
SUB_03183,CUST_03183,Starter,49,2022-11-13,2023-01-09,Churned
SUB_03184,CUST_03184,Starter,49,2022-05-25,,Active
SUB_03185,CUST_03185,Starter,49,2023-10-30,2024-02-19,Churned
SUB_03186,CUST_03186,Starter,49,2023-11-21,,Active
SUB_03187,CUST_03187,Starter,49,2023-10-10,,Active
SUB_03188,CUST_03188,Pro,199,2022-01-18,,Active
SUB_03189,CUST_03189,Starter,49,2022-12-17,2023-10-11,Churned
SUB_03190,CUST_03190,Starter,49,2022-06-04,,Active
SUB_03191,CUST_03191,Pro,199,2023-05-21,2024-02-25,Churned
SUB_03192,CUST_03192,Starter,49,2022-12-26,,Active
SUB_03193,CUST_03193,Pro,199,2022-11-28,2023-04-12,Churned
SUB_03194,CUST_03194,Starter,49,2023-06-12,,Active
SUB_03195,CUST_03195,Pro,199,2022-01-12,2022-10-29,Churned
SUB_03196,CUST_03196,Enterprise,999,2022-03-16,,Active
SUB_03197,CUST_03197,Starter,49,2022-07-31,2022-09-12,Churned
SUB_03198,CUST_03198,Pro,199,2023-11-22,2024-03-10,Churned
SUB_03199,CUST_03199,Pro,199,2023-10-03,,Active
SUB_03200,CUST_03200,Pro,199,2022-10-10,2023-04-17,Churned
SUB_03201,CUST_03201,Starter,49,2022-07-14,,Active
SUB_03202,CUST_03202,Starter,49,2022-01-30,,Active
SUB_03203,CUST_03203,Pro,199,2022-01-09,2022-08-04,Churned
SUB_03204,CUST_03204,Pro,199,2022-11-05,,Active
SUB_03205,CUST_03205,Starter,49,2023-03-21,,Active
SUB_03206,CUST_03206,Starter,49,2022-11-06,,Active
SUB_03207,CUST_03207,Starter,49,2023-11-08,2024-05-10,Churned
SUB_03208,CUST_03208,Starter,49,2023-03-02,,Active
SUB_03209,CUST_03209,Starter,49,2023-08-14,,Active
SUB_03210,CUST_03210,Starter,49,2023-11-22,,Active
SUB_03211,CUST_03211,Starter,49,2022-04-01,2022-06-04,Churned
SUB_03212,CUST_03212,Starter,49,2023-04-01,2024-01-14,Churned
SUB_03213,CUST_03213,Enterprise,999,2023-03-20,2024-01-03,Churned
SUB_03214,CUST_03214,Starter,49,2022-03-20,2022-08-31,Churned
SUB_03215,CUST_03215,Starter,49,2023-04-20,,Active
SUB_03216,CUST_03216,Starter,49,2022-04-13,,Active
SUB_03217,CUST_03217,Enterprise,999,2023-09-15,2024-02-22,Churned
SUB_03218,CUST_03218,Pro,199,2023-04-01,2023-07-20,Churned
SUB_03219,CUST_03219,Pro,199,2022-11-10,2023-02-06,Churned
SUB_03220,CUST_03220,Starter,49,2022-09-04,,Active
SUB_03221,CUST_03221,Pro,199,2022-08-22,,Active
SUB_03222,CUST_03222,Starter,49,2023-08-17,,Active
SUB_03223,CUST_03223,Starter,49,2023-10-06,2024-01-17,Churned
SUB_03224,CUST_03224,Pro,199,2022-08-23,2023-05-18,Churned
SUB_03225,CUST_03225,Pro,199,2023-01-22,,Active
SUB_03226,CUST_03226,Pro,199,2023-09-03,,Active
SUB_03227,CUST_03227,Pro,199,2022-02-07,2022-07-15,Churned
SUB_03228,CUST_03228,Enterprise,999,2022-06-10,,Active
SUB_03229,CUST_03229,Starter,49,2023-04-07,,Active
SUB_03230,CUST_03230,Starter,49,2023-03-25,,Active
SUB_03231,CUST_03231,Starter,49,2022-04-27,2023-04-06,Churned
SUB_03232,CUST_03232,Pro,199,2022-08-29,2023-02-12,Churned
SUB_03233,CUST_03233,Starter,49,2022-01-26,,Active
SUB_03234,CUST_03234,Pro,199,2023-10-10,,Active
SUB_03235,CUST_03235,Starter,49,2023-07-16,,Active
SUB_03236,CUST_03236,Starter,49,2022-10-25,,Active
SUB_03237,CUST_03237,Starter,49,2022-06-03,,Active
SUB_03238,CUST_03238,Starter,49,2023-10-14,,Active
SUB_03239,CUST_03239,Pro,199,2023-04-13,,Active
SUB_03240,CUST_03240,Starter,49,2022-02-18,2022-06-30,Churned
SUB_03241,CUST_03241,Starter,49,2023-10-16,,Active
SUB_03242,CUST_03242,Starter,49,2022-02-15,,Active
SUB_03243,CUST_03243,Starter,49,2023-11-06,,Active
SUB_03244,CUST_03244,Starter,49,2022-10-12,,Active
SUB_03245,CUST_03245,Starter,49,2023-09-20,,Active
SUB_03246,CUST_03246,Pro,199,2022-03-23,,Active
SUB_03247,CUST_03247,Starter,49,2022-02-13,2022-03-23,Churned
SUB_03248,CUST_03248,Starter,49,2022-09-30,,Active
SUB_03249,CUST_03249,Pro,199,2023-01-29,2023-10-17,Churned
SUB_03250,CUST_03250,Starter,49,2023-08-18,2023-12-24,Churned
SUB_03251,CUST_03251,Starter,49,2022-02-27,,Active
SUB_03252,CUST_03252,Pro,199,2023-07-19,,Active
SUB_03253,CUST_03253,Starter,49,2022-01-01,2022-09-05,Churned
SUB_03254,CUST_03254,Pro,199,2022-08-04,,Active
SUB_03255,CUST_03255,Starter,49,2022-11-13,,Active
SUB_03256,CUST_03256,Pro,199,2022-08-16,,Active
SUB_03257,CUST_03257,Enterprise,999,2023-04-18,2024-01-09,Churned
SUB_03258,CUST_03258,Starter,49,2023-04-29,2024-01-05,Churned
SUB_03259,CUST_03259,Starter,49,2023-11-02,2024-05-17,Churned
SUB_03260,CUST_03260,Starter,49,2022-10-14,,Active
SUB_03261,CUST_03261,Starter,49,2023-05-26,,Active
SUB_03262,CUST_03262,Pro,199,2023-08-01,2023-10-31,Churned
SUB_03263,CUST_03263,Pro,199,2023-04-03,2024-03-15,Churned
SUB_03264,CUST_03264,Starter,49,2022-04-05,2022-05-14,Churned
SUB_03265,CUST_03265,Pro,199,2023-05-08,,Active
SUB_03266,CUST_03266,Starter,49,2022-05-30,,Active
SUB_03267,CUST_03267,Pro,199,2022-01-23,2022-10-13,Churned
SUB_03268,CUST_03268,Pro,199,2022-08-03,,Active
SUB_03269,CUST_03269,Pro,199,2023-02-03,2023-05-30,Churned
SUB_03270,CUST_03270,Starter,49,2023-02-14,,Active
SUB_03271,CUST_03271,Pro,199,2022-05-11,2023-03-03,Churned
SUB_03272,CUST_03272,Starter,49,2022-05-28,,Active
SUB_03273,CUST_03273,Pro,199,2023-01-16,,Active
SUB_03274,CUST_03274,Starter,49,2022-04-19,,Active
SUB_03275,CUST_03275,Starter,49,2023-07-06,,Active
SUB_03276,CUST_03276,Pro,199,2022-05-01,,Active
SUB_03277,CUST_03277,Pro,199,2022-10-22,2023-06-12,Churned
SUB_03278,CUST_03278,Starter,49,2022-04-30,2023-04-12,Churned
SUB_03279,CUST_03279,Enterprise,999,2023-04-01,,Active
SUB_03280,CUST_03280,Pro,199,2023-06-14,2024-06-10,Churned
SUB_03281,CUST_03281,Pro,199,2022-06-18,,Active
SUB_03282,CUST_03282,Pro,199,2022-05-23,,Active
SUB_03283,CUST_03283,Starter,49,2022-02-06,,Active
SUB_03284,CUST_03284,Pro,199,2023-11-29,2024-08-25,Churned
SUB_03285,CUST_03285,Starter,49,2022-09-18,,Active
SUB_03286,CUST_03286,Starter,49,2022-08-19,,Active
SUB_03287,CUST_03287,Pro,199,2022-09-11,2022-12-05,Churned
SUB_03288,CUST_03288,Pro,199,2022-11-25,2023-04-13,Churned
SUB_03289,CUST_03289,Pro,199,2022-10-24,,Active
SUB_03290,CUST_03290,Pro,199,2022-01-10,,Active
SUB_03291,CUST_03291,Pro,199,2023-03-22,2023-06-08,Churned
SUB_03292,CUST_03292,Starter,49,2022-08-18,,Active
SUB_03293,CUST_03293,Enterprise,999,2023-06-20,2024-03-18,Churned
SUB_03294,CUST_03294,Starter,49,2022-03-19,,Active
SUB_03295,CUST_03295,Pro,199,2023-03-01,2023-04-15,Churned
SUB_03296,CUST_03296,Pro,199,2022-07-12,,Active
SUB_03297,CUST_03297,Pro,199,2023-02-05,2023-05-18,Churned
SUB_03298,CUST_03298,Starter,49,2022-04-19,,Active
SUB_03299,CUST_03299,Enterprise,999,2022-09-20,,Active
SUB_03300,CUST_03300,Pro,199,2022-11-25,,Active
SUB_03301,CUST_03301,Enterprise,999,2022-12-29,,Active
SUB_03302,CUST_03302,Starter,49,2023-01-13,,Active
SUB_03303,CUST_03303,Pro,199,2022-12-07,2023-07-26,Churned
SUB_03304,CUST_03304,Pro,199,2022-09-16,,Active
SUB_03305,CUST_03305,Pro,199,2022-12-01,,Active
SUB_03306,CUST_03306,Enterprise,999,2022-03-26,,Active
SUB_03307,CUST_03307,Starter,49,2023-06-06,2023-10-06,Churned
SUB_03308,CUST_03308,Starter,49,2023-07-25,,Active
SUB_03309,CUST_03309,Starter,49,2022-11-04,2023-04-19,Churned
SUB_03310,CUST_03310,Starter,49,2022-09-19,,Active
SUB_03311,CUST_03311,Enterprise,999,2023-09-23,,Active
SUB_03312,CUST_03312,Starter,49,2023-11-11,,Active
SUB_03313,CUST_03313,Starter,49,2023-03-28,2023-05-29,Churned
SUB_03314,CUST_03314,Starter,49,2022-09-08,,Active
SUB_03315,CUST_03315,Pro,199,2022-11-20,,Active
SUB_03316,CUST_03316,Starter,49,2022-08-17,,Active
SUB_03317,CUST_03317,Starter,49,2023-09-28,,Active
SUB_03318,CUST_03318,Starter,49,2023-08-19,,Active
SUB_03319,CUST_03319,Starter,49,2022-10-24,2023-02-18,Churned
SUB_03320,CUST_03320,Enterprise,999,2022-08-25,,Active
SUB_03321,CUST_03321,Starter,49,2023-09-17,,Active
SUB_03322,CUST_03322,Pro,199,2022-08-05,,Active
SUB_03323,CUST_03323,Enterprise,999,2022-09-03,,Active
SUB_03324,CUST_03324,Pro,199,2023-03-24,2023-11-11,Churned
SUB_03325,CUST_03325,Enterprise,999,2022-11-15,,Active
SUB_03326,CUST_03326,Enterprise,999,2023-03-08,2023-05-15,Churned
SUB_03327,CUST_03327,Starter,49,2023-02-08,,Active
SUB_03328,CUST_03328,Pro,199,2022-02-06,,Active
SUB_03329,CUST_03329,Starter,49,2023-07-30,,Active
SUB_03330,CUST_03330,Starter,49,2022-12-08,,Active
SUB_03331,CUST_03331,Pro,199,2023-01-24,2023-06-16,Churned
SUB_03332,CUST_03332,Pro,199,2022-02-03,2023-01-31,Churned
SUB_03333,CUST_03333,Pro,199,2022-02-08,,Active
SUB_03334,CUST_03334,Pro,199,2023-08-02,,Active
SUB_03335,CUST_03335,Starter,49,2022-07-28,,Active
SUB_03336,CUST_03336,Pro,199,2022-06-01,2023-03-04,Churned
SUB_03337,CUST_03337,Starter,49,2022-12-31,,Active
SUB_03338,CUST_03338,Starter,49,2022-07-18,2023-03-12,Churned
SUB_03339,CUST_03339,Pro,199,2023-08-24,,Active
SUB_03340,CUST_03340,Starter,49,2022-03-20,,Active
SUB_03341,CUST_03341,Pro,199,2023-04-22,,Active
SUB_03342,CUST_03342,Pro,199,2023-03-10,,Active
SUB_03343,CUST_03343,Starter,49,2022-02-01,,Active
SUB_03344,CUST_03344,Pro,199,2022-03-28,,Active
SUB_03345,CUST_03345,Pro,199,2023-07-05,2024-06-10,Churned
SUB_03346,CUST_03346,Starter,49,2023-01-28,,Active
SUB_03347,CUST_03347,Starter,49,2023-09-05,2024-07-27,Churned
SUB_03348,CUST_03348,Pro,199,2022-09-01,,Active
SUB_03349,CUST_03349,Starter,49,2022-08-20,2023-04-17,Churned
SUB_03350,CUST_03350,Pro,199,2023-08-03,2023-10-30,Churned
SUB_03351,CUST_03351,Starter,49,2022-07-11,,Active
SUB_03352,CUST_03352,Pro,199,2023-06-24,2023-12-26,Churned
SUB_03353,CUST_03353,Enterprise,999,2022-09-27,,Active
SUB_03354,CUST_03354,Starter,49,2022-03-18,2022-08-16,Churned
SUB_03355,CUST_03355,Pro,199,2022-06-16,2022-11-12,Churned
SUB_03356,CUST_03356,Pro,199,2022-10-11,,Active
SUB_03357,CUST_03357,Pro,199,2022-03-30,,Active
SUB_03358,CUST_03358,Pro,199,2023-06-28,,Active
SUB_03359,CUST_03359,Pro,199,2023-10-11,,Active
SUB_03360,CUST_03360,Pro,199,2022-06-05,,Active
SUB_03361,CUST_03361,Pro,199,2022-09-07,,Active
SUB_03362,CUST_03362,Pro,199,2022-04-05,,Active
SUB_03363,CUST_03363,Starter,49,2022-01-17,2022-12-09,Churned
SUB_03364,CUST_03364,Enterprise,999,2022-04-27,,Active
SUB_03365,CUST_03365,Starter,49,2022-11-29,2023-11-15,Churned
SUB_03366,CUST_03366,Starter,49,2023-06-06,,Active
SUB_03367,CUST_03367,Starter,49,2022-03-21,,Active
SUB_03368,CUST_03368,Starter,49,2023-10-08,,Active
SUB_03369,CUST_03369,Starter,49,2023-03-08,,Active
SUB_03370,CUST_03370,Starter,49,2022-07-22,,Active
SUB_03371,CUST_03371,Starter,49,2022-04-26,,Active
SUB_03372,CUST_03372,Pro,199,2022-08-08,,Active
SUB_03373,CUST_03373,Starter,49,2022-09-10,,Active
SUB_03374,CUST_03374,Starter,49,2022-06-18,,Active
SUB_03375,CUST_03375,Starter,49,2022-11-12,,Active
SUB_03376,CUST_03376,Starter,49,2023-01-07,,Active
SUB_03377,CUST_03377,Starter,49,2023-08-06,,Active
SUB_03378,CUST_03378,Pro,199,2022-06-05,,Active
SUB_03379,CUST_03379,Enterprise,999,2023-09-06,,Active
SUB_03380,CUST_03380,Pro,199,2022-01-13,,Active
SUB_03381,CUST_03381,Pro,199,2023-05-23,,Active
SUB_03382,CUST_03382,Starter,49,2023-04-10,,Active
SUB_03383,CUST_03383,Starter,49,2022-08-08,,Active
SUB_03384,CUST_03384,Starter,49,2022-01-15,,Active
SUB_03385,CUST_03385,Pro,199,2022-04-27,,Active
SUB_03386,CUST_03386,Starter,49,2022-11-27,,Active
SUB_03387,CUST_03387,Pro,199,2022-02-25,2022-05-27,Churned
SUB_03388,CUST_03388,Starter,49,2022-12-17,2023-06-22,Churned
SUB_03389,CUST_03389,Starter,49,2022-05-12,,Active
SUB_03390,CUST_03390,Enterprise,999,2022-08-14,2022-10-22,Churned
SUB_03391,CUST_03391,Pro,199,2022-11-04,,Active
SUB_03392,CUST_03392,Pro,199,2023-04-20,,Active
SUB_03393,CUST_03393,Pro,199,2022-08-10,2023-05-08,Churned
SUB_03394,CUST_03394,Pro,199,2022-06-22,2022-08-30,Churned
SUB_03395,CUST_03395,Pro,199,2022-12-06,,Active
SUB_03396,CUST_03396,Enterprise,999,2023-05-21,2023-12-26,Churned
SUB_03397,CUST_03397,Starter,49,2022-06-06,2023-02-24,Churned
SUB_03398,CUST_03398,Pro,199,2022-05-31,,Active
SUB_03399,CUST_03399,Pro,199,2023-11-28,,Active
SUB_03400,CUST_03400,Starter,49,2022-06-27,,Active
SUB_03401,CUST_03401,Pro,199,2023-06-17,2023-07-31,Churned
SUB_03402,CUST_03402,Enterprise,999,2022-04-22,,Active
SUB_03403,CUST_03403,Starter,49,2023-11-14,,Active
SUB_03404,CUST_03404,Starter,49,2022-05-18,,Active
SUB_03405,CUST_03405,Starter,49,2022-08-21,,Active
SUB_03406,CUST_03406,Pro,199,2022-11-28,,Active
SUB_03407,CUST_03407,Pro,199,2023-06-26,2023-11-26,Churned
SUB_03408,CUST_03408,Starter,49,2022-11-03,,Active
SUB_03409,CUST_03409,Pro,199,2022-06-10,,Active
SUB_03410,CUST_03410,Starter,49,2023-02-06,,Active
SUB_03411,CUST_03411,Pro,199,2023-08-13,,Active
SUB_03412,CUST_03412,Starter,49,2022-10-05,,Active
SUB_03413,CUST_03413,Starter,49,2022-11-16,2023-07-31,Churned
SUB_03414,CUST_03414,Pro,199,2023-06-17,,Active
SUB_03415,CUST_03415,Starter,49,2023-05-12,,Active
SUB_03416,CUST_03416,Starter,49,2022-12-29,,Active
SUB_03417,CUST_03417,Starter,49,2023-01-07,2023-11-12,Churned
SUB_03418,CUST_03418,Starter,49,2023-10-17,,Active
SUB_03419,CUST_03419,Starter,49,2022-02-05,,Active
SUB_03420,CUST_03420,Enterprise,999,2022-10-30,,Active
SUB_03421,CUST_03421,Pro,199,2023-03-14,,Active
SUB_03422,CUST_03422,Pro,199,2022-02-01,,Active
SUB_03423,CUST_03423,Enterprise,999,2022-07-05,,Active
SUB_03424,CUST_03424,Starter,49,2022-06-23,2022-09-08,Churned
SUB_03425,CUST_03425,Starter,49,2023-07-20,,Active
SUB_03426,CUST_03426,Starter,49,2023-11-04,,Active
SUB_03427,CUST_03427,Pro,199,2022-09-07,,Active
SUB_03428,CUST_03428,Pro,199,2022-10-06,,Active
SUB_03429,CUST_03429,Starter,49,2023-11-14,,Active
SUB_03430,CUST_03430,Starter,49,2023-11-26,,Active
SUB_03431,CUST_03431,Pro,199,2022-01-02,2022-08-08,Churned
SUB_03432,CUST_03432,Pro,199,2022-07-13,2023-06-11,Churned
SUB_03433,CUST_03433,Pro,199,2022-06-15,,Active
SUB_03434,CUST_03434,Starter,49,2022-04-20,2022-07-05,Churned
SUB_03435,CUST_03435,Enterprise,999,2023-01-15,,Active
SUB_03436,CUST_03436,Starter,49,2023-08-06,2024-03-06,Churned
SUB_03437,CUST_03437,Pro,199,2023-11-07,2024-03-20,Churned
SUB_03438,CUST_03438,Enterprise,999,2022-10-12,,Active
SUB_03439,CUST_03439,Enterprise,999,2023-02-25,,Active
SUB_03440,CUST_03440,Starter,49,2022-04-23,,Active
SUB_03441,CUST_03441,Starter,49,2022-08-16,2023-05-19,Churned
SUB_03442,CUST_03442,Starter,49,2023-04-16,,Active
SUB_03443,CUST_03443,Starter,49,2023-06-12,2024-03-31,Churned
SUB_03444,CUST_03444,Pro,199,2023-05-11,,Active
SUB_03445,CUST_03445,Enterprise,999,2022-01-31,,Active
SUB_03446,CUST_03446,Starter,49,2022-06-11,,Active
SUB_03447,CUST_03447,Starter,49,2023-01-13,2023-09-05,Churned
SUB_03448,CUST_03448,Starter,49,2023-03-22,,Active
SUB_03449,CUST_03449,Pro,199,2023-03-03,,Active
SUB_03450,CUST_03450,Enterprise,999,2023-11-27,,Active
SUB_03451,CUST_03451,Starter,49,2023-05-19,,Active
SUB_03452,CUST_03452,Starter,49,2023-06-11,2023-07-28,Churned
SUB_03453,CUST_03453,Pro,199,2023-11-15,,Active
SUB_03454,CUST_03454,Pro,199,2023-06-16,,Active
SUB_03455,CUST_03455,Starter,49,2023-08-05,2024-05-11,Churned
SUB_03456,CUST_03456,Pro,199,2023-06-04,,Active
SUB_03457,CUST_03457,Enterprise,999,2022-02-03,2022-10-28,Churned
SUB_03458,CUST_03458,Pro,199,2023-11-22,2024-11-06,Churned
SUB_03459,CUST_03459,Pro,199,2023-05-05,,Active
SUB_03460,CUST_03460,Starter,49,2023-09-12,2024-08-08,Churned
SUB_03461,CUST_03461,Pro,199,2023-02-27,,Active
SUB_03462,CUST_03462,Starter,49,2023-04-13,,Active
SUB_03463,CUST_03463,Starter,49,2022-01-24,,Active
SUB_03464,CUST_03464,Starter,49,2022-08-04,,Active
SUB_03465,CUST_03465,Starter,49,2022-02-24,2022-05-30,Churned
SUB_03466,CUST_03466,Starter,49,2022-01-26,,Active
SUB_03467,CUST_03467,Pro,199,2022-10-08,,Active
SUB_03468,CUST_03468,Pro,199,2022-11-23,,Active
SUB_03469,CUST_03469,Pro,199,2022-07-05,2022-12-31,Churned
SUB_03470,CUST_03470,Starter,49,2023-05-10,,Active
SUB_03471,CUST_03471,Starter,49,2022-01-12,,Active
SUB_03472,CUST_03472,Pro,199,2023-10-03,,Active
SUB_03473,CUST_03473,Starter,49,2023-03-10,,Active
SUB_03474,CUST_03474,Enterprise,999,2022-07-27,,Active
SUB_03475,CUST_03475,Starter,49,2022-05-13,2022-12-21,Churned
SUB_03476,CUST_03476,Pro,199,2022-12-05,,Active
SUB_03477,CUST_03477,Starter,49,2022-07-15,2023-01-07,Churned
SUB_03478,CUST_03478,Pro,199,2022-09-19,,Active
SUB_03479,CUST_03479,Pro,199,2022-10-09,,Active
SUB_03480,CUST_03480,Enterprise,999,2023-01-04,,Active
SUB_03481,CUST_03481,Enterprise,999,2022-04-13,2022-11-11,Churned
SUB_03482,CUST_03482,Starter,49,2023-09-24,2024-02-06,Churned
SUB_03483,CUST_03483,Pro,199,2022-07-02,,Active
SUB_03484,CUST_03484,Starter,49,2023-02-27,2023-11-19,Churned
SUB_03485,CUST_03485,Pro,199,2022-01-09,,Active
SUB_03486,CUST_03486,Starter,49,2023-07-11,,Active
SUB_03487,CUST_03487,Pro,199,2022-09-01,,Active
SUB_03488,CUST_03488,Enterprise,999,2023-09-16,2024-02-18,Churned
SUB_03489,CUST_03489,Starter,49,2023-07-21,,Active
SUB_03490,CUST_03490,Starter,49,2023-01-28,,Active
SUB_03491,CUST_03491,Starter,49,2023-06-11,,Active
SUB_03492,CUST_03492,Pro,199,2022-02-06,,Active
SUB_03493,CUST_03493,Starter,49,2022-06-27,,Active
SUB_03494,CUST_03494,Enterprise,999,2023-10-01,,Active
SUB_03495,CUST_03495,Pro,199,2023-09-21,,Active
SUB_03496,CUST_03496,Pro,199,2022-03-13,2022-10-07,Churned
SUB_03497,CUST_03497,Pro,199,2022-12-18,,Active
SUB_03498,CUST_03498,Starter,49,2023-09-15,,Active
SUB_03499,CUST_03499,Enterprise,999,2022-05-29,,Active
SUB_03500,CUST_03500,Pro,199,2023-11-28,,Active
SUB_03501,CUST_03501,Enterprise,999,2022-04-15,2022-05-27,Churned
SUB_03502,CUST_03502,Pro,199,2023-10-21,,Active
SUB_03503,CUST_03503,Pro,199,2022-08-09,2023-04-26,Churned
SUB_03504,CUST_03504,Starter,49,2023-01-09,2023-03-07,Churned
SUB_03505,CUST_03505,Pro,199,2023-06-02,,Active
SUB_03506,CUST_03506,Pro,199,2022-09-17,,Active
SUB_03507,CUST_03507,Pro,199,2022-10-26,,Active
SUB_03508,CUST_03508,Pro,199,2022-02-11,,Active
SUB_03509,CUST_03509,Starter,49,2023-05-07,2024-04-23,Churned
SUB_03510,CUST_03510,Enterprise,999,2023-03-15,,Active
SUB_03511,CUST_03511,Enterprise,999,2022-02-16,,Active
SUB_03512,CUST_03512,Starter,49,2022-03-26,,Active
SUB_03513,CUST_03513,Enterprise,999,2023-11-17,2024-09-02,Churned
SUB_03514,CUST_03514,Starter,49,2022-02-27,2022-07-06,Churned
SUB_03515,CUST_03515,Pro,199,2022-07-28,,Active
SUB_03516,CUST_03516,Starter,49,2022-09-05,,Active
SUB_03517,CUST_03517,Enterprise,999,2022-07-30,,Active
SUB_03518,CUST_03518,Starter,49,2022-02-08,,Active
SUB_03519,CUST_03519,Starter,49,2022-09-09,,Active
SUB_03520,CUST_03520,Starter,49,2023-10-05,,Active
SUB_03521,CUST_03521,Starter,49,2023-02-17,,Active
SUB_03522,CUST_03522,Pro,199,2023-03-22,,Active
SUB_03523,CUST_03523,Starter,49,2022-02-21,2022-09-26,Churned
SUB_03524,CUST_03524,Pro,199,2023-01-09,2023-12-04,Churned
SUB_03525,CUST_03525,Enterprise,999,2023-06-10,2023-11-05,Churned
SUB_03526,CUST_03526,Pro,199,2022-06-05,2022-08-19,Churned
SUB_03527,CUST_03527,Pro,199,2023-06-26,,Active
SUB_03528,CUST_03528,Starter,49,2022-03-31,2022-07-06,Churned
SUB_03529,CUST_03529,Starter,49,2023-11-10,2024-10-09,Churned
SUB_03530,CUST_03530,Pro,199,2022-12-17,2023-07-05,Churned
SUB_03531,CUST_03531,Starter,49,2022-03-10,,Active
SUB_03532,CUST_03532,Enterprise,999,2022-06-12,2023-01-23,Churned
SUB_03533,CUST_03533,Starter,49,2022-08-30,,Active
SUB_03534,CUST_03534,Enterprise,999,2023-05-10,,Active
SUB_03535,CUST_03535,Starter,49,2023-01-18,,Active
SUB_03536,CUST_03536,Pro,199,2022-02-21,,Active
SUB_03537,CUST_03537,Starter,49,2023-10-16,,Active
SUB_03538,CUST_03538,Starter,49,2022-03-04,,Active
SUB_03539,CUST_03539,Pro,199,2023-05-24,,Active
SUB_03540,CUST_03540,Starter,49,2022-10-19,2023-10-16,Churned
SUB_03541,CUST_03541,Pro,199,2022-04-01,2022-05-20,Churned
SUB_03542,CUST_03542,Pro,199,2023-10-26,,Active
SUB_03543,CUST_03543,Starter,49,2023-02-28,2023-07-18,Churned
SUB_03544,CUST_03544,Enterprise,999,2023-10-31,,Active
SUB_03545,CUST_03545,Starter,49,2022-12-31,,Active
SUB_03546,CUST_03546,Pro,199,2022-05-30,,Active
SUB_03547,CUST_03547,Pro,199,2022-09-28,2023-03-22,Churned
SUB_03548,CUST_03548,Pro,199,2023-08-04,,Active
SUB_03549,CUST_03549,Starter,49,2022-04-26,,Active
SUB_03550,CUST_03550,Starter,49,2023-05-31,,Active
SUB_03551,CUST_03551,Pro,199,2023-08-10,,Active
SUB_03552,CUST_03552,Starter,49,2022-08-29,2023-04-07,Churned
SUB_03553,CUST_03553,Starter,49,2022-01-30,2022-10-15,Churned
SUB_03554,CUST_03554,Pro,199,2022-05-23,,Active
SUB_03555,CUST_03555,Pro,199,2022-11-22,,Active
SUB_03556,CUST_03556,Starter,49,2023-11-26,,Active
SUB_03557,CUST_03557,Starter,49,2022-01-16,,Active
SUB_03558,CUST_03558,Starter,49,2022-04-21,,Active
SUB_03559,CUST_03559,Starter,49,2022-04-17,,Active
SUB_03560,CUST_03560,Starter,49,2023-01-14,,Active
SUB_03561,CUST_03561,Starter,49,2022-06-11,,Active
SUB_03562,CUST_03562,Enterprise,999,2022-10-10,,Active
SUB_03563,CUST_03563,Pro,199,2022-09-26,,Active
SUB_03564,CUST_03564,Starter,49,2023-04-29,,Active
SUB_03565,CUST_03565,Starter,49,2023-10-29,,Active
SUB_03566,CUST_03566,Pro,199,2022-03-14,2022-04-24,Churned
SUB_03567,CUST_03567,Starter,49,2022-07-16,,Active
SUB_03568,CUST_03568,Pro,199,2022-08-31,,Active
SUB_03569,CUST_03569,Enterprise,999,2023-08-21,2024-04-23,Churned
SUB_03570,CUST_03570,Pro,199,2022-09-16,2023-01-02,Churned
SUB_03571,CUST_03571,Starter,49,2022-05-29,,Active
SUB_03572,CUST_03572,Pro,199,2023-01-25,,Active
SUB_03573,CUST_03573,Enterprise,999,2023-02-20,,Active
SUB_03574,CUST_03574,Pro,199,2023-03-02,,Active
SUB_03575,CUST_03575,Pro,199,2022-08-05,2022-10-09,Churned
SUB_03576,CUST_03576,Starter,49,2022-03-27,,Active
SUB_03577,CUST_03577,Starter,49,2022-08-04,,Active
SUB_03578,CUST_03578,Pro,199,2023-02-27,,Active
SUB_03579,CUST_03579,Enterprise,999,2022-11-16,,Active
SUB_03580,CUST_03580,Pro,199,2022-04-28,,Active
SUB_03581,CUST_03581,Pro,199,2023-02-19,2023-12-09,Churned
SUB_03582,CUST_03582,Starter,49,2023-08-22,,Active
SUB_03583,CUST_03583,Starter,49,2022-02-09,,Active
SUB_03584,CUST_03584,Pro,199,2022-06-10,,Active
SUB_03585,CUST_03585,Starter,49,2023-06-21,,Active
SUB_03586,CUST_03586,Pro,199,2023-02-24,,Active
SUB_03587,CUST_03587,Starter,49,2023-10-26,,Active
SUB_03588,CUST_03588,Pro,199,2022-04-05,,Active
SUB_03589,CUST_03589,Pro,199,2023-03-18,,Active
SUB_03590,CUST_03590,Starter,49,2023-07-12,2023-09-07,Churned
SUB_03591,CUST_03591,Starter,49,2023-10-12,,Active
SUB_03592,CUST_03592,Pro,199,2023-04-11,2023-08-04,Churned
SUB_03593,CUST_03593,Enterprise,999,2022-10-15,2023-05-20,Churned
SUB_03594,CUST_03594,Pro,199,2023-11-07,,Active
SUB_03595,CUST_03595,Starter,49,2023-02-16,,Active
SUB_03596,CUST_03596,Starter,49,2023-02-04,,Active
SUB_03597,CUST_03597,Starter,49,2023-06-12,2024-05-11,Churned
SUB_03598,CUST_03598,Starter,49,2022-01-18,,Active
SUB_03599,CUST_03599,Pro,199,2022-05-16,,Active
SUB_03600,CUST_03600,Pro,199,2023-04-09,,Active
SUB_03601,CUST_03601,Starter,49,2022-09-05,2023-06-15,Churned
SUB_03602,CUST_03602,Starter,49,2022-01-01,,Active
SUB_03603,CUST_03603,Starter,49,2023-01-16,,Active
SUB_03604,CUST_03604,Enterprise,999,2023-05-24,,Active
SUB_03605,CUST_03605,Pro,199,2023-04-05,,Active
SUB_03606,CUST_03606,Pro,199,2023-05-20,,Active
SUB_03607,CUST_03607,Starter,49,2023-04-21,,Active
SUB_03608,CUST_03608,Pro,199,2023-07-11,2023-10-28,Churned
SUB_03609,CUST_03609,Starter,49,2022-02-01,,Active
SUB_03610,CUST_03610,Starter,49,2022-04-28,2022-11-29,Churned
SUB_03611,CUST_03611,Pro,199,2022-07-03,,Active
SUB_03612,CUST_03612,Pro,199,2022-07-10,2022-08-13,Churned
SUB_03613,CUST_03613,Starter,49,2022-03-15,,Active
SUB_03614,CUST_03614,Starter,49,2023-09-15,,Active
SUB_03615,CUST_03615,Starter,49,2022-04-13,2022-06-27,Churned
SUB_03616,CUST_03616,Starter,49,2023-08-09,2023-12-18,Churned
SUB_03617,CUST_03617,Pro,199,2023-02-24,,Active
SUB_03618,CUST_03618,Enterprise,999,2023-04-18,2023-05-19,Churned
SUB_03619,CUST_03619,Starter,49,2022-04-24,2022-12-26,Churned
SUB_03620,CUST_03620,Starter,49,2023-01-14,,Active
SUB_03621,CUST_03621,Starter,49,2022-11-09,,Active
SUB_03622,CUST_03622,Pro,199,2022-11-26,2023-01-19,Churned
SUB_03623,CUST_03623,Starter,49,2022-12-05,,Active
SUB_03624,CUST_03624,Pro,199,2022-08-26,,Active
SUB_03625,CUST_03625,Starter,49,2022-06-22,2023-04-04,Churned
SUB_03626,CUST_03626,Pro,199,2022-03-20,,Active
SUB_03627,CUST_03627,Pro,199,2023-04-09,,Active
SUB_03628,CUST_03628,Enterprise,999,2023-08-28,,Active
SUB_03629,CUST_03629,Enterprise,999,2023-05-16,,Active
SUB_03630,CUST_03630,Pro,199,2023-07-16,2024-03-24,Churned
SUB_03631,CUST_03631,Enterprise,999,2022-10-12,,Active
SUB_03632,CUST_03632,Starter,49,2022-08-11,,Active
SUB_03633,CUST_03633,Starter,49,2023-08-16,2024-08-03,Churned
SUB_03634,CUST_03634,Starter,49,2022-09-23,2022-12-30,Churned
SUB_03635,CUST_03635,Pro,199,2023-10-29,,Active
SUB_03636,CUST_03636,Enterprise,999,2023-01-08,2023-08-22,Churned
SUB_03637,CUST_03637,Starter,49,2022-08-21,,Active
SUB_03638,CUST_03638,Pro,199,2022-08-24,,Active
SUB_03639,CUST_03639,Pro,199,2023-11-02,,Active
SUB_03640,CUST_03640,Enterprise,999,2022-11-10,,Active
SUB_03641,CUST_03641,Pro,199,2023-01-15,,Active
SUB_03642,CUST_03642,Enterprise,999,2023-09-06,,Active
SUB_03643,CUST_03643,Starter,49,2023-07-17,2024-05-13,Churned
SUB_03644,CUST_03644,Starter,49,2023-02-24,,Active
SUB_03645,CUST_03645,Pro,199,2022-02-21,,Active
SUB_03646,CUST_03646,Starter,49,2023-10-05,,Active
SUB_03647,CUST_03647,Starter,49,2023-05-24,,Active
SUB_03648,CUST_03648,Pro,199,2022-07-24,,Active
SUB_03649,CUST_03649,Pro,199,2022-09-14,,Active
SUB_03650,CUST_03650,Pro,199,2022-07-04,,Active
SUB_03651,CUST_03651,Starter,49,2022-05-25,,Active
SUB_03652,CUST_03652,Pro,199,2023-11-21,,Active
SUB_03653,CUST_03653,Starter,49,2022-01-14,2022-08-13,Churned
SUB_03654,CUST_03654,Starter,49,2022-09-03,2022-10-20,Churned
SUB_03655,CUST_03655,Pro,199,2022-07-06,2022-11-19,Churned
SUB_03656,CUST_03656,Starter,49,2022-12-03,,Active
SUB_03657,CUST_03657,Starter,49,2022-09-16,,Active
SUB_03658,CUST_03658,Pro,199,2022-02-09,2022-03-27,Churned
SUB_03659,CUST_03659,Starter,49,2023-08-24,2024-01-25,Churned
SUB_03660,CUST_03660,Enterprise,999,2023-09-29,,Active
SUB_03661,CUST_03661,Pro,199,2023-02-22,,Active
SUB_03662,CUST_03662,Enterprise,999,2022-12-17,,Active
SUB_03663,CUST_03663,Starter,49,2022-01-09,2022-04-30,Churned
SUB_03664,CUST_03664,Pro,199,2022-12-16,,Active
SUB_03665,CUST_03665,Starter,49,2022-03-25,,Active
SUB_03666,CUST_03666,Pro,199,2023-06-17,2023-07-20,Churned
SUB_03667,CUST_03667,Starter,49,2022-12-24,,Active
SUB_03668,CUST_03668,Starter,49,2023-01-13,,Active
SUB_03669,CUST_03669,Pro,199,2022-06-21,,Active
SUB_03670,CUST_03670,Starter,49,2022-01-25,,Active
SUB_03671,CUST_03671,Starter,49,2023-01-28,,Active
SUB_03672,CUST_03672,Starter,49,2022-04-13,,Active
SUB_03673,CUST_03673,Pro,199,2022-08-24,,Active
SUB_03674,CUST_03674,Starter,49,2023-02-14,2023-07-08,Churned
SUB_03675,CUST_03675,Starter,49,2023-07-03,2023-12-16,Churned
SUB_03676,CUST_03676,Starter,49,2022-11-28,,Active
SUB_03677,CUST_03677,Pro,199,2023-10-26,,Active
SUB_03678,CUST_03678,Pro,199,2023-06-16,2024-04-27,Churned
SUB_03679,CUST_03679,Starter,49,2023-10-11,,Active
SUB_03680,CUST_03680,Starter,49,2022-01-29,,Active
SUB_03681,CUST_03681,Starter,49,2023-06-27,,Active
SUB_03682,CUST_03682,Starter,49,2022-01-19,,Active
SUB_03683,CUST_03683,Starter,49,2022-05-28,,Active
SUB_03684,CUST_03684,Starter,49,2023-04-16,2023-12-29,Churned
SUB_03685,CUST_03685,Pro,199,2023-05-06,,Active
SUB_03686,CUST_03686,Enterprise,999,2022-10-10,2022-11-24,Churned
SUB_03687,CUST_03687,Starter,49,2023-11-06,,Active
SUB_03688,CUST_03688,Pro,199,2022-04-23,,Active
SUB_03689,CUST_03689,Pro,199,2023-03-31,,Active
SUB_03690,CUST_03690,Pro,199,2023-10-24,,Active
SUB_03691,CUST_03691,Pro,199,2022-11-26,,Active
SUB_03692,CUST_03692,Starter,49,2022-09-12,,Active
SUB_03693,CUST_03693,Starter,49,2023-08-22,2024-07-14,Churned
SUB_03694,CUST_03694,Pro,199,2023-02-03,,Active
SUB_03695,CUST_03695,Starter,49,2023-09-02,,Active
SUB_03696,CUST_03696,Starter,49,2023-05-23,,Active
SUB_03697,CUST_03697,Starter,49,2023-10-06,,Active
SUB_03698,CUST_03698,Starter,49,2023-04-11,,Active
SUB_03699,CUST_03699,Pro,199,2023-02-11,2023-10-10,Churned
SUB_03700,CUST_03700,Starter,49,2023-09-01,2024-06-02,Churned
SUB_03701,CUST_03701,Starter,49,2022-04-08,2023-02-17,Churned
SUB_03702,CUST_03702,Starter,49,2022-10-17,,Active
SUB_03703,CUST_03703,Starter,49,2023-10-19,,Active
SUB_03704,CUST_03704,Enterprise,999,2022-06-05,,Active
SUB_03705,CUST_03705,Starter,49,2022-06-11,,Active
SUB_03706,CUST_03706,Enterprise,999,2023-09-16,,Active
SUB_03707,CUST_03707,Pro,199,2023-11-28,,Active
SUB_03708,CUST_03708,Pro,199,2022-04-07,,Active
SUB_03709,CUST_03709,Starter,49,2023-01-12,,Active
SUB_03710,CUST_03710,Starter,49,2023-07-21,,Active
SUB_03711,CUST_03711,Pro,199,2023-03-26,,Active
SUB_03712,CUST_03712,Pro,199,2022-04-27,2023-03-04,Churned
SUB_03713,CUST_03713,Starter,49,2023-08-28,2024-03-21,Churned
SUB_03714,CUST_03714,Starter,49,2023-05-21,2023-07-20,Churned
SUB_03715,CUST_03715,Starter,49,2022-07-08,2022-09-25,Churned
SUB_03716,CUST_03716,Enterprise,999,2023-04-21,,Active
SUB_03717,CUST_03717,Starter,49,2022-11-19,2023-05-10,Churned
SUB_03718,CUST_03718,Pro,199,2023-08-19,,Active
SUB_03719,CUST_03719,Pro,199,2022-06-29,2022-09-18,Churned
SUB_03720,CUST_03720,Pro,199,2022-06-30,,Active
SUB_03721,CUST_03721,Pro,199,2023-11-24,,Active
SUB_03722,CUST_03722,Starter,49,2022-10-14,,Active
SUB_03723,CUST_03723,Enterprise,999,2023-04-20,,Active
SUB_03724,CUST_03724,Pro,199,2023-09-10,2024-05-29,Churned
SUB_03725,CUST_03725,Pro,199,2023-10-03,,Active
SUB_03726,CUST_03726,Starter,49,2022-09-19,,Active
SUB_03727,CUST_03727,Pro,199,2023-06-07,2023-12-19,Churned
SUB_03728,CUST_03728,Starter,49,2022-06-11,,Active
SUB_03729,CUST_03729,Starter,49,2023-05-02,,Active
SUB_03730,CUST_03730,Pro,199,2022-06-30,,Active
SUB_03731,CUST_03731,Pro,199,2023-04-14,,Active
SUB_03732,CUST_03732,Pro,199,2022-01-21,,Active
SUB_03733,CUST_03733,Starter,49,2022-10-02,,Active
SUB_03734,CUST_03734,Pro,199,2022-09-17,,Active
SUB_03735,CUST_03735,Starter,49,2022-11-29,,Active
SUB_03736,CUST_03736,Pro,199,2023-04-11,,Active
SUB_03737,CUST_03737,Starter,49,2022-04-26,2022-07-02,Churned
SUB_03738,CUST_03738,Pro,199,2023-02-17,2023-04-07,Churned
SUB_03739,CUST_03739,Pro,199,2023-06-21,,Active
SUB_03740,CUST_03740,Starter,49,2022-09-14,,Active
SUB_03741,CUST_03741,Starter,49,2022-06-17,,Active
SUB_03742,CUST_03742,Pro,199,2023-06-17,,Active
SUB_03743,CUST_03743,Pro,199,2023-08-21,,Active
SUB_03744,CUST_03744,Pro,199,2022-01-15,2022-05-23,Churned
SUB_03745,CUST_03745,Pro,199,2022-02-19,,Active
SUB_03746,CUST_03746,Starter,49,2022-10-31,,Active
SUB_03747,CUST_03747,Starter,49,2023-05-02,,Active
SUB_03748,CUST_03748,Starter,49,2023-02-20,,Active
SUB_03749,CUST_03749,Starter,49,2022-11-01,,Active
SUB_03750,CUST_03750,Pro,199,2022-07-15,,Active
SUB_03751,CUST_03751,Starter,49,2023-01-23,,Active
SUB_03752,CUST_03752,Enterprise,999,2023-03-31,,Active
SUB_03753,CUST_03753,Pro,199,2023-10-20,2024-06-20,Churned
SUB_03754,CUST_03754,Pro,199,2022-11-06,,Active
SUB_03755,CUST_03755,Enterprise,999,2022-05-07,2022-07-19,Churned
SUB_03756,CUST_03756,Starter,49,2022-06-24,,Active
SUB_03757,CUST_03757,Pro,199,2022-05-14,2022-10-01,Churned
SUB_03758,CUST_03758,Starter,49,2022-03-07,,Active
SUB_03759,CUST_03759,Starter,49,2023-01-28,,Active
SUB_03760,CUST_03760,Pro,199,2022-12-31,2023-04-28,Churned
SUB_03761,CUST_03761,Starter,49,2022-10-06,2023-09-19,Churned
SUB_03762,CUST_03762,Enterprise,999,2022-12-29,,Active
SUB_03763,CUST_03763,Pro,199,2022-06-20,,Active
SUB_03764,CUST_03764,Pro,199,2022-02-20,,Active
SUB_03765,CUST_03765,Starter,49,2022-11-24,2023-04-20,Churned
SUB_03766,CUST_03766,Pro,199,2023-10-27,,Active
SUB_03767,CUST_03767,Starter,49,2023-08-15,2024-05-09,Churned
SUB_03768,CUST_03768,Pro,199,2022-05-25,,Active
SUB_03769,CUST_03769,Starter,49,2022-10-01,,Active
SUB_03770,CUST_03770,Pro,199,2022-06-04,,Active
SUB_03771,CUST_03771,Starter,49,2023-05-23,,Active
SUB_03772,CUST_03772,Starter,49,2022-12-29,2023-04-09,Churned
SUB_03773,CUST_03773,Starter,49,2022-11-21,,Active
SUB_03774,CUST_03774,Starter,49,2023-10-17,,Active
SUB_03775,CUST_03775,Pro,199,2022-10-25,,Active
SUB_03776,CUST_03776,Starter,49,2023-05-09,,Active
SUB_03777,CUST_03777,Starter,49,2023-06-30,,Active
SUB_03778,CUST_03778,Pro,199,2022-10-31,,Active
SUB_03779,CUST_03779,Starter,49,2023-04-12,,Active
SUB_03780,CUST_03780,Starter,49,2022-08-27,2023-08-01,Churned
SUB_03781,CUST_03781,Pro,199,2023-10-12,,Active
SUB_03782,CUST_03782,Starter,49,2023-06-01,,Active
SUB_03783,CUST_03783,Starter,49,2022-06-25,,Active
SUB_03784,CUST_03784,Starter,49,2023-02-14,,Active
SUB_03785,CUST_03785,Starter,49,2022-12-30,,Active
SUB_03786,CUST_03786,Pro,199,2022-01-23,,Active
SUB_03787,CUST_03787,Starter,49,2022-11-14,,Active
SUB_03788,CUST_03788,Pro,199,2023-06-09,,Active
SUB_03789,CUST_03789,Starter,49,2022-10-03,,Active
SUB_03790,CUST_03790,Starter,49,2023-08-27,2024-07-25,Churned
SUB_03791,CUST_03791,Starter,49,2023-09-12,2024-03-22,Churned
SUB_03792,CUST_03792,Pro,199,2022-08-17,2023-05-24,Churned
SUB_03793,CUST_03793,Enterprise,999,2023-10-26,,Active
SUB_03794,CUST_03794,Pro,199,2022-04-18,,Active
SUB_03795,CUST_03795,Enterprise,999,2022-06-25,,Active
SUB_03796,CUST_03796,Starter,49,2022-11-16,,Active
SUB_03797,CUST_03797,Starter,49,2022-10-13,2023-05-25,Churned
SUB_03798,CUST_03798,Starter,49,2022-11-25,,Active
SUB_03799,CUST_03799,Starter,49,2023-10-19,2024-01-16,Churned
SUB_03800,CUST_03800,Starter,49,2022-12-22,2023-04-28,Churned
SUB_03801,CUST_03801,Starter,49,2022-01-14,2022-04-26,Churned
SUB_03802,CUST_03802,Starter,49,2022-10-02,2023-06-10,Churned
SUB_03803,CUST_03803,Starter,49,2022-03-12,,Active
SUB_03804,CUST_03804,Starter,49,2022-07-14,2022-12-09,Churned
SUB_03805,CUST_03805,Starter,49,2023-06-07,,Active
SUB_03806,CUST_03806,Pro,199,2022-04-16,2022-11-13,Churned
SUB_03807,CUST_03807,Starter,49,2022-07-15,,Active
SUB_03808,CUST_03808,Pro,199,2022-05-25,,Active
SUB_03809,CUST_03809,Pro,199,2022-12-16,2023-08-20,Churned
SUB_03810,CUST_03810,Starter,49,2023-02-28,,Active
SUB_03811,CUST_03811,Starter,49,2023-04-16,2024-01-26,Churned
SUB_03812,CUST_03812,Starter,49,2023-11-17,,Active
SUB_03813,CUST_03813,Pro,199,2022-08-04,,Active
SUB_03814,CUST_03814,Starter,49,2022-04-03,2022-07-29,Churned
SUB_03815,CUST_03815,Starter,49,2022-09-17,2023-07-18,Churned
SUB_03816,CUST_03816,Starter,49,2023-07-29,,Active
SUB_03817,CUST_03817,Pro,199,2023-06-25,,Active
SUB_03818,CUST_03818,Starter,49,2022-10-12,2022-12-06,Churned
SUB_03819,CUST_03819,Pro,199,2023-04-29,,Active
SUB_03820,CUST_03820,Starter,49,2023-01-07,,Active
SUB_03821,CUST_03821,Pro,199,2022-03-11,,Active
SUB_03822,CUST_03822,Pro,199,2023-01-14,,Active
SUB_03823,CUST_03823,Starter,49,2022-10-06,,Active
SUB_03824,CUST_03824,Enterprise,999,2022-10-29,,Active
SUB_03825,CUST_03825,Pro,199,2022-09-12,,Active
SUB_03826,CUST_03826,Starter,49,2023-11-15,2024-04-13,Churned
SUB_03827,CUST_03827,Starter,49,2023-11-23,,Active
SUB_03828,CUST_03828,Pro,199,2022-09-21,2023-08-05,Churned
SUB_03829,CUST_03829,Pro,199,2023-11-26,,Active
SUB_03830,CUST_03830,Pro,199,2023-02-28,,Active
SUB_03831,CUST_03831,Pro,199,2022-08-01,,Active
SUB_03832,CUST_03832,Pro,199,2023-11-02,,Active
SUB_03833,CUST_03833,Starter,49,2022-04-10,,Active
SUB_03834,CUST_03834,Pro,199,2022-04-22,2022-06-20,Churned
SUB_03835,CUST_03835,Starter,49,2022-11-04,,Active
SUB_03836,CUST_03836,Enterprise,999,2023-11-09,,Active
SUB_03837,CUST_03837,Pro,199,2023-04-20,,Active
SUB_03838,CUST_03838,Pro,199,2023-07-02,,Active
SUB_03839,CUST_03839,Starter,49,2022-04-22,,Active
SUB_03840,CUST_03840,Starter,49,2022-03-28,2022-11-14,Churned
SUB_03841,CUST_03841,Starter,49,2022-07-02,,Active
SUB_03842,CUST_03842,Pro,199,2023-08-20,2023-10-24,Churned
SUB_03843,CUST_03843,Pro,199,2022-06-14,,Active
SUB_03844,CUST_03844,Starter,49,2022-03-31,,Active
SUB_03845,CUST_03845,Pro,199,2023-03-31,,Active
SUB_03846,CUST_03846,Pro,199,2022-08-26,2023-01-27,Churned
SUB_03847,CUST_03847,Starter,49,2023-06-18,,Active
SUB_03848,CUST_03848,Starter,49,2023-11-10,,Active
SUB_03849,CUST_03849,Pro,199,2022-02-27,2022-11-06,Churned
SUB_03850,CUST_03850,Pro,199,2023-06-26,,Active
SUB_03851,CUST_03851,Pro,199,2023-09-10,2024-05-31,Churned
SUB_03852,CUST_03852,Pro,199,2023-02-06,2023-07-09,Churned
SUB_03853,CUST_03853,Enterprise,999,2023-11-10,2024-05-28,Churned
SUB_03854,CUST_03854,Starter,49,2023-10-28,2024-05-25,Churned
SUB_03855,CUST_03855,Starter,49,2023-06-03,,Active
SUB_03856,CUST_03856,Starter,49,2022-07-16,,Active
SUB_03857,CUST_03857,Starter,49,2022-02-15,,Active
SUB_03858,CUST_03858,Starter,49,2023-06-14,,Active
SUB_03859,CUST_03859,Starter,49,2023-02-01,,Active
SUB_03860,CUST_03860,Enterprise,999,2023-10-27,,Active
SUB_03861,CUST_03861,Enterprise,999,2022-03-15,,Active
SUB_03862,CUST_03862,Starter,49,2023-02-20,,Active
SUB_03863,CUST_03863,Pro,199,2023-10-19,,Active
SUB_03864,CUST_03864,Pro,199,2023-09-06,,Active
SUB_03865,CUST_03865,Pro,199,2022-12-01,2023-08-02,Churned
SUB_03866,CUST_03866,Pro,199,2023-09-25,,Active
SUB_03867,CUST_03867,Starter,49,2023-11-19,2024-04-14,Churned
SUB_03868,CUST_03868,Pro,199,2023-07-29,,Active
SUB_03869,CUST_03869,Pro,199,2022-10-23,,Active
SUB_03870,CUST_03870,Pro,199,2022-03-25,,Active
SUB_03871,CUST_03871,Enterprise,999,2022-01-15,,Active
SUB_03872,CUST_03872,Enterprise,999,2022-05-14,,Active
SUB_03873,CUST_03873,Pro,199,2023-04-23,,Active
SUB_03874,CUST_03874,Pro,199,2023-09-25,,Active
SUB_03875,CUST_03875,Enterprise,999,2022-11-15,,Active
SUB_03876,CUST_03876,Starter,49,2023-01-27,,Active
SUB_03877,CUST_03877,Starter,49,2023-04-24,,Active
SUB_03878,CUST_03878,Starter,49,2023-10-02,,Active
SUB_03879,CUST_03879,Pro,199,2023-01-03,2023-09-16,Churned
SUB_03880,CUST_03880,Pro,199,2023-01-02,,Active
SUB_03881,CUST_03881,Starter,49,2022-10-15,2022-12-20,Churned
SUB_03882,CUST_03882,Enterprise,999,2023-01-13,,Active
SUB_03883,CUST_03883,Pro,199,2023-11-23,,Active
SUB_03884,CUST_03884,Pro,199,2023-04-08,,Active
SUB_03885,CUST_03885,Starter,49,2023-08-17,,Active
SUB_03886,CUST_03886,Pro,199,2022-01-13,,Active
SUB_03887,CUST_03887,Pro,199,2023-06-20,2024-05-31,Churned
SUB_03888,CUST_03888,Pro,199,2022-06-17,,Active
SUB_03889,CUST_03889,Pro,199,2022-09-27,,Active
SUB_03890,CUST_03890,Pro,199,2022-03-11,,Active
SUB_03891,CUST_03891,Starter,49,2022-11-14,,Active
SUB_03892,CUST_03892,Pro,199,2023-01-11,,Active
SUB_03893,CUST_03893,Starter,49,2022-03-30,,Active
SUB_03894,CUST_03894,Starter,49,2022-09-14,,Active
SUB_03895,CUST_03895,Starter,49,2022-08-05,,Active
SUB_03896,CUST_03896,Starter,49,2023-03-26,,Active
SUB_03897,CUST_03897,Starter,49,2023-06-28,,Active
SUB_03898,CUST_03898,Pro,199,2022-05-21,,Active
SUB_03899,CUST_03899,Pro,199,2022-06-10,,Active
SUB_03900,CUST_03900,Starter,49,2022-02-01,,Active
SUB_03901,CUST_03901,Pro,199,2022-06-01,2022-10-04,Churned
SUB_03902,CUST_03902,Starter,49,2022-09-17,2023-02-13,Churned
SUB_03903,CUST_03903,Starter,49,2022-10-06,2022-11-16,Churned
SUB_03904,CUST_03904,Pro,199,2022-10-12,2023-03-12,Churned
SUB_03905,CUST_03905,Pro,199,2023-09-02,2023-11-05,Churned
SUB_03906,CUST_03906,Pro,199,2023-06-26,,Active
SUB_03907,CUST_03907,Starter,49,2023-08-25,2024-05-31,Churned
SUB_03908,CUST_03908,Pro,199,2022-05-28,2022-09-01,Churned
SUB_03909,CUST_03909,Pro,199,2023-10-18,2023-12-24,Churned
SUB_03910,CUST_03910,Enterprise,999,2022-03-08,,Active
SUB_03911,CUST_03911,Starter,49,2023-07-24,,Active
SUB_03912,CUST_03912,Pro,199,2022-10-06,2023-08-11,Churned
SUB_03913,CUST_03913,Pro,199,2023-03-19,,Active
SUB_03914,CUST_03914,Enterprise,999,2023-02-03,2023-10-20,Churned
SUB_03915,CUST_03915,Starter,49,2022-05-08,,Active
SUB_03916,CUST_03916,Pro,199,2022-12-03,,Active
SUB_03917,CUST_03917,Starter,49,2023-04-27,2023-11-10,Churned
SUB_03918,CUST_03918,Pro,199,2022-07-05,2023-06-27,Churned
SUB_03919,CUST_03919,Starter,49,2022-06-18,,Active
SUB_03920,CUST_03920,Starter,49,2023-11-15,2024-08-16,Churned
SUB_03921,CUST_03921,Pro,199,2022-09-17,,Active
SUB_03922,CUST_03922,Starter,49,2023-10-09,,Active
SUB_03923,CUST_03923,Starter,49,2023-07-12,,Active
SUB_03924,CUST_03924,Starter,49,2023-05-22,,Active
SUB_03925,CUST_03925,Starter,49,2023-06-05,,Active
SUB_03926,CUST_03926,Enterprise,999,2023-04-16,,Active
SUB_03927,CUST_03927,Pro,199,2022-06-10,,Active
SUB_03928,CUST_03928,Pro,199,2022-10-16,,Active
SUB_03929,CUST_03929,Starter,49,2022-12-06,2023-03-24,Churned
SUB_03930,CUST_03930,Enterprise,999,2023-05-17,,Active
SUB_03931,CUST_03931,Starter,49,2022-04-16,,Active
SUB_03932,CUST_03932,Pro,199,2023-04-20,,Active
SUB_03933,CUST_03933,Starter,49,2023-08-23,2024-01-13,Churned
SUB_03934,CUST_03934,Pro,199,2023-04-08,2024-03-03,Churned
SUB_03935,CUST_03935,Pro,199,2023-04-28,,Active
SUB_03936,CUST_03936,Starter,49,2022-06-02,2023-02-03,Churned
SUB_03937,CUST_03937,Starter,49,2023-10-11,2024-05-27,Churned
SUB_03938,CUST_03938,Pro,199,2022-05-29,,Active
SUB_03939,CUST_03939,Starter,49,2022-07-07,,Active
SUB_03940,CUST_03940,Starter,49,2023-10-15,,Active
SUB_03941,CUST_03941,Starter,49,2022-05-11,,Active
SUB_03942,CUST_03942,Pro,199,2023-03-28,,Active
SUB_03943,CUST_03943,Pro,199,2023-05-31,,Active
SUB_03944,CUST_03944,Starter,49,2023-05-06,,Active
SUB_03945,CUST_03945,Starter,49,2023-04-21,2024-01-17,Churned
SUB_03946,CUST_03946,Pro,199,2022-09-20,,Active
SUB_03947,CUST_03947,Pro,199,2023-06-22,2023-08-03,Churned
SUB_03948,CUST_03948,Starter,49,2023-04-04,,Active
SUB_03949,CUST_03949,Pro,199,2023-06-20,,Active
SUB_03950,CUST_03950,Starter,49,2023-09-29,,Active
SUB_03951,CUST_03951,Starter,49,2023-11-15,,Active
SUB_03952,CUST_03952,Enterprise,999,2022-10-22,2023-06-15,Churned
SUB_03953,CUST_03953,Enterprise,999,2023-03-11,,Active
SUB_03954,CUST_03954,Starter,49,2022-10-02,,Active
SUB_03955,CUST_03955,Starter,49,2023-08-11,2024-05-28,Churned
SUB_03956,CUST_03956,Starter,49,2022-11-04,2023-03-10,Churned
SUB_03957,CUST_03957,Starter,49,2023-01-11,,Active
SUB_03958,CUST_03958,Starter,49,2022-06-07,,Active
SUB_03959,CUST_03959,Starter,49,2022-07-23,,Active
SUB_03960,CUST_03960,Enterprise,999,2023-10-23,,Active
SUB_03961,CUST_03961,Pro,199,2022-03-16,,Active
SUB_03962,CUST_03962,Pro,199,2023-01-15,,Active
SUB_03963,CUST_03963,Pro,199,2022-10-31,,Active
SUB_03964,CUST_03964,Starter,49,2022-03-03,,Active
SUB_03965,CUST_03965,Starter,49,2023-07-24,2023-11-01,Churned
SUB_03966,CUST_03966,Starter,49,2022-04-18,2023-03-16,Churned
SUB_03967,CUST_03967,Pro,199,2022-07-06,,Active
SUB_03968,CUST_03968,Starter,49,2022-08-17,,Active
SUB_03969,CUST_03969,Pro,199,2022-02-17,,Active
SUB_03970,CUST_03970,Pro,199,2022-09-25,2023-06-11,Churned
SUB_03971,CUST_03971,Starter,49,2022-09-11,,Active
SUB_03972,CUST_03972,Starter,49,2022-03-28,2023-02-20,Churned
SUB_03973,CUST_03973,Pro,199,2022-06-30,2022-08-30,Churned
SUB_03974,CUST_03974,Enterprise,999,2022-01-25,2022-10-31,Churned
SUB_03975,CUST_03975,Pro,199,2023-01-23,,Active
SUB_03976,CUST_03976,Starter,49,2022-08-10,,Active
SUB_03977,CUST_03977,Pro,199,2023-02-01,,Active
SUB_03978,CUST_03978,Starter,49,2023-05-26,,Active
SUB_03979,CUST_03979,Enterprise,999,2023-07-15,2024-04-23,Churned
SUB_03980,CUST_03980,Pro,199,2023-03-16,,Active
SUB_03981,CUST_03981,Pro,199,2022-06-24,,Active
SUB_03982,CUST_03982,Starter,49,2022-11-07,2023-08-22,Churned
SUB_03983,CUST_03983,Pro,199,2022-10-01,,Active
SUB_03984,CUST_03984,Starter,49,2022-02-04,,Active
SUB_03985,CUST_03985,Starter,49,2022-08-05,2023-03-04,Churned
SUB_03986,CUST_03986,Starter,49,2023-11-03,,Active
SUB_03987,CUST_03987,Enterprise,999,2023-02-12,,Active
SUB_03988,CUST_03988,Pro,199,2023-06-03,2023-12-15,Churned
SUB_03989,CUST_03989,Starter,49,2022-09-26,,Active
SUB_03990,CUST_03990,Pro,199,2023-09-30,,Active
SUB_03991,CUST_03991,Starter,49,2023-04-20,,Active
SUB_03992,CUST_03992,Starter,49,2022-11-21,,Active
SUB_03993,CUST_03993,Starter,49,2022-12-22,,Active
SUB_03994,CUST_03994,Pro,199,2022-03-31,2022-05-03,Churned
SUB_03995,CUST_03995,Pro,199,2022-02-11,2022-08-04,Churned
SUB_03996,CUST_03996,Starter,49,2022-12-31,,Active
SUB_03997,CUST_03997,Pro,199,2023-11-02,2024-05-14,Churned
SUB_03998,CUST_03998,Starter,49,2022-07-21,2022-12-02,Churned
SUB_03999,CUST_03999,Pro,199,2023-01-01,,Active
SUB_04000,CUST_04000,Starter,49,2022-10-15,,Active
SUB_04001,CUST_04001,Pro,199,2023-08-26,,Active
SUB_04002,CUST_04002,Pro,199,2023-04-26,2023-06-30,Churned
SUB_04003,CUST_04003,Pro,199,2023-09-29,,Active
SUB_04004,CUST_04004,Starter,49,2023-05-16,2024-04-23,Churned
SUB_04005,CUST_04005,Pro,199,2023-09-30,,Active
SUB_04006,CUST_04006,Starter,49,2022-02-21,2022-09-07,Churned
SUB_04007,CUST_04007,Pro,199,2022-04-13,,Active
SUB_04008,CUST_04008,Starter,49,2022-12-27,2023-02-02,Churned
SUB_04009,CUST_04009,Starter,49,2023-02-28,2023-06-23,Churned
SUB_04010,CUST_04010,Pro,199,2023-11-30,,Active
SUB_04011,CUST_04011,Pro,199,2022-07-24,,Active
SUB_04012,CUST_04012,Starter,49,2022-01-14,,Active
SUB_04013,CUST_04013,Enterprise,999,2023-09-08,2024-01-12,Churned
SUB_04014,CUST_04014,Enterprise,999,2023-09-21,,Active
SUB_04015,CUST_04015,Pro,199,2023-04-15,,Active
SUB_04016,CUST_04016,Starter,49,2023-04-11,2024-03-20,Churned
SUB_04017,CUST_04017,Pro,199,2022-10-31,,Active
SUB_04018,CUST_04018,Starter,49,2023-08-28,,Active
SUB_04019,CUST_04019,Starter,49,2023-03-03,2023-05-01,Churned
SUB_04020,CUST_04020,Enterprise,999,2023-10-18,,Active
SUB_04021,CUST_04021,Enterprise,999,2022-04-20,,Active
SUB_04022,CUST_04022,Enterprise,999,2023-11-06,,Active
SUB_04023,CUST_04023,Starter,49,2023-07-19,,Active
SUB_04024,CUST_04024,Starter,49,2023-05-30,,Active
SUB_04025,CUST_04025,Starter,49,2022-03-09,,Active
SUB_04026,CUST_04026,Starter,49,2022-09-03,,Active
SUB_04027,CUST_04027,Starter,49,2023-01-24,,Active
SUB_04028,CUST_04028,Starter,49,2023-10-12,,Active
SUB_04029,CUST_04029,Pro,199,2022-11-04,,Active
SUB_04030,CUST_04030,Pro,199,2022-12-18,,Active
SUB_04031,CUST_04031,Pro,199,2022-03-07,,Active
SUB_04032,CUST_04032,Pro,199,2023-04-05,,Active
SUB_04033,CUST_04033,Starter,49,2022-12-13,,Active
SUB_04034,CUST_04034,Starter,49,2022-11-21,2023-03-31,Churned
SUB_04035,CUST_04035,Pro,199,2023-10-29,2024-02-02,Churned
SUB_04036,CUST_04036,Pro,199,2023-08-22,,Active
SUB_04037,CUST_04037,Pro,199,2022-02-02,2022-05-05,Churned
SUB_04038,CUST_04038,Starter,49,2022-03-09,2022-05-09,Churned
SUB_04039,CUST_04039,Starter,49,2022-07-06,,Active
SUB_04040,CUST_04040,Pro,199,2022-07-11,2022-11-04,Churned
SUB_04041,CUST_04041,Pro,199,2022-08-01,,Active
SUB_04042,CUST_04042,Enterprise,999,2023-08-23,,Active
SUB_04043,CUST_04043,Pro,199,2023-03-04,,Active
SUB_04044,CUST_04044,Pro,199,2022-12-17,2023-08-14,Churned
SUB_04045,CUST_04045,Pro,199,2022-04-18,,Active
SUB_04046,CUST_04046,Pro,199,2022-08-28,,Active
SUB_04047,CUST_04047,Pro,199,2022-08-04,,Active
SUB_04048,CUST_04048,Enterprise,999,2022-06-26,,Active
SUB_04049,CUST_04049,Pro,199,2023-07-19,,Active
SUB_04050,CUST_04050,Enterprise,999,2022-11-26,,Active
SUB_04051,CUST_04051,Starter,49,2023-07-15,,Active
SUB_04052,CUST_04052,Pro,199,2023-09-18,2023-12-07,Churned
SUB_04053,CUST_04053,Pro,199,2023-03-26,,Active
SUB_04054,CUST_04054,Starter,49,2023-08-30,,Active
SUB_04055,CUST_04055,Pro,199,2023-03-23,,Active
SUB_04056,CUST_04056,Starter,49,2023-06-21,,Active
SUB_04057,CUST_04057,Pro,199,2023-10-06,,Active
SUB_04058,CUST_04058,Pro,199,2022-06-28,,Active
SUB_04059,CUST_04059,Starter,49,2023-01-30,,Active
SUB_04060,CUST_04060,Starter,49,2022-05-25,,Active
SUB_04061,CUST_04061,Pro,199,2022-07-17,,Active
SUB_04062,CUST_04062,Pro,199,2022-03-25,,Active
SUB_04063,CUST_04063,Starter,49,2023-10-31,,Active
SUB_04064,CUST_04064,Pro,199,2022-03-26,,Active
SUB_04065,CUST_04065,Pro,199,2023-04-02,,Active
SUB_04066,CUST_04066,Pro,199,2023-04-21,,Active
SUB_04067,CUST_04067,Starter,49,2022-09-10,2022-12-11,Churned
SUB_04068,CUST_04068,Enterprise,999,2022-03-13,,Active
SUB_04069,CUST_04069,Starter,49,2022-08-11,,Active
SUB_04070,CUST_04070,Pro,199,2022-10-03,,Active
SUB_04071,CUST_04071,Pro,199,2022-09-03,,Active
SUB_04072,CUST_04072,Starter,49,2022-12-07,2023-03-26,Churned
SUB_04073,CUST_04073,Pro,199,2023-07-27,2024-04-13,Churned
SUB_04074,CUST_04074,Starter,49,2023-04-16,2023-08-24,Churned
SUB_04075,CUST_04075,Pro,199,2023-03-30,,Active
SUB_04076,CUST_04076,Pro,199,2022-01-07,,Active
SUB_04077,CUST_04077,Pro,199,2022-07-07,,Active
SUB_04078,CUST_04078,Pro,199,2022-01-04,2022-06-11,Churned
SUB_04079,CUST_04079,Pro,199,2023-10-07,2023-11-24,Churned
SUB_04080,CUST_04080,Pro,199,2022-05-05,,Active
SUB_04081,CUST_04081,Pro,199,2022-01-15,,Active
SUB_04082,CUST_04082,Starter,49,2023-06-09,,Active
SUB_04083,CUST_04083,Pro,199,2023-09-22,2024-01-23,Churned
SUB_04084,CUST_04084,Enterprise,999,2022-08-28,,Active
SUB_04085,CUST_04085,Starter,49,2022-12-26,,Active
SUB_04086,CUST_04086,Starter,49,2023-06-02,,Active
SUB_04087,CUST_04087,Starter,49,2022-11-16,,Active
SUB_04088,CUST_04088,Starter,49,2022-08-19,2022-12-07,Churned
SUB_04089,CUST_04089,Starter,49,2022-01-30,2022-06-11,Churned
SUB_04090,CUST_04090,Starter,49,2023-06-18,2023-12-18,Churned
SUB_04091,CUST_04091,Starter,49,2022-06-05,2023-03-30,Churned
SUB_04092,CUST_04092,Pro,199,2023-09-22,,Active
SUB_04093,CUST_04093,Starter,49,2023-02-03,,Active
SUB_04094,CUST_04094,Pro,199,2022-12-12,,Active
SUB_04095,CUST_04095,Pro,199,2022-07-14,,Active
SUB_04096,CUST_04096,Enterprise,999,2022-06-17,,Active
SUB_04097,CUST_04097,Pro,199,2023-01-12,,Active
SUB_04098,CUST_04098,Starter,49,2023-05-04,,Active
SUB_04099,CUST_04099,Enterprise,999,2022-12-28,,Active
SUB_04100,CUST_04100,Pro,199,2023-04-27,2023-09-21,Churned
SUB_04101,CUST_04101,Starter,49,2022-09-01,2023-07-06,Churned
SUB_04102,CUST_04102,Starter,49,2023-08-04,,Active
SUB_04103,CUST_04103,Starter,49,2023-08-30,,Active
SUB_04104,CUST_04104,Starter,49,2023-08-12,2024-04-22,Churned
SUB_04105,CUST_04105,Starter,49,2022-06-20,2023-04-13,Churned
SUB_04106,CUST_04106,Enterprise,999,2023-05-28,,Active
SUB_04107,CUST_04107,Pro,199,2023-02-10,,Active
SUB_04108,CUST_04108,Pro,199,2023-07-28,,Active
SUB_04109,CUST_04109,Pro,199,2022-07-26,,Active
SUB_04110,CUST_04110,Pro,199,2022-06-03,2022-11-16,Churned
SUB_04111,CUST_04111,Pro,199,2022-02-17,,Active
SUB_04112,CUST_04112,Enterprise,999,2023-10-11,,Active
SUB_04113,CUST_04113,Starter,49,2022-01-01,,Active
SUB_04114,CUST_04114,Enterprise,999,2023-02-11,,Active
SUB_04115,CUST_04115,Pro,199,2022-04-17,,Active
SUB_04116,CUST_04116,Starter,49,2022-06-22,,Active
SUB_04117,CUST_04117,Pro,199,2023-05-21,,Active
SUB_04118,CUST_04118,Pro,199,2022-05-10,,Active
SUB_04119,CUST_04119,Enterprise,999,2023-02-02,,Active
SUB_04120,CUST_04120,Starter,49,2022-10-21,,Active
SUB_04121,CUST_04121,Pro,199,2023-07-06,,Active
SUB_04122,CUST_04122,Starter,49,2023-03-23,,Active
SUB_04123,CUST_04123,Starter,49,2022-01-16,,Active
SUB_04124,CUST_04124,Starter,49,2023-10-01,,Active
SUB_04125,CUST_04125,Pro,199,2022-12-15,2023-08-27,Churned
SUB_04126,CUST_04126,Pro,199,2022-07-22,2023-07-20,Churned
SUB_04127,CUST_04127,Starter,49,2022-05-14,,Active
SUB_04128,CUST_04128,Pro,199,2023-06-10,2024-02-23,Churned
SUB_04129,CUST_04129,Starter,49,2023-05-23,,Active
SUB_04130,CUST_04130,Starter,49,2022-03-07,,Active
SUB_04131,CUST_04131,Pro,199,2023-04-25,,Active
SUB_04132,CUST_04132,Starter,49,2023-04-04,,Active
SUB_04133,CUST_04133,Pro,199,2022-12-08,,Active
SUB_04134,CUST_04134,Starter,49,2023-09-18,,Active
SUB_04135,CUST_04135,Starter,49,2022-06-08,2023-05-26,Churned
SUB_04136,CUST_04136,Pro,199,2022-06-10,,Active
SUB_04137,CUST_04137,Pro,199,2022-09-11,,Active
SUB_04138,CUST_04138,Starter,49,2023-06-11,,Active
SUB_04139,CUST_04139,Pro,199,2023-07-03,,Active
SUB_04140,CUST_04140,Pro,199,2022-06-04,2022-10-19,Churned
SUB_04141,CUST_04141,Pro,199,2023-05-01,,Active
SUB_04142,CUST_04142,Starter,49,2023-03-08,2024-01-31,Churned
SUB_04143,CUST_04143,Pro,199,2022-01-27,,Active
SUB_04144,CUST_04144,Pro,199,2022-01-12,,Active
SUB_04145,CUST_04145,Starter,49,2022-03-08,,Active
SUB_04146,CUST_04146,Pro,199,2023-06-26,,Active
SUB_04147,CUST_04147,Enterprise,999,2022-04-06,,Active
SUB_04148,CUST_04148,Pro,199,2022-08-03,,Active
SUB_04149,CUST_04149,Pro,199,2022-07-13,,Active
SUB_04150,CUST_04150,Pro,199,2023-10-09,,Active
SUB_04151,CUST_04151,Pro,199,2022-10-17,2022-11-22,Churned
SUB_04152,CUST_04152,Pro,199,2023-06-28,2023-12-02,Churned
SUB_04153,CUST_04153,Pro,199,2022-02-08,,Active
SUB_04154,CUST_04154,Pro,199,2022-07-25,2023-05-17,Churned
SUB_04155,CUST_04155,Starter,49,2023-07-09,,Active
SUB_04156,CUST_04156,Starter,49,2023-04-29,,Active
SUB_04157,CUST_04157,Pro,199,2022-12-03,,Active
SUB_04158,CUST_04158,Starter,49,2023-05-11,,Active
SUB_04159,CUST_04159,Pro,199,2022-09-06,,Active
SUB_04160,CUST_04160,Enterprise,999,2022-03-15,,Active
SUB_04161,CUST_04161,Pro,199,2023-01-08,2023-07-29,Churned
SUB_04162,CUST_04162,Enterprise,999,2022-05-18,2023-01-16,Churned
SUB_04163,CUST_04163,Pro,199,2023-04-02,,Active
SUB_04164,CUST_04164,Starter,49,2023-03-20,,Active
SUB_04165,CUST_04165,Pro,199,2022-12-19,,Active
SUB_04166,CUST_04166,Starter,49,2023-02-15,,Active
SUB_04167,CUST_04167,Starter,49,2023-11-09,,Active
SUB_04168,CUST_04168,Starter,49,2023-06-22,,Active
SUB_04169,CUST_04169,Starter,49,2023-03-29,,Active
SUB_04170,CUST_04170,Starter,49,2023-02-23,2023-11-26,Churned
SUB_04171,CUST_04171,Starter,49,2023-03-26,,Active
SUB_04172,CUST_04172,Pro,199,2023-08-08,2023-12-21,Churned
SUB_04173,CUST_04173,Pro,199,2022-04-25,,Active
SUB_04174,CUST_04174,Starter,49,2022-02-20,,Active
SUB_04175,CUST_04175,Starter,49,2023-01-04,,Active
SUB_04176,CUST_04176,Pro,199,2023-11-14,,Active
SUB_04177,CUST_04177,Pro,199,2023-05-30,,Active
SUB_04178,CUST_04178,Enterprise,999,2022-07-29,,Active
SUB_04179,CUST_04179,Starter,49,2023-09-19,,Active
SUB_04180,CUST_04180,Pro,199,2023-11-10,,Active
SUB_04181,CUST_04181,Pro,199,2023-03-11,,Active
SUB_04182,CUST_04182,Pro,199,2022-08-15,,Active
SUB_04183,CUST_04183,Starter,49,2023-10-25,2024-02-14,Churned
SUB_04184,CUST_04184,Starter,49,2022-09-25,2023-08-12,Churned
SUB_04185,CUST_04185,Starter,49,2022-04-26,2022-12-14,Churned
SUB_04186,CUST_04186,Starter,49,2023-08-23,,Active
SUB_04187,CUST_04187,Pro,199,2022-12-26,,Active
SUB_04188,CUST_04188,Pro,199,2022-11-25,,Active
SUB_04189,CUST_04189,Pro,199,2022-02-09,2022-04-20,Churned
SUB_04190,CUST_04190,Pro,199,2022-07-01,,Active
SUB_04191,CUST_04191,Pro,199,2023-05-05,,Active
SUB_04192,CUST_04192,Starter,49,2022-07-28,,Active
SUB_04193,CUST_04193,Enterprise,999,2022-09-30,2023-05-22,Churned
SUB_04194,CUST_04194,Pro,199,2022-04-29,,Active
SUB_04195,CUST_04195,Starter,49,2023-01-17,2023-04-05,Churned
SUB_04196,CUST_04196,Starter,49,2023-06-20,,Active
SUB_04197,CUST_04197,Pro,199,2022-09-15,2023-03-06,Churned
SUB_04198,CUST_04198,Pro,199,2023-04-28,,Active
SUB_04199,CUST_04199,Starter,49,2023-05-24,2023-11-10,Churned
SUB_04200,CUST_04200,Pro,199,2022-04-02,2022-06-23,Churned
SUB_04201,CUST_04201,Pro,199,2022-06-10,,Active
SUB_04202,CUST_04202,Pro,199,2022-05-29,2022-10-12,Churned
SUB_04203,CUST_04203,Starter,49,2022-04-27,,Active
SUB_04204,CUST_04204,Starter,49,2023-04-03,,Active
SUB_04205,CUST_04205,Enterprise,999,2023-07-19,,Active
SUB_04206,CUST_04206,Pro,199,2022-02-14,,Active
SUB_04207,CUST_04207,Starter,49,2022-08-22,,Active
SUB_04208,CUST_04208,Starter,49,2023-01-10,,Active
SUB_04209,CUST_04209,Starter,49,2023-07-01,2023-09-01,Churned
SUB_04210,CUST_04210,Starter,49,2022-07-16,,Active
SUB_04211,CUST_04211,Pro,199,2022-01-25,2022-09-11,Churned
SUB_04212,CUST_04212,Enterprise,999,2023-01-30,2023-06-27,Churned
SUB_04213,CUST_04213,Starter,49,2022-02-05,,Active
SUB_04214,CUST_04214,Starter,49,2023-04-19,,Active
SUB_04215,CUST_04215,Pro,199,2022-08-11,,Active
SUB_04216,CUST_04216,Starter,49,2023-06-14,2024-04-26,Churned
SUB_04217,CUST_04217,Enterprise,999,2022-07-07,,Active
SUB_04218,CUST_04218,Pro,199,2023-02-06,,Active
SUB_04219,CUST_04219,Enterprise,999,2022-09-14,2023-05-30,Churned
SUB_04220,CUST_04220,Starter,49,2023-10-16,,Active
SUB_04221,CUST_04221,Starter,49,2022-05-16,2022-10-10,Churned
SUB_04222,CUST_04222,Starter,49,2023-08-14,,Active
SUB_04223,CUST_04223,Starter,49,2023-03-20,2023-10-11,Churned
SUB_04224,CUST_04224,Starter,49,2023-02-22,2023-09-24,Churned
SUB_04225,CUST_04225,Enterprise,999,2022-10-19,2023-10-01,Churned
SUB_04226,CUST_04226,Pro,199,2023-07-28,,Active
SUB_04227,CUST_04227,Pro,199,2022-05-09,,Active
SUB_04228,CUST_04228,Starter,49,2022-12-07,2023-08-08,Churned
SUB_04229,CUST_04229,Pro,199,2022-09-14,,Active
SUB_04230,CUST_04230,Pro,199,2023-07-20,,Active
SUB_04231,CUST_04231,Starter,49,2023-11-18,,Active
SUB_04232,CUST_04232,Enterprise,999,2022-04-10,,Active
SUB_04233,CUST_04233,Starter,49,2022-02-08,,Active
SUB_04234,CUST_04234,Starter,49,2022-09-20,2023-05-28,Churned
SUB_04235,CUST_04235,Starter,49,2022-05-30,,Active
SUB_04236,CUST_04236,Pro,199,2023-09-25,,Active
SUB_04237,CUST_04237,Pro,199,2023-11-21,2024-04-28,Churned
SUB_04238,CUST_04238,Starter,49,2022-11-26,2023-11-23,Churned
SUB_04239,CUST_04239,Starter,49,2022-04-30,,Active
SUB_04240,CUST_04240,Starter,49,2023-08-07,2024-06-03,Churned
SUB_04241,CUST_04241,Starter,49,2022-08-07,2023-05-09,Churned
SUB_04242,CUST_04242,Starter,49,2022-05-03,,Active
SUB_04243,CUST_04243,Starter,49,2022-09-01,,Active
SUB_04244,CUST_04244,Starter,49,2023-08-10,,Active
SUB_04245,CUST_04245,Pro,199,2023-06-02,2023-11-01,Churned
SUB_04246,CUST_04246,Pro,199,2022-01-21,2022-02-27,Churned
SUB_04247,CUST_04247,Pro,199,2022-07-09,,Active
SUB_04248,CUST_04248,Starter,49,2022-08-13,2022-11-17,Churned
SUB_04249,CUST_04249,Starter,49,2023-09-07,,Active
SUB_04250,CUST_04250,Starter,49,2023-04-11,,Active
SUB_04251,CUST_04251,Starter,49,2022-04-09,,Active
SUB_04252,CUST_04252,Starter,49,2022-12-29,,Active
SUB_04253,CUST_04253,Pro,199,2022-03-24,2022-08-15,Churned
SUB_04254,CUST_04254,Enterprise,999,2023-11-24,,Active
SUB_04255,CUST_04255,Starter,49,2023-10-26,,Active
SUB_04256,CUST_04256,Starter,49,2022-02-25,,Active
SUB_04257,CUST_04257,Enterprise,999,2022-01-22,,Active
SUB_04258,CUST_04258,Starter,49,2023-08-03,2024-06-15,Churned
SUB_04259,CUST_04259,Pro,199,2022-07-04,,Active
SUB_04260,CUST_04260,Enterprise,999,2023-06-06,2023-10-18,Churned
SUB_04261,CUST_04261,Enterprise,999,2023-08-01,,Active
SUB_04262,CUST_04262,Starter,49,2022-09-21,,Active
SUB_04263,CUST_04263,Starter,49,2022-08-13,2022-10-06,Churned
SUB_04264,CUST_04264,Starter,49,2023-09-27,,Active
SUB_04265,CUST_04265,Pro,199,2022-02-07,2022-04-30,Churned
SUB_04266,CUST_04266,Enterprise,999,2022-05-03,2023-02-03,Churned
SUB_04267,CUST_04267,Pro,199,2022-06-05,,Active
SUB_04268,CUST_04268,Pro,199,2022-10-28,,Active
SUB_04269,CUST_04269,Pro,199,2022-03-08,,Active
SUB_04270,CUST_04270,Pro,199,2023-10-07,,Active
SUB_04271,CUST_04271,Pro,199,2023-01-29,2023-12-05,Churned
SUB_04272,CUST_04272,Pro,199,2023-10-14,2023-12-15,Churned
SUB_04273,CUST_04273,Pro,199,2023-08-17,,Active
SUB_04274,CUST_04274,Starter,49,2023-07-24,2024-06-04,Churned
SUB_04275,CUST_04275,Pro,199,2023-10-23,2023-12-27,Churned
SUB_04276,CUST_04276,Starter,49,2023-02-09,2023-11-04,Churned
SUB_04277,CUST_04277,Starter,49,2023-03-25,,Active
SUB_04278,CUST_04278,Pro,199,2022-05-11,,Active
SUB_04279,CUST_04279,Pro,199,2022-03-10,2022-11-11,Churned
SUB_04280,CUST_04280,Enterprise,999,2022-12-11,2023-07-05,Churned
SUB_04281,CUST_04281,Starter,49,2022-11-16,,Active
SUB_04282,CUST_04282,Pro,199,2022-06-26,2022-09-07,Churned
SUB_04283,CUST_04283,Starter,49,2023-08-07,,Active
SUB_04284,CUST_04284,Enterprise,999,2023-06-13,,Active
SUB_04285,CUST_04285,Starter,49,2022-06-09,2023-05-08,Churned
SUB_04286,CUST_04286,Pro,199,2023-08-05,,Active
SUB_04287,CUST_04287,Pro,199,2023-09-17,,Active
SUB_04288,CUST_04288,Starter,49,2023-06-17,,Active
SUB_04289,CUST_04289,Enterprise,999,2022-05-15,,Active
SUB_04290,CUST_04290,Pro,199,2022-04-21,,Active
SUB_04291,CUST_04291,Starter,49,2022-10-10,,Active
SUB_04292,CUST_04292,Starter,49,2023-06-04,2023-12-08,Churned
SUB_04293,CUST_04293,Starter,49,2022-07-13,2023-05-07,Churned
SUB_04294,CUST_04294,Starter,49,2022-02-16,,Active
SUB_04295,CUST_04295,Pro,199,2022-12-08,,Active
SUB_04296,CUST_04296,Enterprise,999,2022-08-30,,Active
SUB_04297,CUST_04297,Starter,49,2023-06-06,2023-12-23,Churned
SUB_04298,CUST_04298,Starter,49,2023-01-05,,Active
SUB_04299,CUST_04299,Pro,199,2022-05-11,,Active
SUB_04300,CUST_04300,Starter,49,2022-09-27,,Active
SUB_04301,CUST_04301,Starter,49,2022-03-02,,Active
SUB_04302,CUST_04302,Starter,49,2022-06-13,,Active
SUB_04303,CUST_04303,Pro,199,2023-06-09,2024-02-14,Churned
SUB_04304,CUST_04304,Pro,199,2022-09-29,2023-06-15,Churned
SUB_04305,CUST_04305,Pro,199,2022-05-13,,Active
SUB_04306,CUST_04306,Starter,49,2022-09-01,,Active
SUB_04307,CUST_04307,Pro,199,2023-03-10,,Active
SUB_04308,CUST_04308,Pro,199,2022-02-07,,Active
SUB_04309,CUST_04309,Pro,199,2023-07-22,,Active
SUB_04310,CUST_04310,Starter,49,2022-11-15,,Active
SUB_04311,CUST_04311,Pro,199,2023-05-25,,Active
SUB_04312,CUST_04312,Pro,199,2023-01-11,,Active
SUB_04313,CUST_04313,Starter,49,2023-07-14,,Active
SUB_04314,CUST_04314,Starter,49,2023-09-09,2024-01-07,Churned
SUB_04315,CUST_04315,Enterprise,999,2023-04-19,,Active
SUB_04316,CUST_04316,Pro,199,2022-02-28,2022-08-07,Churned
SUB_04317,CUST_04317,Enterprise,999,2023-08-12,2024-04-23,Churned
SUB_04318,CUST_04318,Pro,199,2023-05-14,2024-01-23,Churned
SUB_04319,CUST_04319,Pro,199,2022-08-06,,Active
SUB_04320,CUST_04320,Starter,49,2023-07-21,,Active
SUB_04321,CUST_04321,Starter,49,2023-07-21,,Active
SUB_04322,CUST_04322,Enterprise,999,2022-05-09,,Active
SUB_04323,CUST_04323,Starter,49,2023-01-18,2023-07-09,Churned
SUB_04324,CUST_04324,Starter,49,2023-01-23,,Active
SUB_04325,CUST_04325,Pro,199,2022-03-26,2022-06-29,Churned
SUB_04326,CUST_04326,Pro,199,2023-05-25,,Active
SUB_04327,CUST_04327,Starter,49,2023-09-19,,Active
SUB_04328,CUST_04328,Starter,49,2023-03-13,,Active
SUB_04329,CUST_04329,Starter,49,2022-10-20,,Active
SUB_04330,CUST_04330,Starter,49,2022-02-18,2022-04-16,Churned
SUB_04331,CUST_04331,Pro,199,2022-03-08,,Active
SUB_04332,CUST_04332,Starter,49,2022-05-09,,Active
SUB_04333,CUST_04333,Pro,199,2022-01-29,,Active
SUB_04334,CUST_04334,Pro,199,2022-12-09,,Active
SUB_04335,CUST_04335,Pro,199,2023-06-29,2023-11-30,Churned
SUB_04336,CUST_04336,Starter,49,2022-04-29,2022-12-26,Churned
SUB_04337,CUST_04337,Pro,199,2023-11-23,,Active
SUB_04338,CUST_04338,Starter,49,2023-10-25,,Active
SUB_04339,CUST_04339,Starter,49,2022-05-13,,Active
SUB_04340,CUST_04340,Pro,199,2022-11-23,2023-03-12,Churned
SUB_04341,CUST_04341,Starter,49,2022-07-04,2023-03-28,Churned
SUB_04342,CUST_04342,Pro,199,2023-05-21,,Active
SUB_04343,CUST_04343,Starter,49,2023-10-08,,Active
SUB_04344,CUST_04344,Starter,49,2023-11-20,,Active
SUB_04345,CUST_04345,Enterprise,999,2023-06-18,,Active
SUB_04346,CUST_04346,Pro,199,2022-08-29,,Active
SUB_04347,CUST_04347,Pro,199,2023-08-12,,Active
SUB_04348,CUST_04348,Pro,199,2023-05-31,,Active
SUB_04349,CUST_04349,Starter,49,2022-06-14,2022-11-22,Churned
SUB_04350,CUST_04350,Pro,199,2023-10-02,,Active
SUB_04351,CUST_04351,Starter,49,2023-07-11,,Active
SUB_04352,CUST_04352,Pro,199,2022-08-06,,Active
SUB_04353,CUST_04353,Pro,199,2023-10-10,,Active
SUB_04354,CUST_04354,Enterprise,999,2023-11-11,,Active
SUB_04355,CUST_04355,Pro,199,2023-08-28,,Active
SUB_04356,CUST_04356,Starter,49,2022-01-05,,Active
SUB_04357,CUST_04357,Pro,199,2023-10-30,2024-10-21,Churned
SUB_04358,CUST_04358,Starter,49,2022-03-22,,Active
SUB_04359,CUST_04359,Starter,49,2022-09-04,,Active
SUB_04360,CUST_04360,Starter,49,2023-05-08,2024-04-01,Churned
SUB_04361,CUST_04361,Pro,199,2023-10-11,,Active
SUB_04362,CUST_04362,Starter,49,2023-01-21,,Active
SUB_04363,CUST_04363,Starter,49,2023-07-29,,Active
SUB_04364,CUST_04364,Enterprise,999,2022-11-03,2023-03-31,Churned
SUB_04365,CUST_04365,Pro,199,2023-09-20,,Active
SUB_04366,CUST_04366,Starter,49,2023-09-17,,Active
SUB_04367,CUST_04367,Starter,49,2023-06-27,,Active
SUB_04368,CUST_04368,Pro,199,2022-01-07,,Active
SUB_04369,CUST_04369,Pro,199,2023-05-30,,Active
SUB_04370,CUST_04370,Starter,49,2023-07-22,2023-10-05,Churned
SUB_04371,CUST_04371,Pro,199,2022-03-14,,Active
SUB_04372,CUST_04372,Pro,199,2022-01-10,,Active
SUB_04373,CUST_04373,Pro,199,2023-07-27,2023-11-17,Churned
SUB_04374,CUST_04374,Enterprise,999,2023-07-16,2024-05-22,Churned
SUB_04375,CUST_04375,Pro,199,2022-05-02,2022-06-13,Churned
SUB_04376,CUST_04376,Pro,199,2023-11-18,,Active
SUB_04377,CUST_04377,Starter,49,2023-05-28,,Active
SUB_04378,CUST_04378,Pro,199,2023-03-17,2023-08-18,Churned
SUB_04379,CUST_04379,Pro,199,2022-02-07,,Active
SUB_04380,CUST_04380,Starter,49,2023-08-14,,Active
SUB_04381,CUST_04381,Pro,199,2022-12-11,2023-11-30,Churned
SUB_04382,CUST_04382,Starter,49,2022-12-04,,Active
SUB_04383,CUST_04383,Starter,49,2022-07-03,,Active
SUB_04384,CUST_04384,Starter,49,2022-03-08,,Active
SUB_04385,CUST_04385,Pro,199,2022-01-17,2022-08-06,Churned
SUB_04386,CUST_04386,Enterprise,999,2023-01-18,,Active
SUB_04387,CUST_04387,Starter,49,2023-01-03,2023-09-23,Churned
SUB_04388,CUST_04388,Pro,199,2022-11-12,,Active
SUB_04389,CUST_04389,Starter,49,2023-05-12,,Active
SUB_04390,CUST_04390,Enterprise,999,2022-12-11,,Active
SUB_04391,CUST_04391,Pro,199,2023-07-07,,Active
SUB_04392,CUST_04392,Pro,199,2023-04-18,,Active
SUB_04393,CUST_04393,Pro,199,2022-04-25,,Active
SUB_04394,CUST_04394,Starter,49,2022-04-10,2022-11-06,Churned
SUB_04395,CUST_04395,Pro,199,2023-03-14,,Active
SUB_04396,CUST_04396,Enterprise,999,2022-12-11,,Active
SUB_04397,CUST_04397,Starter,49,2022-12-15,,Active
SUB_04398,CUST_04398,Pro,199,2022-05-19,2022-08-07,Churned
SUB_04399,CUST_04399,Enterprise,999,2022-11-20,,Active
SUB_04400,CUST_04400,Starter,49,2022-10-29,,Active
SUB_04401,CUST_04401,Pro,199,2022-10-21,2023-08-15,Churned
SUB_04402,CUST_04402,Enterprise,999,2023-06-13,,Active
SUB_04403,CUST_04403,Pro,199,2022-10-19,,Active
SUB_04404,CUST_04404,Starter,49,2022-03-15,,Active
SUB_04405,CUST_04405,Starter,49,2023-04-29,,Active
SUB_04406,CUST_04406,Starter,49,2022-01-16,,Active
SUB_04407,CUST_04407,Pro,199,2023-06-10,,Active
SUB_04408,CUST_04408,Pro,199,2022-12-02,2023-06-18,Churned
SUB_04409,CUST_04409,Pro,199,2023-05-31,,Active
SUB_04410,CUST_04410,Starter,49,2022-05-07,,Active
SUB_04411,CUST_04411,Starter,49,2023-06-02,,Active
SUB_04412,CUST_04412,Pro,199,2022-05-09,,Active
SUB_04413,CUST_04413,Pro,199,2023-05-26,,Active
SUB_04414,CUST_04414,Enterprise,999,2023-02-27,,Active
SUB_04415,CUST_04415,Pro,199,2023-01-20,2023-12-31,Churned
SUB_04416,CUST_04416,Pro,199,2022-08-20,,Active
SUB_04417,CUST_04417,Pro,199,2022-07-14,,Active
SUB_04418,CUST_04418,Pro,199,2022-03-06,2023-01-17,Churned
SUB_04419,CUST_04419,Starter,49,2023-09-07,,Active
SUB_04420,CUST_04420,Enterprise,999,2022-10-04,2023-08-03,Churned
SUB_04421,CUST_04421,Pro,199,2023-11-01,2024-06-24,Churned
SUB_04422,CUST_04422,Starter,49,2022-08-12,2023-02-05,Churned
SUB_04423,CUST_04423,Starter,49,2022-10-05,2023-08-30,Churned
SUB_04424,CUST_04424,Starter,49,2023-11-25,,Active
SUB_04425,CUST_04425,Pro,199,2023-01-01,2023-03-08,Churned
SUB_04426,CUST_04426,Starter,49,2023-05-31,2023-12-07,Churned
SUB_04427,CUST_04427,Starter,49,2022-08-03,2023-06-03,Churned
SUB_04428,CUST_04428,Pro,199,2023-03-15,,Active
SUB_04429,CUST_04429,Starter,49,2023-03-04,2024-01-15,Churned
SUB_04430,CUST_04430,Pro,199,2023-01-31,2023-06-15,Churned
SUB_04431,CUST_04431,Starter,49,2022-07-28,2022-09-17,Churned
SUB_04432,CUST_04432,Pro,199,2023-05-16,,Active
SUB_04433,CUST_04433,Starter,49,2023-04-08,,Active
SUB_04434,CUST_04434,Starter,49,2023-08-09,2024-04-27,Churned
SUB_04435,CUST_04435,Starter,49,2022-08-15,,Active
SUB_04436,CUST_04436,Pro,199,2023-01-10,,Active
SUB_04437,CUST_04437,Pro,199,2023-05-15,2023-10-13,Churned
SUB_04438,CUST_04438,Starter,49,2022-04-03,,Active
SUB_04439,CUST_04439,Pro,199,2023-04-05,,Active
SUB_04440,CUST_04440,Starter,49,2023-07-31,,Active
SUB_04441,CUST_04441,Enterprise,999,2022-11-17,,Active
SUB_04442,CUST_04442,Enterprise,999,2022-01-10,,Active
SUB_04443,CUST_04443,Pro,199,2022-10-30,,Active
SUB_04444,CUST_04444,Pro,199,2022-11-18,,Active
SUB_04445,CUST_04445,Pro,199,2023-04-01,,Active
SUB_04446,CUST_04446,Pro,199,2022-10-05,2023-03-12,Churned
SUB_04447,CUST_04447,Pro,199,2023-08-21,,Active
SUB_04448,CUST_04448,Enterprise,999,2023-06-22,,Active
SUB_04449,CUST_04449,Pro,199,2023-01-28,,Active
SUB_04450,CUST_04450,Pro,199,2022-04-05,2023-03-10,Churned
SUB_04451,CUST_04451,Pro,199,2022-04-17,2022-12-19,Churned
SUB_04452,CUST_04452,Pro,199,2023-01-25,,Active
SUB_04453,CUST_04453,Pro,199,2023-06-10,,Active
SUB_04454,CUST_04454,Starter,49,2023-11-04,,Active
SUB_04455,CUST_04455,Starter,49,2022-03-12,2022-09-05,Churned
SUB_04456,CUST_04456,Starter,49,2023-10-26,,Active
SUB_04457,CUST_04457,Pro,199,2023-08-10,,Active
SUB_04458,CUST_04458,Starter,49,2023-01-11,,Active
SUB_04459,CUST_04459,Enterprise,999,2023-01-03,2023-03-31,Churned
SUB_04460,CUST_04460,Pro,199,2022-02-20,,Active
SUB_04461,CUST_04461,Pro,199,2022-05-23,2023-02-13,Churned
SUB_04462,CUST_04462,Starter,49,2023-02-23,,Active
SUB_04463,CUST_04463,Pro,199,2023-07-02,,Active
SUB_04464,CUST_04464,Pro,199,2023-05-15,,Active
SUB_04465,CUST_04465,Pro,199,2022-06-16,,Active
SUB_04466,CUST_04466,Starter,49,2022-09-17,2022-12-25,Churned
SUB_04467,CUST_04467,Pro,199,2022-07-11,,Active
SUB_04468,CUST_04468,Pro,199,2022-07-21,,Active
SUB_04469,CUST_04469,Pro,199,2022-07-04,,Active
SUB_04470,CUST_04470,Enterprise,999,2022-06-07,,Active
SUB_04471,CUST_04471,Pro,199,2023-09-14,,Active
SUB_04472,CUST_04472,Enterprise,999,2022-04-09,2022-11-13,Churned
SUB_04473,CUST_04473,Pro,199,2022-08-29,,Active
SUB_04474,CUST_04474,Enterprise,999,2023-05-06,,Active
SUB_04475,CUST_04475,Pro,199,2022-07-21,,Active
SUB_04476,CUST_04476,Starter,49,2023-09-26,,Active
SUB_04477,CUST_04477,Starter,49,2023-05-24,,Active
SUB_04478,CUST_04478,Starter,49,2023-09-21,,Active
SUB_04479,CUST_04479,Starter,49,2022-04-06,,Active
SUB_04480,CUST_04480,Starter,49,2023-05-05,,Active
SUB_04481,CUST_04481,Starter,49,2023-08-02,2024-04-29,Churned
SUB_04482,CUST_04482,Pro,199,2022-08-06,,Active
SUB_04483,CUST_04483,Starter,49,2023-06-11,,Active
SUB_04484,CUST_04484,Starter,49,2022-09-30,,Active
SUB_04485,CUST_04485,Pro,199,2022-08-07,2022-11-07,Churned
SUB_04486,CUST_04486,Pro,199,2023-10-21,,Active
SUB_04487,CUST_04487,Enterprise,999,2022-11-28,2023-08-25,Churned
SUB_04488,CUST_04488,Pro,199,2023-03-29,,Active
SUB_04489,CUST_04489,Starter,49,2022-06-01,,Active
SUB_04490,CUST_04490,Starter,49,2022-12-13,,Active
SUB_04491,CUST_04491,Starter,49,2023-02-18,2023-09-20,Churned
SUB_04492,CUST_04492,Starter,49,2023-06-11,,Active
SUB_04493,CUST_04493,Starter,49,2023-03-07,,Active
SUB_04494,CUST_04494,Enterprise,999,2023-01-14,,Active
SUB_04495,CUST_04495,Starter,49,2023-03-04,2023-12-17,Churned
SUB_04496,CUST_04496,Starter,49,2022-03-25,,Active
SUB_04497,CUST_04497,Starter,49,2022-07-11,,Active
SUB_04498,CUST_04498,Pro,199,2022-02-10,,Active
SUB_04499,CUST_04499,Starter,49,2022-11-05,,Active
SUB_04500,CUST_04500,Starter,49,2023-01-13,,Active
SUB_04501,CUST_04501,Starter,49,2022-05-16,,Active
SUB_04502,CUST_04502,Starter,49,2022-04-16,2022-12-30,Churned
SUB_04503,CUST_04503,Starter,49,2023-06-03,,Active
SUB_04504,CUST_04504,Pro,199,2023-06-26,,Active
SUB_04505,CUST_04505,Starter,49,2022-05-06,,Active
SUB_04506,CUST_04506,Pro,199,2022-12-23,,Active
SUB_04507,CUST_04507,Pro,199,2023-02-04,,Active
SUB_04508,CUST_04508,Pro,199,2022-03-20,,Active
SUB_04509,CUST_04509,Starter,49,2023-01-24,,Active
SUB_04510,CUST_04510,Starter,49,2023-08-02,2024-04-10,Churned
SUB_04511,CUST_04511,Starter,49,2023-06-19,2023-10-25,Churned
SUB_04512,CUST_04512,Pro,199,2022-03-15,,Active
SUB_04513,CUST_04513,Pro,199,2022-01-05,,Active
SUB_04514,CUST_04514,Starter,49,2023-04-08,,Active
SUB_04515,CUST_04515,Pro,199,2022-03-23,,Active
SUB_04516,CUST_04516,Pro,199,2023-06-21,,Active
SUB_04517,CUST_04517,Pro,199,2023-02-09,,Active
SUB_04518,CUST_04518,Starter,49,2023-05-29,,Active
SUB_04519,CUST_04519,Pro,199,2022-10-05,,Active
SUB_04520,CUST_04520,Starter,49,2022-08-12,2023-05-15,Churned
SUB_04521,CUST_04521,Pro,199,2023-08-07,2023-10-20,Churned
SUB_04522,CUST_04522,Starter,49,2022-03-09,2023-01-05,Churned
SUB_04523,CUST_04523,Starter,49,2022-11-16,,Active
SUB_04524,CUST_04524,Pro,199,2023-08-29,,Active
SUB_04525,CUST_04525,Pro,199,2022-01-19,2022-02-22,Churned
SUB_04526,CUST_04526,Starter,49,2023-10-02,2023-11-11,Churned
SUB_04527,CUST_04527,Starter,49,2022-12-09,,Active
SUB_04528,CUST_04528,Pro,199,2023-08-17,,Active
SUB_04529,CUST_04529,Enterprise,999,2022-12-09,,Active
SUB_04530,CUST_04530,Pro,199,2022-04-07,,Active
SUB_04531,CUST_04531,Enterprise,999,2022-02-21,,Active
SUB_04532,CUST_04532,Starter,49,2022-06-24,2022-08-31,Churned
SUB_04533,CUST_04533,Pro,199,2022-12-04,2023-02-13,Churned
SUB_04534,CUST_04534,Pro,199,2023-11-25,,Active
SUB_04535,CUST_04535,Pro,199,2022-12-19,,Active
SUB_04536,CUST_04536,Starter,49,2023-01-26,,Active
SUB_04537,CUST_04537,Pro,199,2022-04-25,,Active
SUB_04538,CUST_04538,Pro,199,2022-12-14,,Active
SUB_04539,CUST_04539,Pro,199,2022-01-01,,Active
SUB_04540,CUST_04540,Pro,199,2022-03-04,2022-10-22,Churned
SUB_04541,CUST_04541,Pro,199,2022-08-14,,Active
SUB_04542,CUST_04542,Pro,199,2023-02-27,,Active
SUB_04543,CUST_04543,Starter,49,2022-01-19,2022-05-22,Churned
SUB_04544,CUST_04544,Starter,49,2022-01-31,2022-03-06,Churned
SUB_04545,CUST_04545,Pro,199,2023-09-25,2023-12-15,Churned
SUB_04546,CUST_04546,Enterprise,999,2022-01-24,,Active
SUB_04547,CUST_04547,Starter,49,2022-07-30,2023-01-25,Churned
SUB_04548,CUST_04548,Pro,199,2022-06-10,,Active
SUB_04549,CUST_04549,Starter,49,2022-09-12,2023-05-04,Churned
SUB_04550,CUST_04550,Starter,49,2023-07-25,,Active
SUB_04551,CUST_04551,Pro,199,2022-04-24,2023-03-19,Churned
SUB_04552,CUST_04552,Pro,199,2023-05-19,,Active
SUB_04553,CUST_04553,Starter,49,2023-11-03,,Active
SUB_04554,CUST_04554,Pro,199,2022-08-08,2023-03-12,Churned
SUB_04555,CUST_04555,Pro,199,2022-12-23,2023-06-23,Churned
SUB_04556,CUST_04556,Enterprise,999,2022-06-18,,Active
SUB_04557,CUST_04557,Starter,49,2023-06-08,2023-10-31,Churned
SUB_04558,CUST_04558,Pro,199,2022-08-30,,Active
SUB_04559,CUST_04559,Starter,49,2023-01-10,,Active
SUB_04560,CUST_04560,Starter,49,2022-05-19,2022-11-13,Churned
SUB_04561,CUST_04561,Pro,199,2022-04-07,,Active
SUB_04562,CUST_04562,Pro,199,2022-05-27,,Active
SUB_04563,CUST_04563,Starter,49,2022-07-01,,Active
SUB_04564,CUST_04564,Enterprise,999,2022-02-26,,Active
SUB_04565,CUST_04565,Pro,199,2022-02-11,,Active
SUB_04566,CUST_04566,Pro,199,2023-06-27,,Active
SUB_04567,CUST_04567,Pro,199,2023-11-23,2024-07-29,Churned
SUB_04568,CUST_04568,Starter,49,2022-01-02,,Active
SUB_04569,CUST_04569,Pro,199,2022-10-15,,Active
SUB_04570,CUST_04570,Starter,49,2022-05-18,,Active
SUB_04571,CUST_04571,Pro,199,2023-09-09,2024-04-17,Churned
SUB_04572,CUST_04572,Starter,49,2023-05-27,,Active
SUB_04573,CUST_04573,Starter,49,2022-08-10,,Active
SUB_04574,CUST_04574,Pro,199,2022-11-27,2023-08-16,Churned
SUB_04575,CUST_04575,Starter,49,2023-09-09,,Active
SUB_04576,CUST_04576,Starter,49,2023-02-08,,Active
SUB_04577,CUST_04577,Starter,49,2023-05-23,2024-05-10,Churned
SUB_04578,CUST_04578,Pro,199,2022-05-07,,Active
SUB_04579,CUST_04579,Pro,199,2022-09-22,,Active
SUB_04580,CUST_04580,Starter,49,2022-01-15,2022-09-22,Churned
SUB_04581,CUST_04581,Starter,49,2022-08-14,2022-10-29,Churned
SUB_04582,CUST_04582,Starter,49,2022-04-15,,Active
SUB_04583,CUST_04583,Pro,199,2023-05-08,,Active
SUB_04584,CUST_04584,Pro,199,2022-11-15,2023-04-20,Churned
SUB_04585,CUST_04585,Starter,49,2022-08-07,,Active
SUB_04586,CUST_04586,Starter,49,2022-10-04,,Active
SUB_04587,CUST_04587,Starter,49,2022-12-07,,Active
SUB_04588,CUST_04588,Starter,49,2023-03-28,,Active
SUB_04589,CUST_04589,Starter,49,2023-01-04,2023-11-20,Churned
SUB_04590,CUST_04590,Pro,199,2023-04-19,,Active
SUB_04591,CUST_04591,Starter,49,2022-07-09,2023-03-10,Churned
SUB_04592,CUST_04592,Pro,199,2023-02-23,2023-03-31,Churned
SUB_04593,CUST_04593,Pro,199,2023-05-10,2023-12-09,Churned
SUB_04594,CUST_04594,Starter,49,2022-02-08,2022-07-03,Churned
SUB_04595,CUST_04595,Pro,199,2022-06-11,2022-08-31,Churned
SUB_04596,CUST_04596,Pro,199,2022-05-01,,Active
SUB_04597,CUST_04597,Starter,49,2023-02-03,,Active
SUB_04598,CUST_04598,Pro,199,2022-09-19,2022-12-03,Churned
SUB_04599,CUST_04599,Starter,49,2023-07-15,,Active
SUB_04600,CUST_04600,Pro,199,2023-08-27,,Active
SUB_04601,CUST_04601,Pro,199,2022-05-09,,Active
SUB_04602,CUST_04602,Pro,199,2023-06-24,,Active
SUB_04603,CUST_04603,Pro,199,2022-12-22,2023-02-12,Churned
SUB_04604,CUST_04604,Pro,199,2023-10-22,,Active
SUB_04605,CUST_04605,Pro,199,2023-03-08,,Active
SUB_04606,CUST_04606,Pro,199,2022-03-06,2022-08-13,Churned
SUB_04607,CUST_04607,Starter,49,2022-08-06,,Active
SUB_04608,CUST_04608,Pro,199,2023-07-17,2023-12-20,Churned
SUB_04609,CUST_04609,Starter,49,2023-03-03,,Active
SUB_04610,CUST_04610,Starter,49,2022-03-15,,Active
SUB_04611,CUST_04611,Pro,199,2023-04-05,,Active
SUB_04612,CUST_04612,Starter,49,2023-03-01,,Active
SUB_04613,CUST_04613,Starter,49,2022-07-11,2023-05-01,Churned
SUB_04614,CUST_04614,Pro,199,2022-07-08,,Active
SUB_04615,CUST_04615,Starter,49,2022-01-12,2022-12-16,Churned
SUB_04616,CUST_04616,Starter,49,2022-08-27,,Active
SUB_04617,CUST_04617,Pro,199,2023-08-16,,Active
SUB_04618,CUST_04618,Pro,199,2023-03-29,,Active
SUB_04619,CUST_04619,Pro,199,2023-01-18,,Active
SUB_04620,CUST_04620,Pro,199,2022-02-17,,Active
SUB_04621,CUST_04621,Pro,199,2022-11-13,2023-06-26,Churned
SUB_04622,CUST_04622,Pro,199,2022-07-28,,Active
SUB_04623,CUST_04623,Starter,49,2023-07-01,,Active
SUB_04624,CUST_04624,Pro,199,2022-04-29,,Active
SUB_04625,CUST_04625,Pro,199,2023-07-31,2023-10-16,Churned
SUB_04626,CUST_04626,Starter,49,2022-11-11,,Active
SUB_04627,CUST_04627,Starter,49,2022-02-05,,Active
SUB_04628,CUST_04628,Starter,49,2023-04-08,2023-07-28,Churned
SUB_04629,CUST_04629,Pro,199,2023-07-08,,Active
SUB_04630,CUST_04630,Starter,49,2023-08-04,,Active
SUB_04631,CUST_04631,Pro,199,2023-02-07,,Active
SUB_04632,CUST_04632,Pro,199,2022-04-17,,Active
SUB_04633,CUST_04633,Pro,199,2022-02-08,,Active
SUB_04634,CUST_04634,Starter,49,2023-08-04,,Active
SUB_04635,CUST_04635,Pro,199,2022-06-29,,Active
SUB_04636,CUST_04636,Starter,49,2022-01-12,2022-05-30,Churned
SUB_04637,CUST_04637,Pro,199,2022-12-05,2023-09-23,Churned
SUB_04638,CUST_04638,Pro,199,2023-07-02,,Active
SUB_04639,CUST_04639,Starter,49,2022-05-06,,Active
SUB_04640,CUST_04640,Enterprise,999,2022-03-04,,Active
SUB_04641,CUST_04641,Starter,49,2022-03-23,2022-05-22,Churned
SUB_04642,CUST_04642,Enterprise,999,2022-10-26,2023-01-19,Churned
SUB_04643,CUST_04643,Starter,49,2022-02-03,2022-09-09,Churned
SUB_04644,CUST_04644,Starter,49,2023-09-01,,Active
SUB_04645,CUST_04645,Starter,49,2022-02-18,2022-03-24,Churned
SUB_04646,CUST_04646,Starter,49,2023-10-20,2024-08-30,Churned
SUB_04647,CUST_04647,Pro,199,2023-09-29,,Active
SUB_04648,CUST_04648,Pro,199,2022-02-26,,Active
SUB_04649,CUST_04649,Pro,199,2022-04-19,,Active
SUB_04650,CUST_04650,Starter,49,2023-06-01,,Active
SUB_04651,CUST_04651,Starter,49,2022-01-24,,Active
SUB_04652,CUST_04652,Pro,199,2022-08-09,,Active
SUB_04653,CUST_04653,Starter,49,2022-11-11,,Active
SUB_04654,CUST_04654,Pro,199,2022-10-21,,Active
SUB_04655,CUST_04655,Pro,199,2022-01-10,,Active
SUB_04656,CUST_04656,Starter,49,2023-11-08,2024-09-10,Churned
SUB_04657,CUST_04657,Pro,199,2023-04-26,,Active
SUB_04658,CUST_04658,Pro,199,2023-09-30,2024-03-22,Churned
SUB_04659,CUST_04659,Pro,199,2022-09-24,2023-05-07,Churned
SUB_04660,CUST_04660,Starter,49,2022-03-29,2022-05-24,Churned
SUB_04661,CUST_04661,Starter,49,2023-03-31,2023-09-03,Churned
SUB_04662,CUST_04662,Starter,49,2023-09-18,,Active
SUB_04663,CUST_04663,Starter,49,2023-06-17,,Active
SUB_04664,CUST_04664,Starter,49,2022-05-28,,Active
SUB_04665,CUST_04665,Pro,199,2023-03-07,2023-08-18,Churned
SUB_04666,CUST_04666,Pro,199,2022-08-30,,Active
SUB_04667,CUST_04667,Pro,199,2022-03-07,,Active
SUB_04668,CUST_04668,Starter,49,2023-01-13,2023-03-06,Churned
SUB_04669,CUST_04669,Enterprise,999,2023-01-23,2024-01-18,Churned
SUB_04670,CUST_04670,Starter,49,2022-07-28,,Active
SUB_04671,CUST_04671,Pro,199,2023-02-19,2023-07-15,Churned
SUB_04672,CUST_04672,Enterprise,999,2022-01-16,,Active
SUB_04673,CUST_04673,Pro,199,2022-10-24,,Active
SUB_04674,CUST_04674,Enterprise,999,2022-08-08,,Active
SUB_04675,CUST_04675,Pro,199,2023-01-02,2023-02-08,Churned
SUB_04676,CUST_04676,Starter,49,2022-08-17,,Active
SUB_04677,CUST_04677,Starter,49,2023-09-23,,Active
SUB_04678,CUST_04678,Starter,49,2023-03-16,2023-07-24,Churned
SUB_04679,CUST_04679,Starter,49,2023-11-21,,Active
SUB_04680,CUST_04680,Pro,199,2023-06-16,2024-04-01,Churned
SUB_04681,CUST_04681,Starter,49,2023-03-26,,Active
SUB_04682,CUST_04682,Pro,199,2022-02-05,2022-09-21,Churned
SUB_04683,CUST_04683,Starter,49,2023-02-26,,Active
SUB_04684,CUST_04684,Starter,49,2023-09-12,,Active
SUB_04685,CUST_04685,Enterprise,999,2022-07-08,2022-10-31,Churned
SUB_04686,CUST_04686,Starter,49,2022-06-27,2023-03-11,Churned
SUB_04687,CUST_04687,Pro,199,2023-08-31,,Active
SUB_04688,CUST_04688,Pro,199,2022-11-11,,Active
SUB_04689,CUST_04689,Starter,49,2022-01-20,,Active
SUB_04690,CUST_04690,Pro,199,2023-11-07,2024-06-02,Churned
SUB_04691,CUST_04691,Starter,49,2023-01-17,,Active
SUB_04692,CUST_04692,Pro,199,2023-09-01,,Active
SUB_04693,CUST_04693,Pro,199,2022-05-23,2023-02-16,Churned
SUB_04694,CUST_04694,Starter,49,2022-03-03,,Active
SUB_04695,CUST_04695,Pro,199,2022-08-30,2022-10-10,Churned
SUB_04696,CUST_04696,Starter,49,2022-08-26,,Active
SUB_04697,CUST_04697,Pro,199,2022-05-11,,Active
SUB_04698,CUST_04698,Pro,199,2023-08-28,,Active
SUB_04699,CUST_04699,Pro,199,2023-08-26,,Active
SUB_04700,CUST_04700,Pro,199,2023-10-07,,Active
SUB_04701,CUST_04701,Starter,49,2022-05-03,,Active
SUB_04702,CUST_04702,Enterprise,999,2023-03-16,,Active
SUB_04703,CUST_04703,Starter,49,2022-12-08,2023-11-05,Churned
SUB_04704,CUST_04704,Pro,199,2023-02-23,,Active
SUB_04705,CUST_04705,Starter,49,2023-09-22,2024-06-11,Churned
SUB_04706,CUST_04706,Enterprise,999,2023-03-31,,Active
SUB_04707,CUST_04707,Pro,199,2022-07-17,,Active
SUB_04708,CUST_04708,Pro,199,2022-10-09,,Active
SUB_04709,CUST_04709,Starter,49,2022-01-01,,Active
SUB_04710,CUST_04710,Pro,199,2022-11-28,,Active
SUB_04711,CUST_04711,Pro,199,2022-07-31,,Active
SUB_04712,CUST_04712,Pro,199,2022-03-28,,Active
SUB_04713,CUST_04713,Starter,49,2023-10-27,2024-05-26,Churned
SUB_04714,CUST_04714,Starter,49,2023-11-30,,Active
SUB_04715,CUST_04715,Starter,49,2022-03-02,,Active
SUB_04716,CUST_04716,Starter,49,2022-04-05,,Active
SUB_04717,CUST_04717,Starter,49,2023-07-07,,Active
SUB_04718,CUST_04718,Starter,49,2022-05-27,,Active
SUB_04719,CUST_04719,Starter,49,2022-09-03,2023-07-11,Churned
SUB_04720,CUST_04720,Starter,49,2023-10-06,,Active
SUB_04721,CUST_04721,Starter,49,2022-10-24,2023-05-31,Churned
SUB_04722,CUST_04722,Enterprise,999,2022-05-03,,Active
SUB_04723,CUST_04723,Pro,199,2023-10-17,2024-10-06,Churned
SUB_04724,CUST_04724,Starter,49,2023-11-25,,Active
SUB_04725,CUST_04725,Pro,199,2023-04-01,,Active
SUB_04726,CUST_04726,Pro,199,2023-02-03,,Active
SUB_04727,CUST_04727,Enterprise,999,2022-08-19,,Active
SUB_04728,CUST_04728,Starter,49,2023-06-18,2024-02-17,Churned
SUB_04729,CUST_04729,Starter,49,2023-02-06,,Active
SUB_04730,CUST_04730,Enterprise,999,2023-08-15,,Active
SUB_04731,CUST_04731,Starter,49,2022-05-10,,Active
SUB_04732,CUST_04732,Starter,49,2022-10-19,,Active
SUB_04733,CUST_04733,Starter,49,2022-10-03,,Active
SUB_04734,CUST_04734,Starter,49,2023-01-11,,Active
SUB_04735,CUST_04735,Enterprise,999,2022-02-24,,Active
SUB_04736,CUST_04736,Starter,49,2023-08-01,,Active
SUB_04737,CUST_04737,Enterprise,999,2022-01-26,,Active
SUB_04738,CUST_04738,Enterprise,999,2023-03-17,,Active
SUB_04739,CUST_04739,Pro,199,2022-07-16,,Active
SUB_04740,CUST_04740,Starter,49,2023-10-04,,Active
SUB_04741,CUST_04741,Starter,49,2022-08-31,,Active
SUB_04742,CUST_04742,Starter,49,2022-07-09,2023-04-22,Churned
SUB_04743,CUST_04743,Starter,49,2023-07-22,2023-09-15,Churned
SUB_04744,CUST_04744,Pro,199,2023-07-21,2024-05-15,Churned
SUB_04745,CUST_04745,Starter,49,2022-10-03,,Active
SUB_04746,CUST_04746,Enterprise,999,2023-02-13,,Active
SUB_04747,CUST_04747,Pro,199,2022-12-06,,Active
SUB_04748,CUST_04748,Pro,199,2022-06-02,,Active
SUB_04749,CUST_04749,Pro,199,2023-07-19,,Active
SUB_04750,CUST_04750,Starter,49,2023-02-02,2023-05-24,Churned
SUB_04751,CUST_04751,Starter,49,2023-03-20,2023-10-20,Churned
SUB_04752,CUST_04752,Starter,49,2023-09-15,,Active
SUB_04753,CUST_04753,Starter,49,2023-03-03,,Active
SUB_04754,CUST_04754,Pro,199,2023-05-02,2024-03-14,Churned
SUB_04755,CUST_04755,Starter,49,2022-07-23,2022-10-22,Churned
SUB_04756,CUST_04756,Starter,49,2022-04-22,2022-06-20,Churned
SUB_04757,CUST_04757,Enterprise,999,2022-11-21,,Active
SUB_04758,CUST_04758,Starter,49,2022-09-15,,Active
SUB_04759,CUST_04759,Pro,199,2023-06-12,,Active
SUB_04760,CUST_04760,Starter,49,2022-12-16,2023-02-14,Churned
SUB_04761,CUST_04761,Starter,49,2023-11-09,,Active
SUB_04762,CUST_04762,Pro,199,2023-03-11,,Active
SUB_04763,CUST_04763,Enterprise,999,2023-03-02,,Active
SUB_04764,CUST_04764,Starter,49,2022-10-07,2023-08-25,Churned
SUB_04765,CUST_04765,Starter,49,2023-01-06,,Active
SUB_04766,CUST_04766,Starter,49,2023-11-01,2024-05-21,Churned
SUB_04767,CUST_04767,Starter,49,2022-09-06,,Active
SUB_04768,CUST_04768,Starter,49,2022-06-30,2022-11-08,Churned
SUB_04769,CUST_04769,Pro,199,2023-10-13,2024-03-18,Churned
SUB_04770,CUST_04770,Starter,49,2022-03-19,,Active
SUB_04771,CUST_04771,Starter,49,2022-12-02,2023-03-27,Churned
SUB_04772,CUST_04772,Pro,199,2022-02-19,,Active
SUB_04773,CUST_04773,Starter,49,2022-03-26,2023-03-05,Churned
SUB_04774,CUST_04774,Starter,49,2023-11-26,2024-01-22,Churned
SUB_04775,CUST_04775,Enterprise,999,2023-11-26,,Active
SUB_04776,CUST_04776,Starter,49,2022-01-04,,Active
SUB_04777,CUST_04777,Pro,199,2022-11-13,,Active
SUB_04778,CUST_04778,Starter,49,2022-04-21,2022-09-19,Churned
SUB_04779,CUST_04779,Starter,49,2022-11-30,2023-09-06,Churned
SUB_04780,CUST_04780,Starter,49,2022-05-13,,Active
SUB_04781,CUST_04781,Starter,49,2023-09-04,2023-12-03,Churned
SUB_04782,CUST_04782,Starter,49,2023-11-15,,Active
SUB_04783,CUST_04783,Starter,49,2022-04-29,,Active
SUB_04784,CUST_04784,Pro,199,2022-12-16,,Active
SUB_04785,CUST_04785,Pro,199,2023-11-18,,Active
SUB_04786,CUST_04786,Starter,49,2023-06-26,,Active
SUB_04787,CUST_04787,Pro,199,2022-02-24,,Active
SUB_04788,CUST_04788,Pro,199,2022-12-27,,Active
SUB_04789,CUST_04789,Pro,199,2023-03-29,,Active
SUB_04790,CUST_04790,Starter,49,2023-07-07,,Active
SUB_04791,CUST_04791,Pro,199,2023-11-16,2024-06-03,Churned
SUB_04792,CUST_04792,Starter,49,2022-11-26,,Active
SUB_04793,CUST_04793,Starter,49,2022-08-07,2023-06-04,Churned
SUB_04794,CUST_04794,Pro,199,2022-07-27,,Active
SUB_04795,CUST_04795,Pro,199,2023-11-01,2024-10-20,Churned
SUB_04796,CUST_04796,Enterprise,999,2022-03-26,2023-02-18,Churned
SUB_04797,CUST_04797,Enterprise,999,2023-11-16,2024-04-06,Churned
SUB_04798,CUST_04798,Starter,49,2022-09-02,,Active
SUB_04799,CUST_04799,Enterprise,999,2023-11-16,2024-06-26,Churned
SUB_04800,CUST_04800,Starter,49,2022-12-01,,Active
SUB_04801,CUST_04801,Starter,49,2022-07-31,,Active
SUB_04802,CUST_04802,Pro,199,2023-08-19,2023-10-06,Churned
SUB_04803,CUST_04803,Starter,49,2023-11-16,2024-03-17,Churned
SUB_04804,CUST_04804,Pro,199,2022-07-02,2023-03-05,Churned
SUB_04805,CUST_04805,Starter,49,2022-05-13,2022-12-07,Churned
SUB_04806,CUST_04806,Enterprise,999,2022-12-16,,Active
SUB_04807,CUST_04807,Starter,49,2022-10-09,,Active
SUB_04808,CUST_04808,Starter,49,2022-10-20,,Active
SUB_04809,CUST_04809,Enterprise,999,2022-09-26,,Active
SUB_04810,CUST_04810,Starter,49,2022-07-16,2023-02-21,Churned
SUB_04811,CUST_04811,Pro,199,2023-06-21,,Active
SUB_04812,CUST_04812,Pro,199,2023-10-15,,Active
SUB_04813,CUST_04813,Pro,199,2022-01-20,2022-07-31,Churned
SUB_04814,CUST_04814,Pro,199,2023-02-09,,Active
SUB_04815,CUST_04815,Starter,49,2022-04-25,,Active
SUB_04816,CUST_04816,Pro,199,2022-01-26,,Active
SUB_04817,CUST_04817,Starter,49,2023-07-20,,Active
SUB_04818,CUST_04818,Starter,49,2023-11-13,,Active
SUB_04819,CUST_04819,Starter,49,2023-01-30,2023-06-08,Churned
SUB_04820,CUST_04820,Pro,199,2023-01-16,2023-08-20,Churned
SUB_04821,CUST_04821,Pro,199,2023-06-07,,Active
SUB_04822,CUST_04822,Enterprise,999,2023-06-23,2024-05-12,Churned
SUB_04823,CUST_04823,Pro,199,2022-03-24,,Active
SUB_04824,CUST_04824,Pro,199,2023-07-04,2023-10-08,Churned
SUB_04825,CUST_04825,Enterprise,999,2023-03-21,,Active
SUB_04826,CUST_04826,Starter,49,2022-03-28,,Active
SUB_04827,CUST_04827,Pro,199,2023-01-22,,Active
SUB_04828,CUST_04828,Pro,199,2023-10-30,,Active
SUB_04829,CUST_04829,Starter,49,2023-02-02,,Active
SUB_04830,CUST_04830,Pro,199,2022-10-13,,Active
SUB_04831,CUST_04831,Starter,49,2023-11-29,2024-03-10,Churned
SUB_04832,CUST_04832,Pro,199,2023-11-25,,Active
SUB_04833,CUST_04833,Pro,199,2023-01-04,2023-09-22,Churned
SUB_04834,CUST_04834,Enterprise,999,2023-10-17,2024-05-22,Churned
SUB_04835,CUST_04835,Pro,199,2023-02-26,,Active
SUB_04836,CUST_04836,Pro,199,2023-10-16,2024-01-03,Churned
SUB_04837,CUST_04837,Pro,199,2023-11-28,,Active
SUB_04838,CUST_04838,Starter,49,2023-03-19,,Active
SUB_04839,CUST_04839,Starter,49,2023-06-04,2024-05-07,Churned
SUB_04840,CUST_04840,Enterprise,999,2023-08-07,,Active
SUB_04841,CUST_04841,Enterprise,999,2022-10-15,,Active
SUB_04842,CUST_04842,Pro,199,2022-04-05,2023-03-02,Churned
SUB_04843,CUST_04843,Starter,49,2023-10-31,,Active
SUB_04844,CUST_04844,Pro,199,2022-02-10,2023-01-13,Churned
SUB_04845,CUST_04845,Enterprise,999,2022-11-27,2023-04-29,Churned
SUB_04846,CUST_04846,Starter,49,2022-06-04,,Active
SUB_04847,CUST_04847,Pro,199,2023-05-19,2023-11-21,Churned
SUB_04848,CUST_04848,Pro,199,2022-10-02,,Active
SUB_04849,CUST_04849,Pro,199,2023-10-28,,Active
SUB_04850,CUST_04850,Enterprise,999,2023-07-19,2024-05-04,Churned
SUB_04851,CUST_04851,Starter,49,2022-06-28,2023-02-07,Churned
SUB_04852,CUST_04852,Pro,199,2022-05-17,2023-05-11,Churned
SUB_04853,CUST_04853,Pro,199,2022-06-29,2023-06-24,Churned
SUB_04854,CUST_04854,Starter,49,2022-07-01,,Active
SUB_04855,CUST_04855,Pro,199,2022-09-16,2023-06-28,Churned
SUB_04856,CUST_04856,Pro,199,2022-08-31,,Active
SUB_04857,CUST_04857,Starter,49,2022-04-06,,Active
SUB_04858,CUST_04858,Starter,49,2022-07-16,,Active
SUB_04859,CUST_04859,Starter,49,2023-06-10,2024-01-25,Churned
SUB_04860,CUST_04860,Pro,199,2023-09-24,,Active
SUB_04861,CUST_04861,Enterprise,999,2023-01-22,,Active
SUB_04862,CUST_04862,Starter,49,2023-02-12,2023-05-20,Churned
SUB_04863,CUST_04863,Starter,49,2022-09-26,,Active
SUB_04864,CUST_04864,Starter,49,2022-06-20,,Active
SUB_04865,CUST_04865,Pro,199,2023-08-07,,Active
SUB_04866,CUST_04866,Enterprise,999,2023-11-22,,Active
SUB_04867,CUST_04867,Pro,199,2022-06-19,2022-10-06,Churned
SUB_04868,CUST_04868,Pro,199,2022-06-08,,Active
SUB_04869,CUST_04869,Pro,199,2023-05-24,2024-02-10,Churned
SUB_04870,CUST_04870,Starter,49,2023-03-23,,Active
SUB_04871,CUST_04871,Pro,199,2023-10-28,,Active
SUB_04872,CUST_04872,Pro,199,2022-03-23,,Active
SUB_04873,CUST_04873,Pro,199,2022-02-26,,Active
SUB_04874,CUST_04874,Pro,199,2023-06-03,,Active
SUB_04875,CUST_04875,Pro,199,2022-04-22,,Active
SUB_04876,CUST_04876,Pro,199,2022-02-17,,Active
SUB_04877,CUST_04877,Enterprise,999,2023-08-15,,Active
SUB_04878,CUST_04878,Enterprise,999,2023-01-11,2023-08-14,Churned
SUB_04879,CUST_04879,Pro,199,2022-02-02,,Active
SUB_04880,CUST_04880,Starter,49,2023-05-19,2023-09-30,Churned
SUB_04881,CUST_04881,Starter,49,2023-09-19,,Active
SUB_04882,CUST_04882,Pro,199,2022-01-03,,Active
SUB_04883,CUST_04883,Starter,49,2023-05-01,,Active
SUB_04884,CUST_04884,Starter,49,2023-05-31,2024-05-19,Churned
SUB_04885,CUST_04885,Starter,49,2022-02-11,,Active
SUB_04886,CUST_04886,Pro,199,2022-01-09,,Active
SUB_04887,CUST_04887,Pro,199,2023-10-19,,Active
SUB_04888,CUST_04888,Starter,49,2023-09-01,2024-02-19,Churned
SUB_04889,CUST_04889,Starter,49,2022-05-22,,Active
SUB_04890,CUST_04890,Pro,199,2023-03-12,2024-01-07,Churned
SUB_04891,CUST_04891,Starter,49,2022-01-27,,Active
SUB_04892,CUST_04892,Starter,49,2022-02-12,2022-07-15,Churned
SUB_04893,CUST_04893,Pro,199,2022-05-11,,Active
SUB_04894,CUST_04894,Pro,199,2022-08-04,,Active
SUB_04895,CUST_04895,Starter,49,2023-08-29,,Active
SUB_04896,CUST_04896,Pro,199,2023-06-04,2024-02-11,Churned
SUB_04897,CUST_04897,Starter,49,2023-08-21,,Active
SUB_04898,CUST_04898,Pro,199,2022-12-11,2023-07-02,Churned
SUB_04899,CUST_04899,Starter,49,2023-05-23,,Active
SUB_04900,CUST_04900,Starter,49,2023-10-12,,Active
SUB_04901,CUST_04901,Pro,199,2023-02-17,,Active
SUB_04902,CUST_04902,Pro,199,2022-09-03,,Active
SUB_04903,CUST_04903,Starter,49,2023-03-25,2023-10-31,Churned
SUB_04904,CUST_04904,Starter,49,2022-01-21,2022-07-09,Churned
SUB_04905,CUST_04905,Pro,199,2023-02-12,2024-01-04,Churned
SUB_04906,CUST_04906,Pro,199,2023-04-02,,Active
SUB_04907,CUST_04907,Starter,49,2023-03-20,,Active
SUB_04908,CUST_04908,Pro,199,2022-09-22,2023-02-17,Churned
SUB_04909,CUST_04909,Starter,49,2023-10-22,,Active
SUB_04910,CUST_04910,Pro,199,2022-07-03,,Active
SUB_04911,CUST_04911,Starter,49,2022-08-15,,Active
SUB_04912,CUST_04912,Starter,49,2023-07-02,2024-05-01,Churned
SUB_04913,CUST_04913,Starter,49,2022-09-03,2022-12-17,Churned
SUB_04914,CUST_04914,Starter,49,2022-03-14,2022-07-30,Churned
SUB_04915,CUST_04915,Starter,49,2022-05-30,,Active
SUB_04916,CUST_04916,Starter,49,2023-05-28,,Active
SUB_04917,CUST_04917,Starter,49,2022-03-10,,Active
SUB_04918,CUST_04918,Starter,49,2022-08-18,,Active
SUB_04919,CUST_04919,Pro,199,2022-03-13,2022-08-08,Churned
SUB_04920,CUST_04920,Starter,49,2023-08-31,,Active
SUB_04921,CUST_04921,Pro,199,2023-02-01,,Active
SUB_04922,CUST_04922,Starter,49,2022-03-25,,Active
SUB_04923,CUST_04923,Starter,49,2022-10-26,2023-08-09,Churned
SUB_04924,CUST_04924,Pro,199,2022-10-20,,Active
SUB_04925,CUST_04925,Enterprise,999,2022-08-11,2022-09-29,Churned
SUB_04926,CUST_04926,Starter,49,2022-08-04,,Active
SUB_04927,CUST_04927,Starter,49,2022-08-19,,Active
SUB_04928,CUST_04928,Pro,199,2023-02-09,2023-07-07,Churned
SUB_04929,CUST_04929,Enterprise,999,2022-06-18,,Active
SUB_04930,CUST_04930,Enterprise,999,2022-11-25,,Active
SUB_04931,CUST_04931,Starter,49,2023-03-02,,Active
SUB_04932,CUST_04932,Starter,49,2023-07-08,,Active
SUB_04933,CUST_04933,Pro,199,2022-07-15,,Active
SUB_04934,CUST_04934,Pro,199,2023-08-31,,Active
SUB_04935,CUST_04935,Pro,199,2023-06-10,2023-11-23,Churned
SUB_04936,CUST_04936,Pro,199,2023-09-17,,Active
SUB_04937,CUST_04937,Pro,199,2022-03-18,2023-01-18,Churned
SUB_04938,CUST_04938,Starter,49,2022-10-04,2023-07-15,Churned
SUB_04939,CUST_04939,Starter,49,2023-04-11,2024-01-29,Churned
SUB_04940,CUST_04940,Pro,199,2023-03-24,2023-10-06,Churned
SUB_04941,CUST_04941,Starter,49,2022-11-16,,Active
SUB_04942,CUST_04942,Starter,49,2022-06-09,,Active
SUB_04943,CUST_04943,Starter,49,2023-05-07,2023-11-17,Churned
SUB_04944,CUST_04944,Starter,49,2022-11-09,,Active
SUB_04945,CUST_04945,Starter,49,2023-09-23,,Active
SUB_04946,CUST_04946,Pro,199,2022-06-10,,Active
SUB_04947,CUST_04947,Starter,49,2022-11-04,,Active
SUB_04948,CUST_04948,Pro,199,2022-05-26,,Active
SUB_04949,CUST_04949,Starter,49,2023-11-06,,Active
SUB_04950,CUST_04950,Starter,49,2023-01-31,,Active
SUB_04951,CUST_04951,Enterprise,999,2023-11-22,2024-01-19,Churned
SUB_04952,CUST_04952,Pro,199,2022-03-30,,Active
SUB_04953,CUST_04953,Starter,49,2022-11-04,2023-01-07,Churned
SUB_04954,CUST_04954,Pro,199,2023-06-30,,Active
SUB_04955,CUST_04955,Starter,49,2023-01-06,2023-09-29,Churned
SUB_04956,CUST_04956,Enterprise,999,2023-03-27,,Active
SUB_04957,CUST_04957,Starter,49,2022-06-16,,Active
SUB_04958,CUST_04958,Starter,49,2023-01-27,,Active
SUB_04959,CUST_04959,Pro,199,2023-09-29,,Active
SUB_04960,CUST_04960,Pro,199,2023-05-06,2024-03-24,Churned
SUB_04961,CUST_04961,Starter,49,2022-05-30,2022-09-26,Churned
SUB_04962,CUST_04962,Pro,199,2023-04-13,,Active
SUB_04963,CUST_04963,Starter,49,2022-02-12,,Active
SUB_04964,CUST_04964,Enterprise,999,2022-01-29,,Active
SUB_04965,CUST_04965,Starter,49,2023-09-24,,Active
SUB_04966,CUST_04966,Enterprise,999,2022-01-31,,Active
SUB_04967,CUST_04967,Starter,49,2023-11-24,2024-07-13,Churned
SUB_04968,CUST_04968,Starter,49,2023-11-05,,Active
SUB_04969,CUST_04969,Enterprise,999,2022-05-08,,Active
SUB_04970,CUST_04970,Enterprise,999,2022-10-21,,Active
SUB_04971,CUST_04971,Pro,199,2023-03-17,2023-11-29,Churned
SUB_04972,CUST_04972,Starter,49,2023-01-23,,Active
SUB_04973,CUST_04973,Pro,199,2023-10-04,2024-01-09,Churned
SUB_04974,CUST_04974,Pro,199,2023-06-08,2023-11-15,Churned
SUB_04975,CUST_04975,Pro,199,2023-07-01,,Active
SUB_04976,CUST_04976,Pro,199,2022-04-20,,Active
SUB_04977,CUST_04977,Starter,49,2022-11-24,2023-04-13,Churned
SUB_04978,CUST_04978,Pro,199,2023-02-09,,Active
SUB_04979,CUST_04979,Pro,199,2022-09-02,,Active
SUB_04980,CUST_04980,Starter,49,2022-06-12,,Active
SUB_04981,CUST_04981,Pro,199,2023-07-14,,Active
SUB_04982,CUST_04982,Pro,199,2023-02-03,,Active
SUB_04983,CUST_04983,Pro,199,2023-08-06,,Active
SUB_04984,CUST_04984,Starter,49,2023-02-03,,Active
SUB_04985,CUST_04985,Pro,199,2023-05-08,2023-06-18,Churned
SUB_04986,CUST_04986,Starter,49,2023-10-08,2024-08-20,Churned
SUB_04987,CUST_04987,Pro,199,2022-08-27,2023-03-19,Churned
SUB_04988,CUST_04988,Pro,199,2023-04-10,,Active
SUB_04989,CUST_04989,Pro,199,2023-08-03,2024-07-16,Churned
SUB_04990,CUST_04990,Starter,49,2022-02-01,,Active
SUB_04991,CUST_04991,Pro,199,2022-05-03,,Active
SUB_04992,CUST_04992,Enterprise,999,2023-06-18,2023-12-18,Churned
SUB_04993,CUST_04993,Starter,49,2023-10-29,,Active
SUB_04994,CUST_04994,Pro,199,2022-04-20,,Active
SUB_04995,CUST_04995,Pro,199,2022-09-28,,Active
SUB_04996,CUST_04996,Pro,199,2023-01-15,,Active
SUB_04997,CUST_04997,Starter,49,2022-10-27,2023-01-07,Churned
SUB_04998,CUST_04998,Starter,49,2023-09-19,2024-05-10,Churned
SUB_04999,CUST_04999,Enterprise,999,2022-09-06,,Active
SUB_05000,CUST_05000,Starter,49,2023-06-05,2023-12-23,Churned
