ticket_id,customer_id,priority,resolution_time_hours,satisfaction_score
TKT_000001,CUST_02460,Low,24,3
TKT_000002,CUST_02762,High,65,4
TKT_000003,CUST_02043,Low,67,4
TKT_000004,CUST_00036,Medium,47,4
TKT_000005,CUST_00470,Low,28,5
TKT_000006,CUST_00309,Medium,38,5
TKT_000007,CUST_03269,Low,46,1
TKT_000008,CUST_00481,Low,51,4
TKT_000009,CUST_00789,Medium,44,2
TKT_000010,CUST_00291,Medium,64,3
TKT_000011,CUST_00430,Medium,29,3
TKT_000012,CUST_00598,Medium,69,5
TKT_000013,CUST_04528,Medium,31,3
TKT_000014,CUST_01558,Medium,62,5
TKT_000015,CUST_04601,Medium,44,2
TKT_000016,CUST_00673,Low,42,4
TKT_000017,CUST_02855,High,48,4
TKT_000018,CUST_01579,High,68,4
TKT_000019,CUST_01433,Critical,15,1
TKT_000020,CUST_00041,Medium,44,3
TKT_000021,CUST_04480,Medium,28,4
TKT_000022,CUST_02934,High,44,5
TKT_000023,CUST_01315,Low,47,4
TKT_000024,CUST_01816,High,16,4
TKT_000025,CUST_04279,Low,51,5
TKT_000026,CUST_01896,Low,69,5
TKT_000027,CUST_01064,Low,58,5
TKT_000028,CUST_03297,Medium,56,1
TKT_000029,CUST_00138,Low,38,3
TKT_000030,CUST_00335,Low,18,5
TKT_000031,CUST_04234,Medium,69,3
TKT_000032,CUST_04584,Medium,25,3
TKT_000033,CUST_04672,High,15,4
TKT_000034,CUST_02677,Low,61,4
TKT_000035,CUST_01634,Low,29,3
TKT_000036,CUST_04994,Low,45,5
TKT_000037,CUST_01534,Medium,60,4
TKT_000038,CUST_01109,Low,27,4
TKT_000039,CUST_01587,Low,38,5
TKT_000040,CUST_03862,Medium,49,2
TKT_000041,CUST_04955,High,31,4
TKT_000042,CUST_01113,Low,57,1
TKT_000043,CUST_01113,Medium,30,1
TKT_000044,CUST_02267,Low,12,5
TKT_000045,CUST_02890,Low,55,5
TKT_000046,CUST_00350,Low,34,1
TKT_000047,CUST_03963,Medium,59,5
TKT_000048,CUST_01924,Medium,20,3
TKT_000049,CUST_04501,High,39,4
TKT_000050,CUST_00043,High,31,4
TKT_000051,CUST_03546,Medium,27,4
TKT_000052,CUST_02306,Low,24,4
TKT_000053,CUST_00852,High,44,2
TKT_000054,CUST_03393,Medium,14,2
TKT_000055,CUST_01287,Medium,26,2
TKT_000056,CUST_02483,Low,27,5
TKT_000057,CUST_03780,Medium,41,3
TKT_000058,CUST_04626,High,36,2
TKT_000059,CUST_03369,Medium,25,5
TKT_000060,CUST_03691,Medium,12,1
TKT_000061,CUST_02117,Medium,44,5
TKT_000062,CUST_01049,Medium,48,5
TKT_000063,CUST_02616,High,40,4
TKT_000064,CUST_00513,Medium,48,5
TKT_000065,CUST_00183,High,19,3
TKT_000066,CUST_02102,High,12,1
TKT_000067,CUST_01105,Medium,35,3
TKT_000068,CUST_00160,Low,70,1
TKT_000069,CUST_03458,Low,61,4
TKT_000070,CUST_00738,High,12,5
TKT_000071,CUST_02312,Low,57,4
TKT_000072,CUST_02669,Low,54,3
TKT_000073,CUST_03054,Medium,67,5
TKT_000074,CUST_03381,Low,21,4
TKT_000075,CUST_03116,Medium,29,5
TKT_000076,CUST_00201,Medium,32,5
TKT_000077,CUST_01308,Low,21,5
TKT_000078,CUST_02195,Medium,33,4
TKT_000079,CUST_03476,Medium,62,4
TKT_000080,CUST_04807,Medium,56,3
TKT_000081,CUST_04090,Low,20,5
TKT_000082,CUST_01770,High,20,4
TKT_000083,CUST_03256,Medium,51,5
TKT_000084,CUST_02595,Low,56,5
TKT_000085,CUST_01939,Medium,50,3
TKT_000086,CUST_01233,High,32,5
TKT_000087,CUST_04968,Medium,69,4
TKT_000088,CUST_00575,Medium,42,5
TKT_000089,CUST_00082,Medium,13,4
TKT_000090,CUST_00263,Low,62,5
TKT_000091,CUST_03839,Low,64,3
TKT_000092,CUST_02971,Low,35,1
TKT_000093,CUST_00286,Low,44,5
TKT_000094,CUST_00023,Medium,22,5
TKT_000095,CUST_03668,Low,12,2
TKT_000096,CUST_03991,High,66,4
TKT_000097,CUST_03546,Critical,20,4
TKT_000098,CUST_04302,Medium,62,4
TKT_000099,CUST_01456,Medium,19,5
TKT_000100,CUST_00095,Low,20,5
TKT_000101,CUST_02523,Medium,32,5
TKT_000102,CUST_00137,Medium,58,4
TKT_000103,CUST_02038,Low,33,4
TKT_000104,CUST_02250,Low,40,4
TKT_000105,CUST_03671,Medium,51,4
TKT_000106,CUST_04170,Medium,14,1
TKT_000107,CUST_01346,Medium,60,5
TKT_000108,CUST_04645,High,36,5
TKT_000109,CUST_02685,Medium,29,4
TKT_000110,CUST_01000,Low,71,1
TKT_000111,CUST_03238,Medium,22,3
TKT_000112,CUST_01025,Medium,41,2
TKT_000113,CUST_04387,Medium,36,5
TKT_000114,CUST_04167,High,22,2
TKT_000115,CUST_04204,Low,45,1
TKT_000116,CUST_02646,Low,35,4
TKT_000117,CUST_03097,Medium,59,1
TKT_000118,CUST_01834,Low,43,4
TKT_000119,CUST_02251,Medium,14,5
TKT_000120,CUST_03635,Medium,56,3
TKT_000121,CUST_01499,Low,36,5
TKT_000122,CUST_00569,Medium,69,4
TKT_000123,CUST_04260,Medium,56,2
TKT_000124,CUST_01293,Low,31,4
TKT_000125,CUST_04276,Medium,67,1
TKT_000126,CUST_02646,Medium,31,3
TKT_000127,CUST_00472,Medium,62,1
TKT_000128,CUST_03622,Medium,28,4
TKT_000129,CUST_00532,Medium,31,5
TKT_000130,CUST_01990,Low,29,4
TKT_000131,CUST_00609,Medium,68,2
TKT_000132,CUST_01083,Medium,25,2
TKT_000133,CUST_00975,Medium,45,5
TKT_000134,CUST_00975,Low,27,4
TKT_000135,CUST_04320,Low,43,2
TKT_000136,CUST_03982,High,19,4
TKT_000137,CUST_04285,Low,53,5
TKT_000138,CUST_04155,Medium,69,5
TKT_000139,CUST_01508,Medium,27,4
TKT_000140,CUST_04921,Medium,50,5
TKT_000141,CUST_04502,Low,49,3
TKT_000142,CUST_00614,Low,15,4
TKT_000143,CUST_03544,Low,46,5
TKT_000144,CUST_00384,Medium,71,5
TKT_000145,CUST_00412,High,39,3
TKT_000146,CUST_03377,Low,54,4
TKT_000147,CUST_02776,Medium,53,4
TKT_000148,CUST_02284,Low,25,3
TKT_000149,CUST_00663,High,16,1
TKT_000150,CUST_04142,Medium,13,1
TKT_000151,CUST_04036,Low,56,1
TKT_000152,CUST_00222,Medium,61,3
TKT_000153,CUST_00752,Medium,35,3
TKT_000154,CUST_03167,Low,14,5
TKT_000155,CUST_04914,Low,34,2
TKT_000156,CUST_03155,Low,22,2
TKT_000157,CUST_01269,Medium,49,4
TKT_000158,CUST_04106,High,67,4
TKT_000159,CUST_02137,Low,46,5
TKT_000160,CUST_02374,Medium,12,5
TKT_000161,CUST_02334,Low,17,3
TKT_000162,CUST_00215,Low,17,5
TKT_000163,CUST_00996,Medium,51,3
TKT_000164,CUST_01872,Medium,37,4
TKT_000165,CUST_03211,Low,46,1
TKT_000166,CUST_03451,Medium,24,2
TKT_000167,CUST_01665,Low,36,2
TKT_000168,CUST_00982,Medium,33,4
TKT_000169,CUST_00402,Medium,28,4
TKT_000170,CUST_00612,Low,25,3
TKT_000171,CUST_04925,Medium,14,5
TKT_000172,CUST_00906,Low,15,4
TKT_000173,CUST_04453,Low,46,4
TKT_000174,CUST_01906,Low,65,4
TKT_000175,CUST_04361,Low,58,5
TKT_000176,CUST_04096,Low,66,3
TKT_000177,CUST_01107,Medium,39,5
TKT_000178,CUST_00228,Low,54,5
TKT_000179,CUST_01989,Low,13,1
TKT_000180,CUST_02179,High,56,5
TKT_000181,CUST_04008,Medium,59,2
TKT_000182,CUST_04641,Low,49,1
TKT_000183,CUST_00244,Medium,58,3
TKT_000184,CUST_01250,Medium,15,1
TKT_000185,CUST_00444,Low,71,4
TKT_000186,CUST_00615,Low,58,4
TKT_000187,CUST_03781,High,60,4
TKT_000188,CUST_00825,Medium,23,4
TKT_000189,CUST_03533,Medium,45,4
TKT_000190,CUST_00936,Medium,48,5
TKT_000191,CUST_01745,Medium,55,4
TKT_000192,CUST_04478,Medium,52,4
TKT_000193,CUST_02687,Medium,41,4
TKT_000194,CUST_00522,Medium,32,4
TKT_000195,CUST_04938,Low,67,5
TKT_000196,CUST_01877,Medium,39,1
TKT_000197,CUST_04033,Medium,53,2
TKT_000198,CUST_02206,Low,61,3
TKT_000199,CUST_00547,Medium,16,5
TKT_000200,CUST_02554,High,44,5
TKT_000201,CUST_02869,Critical,20,1
TKT_000202,CUST_00167,Medium,43,2
TKT_000203,CUST_02070,Low,38,5
TKT_000204,CUST_04944,Low,14,3
TKT_000205,CUST_02936,Low,51,4
TKT_000206,CUST_00017,Medium,55,1
TKT_000207,CUST_02707,Medium,53,4
TKT_000208,CUST_02810,High,62,5
TKT_000209,CUST_04351,High,55,3
TKT_000210,CUST_03260,Low,15,5
TKT_000211,CUST_00328,Low,47,3
TKT_000212,CUST_03452,High,68,4
TKT_000213,CUST_01998,High,47,3
TKT_000214,CUST_00346,Medium,52,4
TKT_000215,CUST_02355,Medium,70,5
TKT_000216,CUST_04272,Medium,67,5
TKT_000217,CUST_00544,Medium,63,1
TKT_000218,CUST_02383,Low,14,5
TKT_000219,CUST_03451,Medium,61,4
TKT_000220,CUST_03706,Medium,67,3
TKT_000221,CUST_02749,Low,67,5
TKT_000222,CUST_01357,Critical,12,4
TKT_000223,CUST_01807,Low,50,4
TKT_000224,CUST_01367,Medium,51,5
TKT_000225,CUST_02854,Medium,50,3
TKT_000226,CUST_00186,Medium,38,4
TKT_000227,CUST_04206,Low,55,5
TKT_000228,CUST_00767,Medium,14,4
TKT_000229,CUST_00035,Low,47,4
TKT_000230,CUST_03916,Low,48,1
TKT_000231,CUST_01646,Low,41,2
TKT_000232,CUST_03586,Low,12,4
TKT_000233,CUST_00798,High,21,5
TKT_000234,CUST_04106,Medium,14,5
TKT_000235,CUST_03657,Low,49,5
TKT_000236,CUST_01660,High,14,3
TKT_000237,CUST_00038,Low,48,4
TKT_000238,CUST_01979,Low,63,4
TKT_000239,CUST_00887,Low,45,4
TKT_000240,CUST_02730,Medium,63,5
TKT_000241,CUST_03455,Medium,31,5
TKT_000242,CUST_04675,Low,22,5
TKT_000243,CUST_03361,Low,30,5
TKT_000244,CUST_02664,Medium,38,5
TKT_000245,CUST_04237,Medium,35,4
TKT_000246,CUST_04299,High,17,2
TKT_000247,CUST_03476,Medium,12,4
TKT_000248,CUST_02850,Medium,68,4
TKT_000249,CUST_03378,Medium,30,4
TKT_000250,CUST_02185,Medium,63,3
TKT_000251,CUST_04871,Low,69,2
TKT_000252,CUST_04714,Low,21,3
TKT_000253,CUST_02673,Medium,55,4
TKT_000254,CUST_01140,Medium,43,5
TKT_000255,CUST_04234,Low,66,5
TKT_000256,CUST_02463,Medium,59,5
TKT_000257,CUST_03233,Low,48,5
TKT_000258,CUST_02668,Low,47,3
TKT_000259,CUST_00248,Low,13,1
TKT_000260,CUST_00526,Low,48,2
TKT_000261,CUST_04321,Medium,25,4
TKT_000262,CUST_01145,Low,57,5
TKT_000263,CUST_04831,Medium,24,5
TKT_000264,CUST_04817,Low,67,5
TKT_000265,CUST_00463,Medium,61,5
TKT_000266,CUST_02964,Low,28,3
TKT_000267,CUST_04117,Low,38,1
TKT_000268,CUST_01979,Medium,65,4
TKT_000269,CUST_03401,Medium,40,3
TKT_000270,CUST_04544,Medium,24,2
TKT_000271,CUST_01964,Low,60,4
TKT_000272,CUST_04351,Medium,36,4
TKT_000273,CUST_01186,Low,35,5
TKT_000274,CUST_00303,Medium,59,5
TKT_000275,CUST_00777,Low,47,4
TKT_000276,CUST_03260,Medium,34,5
TKT_000277,CUST_00624,Medium,37,5
TKT_000278,CUST_03857,Medium,59,4
TKT_000279,CUST_01460,Critical,18,3
TKT_000280,CUST_03387,High,17,3
TKT_000281,CUST_04776,Medium,27,4
TKT_000282,CUST_00480,High,21,3
TKT_000283,CUST_04231,Low,50,4
TKT_000284,CUST_01062,Low,68,4
TKT_000285,CUST_00288,Medium,38,2
TKT_000286,CUST_03640,Critical,7,5
TKT_000287,CUST_01144,Medium,21,2
TKT_000288,CUST_01424,Low,59,4
TKT_000289,CUST_00658,Medium,19,2
TKT_000290,CUST_03086,Low,20,3
TKT_000291,CUST_01740,Medium,24,4
TKT_000292,CUST_02517,Low,63,5
TKT_000293,CUST_04989,Low,19,4
TKT_000294,CUST_02202,Low,38,3
TKT_000295,CUST_00679,Medium,57,4
TKT_000296,CUST_03458,Medium,53,3
TKT_000297,CUST_02745,Low,32,5
TKT_000298,CUST_02354,Medium,52,4
TKT_000299,CUST_01649,Medium,45,5
TKT_000300,CUST_01680,Critical,18,3
TKT_000301,CUST_03967,High,41,4
TKT_000302,CUST_02742,Low,55,5
TKT_000303,CUST_00854,Low,27,2
TKT_000304,CUST_00593,Low,12,4
TKT_000305,CUST_03407,Medium,56,4
TKT_000306,CUST_02953,Medium,58,4
TKT_000307,CUST_01020,Low,40,2
TKT_000308,CUST_04994,High,53,1
TKT_000309,CUST_01585,Medium,41,1
TKT_000310,CUST_04912,Medium,33,3
TKT_000311,CUST_02615,Medium,26,5
TKT_000312,CUST_01872,Medium,31,5
TKT_000313,CUST_01091,Medium,49,5
TKT_000314,CUST_00627,High,34,5
TKT_000315,CUST_04208,Low,42,3
TKT_000316,CUST_04767,Medium,68,5
TKT_000317,CUST_03179,Low,28,5
TKT_000318,CUST_00026,Medium,71,4
TKT_000319,CUST_03049,Medium,46,4
TKT_000320,CUST_00622,Low,13,5
TKT_000321,CUST_03486,Low,58,5
TKT_000322,CUST_00717,Low,64,5
TKT_000323,CUST_02661,Low,42,2
TKT_000324,CUST_01742,Medium,37,1
TKT_000325,CUST_03073,Critical,13,1
TKT_000326,CUST_03734,Low,19,5
TKT_000327,CUST_04465,Low,27,3
TKT_000328,CUST_02775,Medium,23,5
TKT_000329,CUST_01846,Low,64,2
TKT_000330,CUST_04238,Low,67,4
TKT_000331,CUST_00014,Medium,30,1
TKT_000332,CUST_02759,High,55,2
TKT_000333,CUST_00531,High,69,1
TKT_000334,CUST_02879,Low,24,5
TKT_000335,CUST_03405,Low,12,5
TKT_000336,CUST_00438,Medium,24,2
TKT_000337,CUST_00383,Low,15,4
TKT_000338,CUST_01290,Medium,62,2
TKT_000339,CUST_02853,Medium,56,5
TKT_000340,CUST_02038,Low,59,5
TKT_000341,CUST_03717,Low,42,5
TKT_000342,CUST_02453,High,19,3
TKT_000343,CUST_00886,Medium,38,3
TKT_000344,CUST_03495,Medium,19,3
TKT_000345,CUST_03015,Medium,67,1
TKT_000346,CUST_03983,Medium,62,1
TKT_000347,CUST_04175,Low,35,5
TKT_000348,CUST_00309,Medium,33,5
TKT_000349,CUST_00727,Medium,51,1
TKT_000350,CUST_03105,Low,40,4
TKT_000351,CUST_02938,Low,20,5
TKT_000352,CUST_01714,Medium,28,1
TKT_000353,CUST_03872,Medium,12,4
TKT_000354,CUST_00713,Medium,55,2
TKT_000355,CUST_00951,Medium,43,3
TKT_000356,CUST_01436,Medium,31,1
TKT_000357,CUST_04566,Medium,12,4
TKT_000358,CUST_01539,Medium,36,5
TKT_000359,CUST_02613,Low,52,1
TKT_000360,CUST_02169,Low,38,4
TKT_000361,CUST_02198,Medium,34,3
TKT_000362,CUST_02201,Medium,29,5
TKT_000363,CUST_03052,High,63,4
TKT_000364,CUST_01671,Medium,42,1
TKT_000365,CUST_04670,Medium,39,3
TKT_000366,CUST_03135,Low,63,4
TKT_000367,CUST_03365,Medium,53,1
TKT_000368,CUST_02116,Low,32,5
TKT_000369,CUST_00225,Medium,23,5
TKT_000370,CUST_00847,Low,48,2
TKT_000371,CUST_04070,Low,35,5
TKT_000372,CUST_02957,Medium,62,4
TKT_000373,CUST_04388,Low,50,5
TKT_000374,CUST_02262,Medium,60,4
TKT_000375,CUST_01584,Medium,44,5
TKT_000376,CUST_00971,Medium,62,4
TKT_000377,CUST_03973,Low,28,5
TKT_000378,CUST_01217,Low,70,5
TKT_000379,CUST_01639,Medium,44,4
TKT_000380,CUST_02122,Low,27,3
TKT_000381,CUST_04721,High,62,4
TKT_000382,CUST_02712,Low,38,5
TKT_000383,CUST_01287,Medium,52,3
TKT_000384,CUST_03158,Low,64,4
TKT_000385,CUST_00058,Medium,39,5
TKT_000386,CUST_01685,High,47,5
TKT_000387,CUST_03489,Medium,18,4
TKT_000388,CUST_01305,Medium,45,2
TKT_000389,CUST_01631,Low,65,5
TKT_000390,CUST_04081,High,57,3
TKT_000391,CUST_04304,Medium,69,1
TKT_000392,CUST_01167,Low,12,3
TKT_000393,CUST_00413,Low,15,3
TKT_000394,CUST_01619,Low,65,4
TKT_000395,CUST_02778,Low,37,1
TKT_000396,CUST_00740,High,31,4
TKT_000397,CUST_04900,Low,66,4
TKT_000398,CUST_04515,Low,62,3
TKT_000399,CUST_00919,Medium,24,3
TKT_000400,CUST_02249,Medium,46,1
TKT_000401,CUST_04083,Low,21,3
TKT_000402,CUST_04176,Low,19,2
TKT_000403,CUST_01504,Low,29,4
TKT_000404,CUST_03228,Medium,28,4
TKT_000405,CUST_00828,Low,16,5
TKT_000406,CUST_03232,High,41,4
TKT_000407,CUST_02874,Medium,42,4
TKT_000408,CUST_01618,Medium,50,1
TKT_000409,CUST_01186,High,63,3
TKT_000410,CUST_01685,Medium,35,5
TKT_000411,CUST_00510,Medium,28,4
TKT_000412,CUST_00695,Low,64,3
TKT_000413,CUST_03280,Medium,45,4
TKT_000414,CUST_04017,Low,54,2
TKT_000415,CUST_02069,Medium,46,1
TKT_000416,CUST_01247,Medium,26,2
TKT_000417,CUST_00400,Medium,65,3
TKT_000418,CUST_02608,High,22,3
TKT_000419,CUST_04585,Medium,45,5
TKT_000420,CUST_00288,Low,19,2
TKT_000421,CUST_01404,Medium,26,5
TKT_000422,CUST_04533,High,47,5
TKT_000423,CUST_02178,Medium,69,2
TKT_000424,CUST_00441,Low,66,4
TKT_000425,CUST_04886,Critical,6,3
TKT_000426,CUST_01269,Low,34,2
TKT_000427,CUST_02513,Critical,17,4
TKT_000428,CUST_00186,Low,37,5
TKT_000429,CUST_04258,Critical,12,5
TKT_000430,CUST_03271,Low,22,4
TKT_000431,CUST_02449,Medium,65,4
TKT_000432,CUST_03544,Medium,23,4
TKT_000433,CUST_01480,Medium,19,3
TKT_000434,CUST_04887,Medium,57,2
TKT_000435,CUST_03063,Medium,19,3
TKT_000436,CUST_04641,Low,52,3
TKT_000437,CUST_02461,Low,16,5
TKT_000438,CUST_02579,Medium,56,2
TKT_000439,CUST_01145,Medium,21,2
TKT_000440,CUST_04165,Low,14,5
TKT_000441,CUST_00635,Low,54,1
TKT_000442,CUST_01304,Medium,48,5
TKT_000443,CUST_04662,Medium,33,2
TKT_000444,CUST_00533,High,68,4
TKT_000445,CUST_01882,Low,36,3
TKT_000446,CUST_02698,High,15,4
TKT_000447,CUST_04650,High,69,5
TKT_000448,CUST_00953,Low,48,4
TKT_000449,CUST_02806,Medium,19,5
TKT_000450,CUST_00570,Medium,41,5
TKT_000451,CUST_04524,Medium,20,4
TKT_000452,CUST_02823,Medium,26,2
TKT_000453,CUST_03216,Medium,12,4
TKT_000454,CUST_00980,Low,62,4
TKT_000455,CUST_04131,Low,55,4
TKT_000456,CUST_03542,Low,24,3
TKT_000457,CUST_02574,Medium,15,2
TKT_000458,CUST_03387,Low,27,5
TKT_000459,CUST_03556,High,68,1
TKT_000460,CUST_02878,Medium,55,2
TKT_000461,CUST_01738,Medium,58,4
TKT_000462,CUST_02424,High,12,5
TKT_000463,CUST_02882,Low,25,2
TKT_000464,CUST_02704,Low,38,5
TKT_000465,CUST_02536,Critical,22,3
TKT_000466,CUST_03568,Medium,58,1
TKT_000467,CUST_02401,Low,43,5
TKT_000468,CUST_04450,Low,51,5
TKT_000469,CUST_03956,High,13,2
TKT_000470,CUST_03553,Medium,27,5
TKT_000471,CUST_00979,Low,39,4
TKT_000472,CUST_00403,High,60,3
TKT_000473,CUST_02805,Medium,37,4
TKT_000474,CUST_01515,Critical,14,5
TKT_000475,CUST_01548,Low,34,4
TKT_000476,CUST_00394,Medium,41,5
TKT_000477,CUST_02631,Low,63,4
TKT_000478,CUST_00104,Medium,71,2
TKT_000479,CUST_01744,Low,42,5
TKT_000480,CUST_00422,Low,13,4
TKT_000481,CUST_04714,Low,31,4
TKT_000482,CUST_03178,Low,40,5
TKT_000483,CUST_03777,Critical,22,4
TKT_000484,CUST_04391,Low,29,5
TKT_000485,CUST_00276,Medium,70,5
TKT_000486,CUST_00194,Medium,42,2
TKT_000487,CUST_04407,Medium,15,3
TKT_000488,CUST_04716,Medium,38,3
TKT_000489,CUST_01127,Medium,71,3
TKT_000490,CUST_04019,Critical,16,4
TKT_000491,CUST_00250,Medium,55,5
TKT_000492,CUST_03468,High,42,3
TKT_000493,CUST_02830,Medium,18,4
TKT_000494,CUST_04392,Medium,30,5
TKT_000495,CUST_00238,Medium,50,5
TKT_000496,CUST_03721,Low,13,3
TKT_000497,CUST_04010,Low,25,2
TKT_000498,CUST_04906,Low,47,4
TKT_000499,CUST_02337,Low,54,5
TKT_000500,CUST_02585,Medium,66,3
TKT_000501,CUST_01766,Low,57,4
TKT_000502,CUST_03918,Medium,39,4
TKT_000503,CUST_04617,High,49,5
TKT_000504,CUST_01143,Medium,14,4
TKT_000505,CUST_02167,Low,40,4
TKT_000506,CUST_01115,Low,67,2
TKT_000507,CUST_02220,High,38,4
TKT_000508,CUST_04819,High,68,3
TKT_000509,CUST_01140,High,59,3
TKT_000510,CUST_04663,Low,63,4
TKT_000511,CUST_04572,Low,59,5
TKT_000512,CUST_03517,Critical,13,2
TKT_000513,CUST_01977,Low,14,2
TKT_000514,CUST_01597,Low,59,2
TKT_000515,CUST_01146,Low,41,5
TKT_000516,CUST_01628,Critical,20,5
TKT_000517,CUST_01859,Medium,19,5
TKT_000518,CUST_01246,High,21,5
TKT_000519,CUST_01483,Low,33,3
TKT_000520,CUST_01522,Medium,35,3
TKT_000521,CUST_00370,Low,14,5
TKT_000522,CUST_04856,Low,25,2
TKT_000523,CUST_03193,Medium,58,1
TKT_000524,CUST_03233,Medium,35,3
TKT_000525,CUST_01786,Medium,38,1
TKT_000526,CUST_00575,Critical,4,3
TKT_000527,CUST_03704,Low,69,4
TKT_000528,CUST_04473,Low,45,4
TKT_000529,CUST_02573,Medium,42,5
TKT_000530,CUST_02116,High,59,4
TKT_000531,CUST_01903,Medium,38,5
TKT_000532,CUST_04080,Medium,56,3
TKT_000533,CUST_01157,Medium,40,4
TKT_000534,CUST_01086,Low,66,5
TKT_000535,CUST_00161,Low,40,2
TKT_000536,CUST_00759,Medium,58,5
TKT_000537,CUST_02749,High,57,5
TKT_000538,CUST_00830,Medium,61,2
TKT_000539,CUST_00849,Medium,59,3
TKT_000540,CUST_01977,Medium,23,4
TKT_000541,CUST_04345,Medium,25,5
TKT_000542,CUST_01530,High,38,3
TKT_000543,CUST_02250,Medium,58,4
TKT_000544,CUST_02893,Low,13,5
TKT_000545,CUST_03625,Medium,48,3
TKT_000546,CUST_01678,Medium,70,4
TKT_000547,CUST_04106,Medium,56,4
TKT_000548,CUST_04811,High,68,5
TKT_000549,CUST_04455,Low,29,3
TKT_000550,CUST_01300,Medium,24,5
TKT_000551,CUST_02172,Medium,20,4
TKT_000552,CUST_00630,Low,40,5
TKT_000553,CUST_04364,High,67,1
TKT_000554,CUST_00278,Medium,21,3
TKT_000555,CUST_01024,Medium,31,2
TKT_000556,CUST_04172,High,48,4
TKT_000557,CUST_04622,Low,40,5
TKT_000558,CUST_04714,Medium,17,4
TKT_000559,CUST_01200,Medium,52,3
TKT_000560,CUST_01718,High,37,3
TKT_000561,CUST_01981,Medium,33,4
TKT_000562,CUST_01591,Medium,65,5
TKT_000563,CUST_00270,Low,54,4
TKT_000564,CUST_04098,High,58,5
TKT_000565,CUST_02621,Medium,49,5
TKT_000566,CUST_01387,Medium,37,2
TKT_000567,CUST_00535,Low,28,5
TKT_000568,CUST_01609,Medium,12,3
TKT_000569,CUST_02399,Low,42,3
TKT_000570,CUST_04633,High,20,4
TKT_000571,CUST_02915,High,37,5
TKT_000572,CUST_00464,Low,61,4
TKT_000573,CUST_00023,Medium,64,5
TKT_000574,CUST_00689,Medium,68,4
TKT_000575,CUST_04067,High,17,1
TKT_000576,CUST_04224,Medium,68,4
TKT_000577,CUST_01287,Critical,20,5
TKT_000578,CUST_03861,Low,13,3
TKT_000579,CUST_02083,Low,53,3
TKT_000580,CUST_02535,Medium,38,4
TKT_000581,CUST_04197,Medium,12,3
TKT_000582,CUST_00737,Low,41,5
TKT_000583,CUST_04707,Low,29,5
TKT_000584,CUST_01341,High,45,4
TKT_000585,CUST_02378,Medium,32,5
TKT_000586,CUST_00196,Low,12,3
TKT_000587,CUST_02462,High,58,4
TKT_000588,CUST_01505,Low,43,4
TKT_000589,CUST_02116,Low,54,4
TKT_000590,CUST_02919,Low,45,3
TKT_000591,CUST_04025,High,58,4
TKT_000592,CUST_00871,Medium,64,5
TKT_000593,CUST_00185,Low,25,2
TKT_000594,CUST_01690,Low,16,3
TKT_000595,CUST_01213,Medium,66,2
TKT_000596,CUST_03646,Medium,47,4
TKT_000597,CUST_00498,Critical,4,2
TKT_000598,CUST_01566,Medium,43,2
TKT_000599,CUST_01663,Low,65,5
TKT_000600,CUST_00218,Medium,20,5
TKT_000601,CUST_04621,Low,56,2
TKT_000602,CUST_01362,Critical,9,3
TKT_000603,CUST_04217,Low,36,5
TKT_000604,CUST_01506,Low,22,5
TKT_000605,CUST_02159,Medium,57,4
TKT_000606,CUST_02057,Low,52,3
TKT_000607,CUST_04318,Low,24,3
TKT_000608,CUST_00797,Medium,41,4
TKT_000609,CUST_04957,Medium,45,4
TKT_000610,CUST_04051,Medium,43,4
TKT_000611,CUST_03720,High,41,4
TKT_000612,CUST_02252,Medium,29,1
TKT_000613,CUST_02501,High,50,2
TKT_000614,CUST_02309,Low,67,5
TKT_000615,CUST_04962,Low,14,5
TKT_000616,CUST_01033,Medium,18,5
TKT_000617,CUST_03845,Low,50,4
TKT_000618,CUST_03185,Low,66,5
TKT_000619,CUST_00340,High,45,5
TKT_000620,CUST_02095,Medium,19,3
TKT_000621,CUST_04926,Low,54,3
TKT_000622,CUST_04909,Medium,59,5
TKT_000623,CUST_00489,Low,69,5
TKT_000624,CUST_01346,Medium,43,5
TKT_000625,CUST_00791,Low,51,1
TKT_000626,CUST_03517,Low,25,3
TKT_000627,CUST_04189,Low,16,1
TKT_000628,CUST_01835,High,66,3
TKT_000629,CUST_01187,Low,18,3
TKT_000630,CUST_04234,Medium,21,2
TKT_000631,CUST_03456,Low,31,5
TKT_000632,CUST_04408,Low,32,3
TKT_000633,CUST_03270,Medium,39,4
TKT_000634,CUST_01707,Medium,40,5
TKT_000635,CUST_03600,Medium,17,2
TKT_000636,CUST_00703,High,49,4
TKT_000637,CUST_01274,Low,53,5
TKT_000638,CUST_00539,Low,52,4
TKT_000639,CUST_03754,High,14,3
TKT_000640,CUST_04213,Critical,22,5
TKT_000641,CUST_02940,Medium,28,1
TKT_000642,CUST_02615,Medium,44,3
TKT_000643,CUST_00486,Low,21,5
TKT_000644,CUST_01387,Medium,48,2
TKT_000645,CUST_01050,Low,44,1
TKT_000646,CUST_00784,Critical,21,4
TKT_000647,CUST_03060,Low,39,3
TKT_000648,CUST_02925,Low,34,5
TKT_000649,CUST_00620,Medium,53,3
TKT_000650,CUST_04510,Low,67,4
TKT_000651,CUST_03533,Medium,57,4
TKT_000652,CUST_04525,Critical,10,4
TKT_000653,CUST_04339,Medium,59,4
TKT_000654,CUST_03475,High,61,2
TKT_000655,CUST_01805,Low,62,1
TKT_000656,CUST_01099,Low,57,4
TKT_000657,CUST_00112,High,21,4
TKT_000658,CUST_04878,Low,19,5
TKT_000659,CUST_00970,Medium,27,5
TKT_000660,CUST_01634,Medium,54,5
TKT_000661,CUST_00360,Medium,43,1
TKT_000662,CUST_04863,Medium,60,3
TKT_000663,CUST_00919,Medium,56,5
TKT_000664,CUST_00168,High,36,2
TKT_000665,CUST_03322,Low,48,2
TKT_000666,CUST_03904,Medium,26,4
TKT_000667,CUST_02806,Low,27,5
TKT_000668,CUST_02261,Medium,53,2
TKT_000669,CUST_04884,Low,28,4
TKT_000670,CUST_01870,Medium,38,2
TKT_000671,CUST_02840,Low,58,3
TKT_000672,CUST_04975,Low,37,4
TKT_000673,CUST_00758,Medium,19,4
TKT_000674,CUST_04784,Low,52,4
TKT_000675,CUST_04494,Medium,52,1
TKT_000676,CUST_03818,Medium,22,3
TKT_000677,CUST_01974,Low,38,5
TKT_000678,CUST_02709,Low,20,4
TKT_000679,CUST_00098,High,65,4
TKT_000680,CUST_03077,Critical,20,3
TKT_000681,CUST_01920,Low,18,5
TKT_000682,CUST_02207,Low,39,3
TKT_000683,CUST_00087,Low,41,3
TKT_000684,CUST_01767,Medium,66,4
TKT_000685,CUST_03192,Medium,47,4
TKT_000686,CUST_04539,Low,62,1
TKT_000687,CUST_03648,Low,20,5
TKT_000688,CUST_03678,High,46,1
TKT_000689,CUST_00682,Medium,62,1
TKT_000690,CUST_04217,Medium,24,4
TKT_000691,CUST_04593,Low,59,1
TKT_000692,CUST_04708,Medium,15,3
TKT_000693,CUST_02470,Medium,21,3
TKT_000694,CUST_00135,Medium,69,4
TKT_000695,CUST_04411,Medium,37,5
TKT_000696,CUST_02246,Medium,14,3
TKT_000697,CUST_03790,Medium,61,4
TKT_000698,CUST_04107,Low,64,5
TKT_000699,CUST_04965,Critical,13,3
TKT_000700,CUST_03202,High,28,5
TKT_000701,CUST_00735,Medium,60,3
TKT_000702,CUST_01134,Low,38,4
TKT_000703,CUST_03099,Low,33,5
TKT_000704,CUST_03472,High,55,5
TKT_000705,CUST_03266,High,47,5
TKT_000706,CUST_01969,Low,19,3
TKT_000707,CUST_04112,Medium,44,3
TKT_000708,CUST_03145,Medium,37,5
TKT_000709,CUST_01225,Low,42,4
TKT_000710,CUST_01188,Medium,64,4
TKT_000711,CUST_00007,Medium,22,1
TKT_000712,CUST_02109,Low,40,3
TKT_000713,CUST_02533,Low,40,2
TKT_000714,CUST_04728,Low,49,4
TKT_000715,CUST_03523,High,48,5
TKT_000716,CUST_01438,Medium,70,3
TKT_000717,CUST_00936,Medium,69,3
TKT_000718,CUST_00560,Medium,26,5
TKT_000719,CUST_04187,Critical,9,4
TKT_000720,CUST_00446,Low,62,4
TKT_000721,CUST_01309,Low,68,2
TKT_000722,CUST_01417,Low,26,3
TKT_000723,CUST_01906,High,18,4
TKT_000724,CUST_03211,Medium,69,2
TKT_000725,CUST_00330,Medium,60,2
TKT_000726,CUST_03398,Low,64,3
TKT_000727,CUST_03679,Medium,69,2
TKT_000728,CUST_01554,Low,40,5
TKT_000729,CUST_03003,Medium,44,3
TKT_000730,CUST_03530,Low,57,5
TKT_000731,CUST_02566,Medium,62,5
TKT_000732,CUST_02584,Medium,65,3
TKT_000733,CUST_02273,High,27,4
TKT_000734,CUST_02620,Low,45,3
TKT_000735,CUST_01815,Medium,32,5
TKT_000736,CUST_03919,High,18,3
TKT_000737,CUST_03214,Low,55,4
TKT_000738,CUST_03888,Medium,40,5
TKT_000739,CUST_01223,Medium,20,4
TKT_000740,CUST_03108,Low,60,4
TKT_000741,CUST_02514,Low,18,3
TKT_000742,CUST_04668,Low,25,3
TKT_000743,CUST_04534,Medium,41,3
TKT_000744,CUST_04853,Low,35,5
TKT_000745,CUST_04687,Low,62,4
TKT_000746,CUST_04977,Medium,45,3
TKT_000747,CUST_02552,Low,19,4
TKT_000748,CUST_03439,Low,66,4
TKT_000749,CUST_04984,Low,71,5
TKT_000750,CUST_02198,Critical,23,5
TKT_000751,CUST_04139,Low,45,2
TKT_000752,CUST_01321,Low,31,5
TKT_000753,CUST_02367,Low,42,2
TKT_000754,CUST_04314,Low,26,3
TKT_000755,CUST_03791,Medium,26,5
TKT_000756,CUST_02536,Critical,11,2
TKT_000757,CUST_02376,Medium,45,5
TKT_000758,CUST_02307,Medium,16,4
TKT_000759,CUST_02614,Low,65,5
TKT_000760,CUST_04215,Low,33,4
TKT_000761,CUST_04386,Low,66,5
TKT_000762,CUST_01663,Medium,23,4
TKT_000763,CUST_00225,Medium,56,3
TKT_000764,CUST_04990,Low,42,5
TKT_000765,CUST_02801,Low,65,1
TKT_000766,CUST_01281,Low,40,4
TKT_000767,CUST_04341,Medium,33,4
TKT_000768,CUST_00522,Medium,59,3
TKT_000769,CUST_01619,Medium,19,1
TKT_000770,CUST_04215,Medium,71,4
TKT_000771,CUST_03683,Low,48,5
TKT_000772,CUST_01602,Critical,9,4
TKT_000773,CUST_02307,Low,32,5
TKT_000774,CUST_04667,Low,22,5
TKT_000775,CUST_03828,High,22,3
TKT_000776,CUST_01216,Low,34,3
TKT_000777,CUST_00943,Medium,53,5
TKT_000778,CUST_03932,High,24,2
TKT_000779,CUST_01154,Medium,54,4
TKT_000780,CUST_02206,Low,38,5
TKT_000781,CUST_03750,Medium,34,4
TKT_000782,CUST_00261,High,62,5
TKT_000783,CUST_00390,Medium,44,3
TKT_000784,CUST_04741,Medium,64,1
TKT_000785,CUST_04228,Critical,9,3
TKT_000786,CUST_00408,Critical,22,4
TKT_000787,CUST_02044,Medium,47,4
TKT_000788,CUST_00567,Low,44,4
TKT_000789,CUST_04782,Medium,64,4
TKT_000790,CUST_03371,Low,49,5
TKT_000791,CUST_01980,Medium,66,4
TKT_000792,CUST_01953,Low,27,5
TKT_000793,CUST_02007,Medium,21,2
TKT_000794,CUST_03839,Low,54,5
TKT_000795,CUST_02316,High,71,5
TKT_000796,CUST_00101,Low,59,5
TKT_000797,CUST_04757,Low,52,4
TKT_000798,CUST_03445,Medium,55,2
TKT_000799,CUST_00033,Medium,63,3
TKT_000800,CUST_04332,Medium,28,1
TKT_000801,CUST_04603,High,63,2
TKT_000802,CUST_00332,Medium,54,5
TKT_000803,CUST_03517,Medium,34,5
TKT_000804,CUST_04582,Low,12,5
TKT_000805,CUST_04216,Medium,40,1
TKT_000806,CUST_00158,Low,36,4
TKT_000807,CUST_03109,Medium,17,5
TKT_000808,CUST_04946,High,21,3
TKT_000809,CUST_02192,Medium,51,4
TKT_000810,CUST_03629,Critical,12,3
TKT_000811,CUST_03783,Medium,25,4
TKT_000812,CUST_03822,Medium,34,5
TKT_000813,CUST_02689,Medium,30,3
TKT_000814,CUST_00693,Medium,67,4
TKT_000815,CUST_01052,Low,64,4
TKT_000816,CUST_03884,Low,42,5
TKT_000817,CUST_02923,Low,50,4
TKT_000818,CUST_02099,Critical,6,1
TKT_000819,CUST_02157,Low,49,2
TKT_000820,CUST_00134,Medium,30,5
TKT_000821,CUST_03751,Medium,54,5
TKT_000822,CUST_02128,Medium,12,4
TKT_000823,CUST_02386,Medium,49,3
TKT_000824,CUST_04528,Low,24,3
TKT_000825,CUST_04198,High,68,5
TKT_000826,CUST_04427,High,61,4
TKT_000827,CUST_04472,Medium,45,5
TKT_000828,CUST_02279,High,69,5
TKT_000829,CUST_01475,Low,28,3
TKT_000830,CUST_04860,Low,43,5
TKT_000831,CUST_04520,Medium,60,3
TKT_000832,CUST_01049,High,45,5
TKT_000833,CUST_00416,Low,44,2
TKT_000834,CUST_04398,Medium,55,3
TKT_000835,CUST_02167,Low,39,1
TKT_000836,CUST_02379,Critical,20,3
TKT_000837,CUST_00662,Medium,70,3
TKT_000838,CUST_04455,Low,40,4
TKT_000839,CUST_00289,Critical,13,5
TKT_000840,CUST_02601,Low,48,4
TKT_000841,CUST_01726,Medium,35,5
TKT_000842,CUST_00575,Low,59,4
TKT_000843,CUST_00717,Low,27,4
TKT_000844,CUST_03413,Low,24,3
TKT_000845,CUST_04023,Low,37,4
TKT_000846,CUST_02394,High,18,2
TKT_000847,CUST_04081,Medium,55,4
TKT_000848,CUST_03063,Low,25,3
TKT_000849,CUST_01013,Medium,63,4
TKT_000850,CUST_02361,Medium,43,4
TKT_000851,CUST_02134,Critical,9,4
TKT_000852,CUST_01947,Medium,22,3
TKT_000853,CUST_03513,Medium,43,4
TKT_000854,CUST_01352,Low,22,5
TKT_000855,CUST_02898,Low,31,4
TKT_000856,CUST_03076,Medium,68,4
TKT_000857,CUST_03905,Medium,63,3
TKT_000858,CUST_03256,Medium,45,4
TKT_000859,CUST_02348,Medium,58,4
TKT_000860,CUST_00528,Medium,61,5
TKT_000861,CUST_02654,Critical,2,3
TKT_000862,CUST_02975,Critical,23,4
TKT_000863,CUST_02697,Medium,34,3
TKT_000864,CUST_01282,Medium,40,1
TKT_000865,CUST_04651,Medium,23,3
TKT_000866,CUST_03280,Low,50,5
TKT_000867,CUST_04017,Critical,23,4
TKT_000868,CUST_04827,Low,40,4
TKT_000869,CUST_03295,Medium,42,5
TKT_000870,CUST_03937,Low,23,5
TKT_000871,CUST_01045,Medium,46,4
TKT_000872,CUST_03440,Low,53,4
TKT_000873,CUST_00313,High,66,5
TKT_000874,CUST_00316,Low,68,4
TKT_000875,CUST_02451,High,52,5
TKT_000876,CUST_01891,Critical,1,4
TKT_000877,CUST_03619,Medium,26,3
TKT_000878,CUST_04222,Medium,41,5
TKT_000879,CUST_04001,Low,18,5
TKT_000880,CUST_00496,High,47,5
TKT_000881,CUST_00981,Medium,57,2
TKT_000882,CUST_04840,Low,35,5
TKT_000883,CUST_04796,Medium,29,4
TKT_000884,CUST_02029,Low,35,4
TKT_000885,CUST_02093,Medium,43,2
TKT_000886,CUST_04932,Low,23,4
TKT_000887,CUST_02908,Medium,39,4
TKT_000888,CUST_03144,Medium,22,4
TKT_000889,CUST_00728,Low,14,2
TKT_000890,CUST_04194,High,48,4
TKT_000891,CUST_01468,Medium,14,4
TKT_000892,CUST_01115,Medium,40,5
TKT_000893,CUST_01678,High,43,1
TKT_000894,CUST_02044,High,65,5
TKT_000895,CUST_02165,Medium,49,5
TKT_000896,CUST_03965,Low,42,4
TKT_000897,CUST_03115,Medium,67,5
TKT_000898,CUST_04167,High,12,4
TKT_000899,CUST_04854,Medium,48,1
TKT_000900,CUST_02844,Medium,32,3
TKT_000901,CUST_02887,Critical,3,4
TKT_000902,CUST_04822,Low,52,3
TKT_000903,CUST_00107,Low,53,4
TKT_000904,CUST_04871,High,31,1
TKT_000905,CUST_02342,Low,65,1
TKT_000906,CUST_04053,Low,71,1
TKT_000907,CUST_01131,High,22,5
TKT_000908,CUST_01110,Medium,70,3
TKT_000909,CUST_03582,Medium,21,5
TKT_000910,CUST_01251,Medium,66,5
TKT_000911,CUST_02642,Low,14,2
TKT_000912,CUST_03074,Medium,71,2
TKT_000913,CUST_02090,Medium,59,3
TKT_000914,CUST_00081,Low,65,4
TKT_000915,CUST_02536,Medium,25,4
TKT_000916,CUST_00916,Low,56,3
TKT_000917,CUST_00262,Low,56,4
TKT_000918,CUST_03320,Low,42,5
TKT_000919,CUST_03041,Medium,46,5
TKT_000920,CUST_04904,High,71,1
TKT_000921,CUST_04644,Medium,65,4
TKT_000922,CUST_02663,Low,60,5
TKT_000923,CUST_02995,Low,20,3
TKT_000924,CUST_01973,Medium,65,4
TKT_000925,CUST_02175,Low,17,2
TKT_000926,CUST_01328,Low,40,4
TKT_000927,CUST_04891,Medium,63,4
TKT_000928,CUST_03886,Medium,57,3
TKT_000929,CUST_00840,High,64,5
TKT_000930,CUST_03837,High,63,5
TKT_000931,CUST_03314,Low,33,5
TKT_000932,CUST_03649,Medium,66,4
TKT_000933,CUST_00548,Medium,60,3
TKT_000934,CUST_04163,Low,57,5
TKT_000935,CUST_03667,Medium,14,3
TKT_000936,CUST_04778,Low,13,4
TKT_000937,CUST_02627,Low,70,3
TKT_000938,CUST_04933,Low,39,3
TKT_000939,CUST_03877,Critical,19,4
TKT_000940,CUST_01326,High,67,5
TKT_000941,CUST_03792,Medium,16,4
TKT_000942,CUST_02872,Low,20,4
TKT_000943,CUST_00575,Low,43,3
TKT_000944,CUST_01102,Medium,28,3
TKT_000945,CUST_00030,Medium,22,3
TKT_000946,CUST_01376,Medium,49,5
TKT_000947,CUST_02811,Low,46,5
TKT_000948,CUST_04927,Medium,58,5
TKT_000949,CUST_03949,Critical,13,1
TKT_000950,CUST_03805,Low,47,4
TKT_000951,CUST_04631,Medium,30,4
TKT_000952,CUST_04465,Low,70,5
TKT_000953,CUST_03732,Low,36,5
TKT_000954,CUST_04398,High,57,4
TKT_000955,CUST_03523,Medium,71,3
TKT_000956,CUST_02355,Medium,68,1
TKT_000957,CUST_03751,Low,51,4
TKT_000958,CUST_03135,High,42,3
TKT_000959,CUST_04933,Low,34,5
TKT_000960,CUST_01300,Low,69,1
TKT_000961,CUST_04607,High,62,5
TKT_000962,CUST_03066,High,25,4
TKT_000963,CUST_00887,Medium,38,4
TKT_000964,CUST_01559,Medium,46,4
TKT_000965,CUST_03808,Low,24,5
TKT_000966,CUST_02986,High,66,1
TKT_000967,CUST_03785,Medium,47,5
TKT_000968,CUST_02047,Low,35,5
TKT_000969,CUST_04891,Low,44,5
TKT_000970,CUST_03458,Low,60,4
TKT_000971,CUST_03301,Low,18,4
TKT_000972,CUST_03299,Low,20,4
TKT_000973,CUST_03399,Low,61,2
TKT_000974,CUST_04373,Low,32,3
TKT_000975,CUST_04326,Low,43,3
TKT_000976,CUST_02061,Low,13,2
TKT_000977,CUST_01527,Low,55,3
TKT_000978,CUST_03695,Low,68,4
TKT_000979,CUST_04711,Low,36,4
TKT_000980,CUST_02151,Medium,12,3
TKT_000981,CUST_02157,Medium,22,5
TKT_000982,CUST_02424,Low,27,5
TKT_000983,CUST_02795,Low,34,1
TKT_000984,CUST_04244,High,26,4
TKT_000985,CUST_03043,Medium,38,4
TKT_000986,CUST_04092,Medium,27,1
TKT_000987,CUST_03079,Medium,57,2
TKT_000988,CUST_03235,Low,44,3
TKT_000989,CUST_00436,Medium,50,4
TKT_000990,CUST_01458,Medium,19,5
TKT_000991,CUST_02373,Low,59,4
TKT_000992,CUST_02205,Medium,12,5
TKT_000993,CUST_00112,Medium,30,5
TKT_000994,CUST_03035,Low,37,4
TKT_000995,CUST_01097,Low,48,4
TKT_000996,CUST_01297,Low,69,4
TKT_000997,CUST_00958,Low,66,5
TKT_000998,CUST_04832,Low,64,5
TKT_000999,CUST_04969,Low,58,5
TKT_001000,CUST_04087,Low,14,3
TKT_001001,CUST_00094,High,35,4
TKT_001002,CUST_02767,Medium,33,1
TKT_001003,CUST_00668,Medium,12,1
TKT_001004,CUST_00515,Low,50,3
TKT_001005,CUST_01244,Low,20,5
TKT_001006,CUST_03077,Medium,44,3
TKT_001007,CUST_04290,Low,34,2
TKT_001008,CUST_02102,Low,45,3
TKT_001009,CUST_03024,High,60,3
TKT_001010,CUST_00812,Low,60,5
TKT_001011,CUST_01521,Low,46,5
TKT_001012,CUST_01479,Critical,17,5
TKT_001013,CUST_03864,Low,21,5
TKT_001014,CUST_02002,Medium,43,3
TKT_001015,CUST_01032,High,13,4
TKT_001016,CUST_02139,Low,18,5
TKT_001017,CUST_04442,High,35,3
TKT_001018,CUST_03070,Medium,14,5
TKT_001019,CUST_00351,High,66,2
TKT_001020,CUST_04306,Low,23,4
TKT_001021,CUST_02306,Critical,16,5
TKT_001022,CUST_04792,Medium,53,4
TKT_001023,CUST_01265,Medium,47,3
TKT_001024,CUST_01558,High,38,5
TKT_001025,CUST_04961,Medium,12,3
TKT_001026,CUST_00786,Low,57,4
TKT_001027,CUST_03907,Low,47,3
TKT_001028,CUST_04207,Low,43,4
TKT_001029,CUST_03434,Medium,38,3
TKT_001030,CUST_02308,High,71,2
TKT_001031,CUST_00666,Medium,55,5
TKT_001032,CUST_00561,Medium,42,2
TKT_001033,CUST_03658,Medium,44,4
TKT_001034,CUST_04149,Low,57,5
TKT_001035,CUST_04998,Medium,69,4
TKT_001036,CUST_02192,Low,43,5
TKT_001037,CUST_01543,Low,15,4
TKT_001038,CUST_02851,Medium,64,5
TKT_001039,CUST_00718,Low,36,1
TKT_001040,CUST_03140,Low,50,5
TKT_001041,CUST_02921,Medium,40,5
TKT_001042,CUST_00655,Medium,68,4
TKT_001043,CUST_01132,Medium,20,3
TKT_001044,CUST_01776,Critical,3,4
TKT_001045,CUST_03223,Medium,67,4
TKT_001046,CUST_03812,Medium,61,2
TKT_001047,CUST_01750,Low,16,5
TKT_001048,CUST_03211,Medium,63,4
TKT_001049,CUST_02728,Low,28,1
TKT_001050,CUST_02537,Medium,43,3
TKT_001051,CUST_01082,Low,17,3
TKT_001052,CUST_04184,Low,16,2
TKT_001053,CUST_03042,Medium,40,5
TKT_001054,CUST_02342,Medium,69,4
TKT_001055,CUST_03202,Low,39,3
TKT_001056,CUST_02088,Medium,21,4
TKT_001057,CUST_01080,Medium,34,5
TKT_001058,CUST_02760,Medium,60,3
TKT_001059,CUST_00291,Low,64,5
TKT_001060,CUST_04803,Medium,30,5
TKT_001061,CUST_03424,Low,15,5
TKT_001062,CUST_03167,Low,57,5
TKT_001063,CUST_03500,Medium,43,1
TKT_001064,CUST_04895,Low,31,1
TKT_001065,CUST_00844,Medium,57,2
TKT_001066,CUST_00914,High,39,5
TKT_001067,CUST_04440,Medium,65,3
TKT_001068,CUST_03991,Medium,71,5
TKT_001069,CUST_00977,Medium,47,5
TKT_001070,CUST_03327,High,34,5
TKT_001071,CUST_02093,Low,14,4
TKT_001072,CUST_01201,Medium,35,4
TKT_001073,CUST_01649,Medium,13,5
TKT_001074,CUST_00122,High,29,4
TKT_001075,CUST_04371,Low,60,4
TKT_001076,CUST_00960,Low,43,3
TKT_001077,CUST_03816,Critical,23,4
TKT_001078,CUST_04408,Low,57,3
TKT_001079,CUST_01353,Low,59,3
TKT_001080,CUST_00688,Medium,59,3
TKT_001081,CUST_02330,Medium,41,1
TKT_001082,CUST_00856,High,49,5
TKT_001083,CUST_04437,Medium,38,5
TKT_001084,CUST_00022,Medium,49,5
TKT_001085,CUST_02005,Low,49,5
TKT_001086,CUST_03953,Medium,25,4
TKT_001087,CUST_03887,Low,12,4
TKT_001088,CUST_00970,Low,63,5
TKT_001089,CUST_03779,High,12,3
TKT_001090,CUST_00345,Low,61,4
TKT_001091,CUST_01730,Medium,51,5
TKT_001092,CUST_03332,High,19,3
TKT_001093,CUST_04296,Low,28,3
TKT_001094,CUST_03608,Low,12,5
TKT_001095,CUST_03308,Medium,25,5
TKT_001096,CUST_00540,Low,54,3
TKT_001097,CUST_02294,Medium,55,3
TKT_001098,CUST_02061,Low,24,4
TKT_001099,CUST_03639,Critical,14,3
TKT_001100,CUST_01489,High,24,5
TKT_001101,CUST_00286,High,14,5
TKT_001102,CUST_01238,Low,66,3
TKT_001103,CUST_00113,Low,33,4
TKT_001104,CUST_04434,Low,46,1
TKT_001105,CUST_00090,Medium,67,4
TKT_001106,CUST_02807,Low,25,1
TKT_001107,CUST_01500,High,51,4
TKT_001108,CUST_01054,Medium,56,2
TKT_001109,CUST_01564,Medium,33,5
TKT_001110,CUST_00357,Medium,44,4
TKT_001111,CUST_03727,Medium,23,5
TKT_001112,CUST_04555,Low,35,5
TKT_001113,CUST_00471,Low,16,2
TKT_001114,CUST_02915,Medium,68,4
TKT_001115,CUST_02987,Medium,20,2
TKT_001116,CUST_02621,Low,13,4
TKT_001117,CUST_03263,High,70,4
TKT_001118,CUST_01142,High,42,5
TKT_001119,CUST_04404,Low,57,5
TKT_001120,CUST_04660,Medium,40,4
TKT_001121,CUST_01039,Low,40,5
TKT_001122,CUST_03868,Low,65,4
TKT_001123,CUST_03551,High,47,1
TKT_001124,CUST_04706,Critical,13,4
TKT_001125,CUST_00055,Medium,41,5
TKT_001126,CUST_01302,High,33,3
TKT_001127,CUST_04509,Medium,66,3
TKT_001128,CUST_03912,Medium,32,2
TKT_001129,CUST_03468,Medium,52,5
TKT_001130,CUST_01495,Low,60,4
TKT_001131,CUST_04134,Low,23,3
TKT_001132,CUST_03704,Medium,18,5
TKT_001133,CUST_04866,Medium,36,5
TKT_001134,CUST_00183,Medium,19,5
TKT_001135,CUST_01237,Medium,44,5
TKT_001136,CUST_04222,Low,27,5
TKT_001137,CUST_04236,Low,51,5
TKT_001138,CUST_00621,Medium,56,4
TKT_001139,CUST_01545,Low,62,3
TKT_001140,CUST_04128,High,56,2
TKT_001141,CUST_00235,Medium,21,4
TKT_001142,CUST_00073,Low,23,3
TKT_001143,CUST_04568,Medium,33,2
TKT_001144,CUST_01790,Medium,68,5
TKT_001145,CUST_00628,Medium,18,3
TKT_001146,CUST_00668,Critical,6,4
TKT_001147,CUST_04024,Medium,32,4
TKT_001148,CUST_00594,High,51,4
TKT_001149,CUST_02667,High,67,5
TKT_001150,CUST_03813,Low,49,5
TKT_001151,CUST_02340,Low,33,3
TKT_001152,CUST_03360,Medium,20,2
TKT_001153,CUST_02261,Medium,31,3
TKT_001154,CUST_04263,High,24,4
TKT_001155,CUST_00969,Medium,62,1
TKT_001156,CUST_02028,Medium,35,4
TKT_001157,CUST_00179,Medium,41,4
TKT_001158,CUST_02052,Medium,52,1
TKT_001159,CUST_04432,Low,63,4
TKT_001160,CUST_00195,Low,61,3
TKT_001161,CUST_03536,Medium,65,2
TKT_001162,CUST_02941,Medium,68,5
TKT_001163,CUST_02818,Medium,29,3
TKT_001164,CUST_03629,Low,36,4
TKT_001165,CUST_01232,Low,64,4
TKT_001166,CUST_03699,Medium,31,4
TKT_001167,CUST_01960,Critical,2,3
TKT_001168,CUST_01527,High,51,3
TKT_001169,CUST_02178,Medium,45,4
TKT_001170,CUST_03073,High,34,5
TKT_001171,CUST_03520,Low,37,5
TKT_001172,CUST_01696,High,34,4
TKT_001173,CUST_04120,Medium,60,4
TKT_001174,CUST_00377,Medium,53,5
TKT_001175,CUST_00779,Low,58,3
TKT_001176,CUST_03344,High,67,1
TKT_001177,CUST_03596,Medium,44,4
TKT_001178,CUST_02500,Low,36,1
TKT_001179,CUST_04996,Low,45,1
TKT_001180,CUST_00587,Low,37,1
TKT_001181,CUST_01055,Medium,50,4
TKT_001182,CUST_03000,Low,16,4
TKT_001183,CUST_00610,Medium,40,3
TKT_001184,CUST_02177,High,41,4
TKT_001185,CUST_02501,Critical,3,4
TKT_001186,CUST_00807,Low,71,4
TKT_001187,CUST_02484,Low,38,2
TKT_001188,CUST_02700,Low,48,5
TKT_001189,CUST_01352,Low,64,3
TKT_001190,CUST_00109,High,36,3
TKT_001191,CUST_00526,Medium,54,4
TKT_001192,CUST_01499,Medium,21,5
TKT_001193,CUST_00950,Low,55,3
TKT_001194,CUST_01668,Medium,45,3
TKT_001195,CUST_03185,Critical,14,3
TKT_001196,CUST_04948,Medium,23,4
TKT_001197,CUST_00606,Critical,13,5
TKT_001198,CUST_02395,Low,50,5
TKT_001199,CUST_01625,Low,30,3
TKT_001200,CUST_04918,Critical,3,5
TKT_001201,CUST_04403,Medium,40,2
TKT_001202,CUST_01058,Low,13,2
TKT_001203,CUST_01369,Low,37,3
TKT_001204,CUST_01672,Medium,56,3
TKT_001205,CUST_04634,Medium,48,5
TKT_001206,CUST_03739,High,59,5
TKT_001207,CUST_00928,Low,62,3
TKT_001208,CUST_03626,Medium,45,4
TKT_001209,CUST_02737,Medium,41,4
TKT_001210,CUST_00705,Medium,23,5
TKT_001211,CUST_00283,Medium,31,4
TKT_001212,CUST_03830,Medium,68,3
TKT_001213,CUST_03684,Low,44,5
TKT_001214,CUST_00971,Medium,20,4
TKT_001215,CUST_04073,Low,66,5
TKT_001216,CUST_00489,Low,13,4
TKT_001217,CUST_03107,Low,39,3
TKT_001218,CUST_02854,Low,45,5
TKT_001219,CUST_02090,Medium,32,5
TKT_001220,CUST_00170,Low,30,5
TKT_001221,CUST_04017,Medium,25,5
TKT_001222,CUST_01593,Critical,18,3
TKT_001223,CUST_04964,Low,67,5
TKT_001224,CUST_00566,Low,16,4
TKT_001225,CUST_01418,Medium,32,4
TKT_001226,CUST_03368,Low,33,1
TKT_001227,CUST_00385,Medium,70,4
TKT_001228,CUST_02646,Low,51,5
TKT_001229,CUST_03136,Low,31,4
TKT_001230,CUST_04177,High,39,3
TKT_001231,CUST_03257,Low,43,1
TKT_001232,CUST_00238,Low,56,4
TKT_001233,CUST_03441,Low,30,4
TKT_001234,CUST_04833,Low,39,4
TKT_001235,CUST_04936,Low,34,4
TKT_001236,CUST_01933,Low,44,5
TKT_001237,CUST_03162,Medium,29,4
TKT_001238,CUST_02577,Medium,46,4
TKT_001239,CUST_04184,Medium,57,4
TKT_001240,CUST_02072,Medium,48,4
TKT_001241,CUST_00332,High,53,4
TKT_001242,CUST_03130,Critical,1,1
TKT_001243,CUST_02512,Medium,55,5
TKT_001244,CUST_03050,High,30,3
TKT_001245,CUST_04285,Medium,37,3
TKT_001246,CUST_03536,Medium,47,4
TKT_001247,CUST_00353,Medium,54,3
TKT_001248,CUST_03123,High,37,4
TKT_001249,CUST_02032,Medium,18,2
TKT_001250,CUST_00860,Medium,34,4
TKT_001251,CUST_02927,Medium,16,5
TKT_001252,CUST_04263,High,64,4
TKT_001253,CUST_04045,Critical,15,5
TKT_001254,CUST_04197,Low,47,4
TKT_001255,CUST_04621,Medium,43,5
TKT_001256,CUST_01171,Low,26,3
TKT_001257,CUST_04584,Low,38,3
TKT_001258,CUST_02129,High,28,5
TKT_001259,CUST_02628,Medium,31,5
TKT_001260,CUST_04918,Low,68,5
TKT_001261,CUST_03634,Medium,27,5
TKT_001262,CUST_01606,Medium,59,2
TKT_001263,CUST_02934,Low,53,5
TKT_001264,CUST_00072,Low,70,3
TKT_001265,CUST_02293,Medium,39,2
TKT_001266,CUST_04675,Low,42,1
TKT_001267,CUST_01234,Low,69,3
TKT_001268,CUST_00194,Low,27,4
TKT_001269,CUST_04634,High,25,3
TKT_001270,CUST_04428,Low,58,5
TKT_001271,CUST_03583,High,21,2
TKT_001272,CUST_04389,Medium,13,2
TKT_001273,CUST_00730,Low,44,3
TKT_001274,CUST_00036,Medium,52,1
TKT_001275,CUST_00245,Medium,33,5
TKT_001276,CUST_03467,High,13,2
TKT_001277,CUST_03768,High,18,3
TKT_001278,CUST_04286,Low,63,4
TKT_001279,CUST_01782,Medium,52,3
TKT_001280,CUST_02855,Low,70,5
TKT_001281,CUST_01216,Low,56,5
TKT_001282,CUST_00616,Low,55,1
TKT_001283,CUST_04164,Medium,41,4
TKT_001284,CUST_00454,Low,49,2
TKT_001285,CUST_03305,Medium,50,4
TKT_001286,CUST_01532,High,30,4
TKT_001287,CUST_04562,Medium,58,5
TKT_001288,CUST_01776,High,49,4
TKT_001289,CUST_02490,Low,28,5
TKT_001290,CUST_01150,Medium,48,5
TKT_001291,CUST_03707,High,21,2
TKT_001292,CUST_04229,Low,26,4
TKT_001293,CUST_04988,Medium,16,2
TKT_001294,CUST_04492,Low,61,3
TKT_001295,CUST_02138,Medium,49,3
TKT_001296,CUST_00083,Medium,54,3
TKT_001297,CUST_01524,High,46,5
TKT_001298,CUST_03381,Medium,15,3
TKT_001299,CUST_02580,High,46,5
TKT_001300,CUST_04937,Low,12,1
TKT_001301,CUST_01108,Medium,28,4
TKT_001302,CUST_02075,Medium,32,3
TKT_001303,CUST_04475,Medium,57,5
TKT_001304,CUST_01925,Medium,69,5
TKT_001305,CUST_04313,Critical,13,4
TKT_001306,CUST_00381,Low,16,4
TKT_001307,CUST_00637,Low,71,5
TKT_001308,CUST_00800,Critical,14,3
TKT_001309,CUST_03784,Medium,47,3
TKT_001310,CUST_04013,Medium,49,4
TKT_001311,CUST_02556,Low,20,4
TKT_001312,CUST_00283,Low,31,5
TKT_001313,CUST_04310,Low,57,4
TKT_001314,CUST_01180,Low,68,4
TKT_001315,CUST_02047,Medium,53,5
TKT_001316,CUST_00855,Medium,66,4
TKT_001317,CUST_00617,High,56,3
TKT_001318,CUST_03231,Low,25,4
TKT_001319,CUST_02089,Low,31,5
TKT_001320,CUST_03874,Medium,37,2
TKT_001321,CUST_04615,Low,15,5
TKT_001322,CUST_01029,High,62,5
TKT_001323,CUST_01045,Medium,50,4
TKT_001324,CUST_00646,Critical,20,2
TKT_001325,CUST_00941,Low,53,1
TKT_001326,CUST_04338,Low,63,4
TKT_001327,CUST_00343,Low,22,3
TKT_001328,CUST_01667,Low,18,3
TKT_001329,CUST_02465,Medium,66,3
TKT_001330,CUST_00038,High,55,5
TKT_001331,CUST_04432,Low,42,5
TKT_001332,CUST_02161,Low,61,1
TKT_001333,CUST_00251,Low,19,5
TKT_001334,CUST_03417,Medium,34,4
TKT_001335,CUST_03946,Medium,59,4
TKT_001336,CUST_00264,Medium,26,1
TKT_001337,CUST_04995,Medium,12,4
TKT_001338,CUST_04677,Medium,58,3
TKT_001339,CUST_01415,Medium,21,4
TKT_001340,CUST_01622,High,52,3
TKT_001341,CUST_01754,Low,35,5
TKT_001342,CUST_00562,Low,26,3
TKT_001343,CUST_03583,Low,60,4
TKT_001344,CUST_01158,Low,59,4
TKT_001345,CUST_01766,Low,32,5
TKT_001346,CUST_04157,Low,33,3
TKT_001347,CUST_03836,Low,35,5
TKT_001348,CUST_03542,Medium,21,5
TKT_001349,CUST_03130,Medium,34,5
TKT_001350,CUST_03257,Low,27,5
TKT_001351,CUST_03104,Medium,16,4
TKT_001352,CUST_04753,Medium,44,2
TKT_001353,CUST_04265,Low,47,4
TKT_001354,CUST_01046,Critical,12,4
TKT_001355,CUST_02858,Low,51,4
TKT_001356,CUST_01103,Medium,69,4
TKT_001357,CUST_02736,Critical,20,2
TKT_001358,CUST_00387,Medium,13,4
TKT_001359,CUST_01613,Medium,45,1
TKT_001360,CUST_01566,High,42,1
TKT_001361,CUST_03356,Low,51,4
TKT_001362,CUST_02377,Low,55,2
TKT_001363,CUST_02508,Medium,56,4
TKT_001364,CUST_02201,High,30,2
TKT_001365,CUST_04005,Medium,48,5
TKT_001366,CUST_02773,Critical,10,2
TKT_001367,CUST_00807,Low,29,4
TKT_001368,CUST_03784,High,67,4
TKT_001369,CUST_03030,High,61,4
TKT_001370,CUST_00641,Medium,14,4
TKT_001371,CUST_04087,Critical,3,4
TKT_001372,CUST_02996,Low,34,5
TKT_001373,CUST_02239,Critical,20,2
TKT_001374,CUST_02100,High,12,1
TKT_001375,CUST_02643,Low,61,4
TKT_001376,CUST_02389,Medium,18,5
TKT_001377,CUST_04113,Medium,67,4
TKT_001378,CUST_04086,Low,33,4
TKT_001379,CUST_00242,Low,14,3
TKT_001380,CUST_03750,Low,30,5
TKT_001381,CUST_04747,Medium,41,5
TKT_001382,CUST_01435,Medium,20,4
TKT_001383,CUST_04390,High,46,3
TKT_001384,CUST_01434,Low,65,4
TKT_001385,CUST_04769,Medium,46,3
TKT_001386,CUST_01440,Low,24,4
TKT_001387,CUST_04278,Medium,37,1
TKT_001388,CUST_02969,High,56,2
TKT_001389,CUST_04888,Low,62,3
TKT_001390,CUST_04763,Low,39,5
TKT_001391,CUST_04822,Medium,36,4
TKT_001392,CUST_04449,Low,67,4
TKT_001393,CUST_04165,Medium,50,4
TKT_001394,CUST_00477,Low,14,4
TKT_001395,CUST_04421,Low,22,1
TKT_001396,CUST_03566,Medium,41,3
TKT_001397,CUST_01319,High,64,1
TKT_001398,CUST_04179,Medium,44,1
TKT_001399,CUST_03658,Low,45,1
TKT_001400,CUST_01289,Low,52,5
TKT_001401,CUST_00269,Critical,18,3
TKT_001402,CUST_02936,High,16,1
TKT_001403,CUST_04397,Low,42,1
TKT_001404,CUST_01022,High,15,4
TKT_001405,CUST_00090,Critical,11,4
TKT_001406,CUST_01926,Low,70,3
TKT_001407,CUST_04456,Medium,28,3
TKT_001408,CUST_03074,Medium,33,3
TKT_001409,CUST_03248,Low,49,3
TKT_001410,CUST_01149,Low,35,5
TKT_001411,CUST_04823,Low,42,5
TKT_001412,CUST_01603,High,60,4
TKT_001413,CUST_01803,High,63,3
TKT_001414,CUST_00005,Low,60,3
TKT_001415,CUST_02165,Medium,57,5
TKT_001416,CUST_03062,Medium,36,1
TKT_001417,CUST_00431,Medium,49,4
TKT_001418,CUST_00390,Medium,66,4
TKT_001419,CUST_03551,Medium,43,3
TKT_001420,CUST_03543,Low,60,2
TKT_001421,CUST_01374,Low,37,4
TKT_001422,CUST_04840,Medium,47,4
TKT_001423,CUST_04180,Medium,38,4
TKT_001424,CUST_02649,Medium,34,5
TKT_001425,CUST_03299,Medium,31,3
TKT_001426,CUST_00453,Medium,57,5
TKT_001427,CUST_00323,Medium,38,1
TKT_001428,CUST_04015,Critical,10,1
TKT_001429,CUST_01989,Low,28,5
TKT_001430,CUST_01129,High,25,3
TKT_001431,CUST_01110,Low,14,3
TKT_001432,CUST_02551,Medium,51,1
TKT_001433,CUST_00506,Medium,38,1
TKT_001434,CUST_01180,Low,56,4
TKT_001435,CUST_00496,Critical,19,4
TKT_001436,CUST_00386,Low,25,5
TKT_001437,CUST_03535,Medium,39,3
TKT_001438,CUST_03615,High,55,5
TKT_001439,CUST_04772,Low,36,3
TKT_001440,CUST_01897,Critical,18,4
TKT_001441,CUST_03855,Medium,22,3
TKT_001442,CUST_03518,High,71,5
TKT_001443,CUST_02335,Medium,63,5
TKT_001444,CUST_04297,Medium,23,4
TKT_001445,CUST_00811,Low,69,3
TKT_001446,CUST_00883,Medium,44,5
TKT_001447,CUST_01403,Low,31,3
TKT_001448,CUST_03795,Medium,65,5
TKT_001449,CUST_01289,Low,45,3
TKT_001450,CUST_00898,Low,34,4
TKT_001451,CUST_02405,Low,30,5
TKT_001452,CUST_01217,High,67,5
TKT_001453,CUST_02956,Medium,47,4
TKT_001454,CUST_04023,Medium,68,2
TKT_001455,CUST_02954,High,55,3
TKT_001456,CUST_03571,Medium,12,5
TKT_001457,CUST_01089,Low,21,5
TKT_001458,CUST_00317,Medium,12,2
TKT_001459,CUST_03819,Critical,3,5
TKT_001460,CUST_04555,Low,68,4
TKT_001461,CUST_00395,Medium,33,5
TKT_001462,CUST_01574,Medium,54,5
TKT_001463,CUST_03954,Low,13,2
TKT_001464,CUST_01063,Critical,16,3
TKT_001465,CUST_02197,Low,55,4
TKT_001466,CUST_02424,Low,18,3
TKT_001467,CUST_02414,Critical,5,4
TKT_001468,CUST_04552,Medium,32,4
TKT_001469,CUST_04372,Low,18,5
TKT_001470,CUST_03582,Low,70,2
TKT_001471,CUST_04259,High,20,4
TKT_001472,CUST_01643,Low,67,5
TKT_001473,CUST_04896,Medium,51,1
TKT_001474,CUST_04276,Low,20,4
TKT_001475,CUST_01543,Critical,16,3
TKT_001476,CUST_02900,Medium,62,5
TKT_001477,CUST_02035,Medium,60,4
TKT_001478,CUST_01479,Medium,23,3
TKT_001479,CUST_01012,High,55,5
TKT_001480,CUST_01432,Critical,12,3
TKT_001481,CUST_03257,Medium,20,3
TKT_001482,CUST_00457,High,21,4
TKT_001483,CUST_03065,Low,60,4
TKT_001484,CUST_04052,Low,21,5
TKT_001485,CUST_03577,High,55,4
TKT_001486,CUST_02293,Medium,28,4
TKT_001487,CUST_04880,High,49,3
TKT_001488,CUST_01139,Low,15,3
TKT_001489,CUST_02546,Medium,27,1
TKT_001490,CUST_01361,Medium,60,4
TKT_001491,CUST_03191,Medium,59,5
TKT_001492,CUST_00056,Low,47,3
TKT_001493,CUST_04520,High,38,5
TKT_001494,CUST_03192,Low,17,5
TKT_001495,CUST_04146,Medium,51,5
TKT_001496,CUST_03437,Medium,20,5
TKT_001497,CUST_01960,Medium,69,1
TKT_001498,CUST_02130,Medium,71,4
TKT_001499,CUST_04978,Critical,22,3
TKT_001500,CUST_00238,Low,49,5
TKT_001501,CUST_03040,Medium,41,5
TKT_001502,CUST_00389,Low,25,5
TKT_001503,CUST_03407,High,56,4
TKT_001504,CUST_00685,Medium,61,5
TKT_001505,CUST_03984,Medium,40,2
TKT_001506,CUST_00187,Medium,39,3
TKT_001507,CUST_02744,Medium,33,4
TKT_001508,CUST_03429,Low,42,4
TKT_001509,CUST_02411,Critical,23,5
TKT_001510,CUST_03235,Medium,28,5
TKT_001511,CUST_03389,Medium,60,1
TKT_001512,CUST_02935,Medium,65,5
TKT_001513,CUST_04372,High,26,3
TKT_001514,CUST_04921,Low,58,4
TKT_001515,CUST_03970,Low,43,4
TKT_001516,CUST_03995,Low,39,4
TKT_001517,CUST_04573,Medium,22,4
TKT_001518,CUST_03250,Low,50,3
TKT_001519,CUST_02752,Medium,28,5
TKT_001520,CUST_01576,Low,23,2
TKT_001521,CUST_01260,Medium,62,3
TKT_001522,CUST_01057,Medium,62,4
TKT_001523,CUST_00545,Low,50,3
TKT_001524,CUST_00330,Low,63,5
TKT_001525,CUST_02170,High,20,5
TKT_001526,CUST_01579,Medium,36,2
TKT_001527,CUST_03007,High,37,4
TKT_001528,CUST_02524,Low,15,5
TKT_001529,CUST_02790,Critical,12,1
TKT_001530,CUST_04223,Medium,24,1
TKT_001531,CUST_02916,Low,40,5
TKT_001532,CUST_01773,Medium,65,3
TKT_001533,CUST_02139,Medium,58,5
TKT_001534,CUST_01957,Low,20,4
TKT_001535,CUST_02073,High,53,4
TKT_001536,CUST_02397,Medium,51,2
TKT_001537,CUST_02816,Low,18,4
TKT_001538,CUST_00873,High,18,4
TKT_001539,CUST_04342,Medium,32,4
TKT_001540,CUST_00257,Medium,20,5
TKT_001541,CUST_04918,Medium,61,1
TKT_001542,CUST_04033,Medium,56,3
TKT_001543,CUST_04886,Medium,38,1
TKT_001544,CUST_03261,Low,59,5
TKT_001545,CUST_00694,Medium,32,3
TKT_001546,CUST_04835,Medium,16,5
TKT_001547,CUST_04038,Medium,16,2
TKT_001548,CUST_04815,Medium,19,1
TKT_001549,CUST_00556,Medium,26,2
TKT_001550,CUST_03957,Medium,24,3
TKT_001551,CUST_01278,Medium,44,4
TKT_001552,CUST_04210,Low,55,1
TKT_001553,CUST_00948,Low,70,4
TKT_001554,CUST_04581,Medium,58,4
TKT_001555,CUST_04374,Low,43,3
TKT_001556,CUST_00398,Low,47,3
TKT_001557,CUST_00222,Low,60,2
TKT_001558,CUST_02366,Low,64,3
TKT_001559,CUST_01778,Low,34,4
TKT_001560,CUST_04061,Low,45,4
TKT_001561,CUST_03955,Low,29,5
TKT_001562,CUST_03523,Low,23,5
TKT_001563,CUST_04439,Low,34,4
TKT_001564,CUST_00775,Low,13,2
TKT_001565,CUST_00340,Medium,55,3
TKT_001566,CUST_00007,Low,38,4
TKT_001567,CUST_01297,Medium,61,4
TKT_001568,CUST_00288,Low,42,1
TKT_001569,CUST_00893,Low,59,3
TKT_001570,CUST_00717,Medium,33,2
TKT_001571,CUST_04280,Medium,16,4
TKT_001572,CUST_01854,Low,28,5
TKT_001573,CUST_00570,Low,54,2
TKT_001574,CUST_04719,Low,18,5
TKT_001575,CUST_00643,Medium,29,3
TKT_001576,CUST_03673,Low,13,4
TKT_001577,CUST_04081,Low,42,4
TKT_001578,CUST_03329,High,39,3
TKT_001579,CUST_02552,Low,14,3
TKT_001580,CUST_00110,Low,20,4
TKT_001581,CUST_03651,Low,44,5
TKT_001582,CUST_03220,Low,39,2
TKT_001583,CUST_00732,Low,71,3
TKT_001584,CUST_04310,High,39,5
TKT_001585,CUST_03044,High,67,5
TKT_001586,CUST_00568,Medium,29,3
TKT_001587,CUST_03049,Medium,26,2
TKT_001588,CUST_02872,Medium,22,4
TKT_001589,CUST_01358,Medium,36,4
TKT_001590,CUST_04943,Medium,16,3
TKT_001591,CUST_01072,Medium,52,5
TKT_001592,CUST_02247,Low,57,4
TKT_001593,CUST_02556,Low,38,3
TKT_001594,CUST_02377,High,23,3
TKT_001595,CUST_01921,Low,21,3
TKT_001596,CUST_00124,High,20,5
TKT_001597,CUST_00075,Medium,64,4
TKT_001598,CUST_01989,Medium,13,3
TKT_001599,CUST_00157,Low,20,5
TKT_001600,CUST_03084,Low,58,1
TKT_001601,CUST_03819,Medium,67,5
TKT_001602,CUST_04039,Medium,62,5
TKT_001603,CUST_03692,Medium,27,5
TKT_001604,CUST_03980,Medium,12,3
TKT_001605,CUST_00083,Low,32,5
TKT_001606,CUST_04789,Medium,61,5
TKT_001607,CUST_03066,High,68,5
TKT_001608,CUST_02234,High,48,2
TKT_001609,CUST_01785,Medium,50,4
TKT_001610,CUST_02091,Low,12,5
TKT_001611,CUST_04169,Low,60,4
TKT_001612,CUST_04013,Medium,58,4
TKT_001613,CUST_01878,Medium,51,4
TKT_001614,CUST_02315,Medium,25,4
TKT_001615,CUST_01464,Medium,51,5
TKT_001616,CUST_03993,High,59,4
TKT_001617,CUST_02915,Low,55,5
TKT_001618,CUST_03525,High,43,4
TKT_001619,CUST_03373,Low,35,2
TKT_001620,CUST_01342,Low,50,1
TKT_001621,CUST_03935,High,48,4
TKT_001622,CUST_02702,High,44,5
TKT_001623,CUST_04045,Medium,41,5
TKT_001624,CUST_00034,High,67,5
TKT_001625,CUST_02146,High,37,4
TKT_001626,CUST_04806,Medium,54,3
TKT_001627,CUST_01280,Medium,66,4
TKT_001628,CUST_00405,Low,55,5
TKT_001629,CUST_04712,Low,25,2
TKT_001630,CUST_01925,Medium,23,3
TKT_001631,CUST_01858,Medium,55,5
TKT_001632,CUST_00882,Low,14,3
TKT_001633,CUST_02882,Medium,18,5
TKT_001634,CUST_02903,Critical,8,5
TKT_001635,CUST_01598,Medium,69,4
TKT_001636,CUST_01940,Critical,17,5
TKT_001637,CUST_01246,High,21,3
TKT_001638,CUST_00440,Medium,21,5
TKT_001639,CUST_04628,Low,47,3
TKT_001640,CUST_02825,Low,28,4
TKT_001641,CUST_00116,Medium,53,5
TKT_001642,CUST_04501,Medium,45,4
TKT_001643,CUST_01279,Low,29,4
TKT_001644,CUST_00297,High,37,4
TKT_001645,CUST_02949,Medium,71,1
TKT_001646,CUST_02606,Low,13,5
TKT_001647,CUST_01095,Medium,20,4
TKT_001648,CUST_04812,Low,65,4
TKT_001649,CUST_01075,Low,56,4
TKT_001650,CUST_00016,Low,16,4
TKT_001651,CUST_01528,Low,37,5
TKT_001652,CUST_00051,High,63,1
TKT_001653,CUST_03200,Medium,52,5
TKT_001654,CUST_03242,Medium,26,5
TKT_001655,CUST_01604,Medium,36,1
TKT_001656,CUST_03037,Medium,37,4
TKT_001657,CUST_02786,Medium,39,5
TKT_001658,CUST_01993,High,34,3
TKT_001659,CUST_02954,Medium,32,4
TKT_001660,CUST_00932,High,33,4
TKT_001661,CUST_02016,Medium,30,3
TKT_001662,CUST_04614,Low,61,3
TKT_001663,CUST_02139,Medium,21,5
TKT_001664,CUST_04290,High,53,5
TKT_001665,CUST_03401,High,47,5
TKT_001666,CUST_01088,Low,42,5
TKT_001667,CUST_04037,Low,42,2
TKT_001668,CUST_00226,Medium,46,5
TKT_001669,CUST_00445,Low,63,4
TKT_001670,CUST_02382,Low,69,4
TKT_001671,CUST_04042,Low,22,3
TKT_001672,CUST_03135,Low,28,5
TKT_001673,CUST_01903,Low,44,5
TKT_001674,CUST_04593,High,33,2
TKT_001675,CUST_03655,Low,54,5
TKT_001676,CUST_03604,Medium,37,3
TKT_001677,CUST_01483,Medium,47,2
TKT_001678,CUST_00245,High,59,2
TKT_001679,CUST_02112,Low,13,3
TKT_001680,CUST_04049,Low,43,5
TKT_001681,CUST_00805,High,14,4
TKT_001682,CUST_00932,High,67,5
TKT_001683,CUST_01761,Medium,49,5
TKT_001684,CUST_03117,Low,61,2
TKT_001685,CUST_00025,Low,34,4
TKT_001686,CUST_04396,Low,61,1
TKT_001687,CUST_00074,Low,12,3
TKT_001688,CUST_04248,Low,16,2
TKT_001689,CUST_04071,Low,55,5
TKT_001690,CUST_03163,Low,69,3
TKT_001691,CUST_04188,Medium,68,5
TKT_001692,CUST_02920,Medium,48,2
TKT_001693,CUST_02795,Low,12,3
TKT_001694,CUST_01411,Critical,17,4
TKT_001695,CUST_03487,Medium,63,5
TKT_001696,CUST_03613,Low,16,5
TKT_001697,CUST_04781,Low,29,2
TKT_001698,CUST_04468,Low,46,4
TKT_001699,CUST_01066,Medium,65,5
TKT_001700,CUST_03996,Low,65,1
TKT_001701,CUST_03759,Low,43,3
TKT_001702,CUST_00611,Medium,37,2
TKT_001703,CUST_04216,Medium,44,5
TKT_001704,CUST_01839,Low,53,5
TKT_001705,CUST_02096,Medium,35,3
TKT_001706,CUST_03574,Low,38,3
TKT_001707,CUST_00473,Medium,65,5
TKT_001708,CUST_01157,Low,30,2
TKT_001709,CUST_03191,Medium,29,5
TKT_001710,CUST_04420,Medium,26,1
TKT_001711,CUST_00052,Low,38,3
TKT_001712,CUST_02184,Low,68,4
TKT_001713,CUST_01428,Low,22,2
TKT_001714,CUST_02217,Low,35,1
TKT_001715,CUST_01824,Low,14,3
TKT_001716,CUST_04456,Low,50,4
TKT_001717,CUST_00068,Low,18,5
TKT_001718,CUST_03815,Low,23,5
TKT_001719,CUST_01174,High,44,4
TKT_001720,CUST_04577,High,33,4
TKT_001721,CUST_04317,Low,46,4
TKT_001722,CUST_00261,Medium,25,4
TKT_001723,CUST_02314,Critical,7,1
TKT_001724,CUST_03531,Medium,30,3
TKT_001725,CUST_01650,High,32,4
TKT_001726,CUST_00677,High,65,4
TKT_001727,CUST_03940,High,52,4
TKT_001728,CUST_04339,Low,56,4
TKT_001729,CUST_01936,Low,42,3
TKT_001730,CUST_01679,Low,16,2
TKT_001731,CUST_01193,Medium,46,1
TKT_001732,CUST_02623,Medium,28,4
TKT_001733,CUST_00666,Low,71,4
TKT_001734,CUST_04863,Low,43,3
TKT_001735,CUST_01602,Medium,62,3
TKT_001736,CUST_01910,Low,15,4
TKT_001737,CUST_00188,Medium,21,2
TKT_001738,CUST_00705,Medium,41,2
TKT_001739,CUST_03368,Medium,66,3
TKT_001740,CUST_04788,Low,48,5
TKT_001741,CUST_03454,High,62,5
TKT_001742,CUST_01367,Low,20,4
TKT_001743,CUST_02650,High,37,3
TKT_001744,CUST_00335,High,33,4
TKT_001745,CUST_04834,Medium,32,2
TKT_001746,CUST_02385,Medium,59,5
TKT_001747,CUST_00356,Low,34,2
TKT_001748,CUST_01923,High,23,5
TKT_001749,CUST_04328,Low,42,3
TKT_001750,CUST_03339,Medium,69,5
TKT_001751,CUST_00796,Low,28,3
TKT_001752,CUST_00190,High,51,5
TKT_001753,CUST_04144,High,66,5
TKT_001754,CUST_00814,Medium,56,5
TKT_001755,CUST_02103,Medium,32,2
TKT_001756,CUST_03411,Low,65,1
TKT_001757,CUST_02167,Medium,58,5
TKT_001758,CUST_02251,Medium,52,4
TKT_001759,CUST_01680,Medium,44,5
TKT_001760,CUST_02059,Medium,26,4
TKT_001761,CUST_04355,High,43,4
TKT_001762,CUST_04394,Low,70,5
TKT_001763,CUST_01221,High,46,4
TKT_001764,CUST_01628,Medium,26,5
TKT_001765,CUST_02381,Low,40,1
TKT_001766,CUST_01400,Medium,22,5
TKT_001767,CUST_00134,High,40,4
TKT_001768,CUST_02164,Medium,52,3
TKT_001769,CUST_02710,Medium,62,4
TKT_001770,CUST_01280,High,33,4
TKT_001771,CUST_00553,High,37,1
TKT_001772,CUST_04789,Critical,5,4
TKT_001773,CUST_02087,Low,36,1
TKT_001774,CUST_03895,Medium,32,4
TKT_001775,CUST_04576,High,35,3
TKT_001776,CUST_02974,Medium,61,5
TKT_001777,CUST_01154,Medium,70,1
TKT_001778,CUST_04159,Medium,67,3
TKT_001779,CUST_00955,Low,39,4
TKT_001780,CUST_02578,Low,64,4
TKT_001781,CUST_03789,Low,14,5
TKT_001782,CUST_03069,Medium,24,2
TKT_001783,CUST_00236,Low,49,3
TKT_001784,CUST_03752,High,17,4
TKT_001785,CUST_03644,Low,22,3
TKT_001786,CUST_01109,Low,67,3
TKT_001787,CUST_01797,Critical,4,5
TKT_001788,CUST_03474,Medium,20,2
TKT_001789,CUST_01391,Low,60,3
TKT_001790,CUST_03132,High,67,3
TKT_001791,CUST_02212,Medium,28,5
TKT_001792,CUST_04978,Medium,20,5
TKT_001793,CUST_02642,High,70,4
TKT_001794,CUST_03229,Low,69,5
TKT_001795,CUST_00927,Low,30,4
TKT_001796,CUST_02922,High,46,3
TKT_001797,CUST_02957,Low,43,3
TKT_001798,CUST_03828,High,39,3
TKT_001799,CUST_03446,Low,39,4
TKT_001800,CUST_04039,Low,57,2
TKT_001801,CUST_00121,Medium,26,3
TKT_001802,CUST_00966,Medium,30,4
TKT_001803,CUST_02050,Low,44,5
TKT_001804,CUST_04214,Low,34,4
TKT_001805,CUST_03720,Critical,2,5
TKT_001806,CUST_03914,High,15,3
TKT_001807,CUST_04735,Low,58,5
TKT_001808,CUST_03825,Medium,58,3
TKT_001809,CUST_04470,Medium,42,5
TKT_001810,CUST_03180,High,46,5
TKT_001811,CUST_03371,Medium,16,5
TKT_001812,CUST_03505,High,71,4
TKT_001813,CUST_04042,High,44,2
TKT_001814,CUST_01924,Medium,59,5
TKT_001815,CUST_03817,Low,43,5
TKT_001816,CUST_03092,Medium,59,5
TKT_001817,CUST_01777,High,59,4
TKT_001818,CUST_00772,Medium,26,4
TKT_001819,CUST_04657,High,70,1
TKT_001820,CUST_03578,High,48,1
TKT_001821,CUST_01539,Low,45,4
TKT_001822,CUST_02868,Medium,51,2
TKT_001823,CUST_03550,Medium,58,4
TKT_001824,CUST_00804,Low,20,5
TKT_001825,CUST_04777,Medium,52,3
TKT_001826,CUST_03270,Low,46,5
TKT_001827,CUST_00179,High,58,5
TKT_001828,CUST_00615,High,35,5
TKT_001829,CUST_01755,Low,29,1
TKT_001830,CUST_00047,Medium,28,4
TKT_001831,CUST_03684,Medium,12,3
TKT_001832,CUST_02535,Medium,66,5
TKT_001833,CUST_00216,Medium,22,2
TKT_001834,CUST_02940,Low,44,3
TKT_001835,CUST_02900,Low,17,4
TKT_001836,CUST_02877,Low,67,3
TKT_001837,CUST_01237,High,40,3
TKT_001838,CUST_01008,Medium,69,4
TKT_001839,CUST_04830,Critical,6,2
TKT_001840,CUST_02139,Medium,31,1
TKT_001841,CUST_04411,Medium,29,2
TKT_001842,CUST_02160,Medium,25,4
TKT_001843,CUST_03185,Medium,56,4
TKT_001844,CUST_00374,Low,70,4
TKT_001845,CUST_01287,Low,54,4
TKT_001846,CUST_00368,Low,31,4
TKT_001847,CUST_04474,High,68,3
TKT_001848,CUST_04925,Medium,29,4
TKT_001849,CUST_04921,Low,64,4
TKT_001850,CUST_03926,Low,38,4
TKT_001851,CUST_04770,Medium,29,3
TKT_001852,CUST_03117,Medium,28,5
TKT_001853,CUST_01295,Medium,71,5
TKT_001854,CUST_03977,Critical,17,5
TKT_001855,CUST_00174,Medium,16,3
TKT_001856,CUST_04132,Low,17,5
TKT_001857,CUST_04398,Low,65,2
TKT_001858,CUST_04982,Low,51,5
TKT_001859,CUST_02081,Low,47,3
TKT_001860,CUST_03835,Medium,44,4
TKT_001861,CUST_02430,Low,26,4
TKT_001862,CUST_02774,Medium,50,3
TKT_001863,CUST_00693,Medium,27,3
TKT_001864,CUST_04691,Low,49,5
TKT_001865,CUST_03030,Low,50,5
TKT_001866,CUST_00874,Medium,35,4
TKT_001867,CUST_04415,High,32,3
TKT_001868,CUST_03097,Low,49,5
TKT_001869,CUST_00758,Medium,24,5
TKT_001870,CUST_03625,Medium,40,5
TKT_001871,CUST_02107,Medium,45,4
TKT_001872,CUST_04273,Medium,16,1
TKT_001873,CUST_01566,High,14,5
TKT_001874,CUST_03117,Low,32,5
TKT_001875,CUST_03524,Low,20,3
TKT_001876,CUST_00309,Medium,14,4
TKT_001877,CUST_00154,High,55,3
TKT_001878,CUST_00967,Low,41,3
TKT_001879,CUST_01164,Medium,14,1
TKT_001880,CUST_02817,Low,60,3
TKT_001881,CUST_00385,High,58,3
TKT_001882,CUST_03720,Medium,71,1
TKT_001883,CUST_02796,Low,60,4
TKT_001884,CUST_04720,Medium,50,3
TKT_001885,CUST_01057,Medium,52,4
TKT_001886,CUST_01732,Low,61,4
TKT_001887,CUST_03443,High,45,3
TKT_001888,CUST_01670,Low,28,3
TKT_001889,CUST_04077,Medium,64,4
TKT_001890,CUST_04028,Medium,69,5
TKT_001891,CUST_03775,High,66,4
TKT_001892,CUST_01460,Low,25,2
TKT_001893,CUST_00006,Medium,60,4
TKT_001894,CUST_04787,Low,22,5
TKT_001895,CUST_01642,High,67,3
TKT_001896,CUST_03830,Low,12,4
TKT_001897,CUST_04881,Medium,12,1
TKT_001898,CUST_00617,Medium,63,5
TKT_001899,CUST_00886,Low,26,3
TKT_001900,CUST_02071,Low,13,5
TKT_001901,CUST_00161,Low,23,3
TKT_001902,CUST_01218,High,56,5
TKT_001903,CUST_04179,Medium,68,4
TKT_001904,CUST_00168,High,53,2
TKT_001905,CUST_03913,Low,13,3
TKT_001906,CUST_02703,Low,34,5
TKT_001907,CUST_02603,High,45,5
TKT_001908,CUST_04440,Medium,28,5
TKT_001909,CUST_04108,Medium,52,5
TKT_001910,CUST_03606,High,25,1
TKT_001911,CUST_01554,Critical,19,4
TKT_001912,CUST_00450,Low,31,5
TKT_001913,CUST_04670,Low,55,1
TKT_001914,CUST_04028,Low,18,4
TKT_001915,CUST_02538,High,12,4
TKT_001916,CUST_02710,Low,67,5
TKT_001917,CUST_04561,Medium,59,3
TKT_001918,CUST_02958,High,26,5
TKT_001919,CUST_02665,Medium,56,3
TKT_001920,CUST_01790,Low,49,5
TKT_001921,CUST_04103,Medium,45,4
TKT_001922,CUST_03235,Low,20,2
TKT_001923,CUST_00319,Medium,12,5
TKT_001924,CUST_02178,Low,20,4
TKT_001925,CUST_02157,Low,53,4
TKT_001926,CUST_02554,High,13,4
TKT_001927,CUST_00429,Critical,21,3
TKT_001928,CUST_04340,Critical,13,5
TKT_001929,CUST_02486,Low,62,3
TKT_001930,CUST_04403,High,71,4
TKT_001931,CUST_00901,Medium,25,5
TKT_001932,CUST_01621,High,46,2
TKT_001933,CUST_03399,High,27,3
TKT_001934,CUST_00749,Critical,1,3
TKT_001935,CUST_04873,Low,52,4
TKT_001936,CUST_04290,Medium,42,4
TKT_001937,CUST_02412,Medium,13,3
TKT_001938,CUST_01028,Low,43,3
TKT_001939,CUST_04245,Low,47,4
TKT_001940,CUST_03133,Low,67,4
TKT_001941,CUST_02842,High,22,5
TKT_001942,CUST_01141,High,19,4
TKT_001943,CUST_00238,Medium,59,1
TKT_001944,CUST_04826,Medium,16,5
TKT_001945,CUST_04554,Low,45,3
TKT_001946,CUST_02533,Medium,43,4
TKT_001947,CUST_01755,Low,58,3
TKT_001948,CUST_04810,Medium,17,2
TKT_001949,CUST_01611,High,19,4
TKT_001950,CUST_03119,Medium,45,5
TKT_001951,CUST_04440,Medium,15,3
TKT_001952,CUST_01488,Low,47,4
TKT_001953,CUST_04759,Low,55,4
TKT_001954,CUST_03195,Medium,36,2
TKT_001955,CUST_00246,Low,37,5
TKT_001956,CUST_01278,Low,44,4
TKT_001957,CUST_02329,Low,20,1
TKT_001958,CUST_01557,Medium,58,4
TKT_001959,CUST_01558,Low,19,1
TKT_001960,CUST_02223,Medium,28,5
TKT_001961,CUST_02333,Medium,26,3
TKT_001962,CUST_00305,Low,53,4
TKT_001963,CUST_02923,Low,65,5
TKT_001964,CUST_00793,High,24,1
TKT_001965,CUST_00407,Medium,54,4
TKT_001966,CUST_04428,Low,59,4
TKT_001967,CUST_02353,Medium,69,4
TKT_001968,CUST_02038,Low,58,3
TKT_001969,CUST_02967,Low,61,4
TKT_001970,CUST_02717,Medium,55,3
TKT_001971,CUST_02821,Low,14,4
TKT_001972,CUST_04647,Medium,71,4
TKT_001973,CUST_03043,Low,64,2
TKT_001974,CUST_04003,Low,67,1
TKT_001975,CUST_01361,Low,65,2
TKT_001976,CUST_01054,Low,68,1
TKT_001977,CUST_00440,High,23,3
TKT_001978,CUST_04354,Low,40,1
TKT_001979,CUST_00783,Critical,4,4
TKT_001980,CUST_02611,Critical,12,4
TKT_001981,CUST_01815,Medium,43,3
TKT_001982,CUST_00234,Medium,48,1
TKT_001983,CUST_02074,High,31,2
TKT_001984,CUST_02432,Low,19,4
TKT_001985,CUST_04489,Low,48,3
TKT_001986,CUST_00462,Low,42,3
TKT_001987,CUST_01752,Medium,42,1
TKT_001988,CUST_00839,Low,36,4
TKT_001989,CUST_03210,High,61,5
TKT_001990,CUST_02785,Medium,51,3
TKT_001991,CUST_04206,High,56,2
TKT_001992,CUST_01352,Low,60,5
TKT_001993,CUST_00206,Medium,19,4
TKT_001994,CUST_01095,Medium,41,1
TKT_001995,CUST_04306,Low,41,4
TKT_001996,CUST_00185,High,68,1
TKT_001997,CUST_02793,Medium,38,1
TKT_001998,CUST_04987,Low,46,3
TKT_001999,CUST_04495,Critical,2,4
TKT_002000,CUST_02730,Medium,55,5
TKT_002001,CUST_00314,Low,24,5
TKT_002002,CUST_00228,Low,32,2
TKT_002003,CUST_03094,Medium,20,4
TKT_002004,CUST_03958,Medium,35,4
TKT_002005,CUST_04096,Medium,59,4
TKT_002006,CUST_02740,Medium,44,5
TKT_002007,CUST_00927,Low,12,5
TKT_002008,CUST_03337,Low,19,4
TKT_002009,CUST_03122,Medium,14,5
TKT_002010,CUST_02109,Medium,25,1
TKT_002011,CUST_02356,Low,25,4
TKT_002012,CUST_00537,Low,60,1
TKT_002013,CUST_04171,High,69,5
TKT_002014,CUST_01442,High,44,4
TKT_002015,CUST_03400,Medium,15,1
TKT_002016,CUST_03353,Low,49,4
TKT_002017,CUST_03147,Medium,36,5
TKT_002018,CUST_00609,Low,58,2
TKT_002019,CUST_00612,Medium,64,3
TKT_002020,CUST_01021,Medium,24,4
TKT_002021,CUST_04881,Medium,66,4
TKT_002022,CUST_00241,Low,52,4
TKT_002023,CUST_02053,Medium,64,1
TKT_002024,CUST_01603,High,50,5
TKT_002025,CUST_02405,Medium,36,3
TKT_002026,CUST_04490,Medium,49,5
TKT_002027,CUST_01415,Low,20,5
TKT_002028,CUST_00369,Medium,49,4
TKT_002029,CUST_02077,Medium,54,4
TKT_002030,CUST_01447,Low,49,4
TKT_002031,CUST_00009,Medium,46,1
TKT_002032,CUST_03517,Medium,64,5
TKT_002033,CUST_04430,Medium,40,5
TKT_002034,CUST_02278,Low,66,2
TKT_002035,CUST_00393,Low,61,2
TKT_002036,CUST_01852,Critical,17,1
TKT_002037,CUST_00779,Medium,49,3
TKT_002038,CUST_03432,Low,45,5
TKT_002039,CUST_01699,High,36,1
TKT_002040,CUST_03255,Low,53,4
TKT_002041,CUST_04483,Medium,39,3
TKT_002042,CUST_03272,Low,62,5
TKT_002043,CUST_03253,Critical,1,4
TKT_002044,CUST_03612,Low,66,5
TKT_002045,CUST_02613,Medium,50,5
TKT_002046,CUST_01846,Medium,48,4
TKT_002047,CUST_03509,Low,58,3
TKT_002048,CUST_03893,Low,53,4
TKT_002049,CUST_03112,Low,71,4
TKT_002050,CUST_04318,Critical,6,4
TKT_002051,CUST_01867,High,32,1
TKT_002052,CUST_01053,High,45,3
TKT_002053,CUST_00927,Low,30,4
TKT_002054,CUST_03773,Low,51,3
TKT_002055,CUST_03043,Medium,49,4
TKT_002056,CUST_04226,Medium,42,2
TKT_002057,CUST_02096,Medium,37,1
TKT_002058,CUST_03841,High,23,3
TKT_002059,CUST_00827,High,41,4
TKT_002060,CUST_03488,Low,37,1
TKT_002061,CUST_04696,Medium,59,4
TKT_002062,CUST_00770,Medium,42,3
TKT_002063,CUST_03971,Medium,59,5
TKT_002064,CUST_00457,Medium,26,5
TKT_002065,CUST_01073,High,21,3
TKT_002066,CUST_02776,Medium,47,5
TKT_002067,CUST_04631,Low,51,3
TKT_002068,CUST_02484,Medium,37,2
TKT_002069,CUST_02299,High,20,1
TKT_002070,CUST_02972,High,64,5
TKT_002071,CUST_03930,Low,28,3
TKT_002072,CUST_04401,Medium,17,5
TKT_002073,CUST_01643,Low,68,4
TKT_002074,CUST_01018,Low,33,2
TKT_002075,CUST_04043,Medium,27,3
TKT_002076,CUST_01464,Medium,33,4
TKT_002077,CUST_01512,Low,64,5
TKT_002078,CUST_03474,Medium,50,4
TKT_002079,CUST_04472,High,63,3
TKT_002080,CUST_03639,Medium,15,4
TKT_002081,CUST_01722,Low,15,3
TKT_002082,CUST_00687,Low,20,3
TKT_002083,CUST_04467,Low,25,3
TKT_002084,CUST_03484,Low,53,5
TKT_002085,CUST_04251,High,62,5
TKT_002086,CUST_03633,Medium,37,4
TKT_002087,CUST_04778,Low,14,2
TKT_002088,CUST_03278,Low,43,4
TKT_002089,CUST_03940,High,22,3
TKT_002090,CUST_02945,Medium,62,1
TKT_002091,CUST_03500,Medium,14,4
TKT_002092,CUST_02919,Medium,24,3
TKT_002093,CUST_01445,Low,55,3
TKT_002094,CUST_00088,Critical,17,4
TKT_002095,CUST_01530,Low,67,5
TKT_002096,CUST_03240,Medium,68,3
TKT_002097,CUST_03186,Low,35,5
TKT_002098,CUST_00013,Medium,31,5
TKT_002099,CUST_02929,High,21,3
TKT_002100,CUST_00320,Medium,34,5
TKT_002101,CUST_04388,Low,63,3
TKT_002102,CUST_04869,Medium,53,3
TKT_002103,CUST_01684,Low,44,3
TKT_002104,CUST_02450,Critical,6,3
TKT_002105,CUST_04254,Medium,46,4
TKT_002106,CUST_00384,Low,25,4
TKT_002107,CUST_04494,Low,64,4
TKT_002108,CUST_01097,Low,27,5
TKT_002109,CUST_00970,Medium,41,1
TKT_002110,CUST_02521,Medium,30,2
TKT_002111,CUST_03252,Low,44,5
TKT_002112,CUST_03675,High,52,1
TKT_002113,CUST_00194,Low,13,4
TKT_002114,CUST_02845,Low,61,4
TKT_002115,CUST_04856,Low,49,5
TKT_002116,CUST_01253,Low,60,3
TKT_002117,CUST_00795,Medium,19,2
TKT_002118,CUST_02723,Medium,31,4
TKT_002119,CUST_01627,Low,14,1
TKT_002120,CUST_02842,Low,32,5
TKT_002121,CUST_00091,Low,67,5
TKT_002122,CUST_03678,Low,12,5
TKT_002123,CUST_04173,Low,32,1
TKT_002124,CUST_03520,Low,68,5
TKT_002125,CUST_01321,Low,61,5
TKT_002126,CUST_03460,Medium,19,2
TKT_002127,CUST_02370,Low,13,2
TKT_002128,CUST_02469,Medium,34,5
TKT_002129,CUST_02594,Low,52,4
TKT_002130,CUST_01658,Medium,64,5
TKT_002131,CUST_03378,Medium,22,4
TKT_002132,CUST_04038,Medium,27,4
TKT_002133,CUST_00346,Low,20,4
TKT_002134,CUST_03882,Low,60,4
TKT_002135,CUST_01665,High,43,5
TKT_002136,CUST_03874,Medium,58,4
TKT_002137,CUST_02773,Low,50,4
TKT_002138,CUST_00650,High,47,3
TKT_002139,CUST_02707,Medium,34,2
TKT_002140,CUST_01913,High,58,5
TKT_002141,CUST_03686,Low,60,3
TKT_002142,CUST_04862,Low,66,3
TKT_002143,CUST_01810,Medium,66,4
TKT_002144,CUST_03261,Medium,41,3
TKT_002145,CUST_02113,Low,21,3
TKT_002146,CUST_01483,Medium,71,1
TKT_002147,CUST_00676,Medium,42,5
TKT_002148,CUST_00476,Low,55,4
TKT_002149,CUST_00326,Medium,37,2
TKT_002150,CUST_03264,Low,59,5
TKT_002151,CUST_02136,Medium,50,4
TKT_002152,CUST_04254,Low,53,3
TKT_002153,CUST_01297,Medium,41,4
TKT_002154,CUST_00282,Low,13,4
TKT_002155,CUST_00657,High,40,1
TKT_002156,CUST_02211,Medium,65,4
TKT_002157,CUST_03246,Medium,43,4
TKT_002158,CUST_00901,High,55,5
TKT_002159,CUST_04427,Low,62,3
TKT_002160,CUST_00144,Medium,70,2
TKT_002161,CUST_03370,Low,49,1
TKT_002162,CUST_03934,Critical,12,5
TKT_002163,CUST_02488,Medium,38,4
TKT_002164,CUST_02536,Medium,63,3
TKT_002165,CUST_01414,Low,35,5
TKT_002166,CUST_01044,Low,45,5
TKT_002167,CUST_02584,Low,34,4
TKT_002168,CUST_03675,Medium,63,2
TKT_002169,CUST_00650,Low,25,3
TKT_002170,CUST_04761,Low,50,5
TKT_002171,CUST_03292,Medium,16,2
TKT_002172,CUST_02922,High,64,5
TKT_002173,CUST_00173,Low,20,3
TKT_002174,CUST_03022,High,56,1
TKT_002175,CUST_02049,Low,58,4
TKT_002176,CUST_04079,Low,48,3
TKT_002177,CUST_03097,High,19,5
TKT_002178,CUST_02928,Medium,18,3
TKT_002179,CUST_01895,High,41,3
TKT_002180,CUST_03977,Medium,23,5
TKT_002181,CUST_03263,High,31,3
TKT_002182,CUST_00409,Low,40,5
TKT_002183,CUST_03550,Medium,67,5
TKT_002184,CUST_03376,Critical,22,4
TKT_002185,CUST_04023,Low,23,5
TKT_002186,CUST_00578,Low,31,3
TKT_002187,CUST_03608,Low,33,4
TKT_002188,CUST_04178,High,57,5
TKT_002189,CUST_00603,Medium,34,4
TKT_002190,CUST_03756,Medium,59,3
TKT_002191,CUST_04070,Medium,56,3
TKT_002192,CUST_00988,High,37,5
TKT_002193,CUST_04237,Medium,56,4
TKT_002194,CUST_02316,High,58,5
TKT_002195,CUST_04235,Medium,54,4
TKT_002196,CUST_03119,Medium,39,3
TKT_002197,CUST_01084,Low,66,4
TKT_002198,CUST_02609,Low,51,5
TKT_002199,CUST_01588,High,20,4
TKT_002200,CUST_01085,Low,16,3
TKT_002201,CUST_01750,Low,13,3
TKT_002202,CUST_03167,Medium,53,4
TKT_002203,CUST_01656,Medium,39,5
TKT_002204,CUST_03547,Low,24,3
TKT_002205,CUST_00040,Medium,26,4
TKT_002206,CUST_01351,Medium,64,2
TKT_002207,CUST_01995,High,25,5
TKT_002208,CUST_02454,Medium,54,4
TKT_002209,CUST_00744,Medium,57,3
TKT_002210,CUST_03283,Low,50,5
TKT_002211,CUST_04134,Low,25,5
TKT_002212,CUST_02365,Low,14,1
TKT_002213,CUST_01107,Low,21,4
TKT_002214,CUST_03428,High,64,4
TKT_002215,CUST_00630,High,49,3
TKT_002216,CUST_04911,Medium,17,1
TKT_002217,CUST_04635,Low,31,3
TKT_002218,CUST_02257,Low,46,5
TKT_002219,CUST_03986,Low,59,3
TKT_002220,CUST_00492,High,54,5
TKT_002221,CUST_04680,Medium,31,5
TKT_002222,CUST_04154,High,60,5
TKT_002223,CUST_01483,Medium,67,5
TKT_002224,CUST_01950,Medium,55,5
TKT_002225,CUST_02444,Medium,14,1
TKT_002226,CUST_03134,Low,15,3
TKT_002227,CUST_03518,Medium,22,5
TKT_002228,CUST_02135,High,52,3
TKT_002229,CUST_01862,Medium,42,1
TKT_002230,CUST_00611,Medium,69,5
TKT_002231,CUST_01148,Medium,68,4
TKT_002232,CUST_04742,Low,40,1
TKT_002233,CUST_02331,Medium,49,3
TKT_002234,CUST_02562,Low,31,5
TKT_002235,CUST_00829,Critical,6,5
TKT_002236,CUST_01696,Low,35,5
TKT_002237,CUST_02205,Medium,34,4
TKT_002238,CUST_02274,Low,33,3
TKT_002239,CUST_02881,Low,33,2
TKT_002240,CUST_03466,Medium,52,3
TKT_002241,CUST_00266,Critical,9,2
TKT_002242,CUST_01290,Medium,57,4
TKT_002243,CUST_03621,Low,49,5
TKT_002244,CUST_03392,Medium,59,5
TKT_002245,CUST_00473,Low,61,5
TKT_002246,CUST_02576,Medium,52,4
TKT_002247,CUST_01897,Low,18,3
TKT_002248,CUST_03155,Medium,35,2
TKT_002249,CUST_00890,Low,61,4
TKT_002250,CUST_03500,Low,55,4
TKT_002251,CUST_01612,High,48,3
TKT_002252,CUST_04477,High,57,5
TKT_002253,CUST_00186,Low,36,5
TKT_002254,CUST_04006,Low,25,4
TKT_002255,CUST_03334,Medium,40,3
TKT_002256,CUST_02227,Medium,14,4
TKT_002257,CUST_03214,High,50,3
TKT_002258,CUST_04016,Low,40,5
TKT_002259,CUST_01292,Low,27,2
TKT_002260,CUST_02674,Low,32,5
TKT_002261,CUST_02518,Medium,33,4
TKT_002262,CUST_03764,Medium,32,5
TKT_002263,CUST_03049,Medium,33,4
TKT_002264,CUST_02155,High,20,3
TKT_002265,CUST_03103,Low,34,5
TKT_002266,CUST_03619,Medium,60,4
TKT_002267,CUST_03844,High,20,4
TKT_002268,CUST_00521,High,61,2
TKT_002269,CUST_01645,Medium,57,3
TKT_002270,CUST_00655,Medium,43,1
TKT_002271,CUST_00042,Medium,47,3
TKT_002272,CUST_02912,Medium,58,4
TKT_002273,CUST_03785,Low,47,4
TKT_002274,CUST_03952,Medium,16,4
TKT_002275,CUST_01824,Medium,37,5
TKT_002276,CUST_04944,Low,15,3
TKT_002277,CUST_02309,Medium,35,4
TKT_002278,CUST_01514,Medium,52,4
TKT_002279,CUST_04767,Medium,54,5
TKT_002280,CUST_03737,Medium,25,3
TKT_002281,CUST_01281,Medium,38,5
TKT_002282,CUST_04925,Medium,23,4
TKT_002283,CUST_03139,Low,29,1
TKT_002284,CUST_00220,Low,55,1
TKT_002285,CUST_03395,Low,20,5
TKT_002286,CUST_04010,Low,13,3
TKT_002287,CUST_04960,Medium,62,3
TKT_002288,CUST_03808,Critical,8,4
TKT_002289,CUST_02033,Low,43,2
TKT_002290,CUST_01630,High,24,3
TKT_002291,CUST_03250,Medium,68,4
TKT_002292,CUST_00461,Low,58,5
TKT_002293,CUST_00290,Low,66,2
TKT_002294,CUST_01136,Medium,35,1
TKT_002295,CUST_02514,Medium,13,5
TKT_002296,CUST_00224,Low,68,4
TKT_002297,CUST_02446,Low,59,3
TKT_002298,CUST_00454,High,49,3
TKT_002299,CUST_04459,Low,57,5
TKT_002300,CUST_02047,High,30,3
TKT_002301,CUST_02723,Low,58,4
TKT_002302,CUST_04099,Medium,29,4
TKT_002303,CUST_04689,Medium,55,4
TKT_002304,CUST_03876,Medium,13,5
TKT_002305,CUST_00691,Low,37,4
TKT_002306,CUST_00849,Low,68,5
TKT_002307,CUST_03387,Medium,63,4
TKT_002308,CUST_04702,Low,35,3
TKT_002309,CUST_04825,Medium,59,1
TKT_002310,CUST_02469,High,38,4
TKT_002311,CUST_01429,High,66,4
TKT_002312,CUST_02316,Low,64,5
TKT_002313,CUST_03926,Medium,70,5
TKT_002314,CUST_02616,Medium,63,5
TKT_002315,CUST_00739,Low,65,2
TKT_002316,CUST_04752,Low,40,5
TKT_002317,CUST_02219,Low,69,3
TKT_002318,CUST_02353,Medium,58,5
TKT_002319,CUST_03240,High,19,4
TKT_002320,CUST_00875,High,64,4
TKT_002321,CUST_00335,Medium,42,4
TKT_002322,CUST_01179,Medium,45,3
TKT_002323,CUST_00630,Critical,19,3
TKT_002324,CUST_00081,Medium,15,3
TKT_002325,CUST_00910,Medium,54,4
TKT_002326,CUST_00450,High,60,2
TKT_002327,CUST_03071,Low,40,4
TKT_002328,CUST_02971,Low,68,4
TKT_002329,CUST_04079,Medium,65,5
TKT_002330,CUST_01980,High,50,5
TKT_002331,CUST_04776,Low,44,4
TKT_002332,CUST_03396,Medium,32,4
TKT_002333,CUST_00730,Medium,52,4
TKT_002334,CUST_03300,Medium,60,3
TKT_002335,CUST_03012,Low,12,3
TKT_002336,CUST_03021,Critical,2,1
TKT_002337,CUST_01014,High,13,1
TKT_002338,CUST_04776,Medium,62,3
TKT_002339,CUST_01321,High,65,5
TKT_002340,CUST_03265,High,54,5
TKT_002341,CUST_04609,Medium,65,5
TKT_002342,CUST_04683,High,21,3
TKT_002343,CUST_04944,Critical,7,3
TKT_002344,CUST_02909,Low,41,2
TKT_002345,CUST_03044,Low,12,5
TKT_002346,CUST_02191,Low,42,2
TKT_002347,CUST_02242,Medium,46,5
TKT_002348,CUST_02570,Low,59,3
TKT_002349,CUST_03505,Low,40,4
TKT_002350,CUST_01303,Critical,2,4
TKT_002351,CUST_00790,Medium,20,3
TKT_002352,CUST_03300,High,51,4
TKT_002353,CUST_01965,Critical,17,3
TKT_002354,CUST_00417,Low,52,4
TKT_002355,CUST_03273,Medium,22,4
TKT_002356,CUST_01345,Low,35,1
TKT_002357,CUST_02738,Medium,36,1
TKT_002358,CUST_02416,Low,66,5
TKT_002359,CUST_02646,Low,69,3
TKT_002360,CUST_02608,Low,24,1
TKT_002361,CUST_00805,Medium,25,2
TKT_002362,CUST_02766,High,52,2
TKT_002363,CUST_01953,Low,14,3
TKT_002364,CUST_03398,Medium,65,1
TKT_002365,CUST_04919,Medium,17,2
TKT_002366,CUST_01964,Medium,57,5
TKT_002367,CUST_04406,High,24,4
TKT_002368,CUST_04799,Low,12,3
TKT_002369,CUST_02576,Low,71,5
TKT_002370,CUST_03375,Low,40,5
TKT_002371,CUST_04793,Medium,25,1
TKT_002372,CUST_03714,Low,23,3
TKT_002373,CUST_03749,Low,70,5
TKT_002374,CUST_00605,High,37,4
TKT_002375,CUST_03351,Low,69,4
TKT_002376,CUST_03797,Medium,34,4
TKT_002377,CUST_02701,Critical,2,1
TKT_002378,CUST_01651,Medium,71,5
TKT_002379,CUST_04417,Medium,25,3
TKT_002380,CUST_03549,Low,45,2
TKT_002381,CUST_00304,Medium,34,3
TKT_002382,CUST_00519,Medium,21,5
TKT_002383,CUST_04031,High,15,5
TKT_002384,CUST_00941,Medium,50,4
TKT_002385,CUST_02879,Medium,60,3
TKT_002386,CUST_00080,Low,21,5
TKT_002387,CUST_00103,Low,35,5
TKT_002388,CUST_00729,Medium,45,5
TKT_002389,CUST_04238,Low,35,2
TKT_002390,CUST_02451,High,67,2
TKT_002391,CUST_00956,Medium,36,4
TKT_002392,CUST_03661,Medium,63,3
TKT_002393,CUST_04866,Medium,26,5
TKT_002394,CUST_04915,Medium,23,4
TKT_002395,CUST_00740,Medium,12,1
TKT_002396,CUST_04258,Medium,53,4
TKT_002397,CUST_00594,Medium,67,3
TKT_002398,CUST_03550,High,20,4
TKT_002399,CUST_00563,High,70,1
TKT_002400,CUST_01700,Low,25,1
TKT_002401,CUST_00725,High,52,5
TKT_002402,CUST_01434,High,65,5
TKT_002403,CUST_01343,Medium,42,4
TKT_002404,CUST_01896,Medium,35,4
TKT_002405,CUST_04484,Medium,67,4
TKT_002406,CUST_04101,Low,64,3
TKT_002407,CUST_02283,Low,63,4
TKT_002408,CUST_00375,High,21,5
TKT_002409,CUST_02323,Medium,53,3
TKT_002410,CUST_01395,Low,54,2
TKT_002411,CUST_03874,Medium,29,1
TKT_002412,CUST_01556,Low,14,3
TKT_002413,CUST_00924,High,70,2
TKT_002414,CUST_00841,Medium,23,4
TKT_002415,CUST_01731,Medium,46,3
TKT_002416,CUST_04073,Low,55,3
TKT_002417,CUST_04724,Medium,65,1
TKT_002418,CUST_02052,High,34,4
TKT_002419,CUST_03911,Medium,33,5
TKT_002420,CUST_01548,Medium,22,4
TKT_002421,CUST_03979,High,57,5
TKT_002422,CUST_02454,Low,60,4
TKT_002423,CUST_01437,Low,34,3
TKT_002424,CUST_03261,Medium,23,5
TKT_002425,CUST_02365,Low,40,4
TKT_002426,CUST_04615,Low,36,5
TKT_002427,CUST_00924,Medium,35,2
TKT_002428,CUST_01451,Medium,70,3
TKT_002429,CUST_01546,High,64,4
TKT_002430,CUST_04787,Low,15,5
TKT_002431,CUST_03814,Critical,5,5
TKT_002432,CUST_02905,Low,40,5
TKT_002433,CUST_02259,Medium,14,5
TKT_002434,CUST_03865,Low,42,4
TKT_002435,CUST_04543,Medium,36,4
TKT_002436,CUST_00070,Critical,11,1
TKT_002437,CUST_01325,Medium,48,4
TKT_002438,CUST_03140,Low,34,1
TKT_002439,CUST_02330,Medium,66,1
TKT_002440,CUST_00368,Medium,60,4
TKT_002441,CUST_01884,Low,33,5
TKT_002442,CUST_02089,High,40,5
TKT_002443,CUST_00685,Low,47,5
TKT_002444,CUST_01774,Medium,62,5
TKT_002445,CUST_03714,Low,24,4
TKT_002446,CUST_02565,Low,14,4
TKT_002447,CUST_03942,High,57,4
TKT_002448,CUST_03202,Low,33,1
TKT_002449,CUST_01921,Low,60,1
TKT_002450,CUST_00688,Medium,64,2
TKT_002451,CUST_03094,Low,47,5
TKT_002452,CUST_02089,Medium,21,4
TKT_002453,CUST_00153,Medium,67,4
TKT_002454,CUST_04654,Critical,19,3
TKT_002455,CUST_04029,Medium,67,5
TKT_002456,CUST_01071,Critical,5,5
TKT_002457,CUST_03791,Medium,30,3
TKT_002458,CUST_04099,Low,19,3
TKT_002459,CUST_04872,Low,44,3
TKT_002460,CUST_01060,High,31,5
TKT_002461,CUST_02859,Medium,41,4
TKT_002462,CUST_04092,Low,46,4
TKT_002463,CUST_04339,High,70,3
TKT_002464,CUST_03822,Low,42,5
TKT_002465,CUST_01442,Medium,30,2
TKT_002466,CUST_02267,Medium,61,4
TKT_002467,CUST_02249,Medium,66,3
TKT_002468,CUST_04490,Low,57,4
TKT_002469,CUST_00601,Medium,25,4
TKT_002470,CUST_00836,Low,21,2
TKT_002471,CUST_00400,Medium,14,5
TKT_002472,CUST_02329,Medium,66,2
TKT_002473,CUST_01008,High,45,2
TKT_002474,CUST_00767,Low,62,3
TKT_002475,CUST_00433,High,39,5
TKT_002476,CUST_00400,Medium,30,3
TKT_002477,CUST_00329,Medium,50,3
TKT_002478,CUST_04731,Low,37,4
TKT_002479,CUST_01772,Low,15,5
TKT_002480,CUST_01613,Medium,23,4
TKT_002481,CUST_04174,Critical,22,4
TKT_002482,CUST_04428,Medium,18,4
TKT_002483,CUST_04246,High,14,4
TKT_002484,CUST_02005,Medium,37,3
TKT_002485,CUST_03011,High,68,4
TKT_002486,CUST_04246,Low,13,4
TKT_002487,CUST_01609,Medium,23,4
TKT_002488,CUST_03119,High,70,4
TKT_002489,CUST_00362,High,43,3
TKT_002490,CUST_01717,Medium,62,5
TKT_002491,CUST_02422,Low,71,5
TKT_002492,CUST_04191,Medium,49,4
TKT_002493,CUST_03462,Low,22,3
TKT_002494,CUST_03982,Low,43,3
TKT_002495,CUST_02130,Low,71,5
TKT_002496,CUST_04729,Low,56,3
TKT_002497,CUST_02461,Medium,26,4
TKT_002498,CUST_02051,Medium,65,2
TKT_002499,CUST_04109,Low,17,5
TKT_002500,CUST_04260,Medium,37,5
TKT_002501,CUST_04713,Low,19,5
TKT_002502,CUST_01369,Low,19,5
TKT_002503,CUST_04262,Medium,49,1
TKT_002504,CUST_03147,Low,19,1
TKT_002505,CUST_00661,Medium,28,4
TKT_002506,CUST_04563,Low,50,5
TKT_002507,CUST_00516,Medium,30,5
TKT_002508,CUST_00720,Low,14,4
TKT_002509,CUST_00172,Low,52,4
TKT_002510,CUST_01470,Low,60,1
TKT_002511,CUST_01174,Medium,20,5
TKT_002512,CUST_04667,Low,64,3
TKT_002513,CUST_04901,Low,57,3
TKT_002514,CUST_01175,Low,68,4
TKT_002515,CUST_03745,Medium,44,1
TKT_002516,CUST_04209,Low,43,5
TKT_002517,CUST_01942,Low,43,3
TKT_002518,CUST_04032,Critical,7,3
TKT_002519,CUST_01398,Low,60,2
TKT_002520,CUST_04022,Medium,60,4
TKT_002521,CUST_00698,Critical,10,3
TKT_002522,CUST_01775,Low,70,3
TKT_002523,CUST_03212,Medium,40,2
TKT_002524,CUST_03474,Low,48,3
TKT_002525,CUST_04064,High,28,5
TKT_002526,CUST_02755,High,61,5
TKT_002527,CUST_04452,Low,30,4
TKT_002528,CUST_04335,Low,42,5
TKT_002529,CUST_03054,Medium,30,4
TKT_002530,CUST_04609,Critical,2,2
TKT_002531,CUST_02681,Low,61,5
TKT_002532,CUST_03604,Critical,11,4
TKT_002533,CUST_03345,High,46,5
TKT_002534,CUST_01430,Low,25,5
TKT_002535,CUST_02162,Medium,12,5
TKT_002536,CUST_00027,Low,60,5
TKT_002537,CUST_03772,Medium,44,4
TKT_002538,CUST_01442,Low,60,4
TKT_002539,CUST_04688,Medium,47,3
TKT_002540,CUST_02228,Medium,12,3
TKT_002541,CUST_00567,Medium,31,4
TKT_002542,CUST_00247,Medium,33,3
TKT_002543,CUST_01524,Medium,46,3
TKT_002544,CUST_02365,Critical,6,2
TKT_002545,CUST_03966,Medium,23,5
TKT_002546,CUST_03693,Medium,54,4
TKT_002547,CUST_01774,Low,48,5
TKT_002548,CUST_02938,Low,69,4
TKT_002549,CUST_03891,Low,24,5
TKT_002550,CUST_01092,Medium,23,4
TKT_002551,CUST_00747,Medium,13,4
TKT_002552,CUST_01575,Medium,31,2
TKT_002553,CUST_04441,Critical,1,1
TKT_002554,CUST_03602,Low,69,5
TKT_002555,CUST_02100,Medium,71,5
TKT_002556,CUST_03517,High,52,3
TKT_002557,CUST_03806,Medium,46,5
TKT_002558,CUST_02853,Medium,35,3
TKT_002559,CUST_00592,High,63,5
TKT_002560,CUST_00693,Medium,49,4
TKT_002561,CUST_01164,Medium,37,1
TKT_002562,CUST_03793,High,22,3
TKT_002563,CUST_00409,Medium,63,4
TKT_002564,CUST_02383,Low,63,3
TKT_002565,CUST_00405,High,54,4
TKT_002566,CUST_04743,High,26,5
TKT_002567,CUST_01484,Low,17,3
TKT_002568,CUST_02123,Medium,51,4
TKT_002569,CUST_00865,Medium,20,4
TKT_002570,CUST_01585,High,61,5
TKT_002571,CUST_00217,Low,17,4
TKT_002572,CUST_00743,Medium,28,3
TKT_002573,CUST_04514,Medium,34,3
TKT_002574,CUST_03839,Medium,69,4
TKT_002575,CUST_03275,Critical,20,2
TKT_002576,CUST_04752,Critical,3,3
TKT_002577,CUST_00864,Low,62,1
TKT_002578,CUST_03983,Low,68,4
TKT_002579,CUST_02856,Low,33,5
TKT_002580,CUST_04047,Medium,27,4
TKT_002581,CUST_03685,Medium,56,3
TKT_002582,CUST_04392,Medium,23,5
TKT_002583,CUST_00450,Low,20,4
TKT_002584,CUST_02151,Low,17,4
TKT_002585,CUST_01116,Low,15,5
TKT_002586,CUST_02838,Medium,49,5
TKT_002587,CUST_03429,Medium,28,5
TKT_002588,CUST_02194,Low,69,2
TKT_002589,CUST_03339,Low,67,4
TKT_002590,CUST_02167,Medium,21,5
TKT_002591,CUST_01527,High,51,3
TKT_002592,CUST_00264,Low,46,1
TKT_002593,CUST_01300,Medium,58,1
TKT_002594,CUST_03419,Low,32,5
TKT_002595,CUST_03037,Low,64,4
TKT_002596,CUST_02713,Medium,30,3
TKT_002597,CUST_00787,Low,38,4
TKT_002598,CUST_04989,Medium,22,4
TKT_002599,CUST_03970,High,17,5
TKT_002600,CUST_02410,Medium,70,4
TKT_002601,CUST_03047,Medium,52,5
TKT_002602,CUST_00236,Low,54,3
TKT_002603,CUST_03335,Low,39,4
TKT_002604,CUST_01075,Medium,14,5
TKT_002605,CUST_04447,Low,52,4
TKT_002606,CUST_04513,Low,56,3
TKT_002607,CUST_02891,Low,35,5
TKT_002608,CUST_00744,Low,48,5
TKT_002609,CUST_03944,Medium,24,3
TKT_002610,CUST_01006,High,26,4
TKT_002611,CUST_00013,Critical,20,3
TKT_002612,CUST_01851,Medium,50,5
TKT_002613,CUST_04902,Low,46,1
TKT_002614,CUST_03604,Low,69,3
TKT_002615,CUST_02261,Low,56,4
TKT_002616,CUST_04366,Low,29,5
TKT_002617,CUST_00984,Medium,54,5
TKT_002618,CUST_04870,High,64,4
TKT_002619,CUST_01960,Medium,14,5
TKT_002620,CUST_02229,High,39,1
TKT_002621,CUST_01763,Medium,27,5
TKT_002622,CUST_01289,Medium,53,3
TKT_002623,CUST_01017,High,52,5
TKT_002624,CUST_02154,Medium,58,3
TKT_002625,CUST_04583,Medium,54,4
TKT_002626,CUST_04500,Low,69,5
TKT_002627,CUST_04486,Low,34,4
TKT_002628,CUST_00608,High,43,5
TKT_002629,CUST_04045,Low,21,4
TKT_002630,CUST_04219,Medium,69,3
TKT_002631,CUST_02837,Medium,67,4
TKT_002632,CUST_04133,Medium,49,1
TKT_002633,CUST_00710,Low,68,4
TKT_002634,CUST_00767,Low,49,5
TKT_002635,CUST_04599,Medium,24,1
TKT_002636,CUST_03599,Medium,26,3
TKT_002637,CUST_02965,Low,39,4
TKT_002638,CUST_00092,Critical,2,5
TKT_002639,CUST_00100,Medium,46,5
TKT_002640,CUST_03025,Medium,13,5
TKT_002641,CUST_00686,Medium,12,2
TKT_002642,CUST_01751,Low,52,2
TKT_002643,CUST_03949,Critical,7,4
TKT_002644,CUST_03670,Critical,22,2
TKT_002645,CUST_00394,Medium,33,4
TKT_002646,CUST_00594,Medium,15,4
TKT_002647,CUST_02882,Medium,64,3
TKT_002648,CUST_00886,Medium,57,4
TKT_002649,CUST_03053,Medium,35,5
TKT_002650,CUST_00505,Medium,25,1
TKT_002651,CUST_03751,Low,28,3
TKT_002652,CUST_01778,Medium,25,5
TKT_002653,CUST_04438,Medium,51,3
TKT_002654,CUST_03498,Low,50,4
TKT_002655,CUST_00134,Medium,52,5
TKT_002656,CUST_02926,Medium,63,3
TKT_002657,CUST_04308,Medium,38,5
TKT_002658,CUST_00585,Low,32,5
TKT_002659,CUST_01437,Medium,51,5
TKT_002660,CUST_00357,Medium,46,4
TKT_002661,CUST_03355,Medium,37,4
TKT_002662,CUST_01751,Medium,42,5
TKT_002663,CUST_01701,Medium,70,5
TKT_002664,CUST_01710,Low,44,4
TKT_002665,CUST_03682,Low,60,1
TKT_002666,CUST_00537,Low,22,4
TKT_002667,CUST_02469,Medium,70,3
TKT_002668,CUST_00151,Medium,69,1
TKT_002669,CUST_01756,Medium,27,3
TKT_002670,CUST_02551,Low,17,3
TKT_002671,CUST_00888,Low,45,5
TKT_002672,CUST_02996,Low,52,4
TKT_002673,CUST_04839,Low,43,5
TKT_002674,CUST_02563,Medium,32,5
TKT_002675,CUST_01609,Low,40,3
TKT_002676,CUST_01242,Medium,22,5
TKT_002677,CUST_00208,Critical,11,4
TKT_002678,CUST_03833,Low,67,4
TKT_002679,CUST_03362,High,67,4
TKT_002680,CUST_02900,Medium,16,5
TKT_002681,CUST_03588,High,38,2
TKT_002682,CUST_02756,Low,39,4
TKT_002683,CUST_02726,High,42,1
TKT_002684,CUST_04035,Critical,4,3
TKT_002685,CUST_02280,High,22,1
TKT_002686,CUST_00989,Medium,70,5
TKT_002687,CUST_04977,Low,24,3
TKT_002688,CUST_02860,Low,54,5
TKT_002689,CUST_04303,High,17,5
TKT_002690,CUST_01650,Low,38,2
TKT_002691,CUST_02409,Low,41,2
TKT_002692,CUST_02421,Low,64,3
TKT_002693,CUST_01125,Medium,59,4
TKT_002694,CUST_00529,Medium,30,4
TKT_002695,CUST_01272,Critical,9,5
TKT_002696,CUST_01420,High,69,4
TKT_002697,CUST_04174,Medium,20,5
TKT_002698,CUST_01736,Medium,66,4
TKT_002699,CUST_04137,Medium,56,4
TKT_002700,CUST_04386,Low,39,4
TKT_002701,CUST_01149,High,39,4
TKT_002702,CUST_01524,Medium,57,4
TKT_002703,CUST_02762,Medium,36,4
TKT_002704,CUST_00711,Low,37,1
TKT_002705,CUST_00961,Medium,70,3
TKT_002706,CUST_04919,Low,15,5
TKT_002707,CUST_03710,Low,14,1
TKT_002708,CUST_00005,High,45,4
TKT_002709,CUST_04920,Low,32,5
TKT_002710,CUST_00118,Medium,28,4
TKT_002711,CUST_02792,Medium,49,3
TKT_002712,CUST_04757,High,45,1
TKT_002713,CUST_01567,High,55,5
TKT_002714,CUST_04763,High,23,2
TKT_002715,CUST_03373,Low,36,1
TKT_002716,CUST_03330,High,32,4
TKT_002717,CUST_02709,Low,29,3
TKT_002718,CUST_01186,Low,47,5
TKT_002719,CUST_03347,Low,17,4
TKT_002720,CUST_04513,High,31,5
TKT_002721,CUST_01148,Medium,64,5
TKT_002722,CUST_04966,Low,31,2
TKT_002723,CUST_03067,Low,43,3
TKT_002724,CUST_00616,Low,42,5
TKT_002725,CUST_03121,Medium,31,4
TKT_002726,CUST_01027,Low,62,3
TKT_002727,CUST_03071,Medium,68,4
TKT_002728,CUST_00762,Medium,41,5
TKT_002729,CUST_02631,Medium,14,4
TKT_002730,CUST_04367,High,31,5
TKT_002731,CUST_02006,Low,19,5
TKT_002732,CUST_04823,Low,32,5
TKT_002733,CUST_00434,Medium,59,4
TKT_002734,CUST_04618,High,34,1
TKT_002735,CUST_02917,Medium,65,5
TKT_002736,CUST_03963,High,12,4
TKT_002737,CUST_02538,Medium,13,5
TKT_002738,CUST_04906,Low,21,5
TKT_002739,CUST_01223,Medium,48,3
TKT_002740,CUST_04532,Low,69,5
TKT_002741,CUST_02265,Medium,41,4
TKT_002742,CUST_01534,Low,62,4
TKT_002743,CUST_04794,Low,55,1
TKT_002744,CUST_00792,High,35,5
TKT_002745,CUST_03157,Low,43,5
TKT_002746,CUST_01053,Low,67,4
TKT_002747,CUST_02085,Critical,21,4
TKT_002748,CUST_02555,Medium,41,4
TKT_002749,CUST_03604,Medium,49,5
TKT_002750,CUST_01682,High,66,2
TKT_002751,CUST_02308,Medium,25,3
TKT_002752,CUST_03723,Low,66,3
TKT_002753,CUST_03327,Medium,14,1
TKT_002754,CUST_02037,Medium,36,4
TKT_002755,CUST_03158,High,56,4
TKT_002756,CUST_03726,Low,18,5
TKT_002757,CUST_02682,Low,28,4
TKT_002758,CUST_01965,Low,52,5
TKT_002759,CUST_02460,Medium,38,4
TKT_002760,CUST_00422,Low,49,4
TKT_002761,CUST_00959,High,49,5
TKT_002762,CUST_02047,Critical,5,5
TKT_002763,CUST_00595,Medium,43,4
TKT_002764,CUST_02218,Critical,2,5
TKT_002765,CUST_01349,Low,22,5
TKT_002766,CUST_02830,High,45,3
TKT_002767,CUST_00228,Medium,63,4
TKT_002768,CUST_00005,Low,71,4
TKT_002769,CUST_00152,Low,58,4
TKT_002770,CUST_02269,Medium,45,5
TKT_002771,CUST_04253,Medium,18,2
TKT_002772,CUST_03330,High,21,4
TKT_002773,CUST_03078,Medium,36,1
TKT_002774,CUST_02326,Medium,13,3
TKT_002775,CUST_03972,Low,60,4
TKT_002776,CUST_01005,Medium,41,5
TKT_002777,CUST_04977,Medium,28,5
TKT_002778,CUST_03661,Low,40,1
TKT_002779,CUST_03519,Critical,1,2
TKT_002780,CUST_00995,Medium,57,4
TKT_002781,CUST_01737,Medium,71,3
TKT_002782,CUST_01623,Medium,46,3
TKT_002783,CUST_02628,High,28,5
TKT_002784,CUST_01954,Low,67,4
TKT_002785,CUST_04709,Medium,58,4
TKT_002786,CUST_03493,Low,33,5
TKT_002787,CUST_01926,Low,62,4
TKT_002788,CUST_00173,Low,36,5
TKT_002789,CUST_01193,Medium,31,5
TKT_002790,CUST_01127,High,27,3
TKT_002791,CUST_00228,Medium,36,4
TKT_002792,CUST_03644,Medium,26,3
TKT_002793,CUST_01987,High,48,1
TKT_002794,CUST_03729,Medium,26,1
TKT_002795,CUST_01235,Low,68,3
TKT_002796,CUST_03767,Low,26,2
TKT_002797,CUST_04617,Low,67,5
TKT_002798,CUST_03716,Low,29,4
TKT_002799,CUST_04522,Low,48,4
TKT_002800,CUST_02122,Medium,12,1
TKT_002801,CUST_00343,Low,44,1
TKT_002802,CUST_04467,Low,14,4
TKT_002803,CUST_02932,Low,60,3
TKT_002804,CUST_04318,Medium,33,4
TKT_002805,CUST_04736,High,65,4
TKT_002806,CUST_01359,Critical,9,5
TKT_002807,CUST_02422,Medium,57,5
TKT_002808,CUST_04833,Medium,52,4
TKT_002809,CUST_03175,Medium,38,5
TKT_002810,CUST_00738,Medium,15,5
TKT_002811,CUST_04661,Medium,62,3
TKT_002812,CUST_01027,Medium,46,5
TKT_002813,CUST_04640,Medium,12,5
TKT_002814,CUST_01104,Critical,12,1
TKT_002815,CUST_02684,Low,66,1
TKT_002816,CUST_04945,Medium,35,1
TKT_002817,CUST_00396,Low,57,3
TKT_002818,CUST_02940,Medium,40,5
TKT_002819,CUST_04485,Low,33,4
TKT_002820,CUST_03332,Medium,34,3
TKT_002821,CUST_01535,Medium,32,1
TKT_002822,CUST_00045,Medium,25,3
TKT_002823,CUST_01980,Medium,19,1
TKT_002824,CUST_01865,Medium,69,2
TKT_002825,CUST_01808,Medium,27,5
TKT_002826,CUST_02275,Medium,46,5
TKT_002827,CUST_04445,High,35,5
TKT_002828,CUST_02161,Medium,70,5
TKT_002829,CUST_03102,Low,37,5
TKT_002830,CUST_02324,Medium,18,2
TKT_002831,CUST_03434,Low,36,4
TKT_002832,CUST_04822,Low,49,4
TKT_002833,CUST_03508,Medium,56,5
TKT_002834,CUST_00804,High,37,5
TKT_002835,CUST_02070,Low,37,5
TKT_002836,CUST_04481,Medium,41,3
TKT_002837,CUST_00491,Low,13,2
TKT_002838,CUST_01480,High,71,3
TKT_002839,CUST_02936,Medium,54,3
TKT_002840,CUST_01704,Medium,64,5
TKT_002841,CUST_04317,Medium,20,4
TKT_002842,CUST_03666,Low,50,3
TKT_002843,CUST_02013,High,55,4
TKT_002844,CUST_04687,Medium,22,1
TKT_002845,CUST_04909,Medium,26,5
TKT_002846,CUST_03231,Medium,23,4
TKT_002847,CUST_00143,High,46,4
TKT_002848,CUST_01850,Low,61,3
TKT_002849,CUST_04021,Low,67,4
TKT_002850,CUST_00045,High,51,3
TKT_002851,CUST_00451,Low,58,3
TKT_002852,CUST_01260,Medium,27,5
TKT_002853,CUST_01004,Medium,60,2
TKT_002854,CUST_04778,Low,43,3
TKT_002855,CUST_03352,Medium,29,4
TKT_002856,CUST_01997,High,64,5
TKT_002857,CUST_03675,Medium,56,2
TKT_002858,CUST_03489,Low,32,5
TKT_002859,CUST_04889,Low,27,1
TKT_002860,CUST_03654,Critical,1,1
TKT_002861,CUST_03033,Low,16,5
TKT_002862,CUST_01495,Low,55,5
TKT_002863,CUST_01073,Critical,1,4
TKT_002864,CUST_04113,High,44,4
TKT_002865,CUST_04245,Medium,42,3
TKT_002866,CUST_01579,Low,32,5
TKT_002867,CUST_01236,Low,14,4
TKT_002868,CUST_01740,Low,21,5
TKT_002869,CUST_01016,Medium,22,4
TKT_002870,CUST_04813,Low,33,4
TKT_002871,CUST_02966,Low,28,5
TKT_002872,CUST_01560,Low,61,5
TKT_002873,CUST_01569,High,36,5
TKT_002874,CUST_01987,Medium,52,3
TKT_002875,CUST_01511,Medium,39,5
TKT_002876,CUST_04576,Low,61,2
TKT_002877,CUST_03857,High,31,4
TKT_002878,CUST_01712,Medium,41,5
TKT_002879,CUST_04140,Medium,42,3
TKT_002880,CUST_03528,High,24,3
TKT_002881,CUST_04971,Low,21,5
TKT_002882,CUST_03869,Medium,62,4
TKT_002883,CUST_04452,Medium,67,5
TKT_002884,CUST_04570,Low,44,3
TKT_002885,CUST_03670,Low,52,4
TKT_002886,CUST_03645,Critical,23,3
TKT_002887,CUST_02161,Low,59,4
TKT_002888,CUST_01502,Medium,25,5
TKT_002889,CUST_00815,Medium,71,5
TKT_002890,CUST_04066,Low,19,4
TKT_002891,CUST_03326,Medium,19,2
TKT_002892,CUST_04497,Low,49,1
TKT_002893,CUST_01324,Low,39,2
TKT_002894,CUST_00005,High,21,5
TKT_002895,CUST_03518,High,68,4
TKT_002896,CUST_01259,Low,51,5
TKT_002897,CUST_02035,Low,25,5
TKT_002898,CUST_00200,Medium,62,5
TKT_002899,CUST_01706,Low,25,5
TKT_002900,CUST_03942,Medium,17,4
TKT_002901,CUST_03932,Low,45,4
TKT_002902,CUST_02069,High,28,5
TKT_002903,CUST_03759,Low,32,4
TKT_002904,CUST_03146,High,50,4
TKT_002905,CUST_02844,Medium,39,3
TKT_002906,CUST_02197,Medium,49,4
TKT_002907,CUST_00625,High,26,3
TKT_002908,CUST_02134,Low,47,4
TKT_002909,CUST_02579,Medium,47,4
TKT_002910,CUST_00692,Medium,20,2
TKT_002911,CUST_02598,Medium,55,5
TKT_002912,CUST_00814,Medium,46,4
TKT_002913,CUST_01628,Low,70,5
TKT_002914,CUST_04617,Low,56,5
TKT_002915,CUST_03593,Medium,29,4
TKT_002916,CUST_02581,Low,65,4
TKT_002917,CUST_03933,High,28,5
TKT_002918,CUST_00296,Medium,29,4
TKT_002919,CUST_03252,Medium,15,3
TKT_002920,CUST_01155,Low,68,3
TKT_002921,CUST_03981,Medium,59,4
TKT_002922,CUST_00533,Low,31,1
TKT_002923,CUST_00888,Medium,69,3
TKT_002924,CUST_03273,Low,24,2
TKT_002925,CUST_02926,Medium,22,5
TKT_002926,CUST_02433,Medium,62,5
TKT_002927,CUST_03598,Medium,54,2
TKT_002928,CUST_02421,Low,44,3
TKT_002929,CUST_03236,Low,39,4
TKT_002930,CUST_04619,Low,19,3
TKT_002931,CUST_00835,Medium,54,1
TKT_002932,CUST_01378,Low,31,5
TKT_002933,CUST_03481,Low,70,1
TKT_002934,CUST_04607,Low,29,4
TKT_002935,CUST_00212,Medium,18,2
TKT_002936,CUST_00927,Medium,55,1
TKT_002937,CUST_02673,Critical,13,4
TKT_002938,CUST_04033,Medium,62,3
TKT_002939,CUST_00345,Low,69,2
TKT_002940,CUST_03083,Medium,22,4
TKT_002941,CUST_04432,Medium,64,4
TKT_002942,CUST_01702,Medium,66,4
TKT_002943,CUST_04701,High,41,1
TKT_002944,CUST_03847,Medium,46,4
TKT_002945,CUST_04017,Medium,56,2
TKT_002946,CUST_00296,Medium,31,5
TKT_002947,CUST_02749,Medium,48,3
TKT_002948,CUST_04484,Medium,21,1
TKT_002949,CUST_01497,Low,41,3
TKT_002950,CUST_03080,Critical,9,4
TKT_002951,CUST_01568,Low,71,5
TKT_002952,CUST_01976,Low,36,4
TKT_002953,CUST_04133,Critical,4,4
TKT_002954,CUST_04279,High,50,5
TKT_002955,CUST_04166,Low,45,2
TKT_002956,CUST_00237,Low,55,2
TKT_002957,CUST_00464,Medium,65,3
TKT_002958,CUST_04287,Low,50,5
TKT_002959,CUST_00930,Low,42,3
TKT_002960,CUST_01887,Critical,11,4
TKT_002961,CUST_03912,Medium,37,5
TKT_002962,CUST_04413,Medium,55,5
TKT_002963,CUST_00718,Medium,15,5
TKT_002964,CUST_00658,Medium,54,2
TKT_002965,CUST_01213,High,31,4
TKT_002966,CUST_03822,Medium,19,5
TKT_002967,CUST_04053,Medium,13,5
TKT_002968,CUST_02271,Medium,61,4
TKT_002969,CUST_00758,High,61,5
TKT_002970,CUST_03479,Medium,38,1
TKT_002971,CUST_01231,High,45,2
TKT_002972,CUST_02974,Low,66,3
TKT_002973,CUST_02448,Low,47,5
TKT_002974,CUST_03259,Low,32,5
TKT_002975,CUST_02013,Low,19,4
TKT_002976,CUST_03676,Low,34,5
TKT_002977,CUST_00083,Low,54,4
TKT_002978,CUST_03763,Critical,16,5
TKT_002979,CUST_01401,Low,16,5
TKT_002980,CUST_00659,Medium,51,5
TKT_002981,CUST_02873,High,12,3
TKT_002982,CUST_01338,Low,32,3
TKT_002983,CUST_03225,Low,55,4
TKT_002984,CUST_00694,Low,54,1
TKT_002985,CUST_04328,Low,21,3
TKT_002986,CUST_01145,Critical,1,5
TKT_002987,CUST_03257,High,32,4
TKT_002988,CUST_03528,High,24,5
TKT_002989,CUST_01853,High,55,1
TKT_002990,CUST_04484,Low,61,3
TKT_002991,CUST_02680,Medium,65,5
TKT_002992,CUST_00864,Medium,68,2
TKT_002993,CUST_01250,High,39,4
TKT_002994,CUST_01219,Low,41,1
TKT_002995,CUST_04905,Medium,29,2
TKT_002996,CUST_01050,Low,53,5
TKT_002997,CUST_02903,Low,13,4
TKT_002998,CUST_04633,Medium,69,5
TKT_002999,CUST_04807,Low,30,2
TKT_003000,CUST_01495,Medium,69,3
TKT_003001,CUST_02337,Medium,32,2
TKT_003002,CUST_00368,Low,37,3
TKT_003003,CUST_00412,Low,57,3
TKT_003004,CUST_03094,Critical,15,4
TKT_003005,CUST_00354,Medium,30,5
TKT_003006,CUST_01566,Medium,36,4
TKT_003007,CUST_01339,High,52,3
TKT_003008,CUST_04878,Low,68,4
TKT_003009,CUST_00329,Low,31,4
TKT_003010,CUST_01494,Low,69,4
TKT_003011,CUST_02830,Medium,17,3
TKT_003012,CUST_01487,Medium,29,5
TKT_003013,CUST_03736,Low,60,3
TKT_003014,CUST_00738,Low,29,3
TKT_003015,CUST_03889,High,31,4
TKT_003016,CUST_04844,Medium,50,1
TKT_003017,CUST_01795,Critical,2,2
TKT_003018,CUST_01303,Low,21,5
TKT_003019,CUST_02669,Medium,44,5
TKT_003020,CUST_04239,High,62,2
TKT_003021,CUST_03883,High,66,4
TKT_003022,CUST_04167,Low,30,1
TKT_003023,CUST_00638,Low,13,1
TKT_003024,CUST_04563,Low,58,5
TKT_003025,CUST_02642,Medium,60,4
TKT_003026,CUST_00041,Medium,14,5
TKT_003027,CUST_03986,Medium,41,4
TKT_003028,CUST_02947,Low,50,5
TKT_003029,CUST_00771,Low,30,4
TKT_003030,CUST_04375,Low,32,4
TKT_003031,CUST_03017,High,70,4
TKT_003032,CUST_03711,Medium,65,5
TKT_003033,CUST_00058,Medium,55,1
TKT_003034,CUST_04264,Medium,25,4
TKT_003035,CUST_01654,Low,42,1
TKT_003036,CUST_03238,Medium,32,4
TKT_003037,CUST_00082,Low,28,4
TKT_003038,CUST_04230,Medium,64,5
TKT_003039,CUST_01509,Medium,62,5
TKT_003040,CUST_00262,Low,35,1
TKT_003041,CUST_03707,Low,48,1
TKT_003042,CUST_04115,Low,51,4
TKT_003043,CUST_02318,Low,52,2
TKT_003044,CUST_04673,Critical,2,4
TKT_003045,CUST_03803,Medium,58,3
TKT_003046,CUST_02912,Medium,31,5
TKT_003047,CUST_00669,Medium,27,4
TKT_003048,CUST_01271,Medium,69,4
TKT_003049,CUST_01735,Low,60,3
TKT_003050,CUST_03815,Low,53,4
TKT_003051,CUST_04020,Medium,23,3
TKT_003052,CUST_04716,Medium,52,4
TKT_003053,CUST_03858,High,69,4
TKT_003054,CUST_01900,Low,71,2
TKT_003055,CUST_02232,Low,35,1
TKT_003056,CUST_00441,High,24,4
TKT_003057,CUST_00581,Medium,45,2
TKT_003058,CUST_03322,Critical,18,1
TKT_003059,CUST_00376,Medium,49,1
TKT_003060,CUST_03802,Medium,32,5
TKT_003061,CUST_01808,Low,64,5
TKT_003062,CUST_00729,Low,14,5
TKT_003063,CUST_02438,Low,60,5
TKT_003064,CUST_04276,Low,25,4
TKT_003065,CUST_02424,Medium,54,5
TKT_003066,CUST_02892,High,49,2
TKT_003067,CUST_02377,Low,65,4
TKT_003068,CUST_01969,Low,48,5
TKT_003069,CUST_02248,Critical,9,5
TKT_003070,CUST_02744,Low,53,3
TKT_003071,CUST_02857,Medium,55,4
TKT_003072,CUST_01760,High,68,4
TKT_003073,CUST_01913,Low,41,4
TKT_003074,CUST_03673,High,56,4
TKT_003075,CUST_03809,Medium,21,5
TKT_003076,CUST_01983,Low,12,5
TKT_003077,CUST_02678,High,50,3
TKT_003078,CUST_01695,Medium,39,3
TKT_003079,CUST_04532,Medium,65,5
TKT_003080,CUST_01738,Medium,56,5
TKT_003081,CUST_00046,Low,30,1
TKT_003082,CUST_01942,Low,41,4
TKT_003083,CUST_04340,Low,31,5
TKT_003084,CUST_00156,Low,63,5
TKT_003085,CUST_03466,Low,31,4
TKT_003086,CUST_00962,Low,34,5
TKT_003087,CUST_00945,Low,42,5
TKT_003088,CUST_01279,Low,43,3
TKT_003089,CUST_01386,Medium,58,5
TKT_003090,CUST_04055,Low,63,3
TKT_003091,CUST_03920,Medium,37,5
TKT_003092,CUST_01737,Medium,25,5
TKT_003093,CUST_02867,High,17,4
TKT_003094,CUST_02425,Medium,44,3
TKT_003095,CUST_04249,High,19,1
TKT_003096,CUST_03839,Medium,71,3
TKT_003097,CUST_02820,Low,15,5
TKT_003098,CUST_03224,Low,24,5
TKT_003099,CUST_02651,Medium,46,5
TKT_003100,CUST_00240,Medium,40,5
TKT_003101,CUST_03255,Medium,36,1
TKT_003102,CUST_04527,Medium,45,5
TKT_003103,CUST_00500,Low,67,5
TKT_003104,CUST_03870,High,22,3
TKT_003105,CUST_04393,Medium,49,5
TKT_003106,CUST_02231,Medium,40,1
TKT_003107,CUST_03629,Critical,18,3
TKT_003108,CUST_01430,Medium,33,3
TKT_003109,CUST_00527,Medium,69,5
TKT_003110,CUST_01809,High,65,4
TKT_003111,CUST_01211,Medium,45,4
TKT_003112,CUST_03948,Medium,57,5
TKT_003113,CUST_01049,High,22,1
TKT_003114,CUST_04395,Low,39,3
TKT_003115,CUST_04669,Medium,66,4
TKT_003116,CUST_01155,Low,19,2
TKT_003117,CUST_00676,Medium,35,5
TKT_003118,CUST_03039,Low,21,4
TKT_003119,CUST_03279,Medium,26,2
TKT_003120,CUST_02286,Low,56,3
TKT_003121,CUST_02240,Low,50,3
TKT_003122,CUST_01052,Critical,5,5
TKT_003123,CUST_03179,Low,32,3
TKT_003124,CUST_03295,Low,47,3
TKT_003125,CUST_00429,Low,47,4
TKT_003126,CUST_02132,Medium,61,1
TKT_003127,CUST_00498,Medium,59,5
TKT_003128,CUST_02285,High,31,4
TKT_003129,CUST_03867,Low,66,4
TKT_003130,CUST_00851,Medium,24,3
TKT_003131,CUST_02660,Medium,13,3
TKT_003132,CUST_02892,Medium,58,3
TKT_003133,CUST_01059,Medium,38,4
TKT_003134,CUST_02145,Medium,18,2
TKT_003135,CUST_03305,Low,52,4
TKT_003136,CUST_02573,Low,37,4
TKT_003137,CUST_01782,Medium,41,4
TKT_003138,CUST_00489,Medium,30,2
TKT_003139,CUST_00404,Medium,51,5
TKT_003140,CUST_04870,Medium,32,5
TKT_003141,CUST_00403,Low,69,5
TKT_003142,CUST_03658,Medium,37,3
TKT_003143,CUST_01802,Low,21,1
TKT_003144,CUST_00184,Medium,47,4
TKT_003145,CUST_04991,Low,55,4
TKT_003146,CUST_03640,Medium,38,5
TKT_003147,CUST_01517,Medium,19,5
TKT_003148,CUST_04157,Medium,37,4
TKT_003149,CUST_01709,Low,12,5
TKT_003150,CUST_03694,Low,34,2
TKT_003151,CUST_01948,Low,20,5
TKT_003152,CUST_04242,Low,42,5
TKT_003153,CUST_01550,Low,18,4
TKT_003154,CUST_04279,Medium,20,5
TKT_003155,CUST_04411,Critical,20,5
TKT_003156,CUST_03949,Low,39,2
TKT_003157,CUST_04755,Low,45,4
TKT_003158,CUST_02792,High,64,4
TKT_003159,CUST_00996,Medium,63,4
TKT_003160,CUST_02857,Medium,27,2
TKT_003161,CUST_00652,Critical,23,3
TKT_003162,CUST_00893,Medium,35,4
TKT_003163,CUST_02837,Medium,21,4
TKT_003164,CUST_02003,Medium,57,4
TKT_003165,CUST_01065,Low,40,4
TKT_003166,CUST_02431,Medium,36,4
TKT_003167,CUST_00169,Low,52,5
TKT_003168,CUST_00171,Medium,41,4
TKT_003169,CUST_03690,Low,62,5
TKT_003170,CUST_00739,Low,30,1
TKT_003171,CUST_03528,Low,64,5
TKT_003172,CUST_03563,Low,42,5
TKT_003173,CUST_01318,Low,41,4
TKT_003174,CUST_01288,Medium,45,5
TKT_003175,CUST_02295,Medium,39,5
TKT_003176,CUST_04244,High,63,1
TKT_003177,CUST_04037,High,30,4
TKT_003178,CUST_04537,Low,22,5
TKT_003179,CUST_04458,Medium,39,3
TKT_003180,CUST_02270,Medium,17,5
TKT_003181,CUST_00658,Medium,28,3
TKT_003182,CUST_04204,High,48,4
TKT_003183,CUST_03202,Medium,38,3
TKT_003184,CUST_00576,Medium,54,4
TKT_003185,CUST_00300,Medium,47,3
TKT_003186,CUST_03507,Low,12,4
TKT_003187,CUST_01893,Medium,27,4
TKT_003188,CUST_00224,Low,15,4
TKT_003189,CUST_03649,Low,58,5
TKT_003190,CUST_02742,Low,34,5
TKT_003191,CUST_01859,Medium,43,2
TKT_003192,CUST_03695,High,14,5
TKT_003193,CUST_02298,Low,55,4
TKT_003194,CUST_04337,Medium,32,4
TKT_003195,CUST_02865,Low,35,3
TKT_003196,CUST_03545,Low,26,3
TKT_003197,CUST_01700,High,22,2
TKT_003198,CUST_03335,Low,14,5
TKT_003199,CUST_02063,Low,30,4
TKT_003200,CUST_00665,Low,54,1
TKT_003201,CUST_00496,Low,19,4
TKT_003202,CUST_01465,Low,62,3
TKT_003203,CUST_04646,Low,45,4
TKT_003204,CUST_02085,Medium,45,2
TKT_003205,CUST_03706,Low,55,5
TKT_003206,CUST_00436,Medium,51,5
TKT_003207,CUST_02341,High,49,3
TKT_003208,CUST_04397,Low,37,2
TKT_003209,CUST_01698,Medium,14,5
TKT_003210,CUST_04012,Low,43,2
TKT_003211,CUST_01047,Low,54,1
TKT_003212,CUST_02398,High,59,4
TKT_003213,CUST_01090,Medium,54,3
TKT_003214,CUST_01419,Low,21,4
TKT_003215,CUST_03022,Low,21,3
TKT_003216,CUST_03049,Low,60,1
TKT_003217,CUST_00570,High,22,4
TKT_003218,CUST_00029,Medium,65,4
TKT_003219,CUST_03155,Low,25,4
TKT_003220,CUST_03507,Low,42,3
TKT_003221,CUST_00641,Low,20,5
TKT_003222,CUST_03205,High,59,4
TKT_003223,CUST_04211,Medium,17,4
TKT_003224,CUST_04776,Low,60,4
TKT_003225,CUST_04177,Low,65,5
TKT_003226,CUST_01986,Low,68,5
TKT_003227,CUST_02655,Low,65,4
TKT_003228,CUST_04817,Medium,46,1
TKT_003229,CUST_04032,Low,45,4
TKT_003230,CUST_04168,High,54,4
TKT_003231,CUST_02030,Medium,67,5
TKT_003232,CUST_00474,Low,29,3
TKT_003233,CUST_00171,Medium,34,4
TKT_003234,CUST_02088,Low,41,1
TKT_003235,CUST_03245,Low,14,3
TKT_003236,CUST_02472,Critical,1,3
TKT_003237,CUST_01246,Medium,48,1
TKT_003238,CUST_00798,Low,54,5
TKT_003239,CUST_03747,Low,14,3
TKT_003240,CUST_02498,Low,26,3
TKT_003241,CUST_04741,Low,14,2
TKT_003242,CUST_00322,Low,40,5
TKT_003243,CUST_03935,Low,42,2
TKT_003244,CUST_03896,Medium,18,5
TKT_003245,CUST_01069,High,18,4
TKT_003246,CUST_00324,Low,66,1
TKT_003247,CUST_03333,Medium,22,5
TKT_003248,CUST_02668,Low,59,4
TKT_003249,CUST_02095,Low,39,3
TKT_003250,CUST_00645,Medium,71,3
TKT_003251,CUST_03845,High,47,3
TKT_003252,CUST_01712,Low,54,3
TKT_003253,CUST_02681,Medium,57,3
TKT_003254,CUST_00841,Critical,18,3
TKT_003255,CUST_00303,Medium,36,4
TKT_003256,CUST_03262,Low,28,5
TKT_003257,CUST_04868,Low,66,3
TKT_003258,CUST_03761,High,67,2
TKT_003259,CUST_02625,Low,61,1
TKT_003260,CUST_04960,Medium,49,3
TKT_003261,CUST_00336,Low,71,5
TKT_003262,CUST_01879,Medium,32,3
TKT_003263,CUST_03292,Low,63,3
TKT_003264,CUST_01853,Medium,31,5
TKT_003265,CUST_04756,Low,21,4
TKT_003266,CUST_02001,Medium,17,5
TKT_003267,CUST_04708,Low,23,4
TKT_003268,CUST_05000,Low,28,4
TKT_003269,CUST_02130,Medium,56,5
TKT_003270,CUST_00969,Critical,5,4
TKT_003271,CUST_01957,High,47,4
TKT_003272,CUST_02526,Low,59,3
TKT_003273,CUST_02347,Medium,30,3
TKT_003274,CUST_00750,Medium,16,4
TKT_003275,CUST_02744,Medium,56,4
TKT_003276,CUST_01300,Medium,53,4
TKT_003277,CUST_00304,Critical,15,4
TKT_003278,CUST_02916,Low,40,2
TKT_003279,CUST_04066,Medium,48,5
TKT_003280,CUST_03345,Low,59,5
TKT_003281,CUST_00036,High,41,5
TKT_003282,CUST_04518,Medium,12,1
TKT_003283,CUST_03550,Medium,23,5
TKT_003284,CUST_02386,High,26,5
TKT_003285,CUST_04724,Medium,16,1
TKT_003286,CUST_01434,Medium,49,4
TKT_003287,CUST_04559,High,22,3
TKT_003288,CUST_00081,Low,31,3
TKT_003289,CUST_01503,Critical,17,2
TKT_003290,CUST_04516,Low,25,3
TKT_003291,CUST_03512,Medium,37,5
TKT_003292,CUST_02943,Low,45,5
TKT_003293,CUST_00795,Low,21,3
TKT_003294,CUST_01731,Medium,38,3
TKT_003295,CUST_00184,Low,68,3
TKT_003296,CUST_04654,High,55,4
TKT_003297,CUST_01172,Low,52,1
TKT_003298,CUST_02043,Low,52,4
TKT_003299,CUST_01288,High,36,5
TKT_003300,CUST_03677,Medium,21,4
TKT_003301,CUST_04936,Medium,50,3
TKT_003302,CUST_03561,Low,71,1
TKT_003303,CUST_01883,Medium,43,4
TKT_003304,CUST_00282,Low,45,2
TKT_003305,CUST_04711,Critical,16,4
TKT_003306,CUST_02250,Medium,44,3
TKT_003307,CUST_04670,High,43,3
TKT_003308,CUST_00417,Medium,33,5
TKT_003309,CUST_00317,Medium,33,5
TKT_003310,CUST_03300,Medium,64,2
TKT_003311,CUST_02964,Medium,34,3
TKT_003312,CUST_01092,Low,30,5
TKT_003313,CUST_02845,Low,34,5
TKT_003314,CUST_03886,Low,33,4
TKT_003315,CUST_00677,Medium,41,5
TKT_003316,CUST_01125,Medium,30,3
TKT_003317,CUST_02291,Medium,33,1
TKT_003318,CUST_01114,High,12,5
TKT_003319,CUST_01973,Medium,45,4
TKT_003320,CUST_02949,Low,71,1
TKT_003321,CUST_04223,Low,37,5
TKT_003322,CUST_04715,Low,15,3
TKT_003323,CUST_04930,Low,59,1
TKT_003324,CUST_01423,Low,56,5
TKT_003325,CUST_03374,Medium,23,3
TKT_003326,CUST_00756,Low,39,4
TKT_003327,CUST_03769,Low,48,4
TKT_003328,CUST_04872,Critical,2,5
TKT_003329,CUST_03837,Critical,5,3
TKT_003330,CUST_03973,Medium,40,4
TKT_003331,CUST_04169,Low,31,3
TKT_003332,CUST_04475,High,13,4
TKT_003333,CUST_02993,Medium,67,1
TKT_003334,CUST_00492,Low,48,5
TKT_003335,CUST_00684,Medium,12,1
TKT_003336,CUST_01976,Low,57,3
TKT_003337,CUST_00304,Critical,20,5
TKT_003338,CUST_03998,High,47,4
TKT_003339,CUST_01953,Low,55,5
TKT_003340,CUST_03570,Medium,53,4
TKT_003341,CUST_04005,Low,29,5
TKT_003342,CUST_01261,High,20,5
TKT_003343,CUST_01031,Low,48,5
TKT_003344,CUST_04352,Low,65,3
TKT_003345,CUST_01195,Low,36,1
TKT_003346,CUST_03360,Low,52,4
TKT_003347,CUST_00234,High,30,1
TKT_003348,CUST_02921,High,36,5
TKT_003349,CUST_01719,Low,63,4
TKT_003350,CUST_00493,Low,60,4
TKT_003351,CUST_03283,Medium,26,1
TKT_003352,CUST_02015,Medium,57,4
TKT_003353,CUST_04325,Low,67,2
TKT_003354,CUST_00345,Medium,61,4
TKT_003355,CUST_00265,Low,37,3
TKT_003356,CUST_03576,Low,57,3
TKT_003357,CUST_04840,Medium,31,4
TKT_003358,CUST_01673,Medium,14,5
TKT_003359,CUST_03648,Medium,36,3
TKT_003360,CUST_00429,Medium,32,4
TKT_003361,CUST_03163,Medium,45,3
TKT_003362,CUST_02911,Low,63,4
TKT_003363,CUST_00454,Medium,64,4
TKT_003364,CUST_00349,High,49,4
TKT_003365,CUST_00422,Medium,35,5
TKT_003366,CUST_02763,Medium,52,4
TKT_003367,CUST_04782,Low,36,2
TKT_003368,CUST_00582,Low,12,1
TKT_003369,CUST_02663,Low,40,1
TKT_003370,CUST_04259,Medium,43,3
TKT_003371,CUST_02352,Low,58,5
TKT_003372,CUST_02367,High,12,5
TKT_003373,CUST_01030,Medium,46,4
TKT_003374,CUST_01325,Medium,67,4
TKT_003375,CUST_00101,Medium,27,5
TKT_003376,CUST_00416,Medium,43,1
TKT_003377,CUST_01384,Medium,58,3
TKT_003378,CUST_02434,Medium,26,1
TKT_003379,CUST_01044,Low,16,5
TKT_003380,CUST_01747,Low,21,1
TKT_003381,CUST_04492,Critical,12,5
TKT_003382,CUST_04444,Medium,54,5
TKT_003383,CUST_01289,Medium,19,4
TKT_003384,CUST_04861,Medium,26,3
TKT_003385,CUST_04140,Medium,31,4
TKT_003386,CUST_04171,Medium,36,4
TKT_003387,CUST_04149,Critical,3,4
TKT_003388,CUST_03955,Medium,37,5
TKT_003389,CUST_00038,High,15,2
TKT_003390,CUST_00766,Medium,37,2
TKT_003391,CUST_03878,High,71,5
TKT_003392,CUST_02465,Medium,21,4
TKT_003393,CUST_04807,Medium,59,4
TKT_003394,CUST_04844,Low,26,5
TKT_003395,CUST_02892,Medium,16,5
TKT_003396,CUST_00116,Low,43,4
TKT_003397,CUST_00279,Medium,43,4
TKT_003398,CUST_00454,Medium,33,1
TKT_003399,CUST_03214,Low,33,4
TKT_003400,CUST_04704,Medium,23,1
TKT_003401,CUST_04465,Medium,22,4
TKT_003402,CUST_04466,Medium,35,5
TKT_003403,CUST_00301,Medium,54,5
TKT_003404,CUST_00717,Medium,56,5
TKT_003405,CUST_01376,Medium,52,5
TKT_003406,CUST_00195,Medium,27,5
TKT_003407,CUST_01329,Critical,9,1
TKT_003408,CUST_04354,Low,12,5
TKT_003409,CUST_01980,Medium,62,5
TKT_003410,CUST_01558,Low,34,4
TKT_003411,CUST_03125,High,39,4
TKT_003412,CUST_04883,Medium,43,3
TKT_003413,CUST_00529,Medium,62,2
TKT_003414,CUST_00498,Low,64,3
TKT_003415,CUST_01811,Critical,3,5
TKT_003416,CUST_02846,High,48,1
TKT_003417,CUST_02126,Low,14,5
TKT_003418,CUST_00320,Medium,62,1
TKT_003419,CUST_03364,High,24,2
TKT_003420,CUST_02570,Medium,39,2
TKT_003421,CUST_03387,Medium,39,4
TKT_003422,CUST_04710,Medium,69,5
TKT_003423,CUST_04726,Medium,56,2
TKT_003424,CUST_02717,Medium,35,3
TKT_003425,CUST_03339,Medium,62,4
TKT_003426,CUST_00245,Medium,24,4
TKT_003427,CUST_02720,High,35,4
TKT_003428,CUST_00870,High,16,2
TKT_003429,CUST_01460,Medium,28,4
TKT_003430,CUST_04110,Medium,61,3
TKT_003431,CUST_00671,Medium,23,4
TKT_003432,CUST_04737,Low,66,3
TKT_003433,CUST_00686,Medium,60,2
TKT_003434,CUST_01975,Medium,29,4
TKT_003435,CUST_01012,Low,44,4
TKT_003436,CUST_01385,Medium,69,3
TKT_003437,CUST_04139,High,42,4
TKT_003438,CUST_00911,High,66,5
TKT_003439,CUST_01318,Low,45,4
TKT_003440,CUST_03127,Medium,41,3
TKT_003441,CUST_00567,Medium,56,3
TKT_003442,CUST_03918,Medium,43,5
TKT_003443,CUST_01466,Critical,3,4
TKT_003444,CUST_04203,Medium,42,3
TKT_003445,CUST_01208,High,46,4
TKT_003446,CUST_03571,Medium,26,5
TKT_003447,CUST_02466,Low,38,5
TKT_003448,CUST_04145,Medium,70,1
TKT_003449,CUST_04349,Medium,38,3
TKT_003450,CUST_03927,Medium,66,5
TKT_003451,CUST_03141,Low,12,4
TKT_003452,CUST_03514,Low,23,5
TKT_003453,CUST_04011,Medium,15,3
TKT_003454,CUST_02878,Low,34,5
TKT_003455,CUST_01401,High,45,4
TKT_003456,CUST_01569,Medium,63,5
TKT_003457,CUST_00741,Low,68,4
TKT_003458,CUST_00700,Medium,34,4
TKT_003459,CUST_00703,Medium,62,4
TKT_003460,CUST_04389,Low,30,1
TKT_003461,CUST_00956,Low,70,1
TKT_003462,CUST_00874,Low,31,5
TKT_003463,CUST_02409,Low,31,3
TKT_003464,CUST_04598,Medium,40,4
TKT_003465,CUST_03379,Medium,24,3
TKT_003466,CUST_01821,Low,39,3
TKT_003467,CUST_04745,Medium,35,4
TKT_003468,CUST_04182,High,33,3
TKT_003469,CUST_04392,Medium,33,5
TKT_003470,CUST_03243,Medium,51,4
TKT_003471,CUST_01380,Low,22,5
TKT_003472,CUST_00279,Low,19,3
TKT_003473,CUST_04348,Low,43,4
TKT_003474,CUST_01032,Medium,35,3
TKT_003475,CUST_04682,Medium,23,3
TKT_003476,CUST_01344,Critical,11,2
TKT_003477,CUST_00605,Medium,51,2
TKT_003478,CUST_02656,Medium,32,5
TKT_003479,CUST_00592,Medium,14,5
TKT_003480,CUST_03955,Low,50,3
TKT_003481,CUST_00012,High,56,5
TKT_003482,CUST_00122,Low,29,5
TKT_003483,CUST_04521,Low,53,2
TKT_003484,CUST_02277,Low,69,5
TKT_003485,CUST_02645,Critical,15,5
TKT_003486,CUST_04074,Medium,47,5
TKT_003487,CUST_00878,Low,56,5
TKT_003488,CUST_00786,Low,26,3
TKT_003489,CUST_02077,Low,60,5
TKT_003490,CUST_00101,Low,56,5
TKT_003491,CUST_00376,Low,26,3
TKT_003492,CUST_00646,Medium,49,2
TKT_003493,CUST_03383,Medium,62,2
TKT_003494,CUST_03512,Critical,9,3
TKT_003495,CUST_02741,Low,63,5
TKT_003496,CUST_03529,High,63,5
TKT_003497,CUST_04817,Low,35,2
TKT_003498,CUST_02024,Low,18,4
TKT_003499,CUST_04567,Low,20,3
TKT_003500,CUST_01953,Critical,16,5
TKT_003501,CUST_01046,Critical,22,5
TKT_003502,CUST_02098,High,18,5
TKT_003503,CUST_03823,Low,36,4
TKT_003504,CUST_04822,High,25,5
TKT_003505,CUST_03867,Medium,12,5
TKT_003506,CUST_03632,Low,31,4
TKT_003507,CUST_02015,Low,39,5
TKT_003508,CUST_02350,Medium,60,3
TKT_003509,CUST_03399,High,49,5
TKT_003510,CUST_00384,High,45,4
TKT_003511,CUST_02586,Medium,69,5
TKT_003512,CUST_00703,Medium,20,5
TKT_003513,CUST_02097,Medium,59,3
TKT_003514,CUST_00319,Medium,71,3
TKT_003515,CUST_00021,Low,31,3
TKT_003516,CUST_03505,Medium,54,3
TKT_003517,CUST_00592,Low,63,1
TKT_003518,CUST_04105,Low,49,5
TKT_003519,CUST_02197,Low,42,2
TKT_003520,CUST_01461,Medium,32,5
TKT_003521,CUST_02547,Low,33,4
TKT_003522,CUST_01912,High,24,5
TKT_003523,CUST_03127,Medium,55,5
TKT_003524,CUST_04393,Critical,14,5
TKT_003525,CUST_02566,Low,36,4
TKT_003526,CUST_01271,Medium,33,4
TKT_003527,CUST_00282,Critical,17,5
TKT_003528,CUST_02817,Low,63,3
TKT_003529,CUST_04353,Low,66,4
TKT_003530,CUST_01830,Medium,31,3
TKT_003531,CUST_00553,Low,43,4
TKT_003532,CUST_03740,Low,27,4
TKT_003533,CUST_02965,Critical,17,4
TKT_003534,CUST_03468,Medium,31,2
TKT_003535,CUST_02925,Medium,52,3
TKT_003536,CUST_02808,Low,33,5
TKT_003537,CUST_02920,Low,53,1
TKT_003538,CUST_03005,Low,49,3
TKT_003539,CUST_01571,Medium,56,3
TKT_003540,CUST_02297,Medium,48,3
TKT_003541,CUST_02337,Low,26,4
TKT_003542,CUST_02457,High,23,5
TKT_003543,CUST_04405,Medium,20,5
TKT_003544,CUST_00061,Low,48,3
TKT_003545,CUST_03576,Medium,55,2
TKT_003546,CUST_02829,Low,26,4
TKT_003547,CUST_02575,Medium,55,5
TKT_003548,CUST_03383,Medium,67,3
TKT_003549,CUST_03765,Critical,15,2
TKT_003550,CUST_02248,Low,33,4
TKT_003551,CUST_03425,Low,23,3
TKT_003552,CUST_01099,Low,38,1
TKT_003553,CUST_02804,Low,30,3
TKT_003554,CUST_03108,High,58,3
TKT_003555,CUST_00198,Medium,36,3
TKT_003556,CUST_02092,Critical,5,5
TKT_003557,CUST_02689,Low,46,4
TKT_003558,CUST_01569,High,68,3
TKT_003559,CUST_00871,Low,55,4
TKT_003560,CUST_00510,High,23,3
TKT_003561,CUST_02464,Low,61,4
TKT_003562,CUST_04034,Medium,19,3
TKT_003563,CUST_02457,Low,22,5
TKT_003564,CUST_04392,Low,50,3
TKT_003565,CUST_01889,Medium,30,5
TKT_003566,CUST_02251,High,34,3
TKT_003567,CUST_04672,Medium,35,5
TKT_003568,CUST_00985,Low,26,3
TKT_003569,CUST_00796,Low,31,1
TKT_003570,CUST_00848,Low,36,2
TKT_003571,CUST_01392,High,67,1
TKT_003572,CUST_02994,Low,25,3
TKT_003573,CUST_04458,High,21,4
TKT_003574,CUST_04572,Medium,59,4
TKT_003575,CUST_04400,Medium,61,3
TKT_003576,CUST_02233,High,40,5
TKT_003577,CUST_02313,Medium,58,1
TKT_003578,CUST_01438,Low,65,4
TKT_003579,CUST_00402,Low,60,5
TKT_003580,CUST_02221,Low,60,5
TKT_003581,CUST_00878,Medium,69,3
TKT_003582,CUST_03155,Low,23,4
TKT_003583,CUST_00907,Medium,44,3
TKT_003584,CUST_04442,Low,34,1
TKT_003585,CUST_01096,High,25,4
TKT_003586,CUST_03523,Medium,34,4
TKT_003587,CUST_01807,High,60,3
TKT_003588,CUST_01677,Low,64,3
TKT_003589,CUST_00208,Medium,48,3
TKT_003590,CUST_01366,High,33,4
TKT_003591,CUST_01410,Low,40,4
TKT_003592,CUST_02926,Critical,21,5
TKT_003593,CUST_04258,Low,13,3
TKT_003594,CUST_02064,Low,31,5
TKT_003595,CUST_02791,Medium,16,4
TKT_003596,CUST_00246,Low,38,4
TKT_003597,CUST_02603,High,14,3
TKT_003598,CUST_03482,Low,29,3
TKT_003599,CUST_01478,Medium,24,1
TKT_003600,CUST_02498,Medium,33,4
TKT_003601,CUST_01481,Medium,24,5
TKT_003602,CUST_01788,Low,23,4
TKT_003603,CUST_01813,Medium,43,3
TKT_003604,CUST_04212,Low,69,5
TKT_003605,CUST_02924,Medium,47,1
TKT_003606,CUST_02562,High,18,3
TKT_003607,CUST_02947,Low,17,1
TKT_003608,CUST_04109,Low,51,3
TKT_003609,CUST_02325,Medium,48,3
TKT_003610,CUST_00916,Low,17,4
TKT_003611,CUST_00893,Low,36,1
TKT_003612,CUST_04313,Low,38,1
TKT_003613,CUST_02797,Medium,16,4
TKT_003614,CUST_04390,Low,68,5
TKT_003615,CUST_02816,Medium,30,4
TKT_003616,CUST_04594,Medium,20,3
TKT_003617,CUST_00977,Medium,61,4
TKT_003618,CUST_00750,High,51,3
TKT_003619,CUST_03556,Medium,12,3
TKT_003620,CUST_03169,Low,57,4
TKT_003621,CUST_04800,Low,20,4
TKT_003622,CUST_03016,Medium,50,4
TKT_003623,CUST_03627,High,21,2
TKT_003624,CUST_00269,Medium,60,3
TKT_003625,CUST_03029,Low,54,1
TKT_003626,CUST_01012,High,60,4
TKT_003627,CUST_02136,Medium,25,5
TKT_003628,CUST_01249,Low,57,4
TKT_003629,CUST_03208,Medium,51,5
TKT_003630,CUST_00763,Low,36,5
TKT_003631,CUST_02972,Medium,61,3
TKT_003632,CUST_00723,Low,30,5
TKT_003633,CUST_01406,Low,61,4
TKT_003634,CUST_00439,Medium,28,5
TKT_003635,CUST_00315,High,29,1
TKT_003636,CUST_02113,Low,57,4
TKT_003637,CUST_04997,Low,51,5
TKT_003638,CUST_00592,Medium,61,4
TKT_003639,CUST_04741,High,20,5
TKT_003640,CUST_04291,Low,12,5
TKT_003641,CUST_03671,High,17,5
TKT_003642,CUST_01910,High,49,3
TKT_003643,CUST_04097,Medium,49,5
TKT_003644,CUST_04464,Low,50,5
TKT_003645,CUST_02424,Low,28,2
TKT_003646,CUST_03263,Low,20,3
TKT_003647,CUST_04386,Low,22,5
TKT_003648,CUST_04896,High,64,5
TKT_003649,CUST_03271,Low,67,4
TKT_003650,CUST_04331,Low,29,4
TKT_003651,CUST_01254,Medium,56,5
TKT_003652,CUST_03298,High,57,4
TKT_003653,CUST_01454,Low,48,3
TKT_003654,CUST_00196,Medium,18,4
TKT_003655,CUST_00790,Medium,46,3
TKT_003656,CUST_02205,Medium,55,4
TKT_003657,CUST_03068,High,18,4
TKT_003658,CUST_03554,Low,50,3
TKT_003659,CUST_04450,Medium,22,5
TKT_003660,CUST_00813,Medium,21,3
TKT_003661,CUST_04931,High,45,1
TKT_003662,CUST_02581,Low,35,3
TKT_003663,CUST_01532,Low,23,5
TKT_003664,CUST_00405,Low,20,4
TKT_003665,CUST_02748,High,33,5
TKT_003666,CUST_02845,High,49,2
TKT_003667,CUST_02337,Medium,57,2
TKT_003668,CUST_00090,Low,43,2
TKT_003669,CUST_01406,Low,19,5
TKT_003670,CUST_03574,Medium,59,4
TKT_003671,CUST_01618,Critical,3,3
TKT_003672,CUST_03595,High,27,5
TKT_003673,CUST_01526,Medium,44,4
TKT_003674,CUST_01696,Medium,53,4
TKT_003675,CUST_03691,Critical,1,5
TKT_003676,CUST_04042,High,62,4
TKT_003677,CUST_03163,Low,50,5
TKT_003678,CUST_00753,Medium,17,4
TKT_003679,CUST_00716,Medium,70,5
TKT_003680,CUST_02442,Medium,15,4
TKT_003681,CUST_03430,Critical,14,3
TKT_003682,CUST_00475,Low,20,3
TKT_003683,CUST_02822,Medium,47,2
TKT_003684,CUST_01652,Medium,22,3
TKT_003685,CUST_02118,High,65,4
TKT_003686,CUST_04799,Low,46,2
TKT_003687,CUST_03761,Medium,23,5
TKT_003688,CUST_02088,Low,46,5
TKT_003689,CUST_02902,Low,18,4
TKT_003690,CUST_03101,Low,68,5
TKT_003691,CUST_03593,Medium,40,4
TKT_003692,CUST_04373,Critical,18,3
TKT_003693,CUST_03656,Low,14,5
TKT_003694,CUST_00183,Low,65,5
TKT_003695,CUST_01623,Low,35,4
TKT_003696,CUST_00084,Medium,41,5
TKT_003697,CUST_00086,Low,38,3
TKT_003698,CUST_01743,Critical,18,3
TKT_003699,CUST_01311,Medium,71,5
TKT_003700,CUST_00941,High,41,3
TKT_003701,CUST_01037,Medium,47,5
TKT_003702,CUST_01401,Medium,66,3
TKT_003703,CUST_03481,High,34,4
TKT_003704,CUST_04821,High,48,5
TKT_003705,CUST_03012,Low,37,5
TKT_003706,CUST_04714,High,61,5
TKT_003707,CUST_03904,Medium,47,3
TKT_003708,CUST_00725,Low,39,4
TKT_003709,CUST_00188,Medium,48,5
TKT_003710,CUST_04831,Low,62,1
TKT_003711,CUST_02773,Medium,15,4
TKT_003712,CUST_04613,High,40,2
TKT_003713,CUST_02581,Low,55,4
TKT_003714,CUST_03701,Low,25,1
TKT_003715,CUST_02940,Critical,11,3
TKT_003716,CUST_01139,Medium,56,4
TKT_003717,CUST_00204,Low,48,5
TKT_003718,CUST_03381,High,44,4
TKT_003719,CUST_01346,High,62,4
TKT_003720,CUST_00361,Low,42,3
TKT_003721,CUST_01144,Low,25,5
TKT_003722,CUST_00214,High,36,2
TKT_003723,CUST_01849,Low,20,4
TKT_003724,CUST_03383,Medium,36,2
TKT_003725,CUST_00642,Low,52,5
TKT_003726,CUST_00606,Medium,57,3
TKT_003727,CUST_00366,Low,36,3
TKT_003728,CUST_01229,Medium,41,2
TKT_003729,CUST_00899,Low,31,5
TKT_003730,CUST_04283,Low,34,5
TKT_003731,CUST_02772,Low,12,4
TKT_003732,CUST_03065,Low,26,1
TKT_003733,CUST_02751,High,32,5
TKT_003734,CUST_00090,High,41,5
TKT_003735,CUST_00989,Medium,22,1
TKT_003736,CUST_02441,Medium,61,4
TKT_003737,CUST_03212,Low,37,5
TKT_003738,CUST_00293,Low,63,4
TKT_003739,CUST_01490,Low,41,4
TKT_003740,CUST_04727,Medium,20,3
TKT_003741,CUST_03170,Low,16,5
TKT_003742,CUST_04266,Critical,17,5
TKT_003743,CUST_01450,Medium,58,4
TKT_003744,CUST_04986,Critical,9,4
TKT_003745,CUST_01091,Medium,44,2
TKT_003746,CUST_03630,Medium,45,5
TKT_003747,CUST_02616,Low,69,3
TKT_003748,CUST_00151,Medium,12,5
TKT_003749,CUST_00984,Critical,14,3
TKT_003750,CUST_01820,Low,26,2
TKT_003751,CUST_00977,Low,42,4
TKT_003752,CUST_00189,Low,70,4
TKT_003753,CUST_02779,Critical,7,2
TKT_003754,CUST_03757,Low,23,5
TKT_003755,CUST_02572,High,18,3
TKT_003756,CUST_01187,Low,56,4
TKT_003757,CUST_03902,High,44,4
TKT_003758,CUST_03440,Medium,53,3
TKT_003759,CUST_02565,Low,43,4
TKT_003760,CUST_04811,Medium,62,1
TKT_003761,CUST_01348,High,66,2
TKT_003762,CUST_03408,Medium,16,3
TKT_003763,CUST_02626,Medium,49,3
TKT_003764,CUST_03753,Low,16,3
TKT_003765,CUST_00667,High,67,4
TKT_003766,CUST_04684,Low,28,4
TKT_003767,CUST_00773,Low,18,3
TKT_003768,CUST_03205,Low,36,1
TKT_003769,CUST_04950,Low,36,4
TKT_003770,CUST_01165,Medium,14,5
TKT_003771,CUST_04954,Medium,63,2
TKT_003772,CUST_04595,Medium,47,2
TKT_003773,CUST_00649,Low,67,1
TKT_003774,CUST_02224,Low,39,3
TKT_003775,CUST_04896,High,34,3
TKT_003776,CUST_04947,High,19,4
TKT_003777,CUST_01060,Low,42,4
TKT_003778,CUST_00988,Medium,32,4
TKT_003779,CUST_02191,Low,56,3
TKT_003780,CUST_04745,High,46,4
TKT_003781,CUST_04624,Critical,14,4
TKT_003782,CUST_01786,Low,52,4
TKT_003783,CUST_01528,Medium,53,3
TKT_003784,CUST_04680,Low,69,3
TKT_003785,CUST_04320,Low,61,4
TKT_003786,CUST_01902,Medium,67,1
TKT_003787,CUST_02404,Medium,40,2
TKT_003788,CUST_02986,Medium,71,4
TKT_003789,CUST_01851,Medium,14,5
TKT_003790,CUST_01008,High,55,1
TKT_003791,CUST_00546,Medium,36,2
TKT_003792,CUST_00525,Medium,13,1
TKT_003793,CUST_04011,Medium,55,3
TKT_003794,CUST_01738,Low,52,5
TKT_003795,CUST_01081,Medium,45,5
TKT_003796,CUST_02022,High,26,5
TKT_003797,CUST_01339,Low,50,5
TKT_003798,CUST_02159,Critical,22,4
TKT_003799,CUST_03188,Medium,51,4
TKT_003800,CUST_01331,Medium,58,4
TKT_003801,CUST_00771,Critical,19,3
TKT_003802,CUST_01742,Medium,63,4
TKT_003803,CUST_04406,Low,63,4
TKT_003804,CUST_04190,Medium,35,5
TKT_003805,CUST_04113,High,17,3
TKT_003806,CUST_01359,Low,17,5
TKT_003807,CUST_03134,Low,59,3
TKT_003808,CUST_02797,Low,69,4
TKT_003809,CUST_01597,Low,48,3
TKT_003810,CUST_01981,High,37,2
TKT_003811,CUST_00556,Low,14,2
TKT_003812,CUST_03965,High,43,5
TKT_003813,CUST_03572,High,57,3
TKT_003814,CUST_03060,High,29,2
TKT_003815,CUST_04355,Low,67,4
TKT_003816,CUST_02761,Medium,39,2
TKT_003817,CUST_00835,Critical,5,4
TKT_003818,CUST_01648,Low,28,1
TKT_003819,CUST_03060,Low,43,4
TKT_003820,CUST_00867,High,23,4
TKT_003821,CUST_00904,Medium,48,1
TKT_003822,CUST_02458,Medium,32,2
TKT_003823,CUST_04984,Critical,17,5
TKT_003824,CUST_00143,Medium,37,4
TKT_003825,CUST_03724,Low,50,1
TKT_003826,CUST_02787,Medium,28,5
TKT_003827,CUST_03391,Low,63,5
TKT_003828,CUST_02696,Low,47,2
TKT_003829,CUST_02760,Medium,45,3
TKT_003830,CUST_03350,Low,30,4
TKT_003831,CUST_03890,High,43,1
TKT_003832,CUST_03734,Low,61,4
TKT_003833,CUST_01722,Medium,33,3
TKT_003834,CUST_03154,Medium,61,5
TKT_003835,CUST_04115,Medium,56,3
TKT_003836,CUST_04741,Medium,50,3
TKT_003837,CUST_02832,Medium,65,2
TKT_003838,CUST_01705,High,69,2
TKT_003839,CUST_00458,Low,29,3
TKT_003840,CUST_01277,Medium,62,5
TKT_003841,CUST_04775,High,35,3
TKT_003842,CUST_03316,Low,12,2
TKT_003843,CUST_01609,High,52,1
TKT_003844,CUST_03895,Medium,13,4
TKT_003845,CUST_01097,Medium,51,4
TKT_003846,CUST_00627,Low,35,3
TKT_003847,CUST_01291,High,51,3
TKT_003848,CUST_04718,Low,63,3
TKT_003849,CUST_04824,Medium,13,5
TKT_003850,CUST_03412,Medium,38,3
TKT_003851,CUST_02145,High,13,4
TKT_003852,CUST_00900,Low,34,5
TKT_003853,CUST_00698,Low,44,5
TKT_003854,CUST_02931,High,45,4
TKT_003855,CUST_04056,Medium,43,4
TKT_003856,CUST_04192,Low,14,3
TKT_003857,CUST_03618,Low,66,5
TKT_003858,CUST_03441,Medium,38,5
TKT_003859,CUST_03417,Medium,23,2
TKT_003860,CUST_03051,High,19,3
TKT_003861,CUST_02490,Low,31,3
TKT_003862,CUST_00793,High,63,4
TKT_003863,CUST_02076,High,69,4
TKT_003864,CUST_03544,Medium,28,1
TKT_003865,CUST_00923,Low,56,1
TKT_003866,CUST_01482,High,44,4
TKT_003867,CUST_00742,Low,66,5
TKT_003868,CUST_05000,Medium,22,5
TKT_003869,CUST_02034,Medium,20,4
TKT_003870,CUST_01446,High,45,1
TKT_003871,CUST_00375,Medium,55,1
TKT_003872,CUST_02910,Medium,68,4
TKT_003873,CUST_00624,High,54,2
TKT_003874,CUST_01049,Critical,5,4
TKT_003875,CUST_00606,Medium,27,4
TKT_003876,CUST_02114,Medium,38,2
TKT_003877,CUST_02577,High,26,4
TKT_003878,CUST_00278,High,35,5
TKT_003879,CUST_02058,Low,48,3
TKT_003880,CUST_01165,Medium,60,5
TKT_003881,CUST_03882,Low,51,3
TKT_003882,CUST_04124,Medium,69,4
TKT_003883,CUST_03172,High,30,5
TKT_003884,CUST_02768,Low,64,5
TKT_003885,CUST_04945,Low,34,3
TKT_003886,CUST_00261,Medium,50,1
TKT_003887,CUST_04134,High,42,4
TKT_003888,CUST_03566,Medium,41,3
TKT_003889,CUST_03819,Low,18,4
TKT_003890,CUST_04563,Low,70,1
TKT_003891,CUST_02795,Medium,56,3
TKT_003892,CUST_01204,Medium,70,4
TKT_003893,CUST_02013,Medium,61,1
TKT_003894,CUST_01811,Medium,61,4
TKT_003895,CUST_03609,Medium,14,4
TKT_003896,CUST_00304,Medium,49,3
TKT_003897,CUST_01097,High,59,5
TKT_003898,CUST_04029,High,41,5
TKT_003899,CUST_03619,Low,71,4
TKT_003900,CUST_01167,Medium,21,2
TKT_003901,CUST_04310,Medium,45,4
TKT_003902,CUST_02353,Low,24,5
TKT_003903,CUST_00345,Medium,50,3
TKT_003904,CUST_00744,Medium,24,3
TKT_003905,CUST_01622,Medium,36,5
TKT_003906,CUST_02542,Low,52,4
TKT_003907,CUST_01923,Low,45,4
TKT_003908,CUST_01149,Low,51,4
TKT_003909,CUST_02889,Medium,51,4
TKT_003910,CUST_03951,High,51,2
TKT_003911,CUST_00657,Medium,45,4
TKT_003912,CUST_04713,Medium,26,4
TKT_003913,CUST_00776,Low,14,5
TKT_003914,CUST_01670,Medium,63,3
TKT_003915,CUST_02008,Medium,70,3
TKT_003916,CUST_04598,Low,57,5
TKT_003917,CUST_01660,Medium,33,3
TKT_003918,CUST_00607,Low,45,1
TKT_003919,CUST_03704,Medium,16,5
TKT_003920,CUST_00430,Medium,52,1
TKT_003921,CUST_03373,Critical,1,5
TKT_003922,CUST_01005,Low,71,5
TKT_003923,CUST_01613,Low,40,4
TKT_003924,CUST_04190,Critical,9,5
TKT_003925,CUST_02363,Low,45,2
TKT_003926,CUST_02201,Medium,15,2
TKT_003927,CUST_02188,Low,65,4
TKT_003928,CUST_01621,Medium,63,5
TKT_003929,CUST_04312,Medium,36,1
TKT_003930,CUST_02842,Medium,71,2
TKT_003931,CUST_04466,Low,61,5
TKT_003932,CUST_00972,High,34,3
TKT_003933,CUST_02289,Medium,36,4
TKT_003934,CUST_01559,Medium,45,5
TKT_003935,CUST_02369,Medium,55,5
TKT_003936,CUST_02093,Critical,9,4
TKT_003937,CUST_04710,High,45,2
TKT_003938,CUST_00284,Low,32,4
TKT_003939,CUST_02035,Medium,55,4
TKT_003940,CUST_03656,Medium,41,4
TKT_003941,CUST_03625,High,70,1
TKT_003942,CUST_01815,Low,67,1
TKT_003943,CUST_00672,Low,14,5
TKT_003944,CUST_02135,Medium,26,4
TKT_003945,CUST_01483,Medium,32,2
TKT_003946,CUST_02347,Low,30,5
TKT_003947,CUST_00014,Low,30,5
TKT_003948,CUST_00756,Medium,60,5
TKT_003949,CUST_00169,Low,57,5
TKT_003950,CUST_02280,Low,45,5
TKT_003951,CUST_01135,Medium,66,5
TKT_003952,CUST_02662,High,25,3
TKT_003953,CUST_04825,Medium,15,4
TKT_003954,CUST_00240,Medium,42,1
TKT_003955,CUST_02288,Low,57,1
TKT_003956,CUST_04366,High,22,5
TKT_003957,CUST_02588,Low,55,1
TKT_003958,CUST_01310,Low,56,4
TKT_003959,CUST_00443,Low,22,5
TKT_003960,CUST_00725,Medium,60,3
TKT_003961,CUST_00908,Medium,15,4
TKT_003962,CUST_01527,High,27,4
TKT_003963,CUST_02418,Low,68,4
TKT_003964,CUST_01144,High,67,3
TKT_003965,CUST_00075,Medium,49,5
TKT_003966,CUST_02471,Low,17,4
TKT_003967,CUST_00070,Medium,29,3
TKT_003968,CUST_04841,Medium,64,1
TKT_003969,CUST_04066,Medium,36,5
TKT_003970,CUST_00132,Low,35,5
TKT_003971,CUST_01122,High,63,5
TKT_003972,CUST_04198,Low,50,5
TKT_003973,CUST_01191,Critical,22,4
TKT_003974,CUST_01129,Medium,20,4
TKT_003975,CUST_00598,Medium,48,5
TKT_003976,CUST_01573,Low,45,4
TKT_003977,CUST_00672,Medium,45,1
TKT_003978,CUST_04731,Medium,51,5
TKT_003979,CUST_03716,Low,67,2
TKT_003980,CUST_03338,Low,51,3
TKT_003981,CUST_03867,Low,48,5
TKT_003982,CUST_02900,Low,39,3
TKT_003983,CUST_02309,Low,61,5
TKT_003984,CUST_02464,Low,59,5
TKT_003985,CUST_03991,Medium,22,5
TKT_003986,CUST_03533,Medium,25,2
TKT_003987,CUST_02749,High,70,3
TKT_003988,CUST_02591,Low,37,5
TKT_003989,CUST_03031,Medium,71,4
TKT_003990,CUST_03382,Medium,71,5
TKT_003991,CUST_01712,Medium,19,5
TKT_003992,CUST_04145,Medium,39,3
TKT_003993,CUST_04540,Medium,31,5
TKT_003994,CUST_00172,Low,71,5
TKT_003995,CUST_03038,Low,36,5
TKT_003996,CUST_03402,Low,21,2
TKT_003997,CUST_04102,Low,65,4
TKT_003998,CUST_01228,Medium,22,5
TKT_003999,CUST_02417,Medium,37,1
TKT_004000,CUST_00722,Medium,34,4
TKT_004001,CUST_03620,Low,30,5
TKT_004002,CUST_00931,Medium,29,1
TKT_004003,CUST_02329,Low,61,5
TKT_004004,CUST_01079,Low,30,5
TKT_004005,CUST_03385,Medium,50,1
TKT_004006,CUST_02966,Medium,51,5
TKT_004007,CUST_03550,Medium,26,4
TKT_004008,CUST_02476,Low,27,1
TKT_004009,CUST_01536,High,31,3
TKT_004010,CUST_00413,High,30,3
TKT_004011,CUST_00839,Medium,22,3
TKT_004012,CUST_03688,Critical,21,5
TKT_004013,CUST_01027,Low,30,4
TKT_004014,CUST_03669,Medium,35,3
TKT_004015,CUST_04781,High,42,3
TKT_004016,CUST_02836,Medium,63,5
TKT_004017,CUST_00060,Medium,59,4
TKT_004018,CUST_00590,Low,19,1
TKT_004019,CUST_02578,Low,61,5
TKT_004020,CUST_03169,Low,35,5
TKT_004021,CUST_02035,Medium,19,3
TKT_004022,CUST_04069,Low,24,2
TKT_004023,CUST_00777,Low,21,3
TKT_004024,CUST_00148,Medium,30,3
TKT_004025,CUST_00047,Medium,61,5
TKT_004026,CUST_01268,Medium,34,2
TKT_004027,CUST_01502,High,68,4
TKT_004028,CUST_01619,Medium,53,4
TKT_004029,CUST_01665,Low,44,4
TKT_004030,CUST_04041,Medium,41,5
TKT_004031,CUST_03004,Low,41,4
TKT_004032,CUST_02023,Medium,40,3
TKT_004033,CUST_00210,Medium,48,3
TKT_004034,CUST_04283,Medium,46,3
TKT_004035,CUST_01188,Low,20,4
TKT_004036,CUST_03054,Low,19,4
TKT_004037,CUST_00035,Medium,59,4
TKT_004038,CUST_02044,Low,36,4
TKT_004039,CUST_01277,Critical,12,1
TKT_004040,CUST_04571,High,53,4
TKT_004041,CUST_04855,Medium,62,5
TKT_004042,CUST_04566,High,57,5
TKT_004043,CUST_02955,Medium,66,1
TKT_004044,CUST_00264,Low,48,5
TKT_004045,CUST_01129,Medium,49,5
TKT_004046,CUST_03292,Low,19,4
TKT_004047,CUST_04863,Medium,37,3
TKT_004048,CUST_00407,Low,22,5
TKT_004049,CUST_02694,High,51,3
TKT_004050,CUST_01230,Medium,34,4
TKT_004051,CUST_02112,Low,43,4
TKT_004052,CUST_03017,High,56,5
TKT_004053,CUST_00872,High,12,3
TKT_004054,CUST_04134,High,60,3
TKT_004055,CUST_04856,Medium,59,4
TKT_004056,CUST_04761,Medium,65,5
TKT_004057,CUST_04318,Low,20,3
TKT_004058,CUST_04866,Low,51,3
TKT_004059,CUST_00473,Low,39,5
TKT_004060,CUST_03578,Low,44,3
TKT_004061,CUST_04675,Low,43,4
TKT_004062,CUST_03833,Medium,19,5
TKT_004063,CUST_04331,Low,48,3
TKT_004064,CUST_02142,Low,29,4
TKT_004065,CUST_02909,Medium,18,4
TKT_004066,CUST_02887,Low,29,4
TKT_004067,CUST_04745,Low,59,5
TKT_004068,CUST_04112,Medium,23,5
TKT_004069,CUST_01399,Low,15,5
TKT_004070,CUST_00364,Critical,8,1
TKT_004071,CUST_00744,Medium,22,2
TKT_004072,CUST_03470,Medium,27,2
TKT_004073,CUST_02458,Low,55,4
TKT_004074,CUST_03685,Low,25,1
TKT_004075,CUST_02234,Medium,27,4
TKT_004076,CUST_04042,Critical,16,5
TKT_004077,CUST_00470,Medium,64,3
TKT_004078,CUST_00312,Medium,33,4
TKT_004079,CUST_02848,Low,29,1
TKT_004080,CUST_03150,Medium,51,1
TKT_004081,CUST_04631,Low,36,4
TKT_004082,CUST_02170,Low,46,1
TKT_004083,CUST_04324,Medium,18,5
TKT_004084,CUST_00989,Low,31,2
TKT_004085,CUST_01432,Medium,38,5
TKT_004086,CUST_04111,High,40,5
TKT_004087,CUST_00214,Low,21,3
TKT_004088,CUST_04699,Low,22,3
TKT_004089,CUST_04148,Low,31,1
TKT_004090,CUST_04153,Low,44,5
TKT_004091,CUST_01313,Medium,54,1
TKT_004092,CUST_03221,Low,48,4
TKT_004093,CUST_02456,Medium,65,5
TKT_004094,CUST_04628,Medium,24,2
TKT_004095,CUST_03441,Low,27,5
TKT_004096,CUST_02405,Medium,22,2
TKT_004097,CUST_00700,High,16,3
TKT_004098,CUST_01567,Low,49,3
TKT_004099,CUST_04770,Medium,14,1
TKT_004100,CUST_01310,Medium,70,2
TKT_004101,CUST_04613,Medium,13,4
TKT_004102,CUST_00681,Low,64,1
TKT_004103,CUST_01709,High,49,5
TKT_004104,CUST_04823,Medium,21,3
TKT_004105,CUST_03901,Medium,17,2
TKT_004106,CUST_02165,Medium,32,3
TKT_004107,CUST_04365,High,42,3
TKT_004108,CUST_01788,High,45,1
TKT_004109,CUST_00718,High,60,4
TKT_004110,CUST_00721,Low,43,5
TKT_004111,CUST_03235,Low,40,1
TKT_004112,CUST_03858,Medium,69,4
TKT_004113,CUST_02188,Low,65,4
TKT_004114,CUST_03959,Medium,12,5
TKT_004115,CUST_03753,Low,44,4
TKT_004116,CUST_04240,Medium,49,3
TKT_004117,CUST_02270,Medium,28,4
TKT_004118,CUST_00781,Medium,45,3
TKT_004119,CUST_04988,Low,60,2
TKT_004120,CUST_00630,High,27,5
TKT_004121,CUST_04531,Medium,18,4
TKT_004122,CUST_03922,Medium,47,5
TKT_004123,CUST_03078,Medium,24,1
TKT_004124,CUST_03313,Medium,31,4
TKT_004125,CUST_03127,Low,15,3
TKT_004126,CUST_02431,Low,16,4
TKT_004127,CUST_03542,High,27,1
TKT_004128,CUST_03143,Low,71,1
TKT_004129,CUST_01630,Medium,20,4
TKT_004130,CUST_01474,Low,54,3
TKT_004131,CUST_00480,Medium,23,1
TKT_004132,CUST_02070,Low,25,4
TKT_004133,CUST_00561,Medium,26,4
TKT_004134,CUST_02696,High,16,5
TKT_004135,CUST_02660,Medium,53,5
TKT_004136,CUST_02760,Medium,29,5
TKT_004137,CUST_02004,Medium,19,4
TKT_004138,CUST_04217,Medium,19,4
TKT_004139,CUST_02787,Low,36,5
TKT_004140,CUST_03993,Low,15,5
TKT_004141,CUST_01462,Medium,62,1
TKT_004142,CUST_04847,High,37,4
TKT_004143,CUST_04885,Medium,22,4
TKT_004144,CUST_00895,Medium,17,2
TKT_004145,CUST_01007,Medium,44,5
TKT_004146,CUST_04283,Critical,9,3
TKT_004147,CUST_00518,Medium,40,3
TKT_004148,CUST_01001,Medium,16,5
TKT_004149,CUST_03748,Low,12,4
TKT_004150,CUST_00640,Low,33,5
TKT_004151,CUST_00730,Low,46,2
TKT_004152,CUST_04749,High,67,4
TKT_004153,CUST_00433,Medium,42,5
TKT_004154,CUST_03938,Medium,14,5
TKT_004155,CUST_02811,Critical,4,5
TKT_004156,CUST_02938,High,18,1
TKT_004157,CUST_04197,Medium,12,5
TKT_004158,CUST_01122,Low,53,1
TKT_004159,CUST_04944,Low,69,4
TKT_004160,CUST_02327,Low,35,4
TKT_004161,CUST_01879,Medium,63,3
TKT_004162,CUST_03417,Medium,48,5
TKT_004163,CUST_02943,Low,41,4
TKT_004164,CUST_01615,Medium,43,2
TKT_004165,CUST_04526,Low,43,3
TKT_004166,CUST_01063,Medium,32,1
TKT_004167,CUST_02473,Medium,59,4
TKT_004168,CUST_04525,Medium,27,3
TKT_004169,CUST_04551,Critical,8,3
TKT_004170,CUST_00519,Medium,70,5
TKT_004171,CUST_03425,Low,28,5
TKT_004172,CUST_00210,Low,24,4
TKT_004173,CUST_04687,Medium,46,5
TKT_004174,CUST_04990,High,51,4
TKT_004175,CUST_00867,High,45,4
TKT_004176,CUST_03941,Critical,6,1
TKT_004177,CUST_00176,Medium,22,1
TKT_004178,CUST_04857,Medium,47,3
TKT_004179,CUST_03530,Medium,36,5
TKT_004180,CUST_00217,Medium,51,5
TKT_004181,CUST_02911,Low,41,3
TKT_004182,CUST_00604,Low,24,2
TKT_004183,CUST_01743,Medium,35,5
TKT_004184,CUST_03304,Low,47,3
TKT_004185,CUST_00820,High,45,5
TKT_004186,CUST_01062,Medium,19,5
TKT_004187,CUST_02472,Medium,66,3
TKT_004188,CUST_03471,Low,29,4
TKT_004189,CUST_03013,Medium,18,4
TKT_004190,CUST_02956,Medium,60,4
TKT_004191,CUST_02627,Medium,57,5
TKT_004192,CUST_00185,Medium,33,3
TKT_004193,CUST_03449,High,18,5
TKT_004194,CUST_00602,Medium,24,4
TKT_004195,CUST_01310,Medium,13,4
TKT_004196,CUST_01372,Low,55,2
TKT_004197,CUST_02767,Medium,13,5
TKT_004198,CUST_04626,High,40,3
TKT_004199,CUST_01013,High,38,2
TKT_004200,CUST_01855,Low,51,1
TKT_004201,CUST_00007,Medium,29,2
TKT_004202,CUST_00188,Low,69,4
TKT_004203,CUST_04046,Medium,13,5
TKT_004204,CUST_01624,High,70,1
TKT_004205,CUST_01140,Medium,64,2
TKT_004206,CUST_00063,Medium,15,5
TKT_004207,CUST_00441,Low,60,4
TKT_004208,CUST_01368,Low,57,5
TKT_004209,CUST_00587,High,19,4
TKT_004210,CUST_00379,High,47,4
TKT_004211,CUST_01256,High,70,5
TKT_004212,CUST_02488,Low,59,5
TKT_004213,CUST_02442,Medium,20,1
TKT_004214,CUST_03947,Low,29,4
TKT_004215,CUST_00737,Low,61,4
TKT_004216,CUST_03348,Medium,33,4
TKT_004217,CUST_00874,Medium,56,3
TKT_004218,CUST_04800,Low,22,5
TKT_004219,CUST_03239,Low,38,3
TKT_004220,CUST_00099,Medium,43,2
TKT_004221,CUST_02460,Low,13,5
TKT_004222,CUST_03300,Low,13,5
TKT_004223,CUST_00414,Medium,41,3
TKT_004224,CUST_00314,Low,33,4
TKT_004225,CUST_02374,Medium,33,1
TKT_004226,CUST_01786,High,35,3
TKT_004227,CUST_01433,Low,38,5
TKT_004228,CUST_04519,Critical,3,5
TKT_004229,CUST_04326,Low,24,3
TKT_004230,CUST_01595,Low,69,4
TKT_004231,CUST_04773,Medium,38,5
TKT_004232,CUST_03584,Medium,26,1
TKT_004233,CUST_04812,Medium,59,3
TKT_004234,CUST_00338,Low,59,1
TKT_004235,CUST_04342,Medium,60,2
TKT_004236,CUST_00558,Critical,14,2
TKT_004237,CUST_04300,Critical,11,1
TKT_004238,CUST_01217,Medium,20,4
TKT_004239,CUST_03911,Medium,34,4
TKT_004240,CUST_03431,High,15,3
TKT_004241,CUST_04770,Medium,68,3
TKT_004242,CUST_00736,Critical,3,4
TKT_004243,CUST_03326,High,54,5
TKT_004244,CUST_02332,Medium,71,5
TKT_004245,CUST_02266,Low,42,5
TKT_004246,CUST_04669,Medium,17,3
TKT_004247,CUST_03624,High,37,5
TKT_004248,CUST_00182,Low,70,5
TKT_004249,CUST_00208,Low,12,5
TKT_004250,CUST_02471,Low,33,1
TKT_004251,CUST_01194,Critical,6,3
TKT_004252,CUST_04235,Medium,69,1
TKT_004253,CUST_04350,Low,33,3
TKT_004254,CUST_01190,Low,44,3
TKT_004255,CUST_04665,Medium,67,5
TKT_004256,CUST_01659,Medium,16,5
TKT_004257,CUST_00426,Low,47,4
TKT_004258,CUST_03578,Critical,17,3
TKT_004259,CUST_01430,Medium,21,1
TKT_004260,CUST_04858,Medium,12,4
TKT_004261,CUST_00569,High,64,4
TKT_004262,CUST_02627,Low,23,3
TKT_004263,CUST_00231,Medium,60,2
TKT_004264,CUST_00995,Medium,14,4
TKT_004265,CUST_01657,Critical,7,2
TKT_004266,CUST_04040,Low,12,4
TKT_004267,CUST_00790,Medium,69,5
TKT_004268,CUST_02626,Medium,30,5
TKT_004269,CUST_01037,High,29,5
TKT_004270,CUST_04439,High,56,3
TKT_004271,CUST_01613,Low,63,5
TKT_004272,CUST_00339,Low,42,4
TKT_004273,CUST_00586,Low,66,4
TKT_004274,CUST_00422,Medium,60,3
TKT_004275,CUST_01314,High,66,5
TKT_004276,CUST_01314,Low,33,4
TKT_004277,CUST_03843,Medium,15,2
TKT_004278,CUST_01178,High,52,4
TKT_004279,CUST_01739,High,66,3
TKT_004280,CUST_01667,Medium,21,4
TKT_004281,CUST_04224,High,21,3
TKT_004282,CUST_04529,Low,26,3
TKT_004283,CUST_00515,Low,16,1
TKT_004284,CUST_03330,Low,61,3
TKT_004285,CUST_04598,Medium,54,3
TKT_004286,CUST_00989,Medium,56,5
TKT_004287,CUST_04513,Low,28,4
TKT_004288,CUST_04196,Low,29,1
TKT_004289,CUST_01418,Low,68,5
TKT_004290,CUST_04975,Low,59,4
TKT_004291,CUST_02726,High,61,3
TKT_004292,CUST_02197,Critical,15,3
TKT_004293,CUST_02015,Low,19,1
TKT_004294,CUST_00451,Low,67,5
TKT_004295,CUST_00534,High,57,5
TKT_004296,CUST_02916,Low,38,1
TKT_004297,CUST_04819,High,36,4
TKT_004298,CUST_04960,Low,63,4
TKT_004299,CUST_01544,Medium,37,5
TKT_004300,CUST_00819,Medium,56,4
TKT_004301,CUST_01690,Low,34,4
TKT_004302,CUST_02294,Low,52,4
TKT_004303,CUST_01473,High,34,4
TKT_004304,CUST_02202,Critical,5,4
TKT_004305,CUST_00246,Medium,44,4
TKT_004306,CUST_00815,High,70,5
TKT_004307,CUST_03115,High,65,5
TKT_004308,CUST_00393,Low,29,2
TKT_004309,CUST_04259,Low,18,5
TKT_004310,CUST_04562,Low,43,3
TKT_004311,CUST_04608,Low,52,5
TKT_004312,CUST_01171,Medium,18,5
TKT_004313,CUST_04944,Low,71,5
TKT_004314,CUST_03228,Low,19,4
TKT_004315,CUST_02563,Low,61,4
TKT_004316,CUST_02194,Low,69,3
TKT_004317,CUST_03584,Low,32,4
TKT_004318,CUST_03341,Low,53,4
TKT_004319,CUST_02344,High,28,2
TKT_004320,CUST_02362,Medium,62,3
TKT_004321,CUST_02617,High,44,4
TKT_004322,CUST_02525,High,41,5
TKT_004323,CUST_01143,High,13,4
TKT_004324,CUST_02582,Low,71,3
TKT_004325,CUST_03635,High,57,2
TKT_004326,CUST_04570,Medium,47,4
TKT_004327,CUST_04824,Low,33,3
TKT_004328,CUST_00588,Medium,43,4
TKT_004329,CUST_01190,Low,60,2
TKT_004330,CUST_04576,Low,36,5
TKT_004331,CUST_00061,Low,60,1
TKT_004332,CUST_01841,Medium,19,4
TKT_004333,CUST_01303,High,44,3
TKT_004334,CUST_04684,Low,40,3
TKT_004335,CUST_04305,Medium,28,2
TKT_004336,CUST_00037,Low,51,5
TKT_004337,CUST_01158,Low,56,1
TKT_004338,CUST_04831,Low,13,3
TKT_004339,CUST_02960,High,60,2
TKT_004340,CUST_01421,Critical,9,4
TKT_004341,CUST_03324,Low,59,4
TKT_004342,CUST_00507,Critical,22,2
TKT_004343,CUST_01615,Medium,42,4
TKT_004344,CUST_01268,Low,15,4
TKT_004345,CUST_04926,Medium,53,5
TKT_004346,CUST_00973,High,37,5
TKT_004347,CUST_00450,Medium,20,4
TKT_004348,CUST_04216,Medium,42,4
TKT_004349,CUST_03381,Medium,21,4
TKT_004350,CUST_04730,Low,62,2
TKT_004351,CUST_00212,Low,17,5
TKT_004352,CUST_02332,Medium,55,3
TKT_004353,CUST_03602,Medium,37,4
TKT_004354,CUST_01065,Medium,22,4
TKT_004355,CUST_01447,Medium,26,5
TKT_004356,CUST_03017,Low,68,4
TKT_004357,CUST_01533,Low,31,4
TKT_004358,CUST_02954,High,25,2
TKT_004359,CUST_01834,Medium,55,4
TKT_004360,CUST_02408,Medium,71,3
TKT_004361,CUST_03306,Low,62,5
TKT_004362,CUST_04742,Low,32,3
TKT_004363,CUST_01357,Low,55,4
TKT_004364,CUST_02254,Medium,38,4
TKT_004365,CUST_03998,Medium,41,1
TKT_004366,CUST_02137,Medium,18,3
TKT_004367,CUST_00936,High,48,5
TKT_004368,CUST_01123,Low,26,5
TKT_004369,CUST_01510,Low,27,3
TKT_004370,CUST_00711,Low,70,4
TKT_004371,CUST_00994,Medium,54,4
TKT_004372,CUST_00055,High,70,3
TKT_004373,CUST_01641,High,31,3
TKT_004374,CUST_02362,Medium,60,5
TKT_004375,CUST_03176,Medium,49,2
TKT_004376,CUST_01757,High,31,5
TKT_004377,CUST_00776,Medium,33,3
TKT_004378,CUST_00356,Low,17,3
TKT_004379,CUST_03451,Medium,55,3
TKT_004380,CUST_02743,Medium,63,3
TKT_004381,CUST_00564,Medium,51,3
TKT_004382,CUST_02395,Low,31,3
TKT_004383,CUST_02893,Low,16,5
TKT_004384,CUST_01527,Medium,64,3
TKT_004385,CUST_04121,Low,22,5
TKT_004386,CUST_04188,Medium,13,5
TKT_004387,CUST_02377,Low,41,3
TKT_004388,CUST_01562,Medium,19,4
TKT_004389,CUST_03020,Low,51,4
TKT_004390,CUST_04698,High,69,5
TKT_004391,CUST_04438,Low,19,3
TKT_004392,CUST_02945,Medium,28,5
TKT_004393,CUST_03992,Low,50,4
TKT_004394,CUST_00542,Low,46,4
TKT_004395,CUST_02574,Medium,41,4
TKT_004396,CUST_01154,Low,12,1
TKT_004397,CUST_03590,Medium,16,4
TKT_004398,CUST_01747,Low,27,5
TKT_004399,CUST_01173,Medium,47,3
TKT_004400,CUST_01300,Medium,26,4
TKT_004401,CUST_03733,High,66,3
TKT_004402,CUST_03268,Medium,60,3
TKT_004403,CUST_04505,High,28,3
TKT_004404,CUST_04979,High,24,5
TKT_004405,CUST_00071,Low,35,4
TKT_004406,CUST_01223,High,54,4
TKT_004407,CUST_04641,Medium,59,5
TKT_004408,CUST_04915,Low,15,5
TKT_004409,CUST_00602,High,58,3
TKT_004410,CUST_01489,Low,55,4
TKT_004411,CUST_03162,Medium,70,3
TKT_004412,CUST_04981,Medium,57,1
TKT_004413,CUST_02895,Medium,24,4
TKT_004414,CUST_01812,Medium,20,4
TKT_004415,CUST_01773,Low,37,5
TKT_004416,CUST_00001,Low,58,2
TKT_004417,CUST_04645,Low,27,5
TKT_004418,CUST_02182,Low,53,5
TKT_004419,CUST_03324,High,48,2
TKT_004420,CUST_04965,Medium,54,5
TKT_004421,CUST_02778,Medium,17,1
TKT_004422,CUST_04617,Low,22,5
TKT_004423,CUST_00909,Medium,13,4
TKT_004424,CUST_01923,Low,41,5
TKT_004425,CUST_01987,Medium,70,5
TKT_004426,CUST_04043,Low,30,1
TKT_004427,CUST_01838,Medium,34,3
TKT_004428,CUST_03642,Medium,58,5
TKT_004429,CUST_00501,Critical,23,2
TKT_004430,CUST_01823,Low,50,1
TKT_004431,CUST_01332,Low,17,2
TKT_004432,CUST_04347,Critical,21,5
TKT_004433,CUST_02953,Medium,47,1
TKT_004434,CUST_01627,Medium,71,4
TKT_004435,CUST_01228,Medium,57,1
TKT_004436,CUST_02056,Low,53,4
TKT_004437,CUST_02156,Low,26,3
TKT_004438,CUST_01878,Low,47,4
TKT_004439,CUST_04062,Medium,24,2
TKT_004440,CUST_02865,High,19,3
TKT_004441,CUST_02571,Medium,36,5
TKT_004442,CUST_01397,Medium,35,3
TKT_004443,CUST_04482,Low,42,2
TKT_004444,CUST_04279,Medium,51,3
TKT_004445,CUST_02970,High,71,4
TKT_004446,CUST_03590,High,24,4
TKT_004447,CUST_01892,Low,40,5
TKT_004448,CUST_01274,Low,43,2
TKT_004449,CUST_02246,Medium,54,4
TKT_004450,CUST_03711,Medium,48,3
TKT_004451,CUST_00037,Medium,70,4
TKT_004452,CUST_02941,Medium,29,2
TKT_004453,CUST_00421,Low,37,3
TKT_004454,CUST_03080,Low,29,4
TKT_004455,CUST_04216,Low,45,3
TKT_004456,CUST_04840,Low,65,2
TKT_004457,CUST_03809,Low,69,4
TKT_004458,CUST_02420,Low,42,5
TKT_004459,CUST_02281,Low,26,5
TKT_004460,CUST_02335,Low,48,5
TKT_004461,CUST_00738,Low,31,1
TKT_004462,CUST_01419,Medium,39,4
TKT_004463,CUST_04548,High,15,5
TKT_004464,CUST_02042,Low,19,5
TKT_004465,CUST_01786,Low,69,3
TKT_004466,CUST_01063,Low,29,4
TKT_004467,CUST_03569,High,43,4
TKT_004468,CUST_00372,Low,64,4
TKT_004469,CUST_02597,Low,34,5
TKT_004470,CUST_01003,High,26,2
TKT_004471,CUST_02524,Low,55,2
TKT_004472,CUST_04501,Critical,4,4
TKT_004473,CUST_01419,High,59,5
TKT_004474,CUST_04677,Medium,42,1
TKT_004475,CUST_03202,Medium,43,3
TKT_004476,CUST_00627,Low,51,4
TKT_004477,CUST_01822,Medium,25,1
TKT_004478,CUST_04437,Low,30,3
TKT_004479,CUST_04308,Medium,61,2
TKT_004480,CUST_02962,Low,51,5
TKT_004481,CUST_01647,Low,27,4
TKT_004482,CUST_02000,Medium,20,4
TKT_004483,CUST_02636,Medium,12,4
TKT_004484,CUST_02344,Low,36,3
TKT_004485,CUST_03160,Medium,19,1
TKT_004486,CUST_01010,Medium,50,3
TKT_004487,CUST_03219,Medium,43,4
TKT_004488,CUST_04151,Medium,19,3
TKT_004489,CUST_02813,Medium,24,5
TKT_004490,CUST_03741,High,14,4
TKT_004491,CUST_04977,Medium,13,3
TKT_004492,CUST_04039,High,56,2
TKT_004493,CUST_03835,Low,39,3
TKT_004494,CUST_01800,Low,15,4
TKT_004495,CUST_02885,Medium,34,5
TKT_004496,CUST_01323,Low,45,5
TKT_004497,CUST_02610,High,66,4
TKT_004498,CUST_00725,Low,18,5
TKT_004499,CUST_02412,Medium,41,3
TKT_004500,CUST_01316,Medium,69,3
TKT_004501,CUST_01413,Low,20,1
TKT_004502,CUST_04849,Medium,30,5
TKT_004503,CUST_03543,Medium,20,5
TKT_004504,CUST_01555,Critical,17,3
TKT_004505,CUST_00426,Medium,22,5
TKT_004506,CUST_03950,Medium,24,5
TKT_004507,CUST_04495,High,40,4
TKT_004508,CUST_00304,Low,42,4
TKT_004509,CUST_00104,Low,19,5
TKT_004510,CUST_00364,Low,57,5
TKT_004511,CUST_04663,Critical,2,3
TKT_004512,CUST_02848,Low,16,1
TKT_004513,CUST_02724,Medium,59,4
TKT_004514,CUST_03949,Medium,38,1
TKT_004515,CUST_01109,Low,50,5
TKT_004516,CUST_02416,High,67,5
TKT_004517,CUST_01898,Medium,25,5
TKT_004518,CUST_04821,Medium,33,3
TKT_004519,CUST_00715,Low,33,3
TKT_004520,CUST_02873,Low,16,2
TKT_004521,CUST_01203,Medium,63,1
TKT_004522,CUST_00092,Low,27,4
TKT_004523,CUST_01524,Medium,50,4
TKT_004524,CUST_04720,Low,37,3
TKT_004525,CUST_03980,High,64,4
TKT_004526,CUST_00169,Medium,27,4
TKT_004527,CUST_01320,Medium,67,4
TKT_004528,CUST_02241,Low,23,5
TKT_004529,CUST_00870,Medium,27,4
TKT_004530,CUST_02767,Low,60,4
TKT_004531,CUST_03358,Low,51,4
TKT_004532,CUST_03288,Low,23,2
TKT_004533,CUST_00975,High,43,4
TKT_004534,CUST_04457,Critical,20,4
TKT_004535,CUST_04139,Medium,47,4
TKT_004536,CUST_02229,Medium,39,4
TKT_004537,CUST_02559,Medium,65,5
TKT_004538,CUST_02510,Low,71,4
TKT_004539,CUST_02334,High,66,2
TKT_004540,CUST_01321,Medium,62,4
TKT_004541,CUST_01580,Medium,55,2
TKT_004542,CUST_01909,High,15,5
TKT_004543,CUST_01785,High,50,3
TKT_004544,CUST_01916,Low,50,5
TKT_004545,CUST_02981,Medium,40,2
TKT_004546,CUST_00257,Critical,10,3
TKT_004547,CUST_01241,Medium,36,2
TKT_004548,CUST_02570,High,46,4
TKT_004549,CUST_00750,Low,35,4
TKT_004550,CUST_03323,Low,67,5
TKT_004551,CUST_03287,Low,30,1
TKT_004552,CUST_04753,Low,34,3
TKT_004553,CUST_00734,High,42,3
TKT_004554,CUST_02387,Medium,30,4
TKT_004555,CUST_04324,Critical,19,3
TKT_004556,CUST_01260,Low,24,4
TKT_004557,CUST_02414,Low,57,4
TKT_004558,CUST_02906,Low,29,5
TKT_004559,CUST_02497,Low,18,5
TKT_004560,CUST_02555,Medium,56,5
TKT_004561,CUST_03705,Low,35,5
TKT_004562,CUST_02110,Low,68,5
TKT_004563,CUST_03403,Medium,57,5
TKT_004564,CUST_04283,Low,28,5
TKT_004565,CUST_01529,Low,26,3
TKT_004566,CUST_00851,Medium,20,5
TKT_004567,CUST_02302,Medium,45,5
TKT_004568,CUST_04675,High,46,4
TKT_004569,CUST_04410,Medium,19,2
TKT_004570,CUST_03624,High,61,1
TKT_004571,CUST_03296,Low,66,3
TKT_004572,CUST_04527,Low,22,5
TKT_004573,CUST_01380,High,35,3
TKT_004574,CUST_03499,High,53,4
TKT_004575,CUST_01416,Medium,41,5
TKT_004576,CUST_02270,Medium,32,4
TKT_004577,CUST_02808,Low,54,5
TKT_004578,CUST_01800,Low,46,5
TKT_004579,CUST_03609,Low,70,5
TKT_004580,CUST_02814,Low,23,3
TKT_004581,CUST_02003,Medium,20,2
TKT_004582,CUST_02120,Low,23,5
TKT_004583,CUST_00456,Low,39,4
TKT_004584,CUST_03147,Critical,3,4
TKT_004585,CUST_04706,Medium,57,4
TKT_004586,CUST_02885,Low,56,1
TKT_004587,CUST_00939,Medium,51,3
TKT_004588,CUST_01685,High,46,4
TKT_004589,CUST_02566,Low,40,1
TKT_004590,CUST_03410,High,67,4
TKT_004591,CUST_02086,Low,62,1
TKT_004592,CUST_02367,Medium,17,1
TKT_004593,CUST_00140,Low,27,5
TKT_004594,CUST_00427,Medium,57,5
TKT_004595,CUST_02903,Medium,39,3
TKT_004596,CUST_02018,Medium,12,5
TKT_004597,CUST_01219,Medium,40,1
TKT_004598,CUST_04311,High,63,4
TKT_004599,CUST_01913,Low,51,4
TKT_004600,CUST_04637,Medium,17,4
TKT_004601,CUST_03682,Low,38,3
TKT_004602,CUST_02437,Medium,48,4
TKT_004603,CUST_01453,Medium,33,4
TKT_004604,CUST_01718,Low,18,5
TKT_004605,CUST_02200,Low,12,2
TKT_004606,CUST_03175,High,24,5
TKT_004607,CUST_01429,Low,59,5
TKT_004608,CUST_01312,Low,62,3
TKT_004609,CUST_00747,Medium,55,3
TKT_004610,CUST_02790,Low,25,2
TKT_004611,CUST_03107,Low,26,4
TKT_004612,CUST_02915,Medium,23,4
TKT_004613,CUST_00754,Low,60,4
TKT_004614,CUST_00484,High,52,4
TKT_004615,CUST_03593,High,15,4
TKT_004616,CUST_00388,Medium,61,5
TKT_004617,CUST_01789,Low,55,4
TKT_004618,CUST_00545,Medium,54,4
TKT_004619,CUST_02907,Low,32,2
TKT_004620,CUST_02966,Low,13,4
TKT_004621,CUST_02747,Low,66,1
TKT_004622,CUST_04677,Medium,63,4
TKT_004623,CUST_01162,Low,32,4
TKT_004624,CUST_04227,Medium,68,5
TKT_004625,CUST_03323,Low,25,4
TKT_004626,CUST_01659,Medium,55,4
TKT_004627,CUST_04462,Low,13,4
TKT_004628,CUST_00421,High,22,3
TKT_004629,CUST_04520,Medium,48,1
TKT_004630,CUST_01809,Low,25,4
TKT_004631,CUST_03988,Low,58,1
TKT_004632,CUST_04066,Low,31,4
TKT_004633,CUST_02210,Medium,46,1
TKT_004634,CUST_04191,Low,38,5
TKT_004635,CUST_01186,Medium,60,4
TKT_004636,CUST_04931,Low,71,3
TKT_004637,CUST_01820,Medium,17,3
TKT_004638,CUST_04559,Medium,18,3
TKT_004639,CUST_00931,High,56,4
TKT_004640,CUST_04777,High,12,4
TKT_004641,CUST_03387,Critical,1,1
TKT_004642,CUST_01354,Low,49,4
TKT_004643,CUST_00657,Medium,28,1
TKT_004644,CUST_01206,Medium,49,5
TKT_004645,CUST_02868,Medium,47,4
TKT_004646,CUST_00456,High,49,5
TKT_004647,CUST_04371,Low,12,4
TKT_004648,CUST_02085,Medium,12,4
TKT_004649,CUST_02491,Medium,30,5
TKT_004650,CUST_00875,Low,65,1
TKT_004651,CUST_03108,High,62,4
TKT_004652,CUST_04164,Low,41,3
TKT_004653,CUST_01434,Medium,24,5
TKT_004654,CUST_04456,High,18,5
TKT_004655,CUST_03193,Medium,54,4
TKT_004656,CUST_03739,High,31,3
TKT_004657,CUST_04030,Low,55,3
TKT_004658,CUST_00575,Medium,20,4
TKT_004659,CUST_01096,Medium,24,4
TKT_004660,CUST_02896,Medium,50,5
TKT_004661,CUST_01989,Low,31,3
TKT_004662,CUST_00290,Medium,36,4
TKT_004663,CUST_02468,Low,16,2
TKT_004664,CUST_01589,Low,59,4
TKT_004665,CUST_01479,Medium,63,5
TKT_004666,CUST_00805,Medium,61,3
TKT_004667,CUST_00612,Critical,14,5
TKT_004668,CUST_00472,Medium,23,1
TKT_004669,CUST_01970,Medium,37,3
TKT_004670,CUST_04465,Low,67,4
TKT_004671,CUST_00410,Low,33,4
TKT_004672,CUST_01626,Medium,12,5
TKT_004673,CUST_03960,Low,19,5
TKT_004674,CUST_03575,Medium,47,3
TKT_004675,CUST_00161,Low,60,4
TKT_004676,CUST_02726,Low,14,4
TKT_004677,CUST_03867,Medium,33,2
TKT_004678,CUST_04109,High,61,3
TKT_004679,CUST_03479,Low,51,1
TKT_004680,CUST_01987,Low,32,3
TKT_004681,CUST_01879,Critical,1,2
TKT_004682,CUST_03427,Medium,42,5
TKT_004683,CUST_03318,High,12,5
TKT_004684,CUST_04535,Low,52,4
TKT_004685,CUST_00421,Medium,38,5
TKT_004686,CUST_03894,Low,13,4
TKT_004687,CUST_00500,Low,68,3
TKT_004688,CUST_00246,Low,40,5
TKT_004689,CUST_04442,Low,69,3
TKT_004690,CUST_00480,Critical,14,3
TKT_004691,CUST_01334,Medium,70,4
TKT_004692,CUST_02568,Medium,57,2
TKT_004693,CUST_04266,High,12,4
TKT_004694,CUST_04215,Low,53,3
TKT_004695,CUST_00758,Low,19,4
TKT_004696,CUST_02111,Low,46,5
TKT_004697,CUST_00109,High,56,3
TKT_004698,CUST_00746,Medium,46,3
TKT_004699,CUST_01517,Medium,18,3
TKT_004700,CUST_01624,High,34,3
TKT_004701,CUST_04513,Low,34,5
TKT_004702,CUST_01349,Low,54,4
TKT_004703,CUST_03312,Medium,57,5
TKT_004704,CUST_00710,Medium,50,5
TKT_004705,CUST_03588,Low,30,4
TKT_004706,CUST_04714,Low,26,4
TKT_004707,CUST_04348,Medium,19,3
TKT_004708,CUST_00738,Low,44,4
TKT_004709,CUST_02552,Medium,46,4
TKT_004710,CUST_02202,Medium,51,3
TKT_004711,CUST_04694,Medium,24,4
TKT_004712,CUST_01442,High,61,4
TKT_004713,CUST_00684,Medium,42,4
TKT_004714,CUST_01921,Low,18,1
TKT_004715,CUST_02208,Medium,31,5
TKT_004716,CUST_03352,Low,49,5
TKT_004717,CUST_02220,High,68,3
TKT_004718,CUST_03985,Medium,19,5
TKT_004719,CUST_03416,Medium,47,5
TKT_004720,CUST_00271,High,66,4
TKT_004721,CUST_01890,Medium,25,4
TKT_004722,CUST_04725,High,41,2
TKT_004723,CUST_01280,Low,62,3
TKT_004724,CUST_03995,Low,20,4
TKT_004725,CUST_03465,Medium,24,1
TKT_004726,CUST_02831,Low,23,5
TKT_004727,CUST_01568,Medium,13,2
TKT_004728,CUST_02038,Medium,49,4
TKT_004729,CUST_00794,Medium,32,5
TKT_004730,CUST_01031,High,40,1
TKT_004731,CUST_00860,Medium,31,4
TKT_004732,CUST_04535,High,61,3
TKT_004733,CUST_00551,Medium,20,5
TKT_004734,CUST_01566,Medium,26,4
TKT_004735,CUST_00678,Medium,64,4
TKT_004736,CUST_00462,High,44,5
TKT_004737,CUST_01523,Low,64,1
TKT_004738,CUST_01235,Medium,18,2
TKT_004739,CUST_01137,Low,14,5
TKT_004740,CUST_04213,Low,34,4
TKT_004741,CUST_04659,Critical,13,5
TKT_004742,CUST_02249,Low,50,4
TKT_004743,CUST_00124,Medium,24,4
TKT_004744,CUST_04252,Medium,20,4
TKT_004745,CUST_04505,High,45,2
TKT_004746,CUST_04562,Medium,23,2
TKT_004747,CUST_04850,Low,45,3
TKT_004748,CUST_04868,Medium,56,3
TKT_004749,CUST_03931,Low,44,4
TKT_004750,CUST_03777,Medium,70,4
TKT_004751,CUST_02885,Medium,61,5
TKT_004752,CUST_04490,Low,46,2
TKT_004753,CUST_02098,High,39,3
TKT_004754,CUST_02773,Low,50,5
TKT_004755,CUST_01802,Low,14,5
TKT_004756,CUST_03674,Low,58,4
TKT_004757,CUST_00144,Low,23,4
TKT_004758,CUST_00166,Medium,54,4
TKT_004759,CUST_03139,Low,24,3
TKT_004760,CUST_00069,Critical,17,2
TKT_004761,CUST_02502,Critical,22,2
TKT_004762,CUST_00025,Medium,29,3
TKT_004763,CUST_03929,Medium,58,3
TKT_004764,CUST_02358,High,37,3
TKT_004765,CUST_04108,Medium,21,4
TKT_004766,CUST_00577,Low,63,4
TKT_004767,CUST_04330,Medium,15,1
TKT_004768,CUST_02883,Low,48,4
TKT_004769,CUST_00591,Medium,23,4
TKT_004770,CUST_01668,Medium,64,4
TKT_004771,CUST_01299,Medium,62,5
TKT_004772,CUST_04709,Low,27,2
TKT_004773,CUST_04248,Low,28,4
TKT_004774,CUST_03524,High,51,4
TKT_004775,CUST_02264,High,42,4
TKT_004776,CUST_04755,Medium,37,4
TKT_004777,CUST_03864,Medium,13,2
TKT_004778,CUST_04406,Medium,40,5
TKT_004779,CUST_04245,Medium,71,3
TKT_004780,CUST_03528,Low,41,5
TKT_004781,CUST_03347,Medium,59,2
TKT_004782,CUST_03019,Critical,6,5
TKT_004783,CUST_01205,High,22,5
TKT_004784,CUST_03877,Medium,48,5
TKT_004785,CUST_02252,Low,45,1
TKT_004786,CUST_04560,High,65,3
TKT_004787,CUST_00974,Medium,18,4
TKT_004788,CUST_04423,Medium,50,5
TKT_004789,CUST_04245,Low,40,5
TKT_004790,CUST_01301,Medium,44,1
TKT_004791,CUST_04009,Low,68,4
TKT_004792,CUST_00035,Medium,60,4
TKT_004793,CUST_00001,Medium,67,3
TKT_004794,CUST_02516,Medium,38,4
TKT_004795,CUST_02651,Medium,27,3
TKT_004796,CUST_01941,Medium,28,4
TKT_004797,CUST_01021,Low,22,4
TKT_004798,CUST_00092,Medium,25,4
TKT_004799,CUST_04690,Low,24,4
TKT_004800,CUST_03892,Low,46,3
TKT_004801,CUST_02147,Medium,37,3
TKT_004802,CUST_04094,Medium,63,3
TKT_004803,CUST_02558,Medium,36,5
TKT_004804,CUST_01589,Medium,51,5
TKT_004805,CUST_01877,Low,55,3
TKT_004806,CUST_03664,Low,54,4
TKT_004807,CUST_03896,Low,70,3
TKT_004808,CUST_03415,Low,23,3
TKT_004809,CUST_00962,Medium,58,4
TKT_004810,CUST_04342,Low,64,3
TKT_004811,CUST_02849,Medium,15,4
TKT_004812,CUST_03544,High,53,1
TKT_004813,CUST_04375,Medium,59,5
TKT_004814,CUST_02822,Medium,52,3
TKT_004815,CUST_00853,High,60,1
TKT_004816,CUST_03582,Low,38,5
TKT_004817,CUST_04527,Medium,65,4
TKT_004818,CUST_02490,Low,56,5
TKT_004819,CUST_03832,Low,19,2
TKT_004820,CUST_03533,Low,66,3
TKT_004821,CUST_02313,Low,19,3
TKT_004822,CUST_02493,Medium,40,2
TKT_004823,CUST_02271,Low,14,4
TKT_004824,CUST_04903,Critical,3,3
TKT_004825,CUST_00269,High,42,2
TKT_004826,CUST_02699,Critical,22,1
TKT_004827,CUST_03403,High,42,3
TKT_004828,CUST_04078,Critical,6,5
TKT_004829,CUST_00433,Low,59,3
TKT_004830,CUST_00803,Medium,43,5
TKT_004831,CUST_04996,Low,35,4
TKT_004832,CUST_01304,Medium,13,3
TKT_004833,CUST_02929,Medium,53,5
TKT_004834,CUST_04664,Medium,14,5
TKT_004835,CUST_00743,Low,37,4
TKT_004836,CUST_00683,Medium,13,3
TKT_004837,CUST_03059,Low,44,5
TKT_004838,CUST_01850,Medium,45,1
TKT_004839,CUST_01302,Medium,37,3
TKT_004840,CUST_01796,High,45,5
TKT_004841,CUST_00896,High,49,3
TKT_004842,CUST_00481,Low,25,4
TKT_004843,CUST_04038,Critical,17,4
TKT_004844,CUST_00291,Critical,16,4
TKT_004845,CUST_02695,Medium,21,4
TKT_004846,CUST_03811,High,31,1
TKT_004847,CUST_01975,Low,44,4
TKT_004848,CUST_04015,Critical,2,4
TKT_004849,CUST_00190,Medium,56,5
TKT_004850,CUST_00377,High,59,4
TKT_004851,CUST_00259,Low,71,5
TKT_004852,CUST_00827,Medium,13,5
TKT_004853,CUST_02420,Medium,57,5
TKT_004854,CUST_01831,Low,62,5
TKT_004855,CUST_03017,High,23,5
TKT_004856,CUST_02153,Medium,27,4
TKT_004857,CUST_01450,High,20,5
TKT_004858,CUST_02925,Medium,22,4
TKT_004859,CUST_03333,High,32,5
TKT_004860,CUST_03118,Medium,23,5
TKT_004861,CUST_04740,Low,15,4
TKT_004862,CUST_03598,Medium,37,4
TKT_004863,CUST_02315,Low,30,2
TKT_004864,CUST_01558,High,53,3
TKT_004865,CUST_01717,Low,58,3
TKT_004866,CUST_03468,Medium,28,5
TKT_004867,CUST_01173,Medium,70,5
TKT_004868,CUST_02328,Medium,55,3
TKT_004869,CUST_04621,Medium,12,5
TKT_004870,CUST_02912,High,59,2
TKT_004871,CUST_01508,Low,69,4
TKT_004872,CUST_01965,Medium,19,3
TKT_004873,CUST_04894,Low,69,5
TKT_004874,CUST_03136,Medium,41,2
TKT_004875,CUST_04518,Low,68,2
TKT_004876,CUST_03730,Medium,62,5
TKT_004877,CUST_00905,Low,52,3
TKT_004878,CUST_04822,High,35,3
TKT_004879,CUST_03200,Low,54,3
TKT_004880,CUST_02342,Low,28,3
TKT_004881,CUST_03399,Medium,65,5
TKT_004882,CUST_02852,Low,41,4
TKT_004883,CUST_01146,Low,52,3
TKT_004884,CUST_03595,Medium,63,1
TKT_004885,CUST_00384,Medium,54,2
TKT_004886,CUST_01987,Low,20,4
TKT_004887,CUST_02331,Low,13,3
TKT_004888,CUST_02812,Medium,37,4
TKT_004889,CUST_00967,Medium,43,4
TKT_004890,CUST_04938,Low,38,3
TKT_004891,CUST_00619,Low,52,5
TKT_004892,CUST_01020,Low,22,1
TKT_004893,CUST_01954,Critical,13,4
TKT_004894,CUST_04045,Medium,63,4
TKT_004895,CUST_00206,Low,48,2
TKT_004896,CUST_03793,Medium,29,1
TKT_004897,CUST_00639,High,65,4
TKT_004898,CUST_03618,Low,19,3
TKT_004899,CUST_00064,Medium,38,5
TKT_004900,CUST_03089,High,29,5
TKT_004901,CUST_03833,Low,20,1
TKT_004902,CUST_03177,High,13,4
TKT_004903,CUST_03929,Medium,28,5
TKT_004904,CUST_03692,Medium,22,5
TKT_004905,CUST_03806,Critical,23,3
TKT_004906,CUST_04324,Low,17,4
TKT_004907,CUST_04798,Medium,16,4
TKT_004908,CUST_04024,High,23,5
TKT_004909,CUST_00395,Medium,55,4
TKT_004910,CUST_01237,Low,53,3
TKT_004911,CUST_02781,Medium,46,1
TKT_004912,CUST_01860,Low,62,2
TKT_004913,CUST_01021,Medium,35,4
TKT_004914,CUST_03473,Medium,41,3
TKT_004915,CUST_04649,Medium,63,4
TKT_004916,CUST_02770,Medium,28,4
TKT_004917,CUST_00333,Low,58,4
TKT_004918,CUST_04426,Low,47,3
TKT_004919,CUST_02958,High,17,4
TKT_004920,CUST_01289,Low,43,4
TKT_004921,CUST_02219,Low,45,4
TKT_004922,CUST_02049,High,55,4
TKT_004923,CUST_00876,Medium,27,5
TKT_004924,CUST_02909,Medium,18,3
TKT_004925,CUST_02289,Low,43,5
TKT_004926,CUST_04680,Low,28,5
TKT_004927,CUST_03857,Medium,43,5
TKT_004928,CUST_04053,Medium,25,5
TKT_004929,CUST_04697,Critical,12,5
TKT_004930,CUST_02189,Medium,20,2
TKT_004931,CUST_03405,Low,24,4
TKT_004932,CUST_04783,Low,61,4
TKT_004933,CUST_04487,Low,36,5
TKT_004934,CUST_01079,Low,23,5
TKT_004935,CUST_04586,Medium,56,3
TKT_004936,CUST_01356,Low,27,3
TKT_004937,CUST_00270,Low,60,3
TKT_004938,CUST_04458,Critical,23,3
TKT_004939,CUST_04241,Medium,63,3
TKT_004940,CUST_00589,Low,32,5
TKT_004941,CUST_01153,Low,35,2
TKT_004942,CUST_00375,High,54,5
TKT_004943,CUST_01647,High,70,2
TKT_004944,CUST_03073,Medium,16,4
TKT_004945,CUST_03439,Medium,58,4
TKT_004946,CUST_02586,Medium,44,4
TKT_004947,CUST_01652,High,60,3
TKT_004948,CUST_03106,Low,42,2
TKT_004949,CUST_04414,High,61,5
TKT_004950,CUST_03816,High,20,3
TKT_004951,CUST_04681,Low,60,1
TKT_004952,CUST_02611,Low,46,2
TKT_004953,CUST_03283,Medium,19,2
TKT_004954,CUST_01751,Low,22,5
TKT_004955,CUST_02601,Low,28,5
TKT_004956,CUST_04407,Critical,16,3
TKT_004957,CUST_02972,Medium,31,5
TKT_004958,CUST_04190,Medium,38,5
TKT_004959,CUST_04285,Low,67,4
TKT_004960,CUST_04743,Medium,25,5
TKT_004961,CUST_01742,Medium,33,4
TKT_004962,CUST_03586,Low,65,5
TKT_004963,CUST_01515,Low,60,4
TKT_004964,CUST_03825,Low,18,1
TKT_004965,CUST_03842,Low,22,3
TKT_004966,CUST_04190,High,28,3
TKT_004967,CUST_02362,Low,24,4
TKT_004968,CUST_01967,Low,62,4
TKT_004969,CUST_03645,Medium,28,5
TKT_004970,CUST_00360,Medium,22,4
TKT_004971,CUST_00982,Low,67,3
TKT_004972,CUST_01810,Medium,15,3
TKT_004973,CUST_04494,Low,27,5
TKT_004974,CUST_04633,Low,42,3
TKT_004975,CUST_00394,Low,32,5
TKT_004976,CUST_01380,Low,44,3
TKT_004977,CUST_00048,Low,24,4
TKT_004978,CUST_01456,Medium,60,4
TKT_004979,CUST_02749,Low,40,4
TKT_004980,CUST_02101,Low,26,4
TKT_004981,CUST_02289,Medium,21,5
TKT_004982,CUST_03131,Medium,44,4
TKT_004983,CUST_01210,Low,26,2
TKT_004984,CUST_01165,Low,70,4
TKT_004985,CUST_02023,Medium,54,3
TKT_004986,CUST_01081,Low,70,3
TKT_004987,CUST_04546,Medium,24,2
TKT_004988,CUST_03540,Low,71,5
TKT_004989,CUST_04529,High,46,1
TKT_004990,CUST_01704,Medium,65,1
TKT_004991,CUST_04943,Medium,32,5
TKT_004992,CUST_03412,Low,41,5
TKT_004993,CUST_01538,Medium,59,3
TKT_004994,CUST_02230,Medium,57,5
TKT_004995,CUST_01326,Low,54,4
TKT_004996,CUST_00183,High,53,5
TKT_004997,CUST_04028,Critical,2,4
TKT_004998,CUST_01534,Low,18,5
TKT_004999,CUST_03486,High,60,5
TKT_005000,CUST_00156,Medium,35,3
TKT_005001,CUST_02145,Medium,27,3
TKT_005002,CUST_01393,Low,16,4
TKT_005003,CUST_04885,Low,17,2
TKT_005004,CUST_00858,High,13,5
TKT_005005,CUST_04278,Medium,68,5
TKT_005006,CUST_04008,Medium,14,5
TKT_005007,CUST_04859,Medium,64,2
TKT_005008,CUST_02980,Medium,21,4
TKT_005009,CUST_04679,Low,35,5
TKT_005010,CUST_03668,Low,59,4
TKT_005011,CUST_04977,High,44,3
TKT_005012,CUST_04404,High,31,1
TKT_005013,CUST_01700,Critical,6,2
TKT_005014,CUST_03617,Low,33,4
TKT_005015,CUST_02101,Medium,43,3
TKT_005016,CUST_02264,Medium,41,4
TKT_005017,CUST_00714,Medium,14,5
TKT_005018,CUST_02086,Medium,15,2
TKT_005019,CUST_01452,Low,62,1
TKT_005020,CUST_01398,Low,15,3
TKT_005021,CUST_04896,Low,50,2
TKT_005022,CUST_00425,Low,42,4
TKT_005023,CUST_01029,Low,68,4
TKT_005024,CUST_00691,High,20,2
TKT_005025,CUST_04011,Low,41,5
TKT_005026,CUST_03580,Medium,64,1
TKT_005027,CUST_02828,Critical,16,3
TKT_005028,CUST_03525,Medium,65,1
TKT_005029,CUST_00200,Low,36,5
TKT_005030,CUST_00776,Low,63,5
TKT_005031,CUST_00226,Medium,50,3
TKT_005032,CUST_04567,Low,46,3
TKT_005033,CUST_02066,Critical,8,4
TKT_005034,CUST_01779,Medium,68,5
TKT_005035,CUST_00629,Medium,69,5
TKT_005036,CUST_02058,Medium,48,4
TKT_005037,CUST_00041,Critical,19,4
TKT_005038,CUST_02092,Medium,22,4
TKT_005039,CUST_02245,Medium,37,4
TKT_005040,CUST_00299,High,53,4
TKT_005041,CUST_04305,High,57,1
TKT_005042,CUST_00459,Low,36,5
TKT_005043,CUST_00879,Low,32,1
TKT_005044,CUST_01811,Low,60,4
TKT_005045,CUST_00789,Low,13,5
TKT_005046,CUST_03896,High,21,4
TKT_005047,CUST_00383,Low,50,1
TKT_005048,CUST_01451,Low,46,4
TKT_005049,CUST_03416,Low,44,5
TKT_005050,CUST_02596,Critical,17,4
TKT_005051,CUST_04603,High,42,5
TKT_005052,CUST_03590,Medium,15,4
TKT_005053,CUST_00330,Medium,14,3
TKT_005054,CUST_03055,Medium,16,3
TKT_005055,CUST_02536,Medium,28,5
TKT_005056,CUST_04910,Low,60,5
TKT_005057,CUST_01020,Medium,24,2
TKT_005058,CUST_03509,Medium,70,4
TKT_005059,CUST_03822,Medium,12,5
TKT_005060,CUST_04530,Medium,56,4
TKT_005061,CUST_01828,Critical,22,5
TKT_005062,CUST_04112,Medium,55,2
TKT_005063,CUST_00620,Medium,34,5
TKT_005064,CUST_00689,High,52,4
TKT_005065,CUST_02113,Low,64,5
TKT_005066,CUST_04671,Low,61,5
TKT_005067,CUST_00820,Medium,36,4
TKT_005068,CUST_02252,Medium,63,4
TKT_005069,CUST_02302,Low,64,2
TKT_005070,CUST_03644,Medium,42,5
TKT_005071,CUST_02661,High,24,5
TKT_005072,CUST_02243,Medium,12,3
TKT_005073,CUST_02299,Medium,45,3
TKT_005074,CUST_03555,Low,40,5
TKT_005075,CUST_00955,High,42,4
TKT_005076,CUST_03942,Medium,19,5
TKT_005077,CUST_04749,Medium,13,4
TKT_005078,CUST_04371,Medium,23,4
TKT_005079,CUST_01248,Low,67,1
TKT_005080,CUST_04635,Low,44,4
TKT_005081,CUST_01274,Low,41,4
TKT_005082,CUST_00013,Low,52,5
TKT_005083,CUST_04706,Medium,68,5
TKT_005084,CUST_02240,Medium,38,5
TKT_005085,CUST_00698,Low,36,4
TKT_005086,CUST_02067,Medium,49,4
TKT_005087,CUST_02387,Low,61,3
TKT_005088,CUST_04675,Medium,44,1
TKT_005089,CUST_02074,Low,49,2
TKT_005090,CUST_03078,Medium,63,1
TKT_005091,CUST_03213,Medium,27,5
TKT_005092,CUST_03814,Low,67,2
TKT_005093,CUST_01051,Medium,70,2
TKT_005094,CUST_02153,Medium,43,3
TKT_005095,CUST_03928,Medium,35,5
TKT_005096,CUST_02832,Low,13,3
TKT_005097,CUST_02351,Low,13,4
TKT_005098,CUST_03149,Medium,31,5
TKT_005099,CUST_03090,High,68,5
TKT_005100,CUST_03642,Medium,38,5
TKT_005101,CUST_02690,Low,33,3
TKT_005102,CUST_00174,Medium,50,4
TKT_005103,CUST_01425,Low,59,3
TKT_005104,CUST_03904,High,30,1
TKT_005105,CUST_00449,High,18,5
TKT_005106,CUST_01451,Medium,14,5
TKT_005107,CUST_04174,High,61,3
TKT_005108,CUST_02487,Low,71,5
TKT_005109,CUST_00782,Low,45,5
TKT_005110,CUST_03569,Low,52,3
TKT_005111,CUST_00172,Medium,34,5
TKT_005112,CUST_03770,Medium,16,3
TKT_005113,CUST_02409,Low,54,4
TKT_005114,CUST_02284,Low,14,5
TKT_005115,CUST_00433,High,35,4
TKT_005116,CUST_02786,Low,38,3
TKT_005117,CUST_04946,Low,45,5
TKT_005118,CUST_01860,Low,62,1
TKT_005119,CUST_01351,Low,54,4
TKT_005120,CUST_03920,Low,32,1
TKT_005121,CUST_02675,Medium,23,4
TKT_005122,CUST_00549,Medium,43,1
TKT_005123,CUST_03575,Medium,58,1
TKT_005124,CUST_03639,Medium,60,4
TKT_005125,CUST_00167,High,33,4
TKT_005126,CUST_03513,Low,45,4
TKT_005127,CUST_03761,Low,34,5
TKT_005128,CUST_02401,Low,66,5
TKT_005129,CUST_03171,Medium,12,4
TKT_005130,CUST_01648,Low,15,4
TKT_005131,CUST_03190,Medium,28,5
TKT_005132,CUST_03746,Medium,37,5
TKT_005133,CUST_04449,Medium,42,2
TKT_005134,CUST_02622,Low,50,1
TKT_005135,CUST_03402,Medium,48,4
TKT_005136,CUST_04835,High,51,5
TKT_005137,CUST_00543,Low,44,5
TKT_005138,CUST_01340,Low,39,4
TKT_005139,CUST_03585,Low,21,5
TKT_005140,CUST_00568,Medium,47,2
TKT_005141,CUST_03539,High,57,4
TKT_005142,CUST_02746,Low,20,5
TKT_005143,CUST_03675,Medium,37,2
TKT_005144,CUST_01941,High,60,3
TKT_005145,CUST_04779,Medium,57,4
TKT_005146,CUST_01761,Low,62,1
TKT_005147,CUST_02230,Critical,14,1
TKT_005148,CUST_03946,Low,25,4
TKT_005149,CUST_02702,Low,52,5
TKT_005150,CUST_01029,High,37,2
TKT_005151,CUST_04481,Low,48,2
TKT_005152,CUST_03704,High,42,1
TKT_005153,CUST_00742,Low,58,3
TKT_005154,CUST_01776,High,49,3
TKT_005155,CUST_02235,Medium,59,5
TKT_005156,CUST_01614,Medium,54,5
TKT_005157,CUST_03537,Medium,39,3
TKT_005158,CUST_00558,Low,67,3
TKT_005159,CUST_04211,Low,52,4
TKT_005160,CUST_01368,Medium,55,4
TKT_005161,CUST_00858,High,51,5
TKT_005162,CUST_03022,Medium,67,3
TKT_005163,CUST_04335,High,28,3
TKT_005164,CUST_01811,High,69,5
TKT_005165,CUST_02357,Medium,23,4
TKT_005166,CUST_04066,High,38,4
TKT_005167,CUST_04158,Low,12,5
TKT_005168,CUST_04802,Medium,51,4
TKT_005169,CUST_03440,Medium,71,1
TKT_005170,CUST_03507,Low,44,5
TKT_005171,CUST_04388,High,24,4
TKT_005172,CUST_00747,Low,16,5
TKT_005173,CUST_00241,Medium,63,5
TKT_005174,CUST_01153,Low,48,3
TKT_005175,CUST_00953,Medium,51,1
TKT_005176,CUST_03940,Medium,54,4
TKT_005177,CUST_02575,Medium,39,5
TKT_005178,CUST_03301,Medium,69,2
TKT_005179,CUST_03216,Medium,35,4
TKT_005180,CUST_04838,Medium,31,2
TKT_005181,CUST_00176,Low,51,5
TKT_005182,CUST_01077,Medium,53,5
TKT_005183,CUST_00335,High,48,4
TKT_005184,CUST_04995,Medium,31,4
TKT_005185,CUST_04755,Medium,34,4
TKT_005186,CUST_03312,Low,14,5
TKT_005187,CUST_04539,Low,16,5
TKT_005188,CUST_01731,Critical,19,4
TKT_005189,CUST_03854,High,57,3
TKT_005190,CUST_04862,Low,64,4
TKT_005191,CUST_01725,Medium,16,4
TKT_005192,CUST_00803,Medium,45,5
TKT_005193,CUST_00912,Medium,69,5
TKT_005194,CUST_04167,Medium,50,4
TKT_005195,CUST_02979,Medium,70,4
TKT_005196,CUST_03505,Critical,8,5
TKT_005197,CUST_03068,High,50,4
TKT_005198,CUST_00336,High,67,4
TKT_005199,CUST_04515,Medium,57,1
TKT_005200,CUST_03881,Low,34,1
TKT_005201,CUST_04333,Medium,58,4
TKT_005202,CUST_02016,Medium,28,1
TKT_005203,CUST_03660,High,20,3
TKT_005204,CUST_04602,High,15,4
TKT_005205,CUST_00399,Medium,41,4
TKT_005206,CUST_02659,Low,59,4
TKT_005207,CUST_03395,Low,25,5
TKT_005208,CUST_04098,Medium,41,3
TKT_005209,CUST_03257,Low,42,4
TKT_005210,CUST_00016,High,12,4
TKT_005211,CUST_04375,Medium,69,4
TKT_005212,CUST_01577,Critical,1,4
TKT_005213,CUST_02935,Low,13,5
TKT_005214,CUST_00378,Low,56,4
TKT_005215,CUST_01380,Medium,51,5
TKT_005216,CUST_03314,High,67,4
TKT_005217,CUST_00754,Low,68,5
TKT_005218,CUST_01308,High,52,1
TKT_005219,CUST_01659,Medium,21,2
TKT_005220,CUST_04533,High,35,1
TKT_005221,CUST_04775,Low,31,4
TKT_005222,CUST_04621,Medium,53,4
TKT_005223,CUST_00054,Low,66,4
TKT_005224,CUST_02061,Low,27,3
TKT_005225,CUST_03643,Medium,52,3
TKT_005226,CUST_00080,Low,49,5
TKT_005227,CUST_02524,Medium,71,1
TKT_005228,CUST_03119,Medium,65,5
TKT_005229,CUST_03603,Low,55,5
TKT_005230,CUST_00286,Critical,18,5
TKT_005231,CUST_03439,Critical,10,2
TKT_005232,CUST_01577,High,54,4
TKT_005233,CUST_00944,Medium,52,4
TKT_005234,CUST_00228,Medium,29,4
TKT_005235,CUST_01977,Low,46,5
TKT_005236,CUST_02219,Low,41,5
TKT_005237,CUST_01521,Medium,48,3
TKT_005238,CUST_03317,Medium,16,5
TKT_005239,CUST_01985,Medium,48,1
TKT_005240,CUST_03465,Medium,22,3
TKT_005241,CUST_04620,Low,15,4
TKT_005242,CUST_01751,Medium,48,5
TKT_005243,CUST_03724,Low,71,3
TKT_005244,CUST_02346,Medium,62,5
TKT_005245,CUST_01461,Low,22,3
TKT_005246,CUST_04574,Low,23,5
TKT_005247,CUST_01209,High,60,1
TKT_005248,CUST_03796,Low,58,2
TKT_005249,CUST_02509,Medium,39,1
TKT_005250,CUST_02482,High,66,1
TKT_005251,CUST_01668,Low,37,5
TKT_005252,CUST_01497,Medium,45,3
TKT_005253,CUST_02844,Low,67,3
TKT_005254,CUST_04717,Low,12,3
TKT_005255,CUST_01432,Medium,17,5
TKT_005256,CUST_01921,Medium,44,3
TKT_005257,CUST_00930,Low,58,4
TKT_005258,CUST_04483,Medium,35,5
TKT_005259,CUST_03413,Low,45,3
TKT_005260,CUST_01941,High,19,2
TKT_005261,CUST_04310,Medium,27,1
TKT_005262,CUST_00592,Low,27,4
TKT_005263,CUST_00366,High,27,4
TKT_005264,CUST_02222,Low,63,5
TKT_005265,CUST_00273,Low,62,4
TKT_005266,CUST_03622,Low,45,5
TKT_005267,CUST_03643,Medium,31,4
TKT_005268,CUST_04586,Low,25,4
TKT_005269,CUST_00602,Low,69,4
TKT_005270,CUST_03143,Medium,70,3
TKT_005271,CUST_00612,Critical,15,5
TKT_005272,CUST_00327,Medium,13,5
TKT_005273,CUST_01707,Medium,30,5
TKT_005274,CUST_04443,High,13,2
TKT_005275,CUST_04262,Low,61,4
TKT_005276,CUST_02928,Low,37,4
TKT_005277,CUST_04848,High,36,1
TKT_005278,CUST_02109,Medium,60,1
TKT_005279,CUST_01965,Low,30,4
TKT_005280,CUST_01210,Medium,71,3
TKT_005281,CUST_04460,High,57,3
TKT_005282,CUST_01024,Low,60,3
TKT_005283,CUST_01755,Low,59,4
TKT_005284,CUST_02082,Low,62,2
TKT_005285,CUST_04501,Medium,28,1
TKT_005286,CUST_02945,Medium,41,1
TKT_005287,CUST_01886,Low,23,3
TKT_005288,CUST_02076,Medium,68,5
TKT_005289,CUST_04029,Medium,32,4
TKT_005290,CUST_04202,Low,47,3
TKT_005291,CUST_03870,Medium,51,2
TKT_005292,CUST_01823,Medium,39,3
TKT_005293,CUST_03179,Medium,44,5
TKT_005294,CUST_01257,High,57,3
TKT_005295,CUST_00196,Low,20,2
TKT_005296,CUST_03057,Low,29,5
TKT_005297,CUST_04298,Medium,35,3
TKT_005298,CUST_02157,Medium,43,5
TKT_005299,CUST_04639,Critical,12,3
TKT_005300,CUST_00041,Low,69,5
TKT_005301,CUST_03815,Low,23,1
TKT_005302,CUST_04986,Medium,45,3
TKT_005303,CUST_00682,High,69,5
TKT_005304,CUST_02860,Medium,37,3
TKT_005305,CUST_02463,Medium,17,4
TKT_005306,CUST_02038,Low,16,3
TKT_005307,CUST_02420,Medium,34,3
TKT_005308,CUST_01675,Low,61,4
TKT_005309,CUST_02852,High,57,5
TKT_005310,CUST_00364,Low,26,5
TKT_005311,CUST_02519,Medium,43,3
TKT_005312,CUST_00500,Low,69,4
TKT_005313,CUST_03054,High,24,4
TKT_005314,CUST_02471,Medium,52,4
TKT_005315,CUST_00579,Critical,11,4
TKT_005316,CUST_03865,Low,62,4
TKT_005317,CUST_01258,Low,44,4
TKT_005318,CUST_02973,Low,19,3
TKT_005319,CUST_03986,Medium,27,4
TKT_005320,CUST_02989,Low,66,5
TKT_005321,CUST_01525,Medium,50,3
TKT_005322,CUST_04454,Low,43,5
TKT_005323,CUST_04222,Medium,27,2
TKT_005324,CUST_00252,Low,56,4
TKT_005325,CUST_00382,Medium,24,2
TKT_005326,CUST_01805,Medium,31,4
TKT_005327,CUST_01988,Low,69,5
TKT_005328,CUST_04813,High,30,4
TKT_005329,CUST_02500,Medium,22,1
TKT_005330,CUST_02643,Medium,38,5
TKT_005331,CUST_00024,Medium,27,4
TKT_005332,CUST_00353,Low,20,4
TKT_005333,CUST_04791,Medium,24,4
TKT_005334,CUST_04089,Medium,30,2
TKT_005335,CUST_04611,Low,41,4
TKT_005336,CUST_00771,High,66,3
TKT_005337,CUST_04754,Low,70,2
TKT_005338,CUST_02882,Low,66,4
TKT_005339,CUST_01748,Medium,53,3
TKT_005340,CUST_01051,Medium,50,3
TKT_005341,CUST_00622,Low,28,4
TKT_005342,CUST_00019,Medium,41,4
TKT_005343,CUST_02576,Low,40,3
TKT_005344,CUST_00794,Medium,71,3
TKT_005345,CUST_03342,Medium,53,4
TKT_005346,CUST_03740,High,13,4
TKT_005347,CUST_01903,Low,61,5
TKT_005348,CUST_04638,High,59,5
TKT_005349,CUST_04713,Medium,14,3
TKT_005350,CUST_01941,High,31,4
TKT_005351,CUST_01207,High,12,4
TKT_005352,CUST_04081,Medium,16,5
TKT_005353,CUST_00165,Low,44,2
TKT_005354,CUST_03758,Medium,50,3
TKT_005355,CUST_02912,Low,34,2
TKT_005356,CUST_03166,Low,29,5
TKT_005357,CUST_01212,High,15,3
TKT_005358,CUST_03160,Low,52,4
TKT_005359,CUST_01482,Low,44,3
TKT_005360,CUST_01496,Medium,37,5
TKT_005361,CUST_01793,High,33,4
TKT_005362,CUST_02420,High,41,3
TKT_005363,CUST_03728,Medium,37,2
TKT_005364,CUST_00365,Low,12,4
TKT_005365,CUST_04215,Medium,17,2
TKT_005366,CUST_00409,Medium,28,2
TKT_005367,CUST_00363,Low,42,3
TKT_005368,CUST_03441,High,59,5
TKT_005369,CUST_04419,Low,62,3
TKT_005370,CUST_00758,Low,15,3
TKT_005371,CUST_03366,Low,21,3
TKT_005372,CUST_03552,High,59,4
TKT_005373,CUST_02992,Low,64,1
TKT_005374,CUST_00448,Medium,50,3
TKT_005375,CUST_03202,High,45,2
TKT_005376,CUST_02752,Low,33,1
TKT_005377,CUST_01792,Low,63,5
TKT_005378,CUST_02390,Low,33,3
TKT_005379,CUST_04571,Medium,18,3
TKT_005380,CUST_00291,Medium,50,5
TKT_005381,CUST_00172,Medium,48,1
TKT_005382,CUST_00301,Low,66,5
TKT_005383,CUST_03167,Medium,26,5
TKT_005384,CUST_03977,Critical,11,5
TKT_005385,CUST_03015,High,21,5
TKT_005386,CUST_02305,Medium,48,3
TKT_005387,CUST_01747,High,48,3
TKT_005388,CUST_00515,Critical,17,5
TKT_005389,CUST_00679,Medium,15,4
TKT_005390,CUST_03980,Low,57,5
TKT_005391,CUST_03422,High,61,1
TKT_005392,CUST_02253,High,52,4
TKT_005393,CUST_04786,Low,36,3
TKT_005394,CUST_00344,High,39,2
TKT_005395,CUST_00029,Low,60,4
TKT_005396,CUST_03448,Low,55,3
TKT_005397,CUST_02153,Low,29,4
TKT_005398,CUST_00107,Low,59,1
TKT_005399,CUST_04198,Medium,67,5
TKT_005400,CUST_02600,Medium,46,5
TKT_005401,CUST_03361,Medium,30,4
TKT_005402,CUST_00490,Medium,53,2
TKT_005403,CUST_03761,Medium,65,5
TKT_005404,CUST_04163,Low,64,5
TKT_005405,CUST_03223,High,31,3
TKT_005406,CUST_00278,Medium,50,4
TKT_005407,CUST_04077,Medium,44,1
TKT_005408,CUST_01374,Medium,70,4
TKT_005409,CUST_00628,Critical,8,1
TKT_005410,CUST_02696,Low,58,3
TKT_005411,CUST_01171,Low,12,3
TKT_005412,CUST_04461,High,67,2
TKT_005413,CUST_00678,Medium,52,5
TKT_005414,CUST_03718,Low,57,4
TKT_005415,CUST_03362,Medium,56,4
TKT_005416,CUST_03402,Medium,30,4
TKT_005417,CUST_02443,Medium,59,5
TKT_005418,CUST_00555,Medium,60,3
TKT_005419,CUST_00803,Critical,16,4
TKT_005420,CUST_01163,Critical,14,1
TKT_005421,CUST_00424,Critical,6,3
TKT_005422,CUST_01277,Medium,41,2
TKT_005423,CUST_00416,Low,52,4
TKT_005424,CUST_02993,Medium,63,5
TKT_005425,CUST_02006,Medium,70,5
TKT_005426,CUST_02745,Low,12,4
TKT_005427,CUST_04673,Medium,16,3
TKT_005428,CUST_02864,Medium,34,3
TKT_005429,CUST_02013,High,17,4
TKT_005430,CUST_04276,Low,31,3
TKT_005431,CUST_01831,Medium,57,3
TKT_005432,CUST_04310,Medium,53,4
TKT_005433,CUST_04249,Low,19,5
TKT_005434,CUST_03941,Low,42,1
TKT_005435,CUST_03872,Low,26,4
TKT_005436,CUST_01618,Low,37,2
TKT_005437,CUST_01644,Low,69,4
TKT_005438,CUST_02800,High,44,4
TKT_005439,CUST_01804,Low,59,4
TKT_005440,CUST_00954,High,63,4
TKT_005441,CUST_03315,High,50,5
TKT_005442,CUST_04884,Medium,43,2
TKT_005443,CUST_03208,Low,65,2
TKT_005444,CUST_01183,Medium,12,5
TKT_005445,CUST_04248,Low,16,2
TKT_005446,CUST_00909,Low,33,5
TKT_005447,CUST_03626,Medium,42,2
TKT_005448,CUST_04430,Low,53,5
TKT_005449,CUST_00463,Medium,68,1
TKT_005450,CUST_01493,Medium,64,5
TKT_005451,CUST_01050,High,16,3
TKT_005452,CUST_03238,Low,19,3
TKT_005453,CUST_03438,Low,17,5
TKT_005454,CUST_04902,Medium,21,3
TKT_005455,CUST_04535,High,57,3
TKT_005456,CUST_04490,High,51,2
TKT_005457,CUST_03539,Medium,49,1
TKT_005458,CUST_00267,Medium,52,2
TKT_005459,CUST_01559,Medium,58,4
TKT_005460,CUST_02169,Low,27,1
TKT_005461,CUST_01885,Medium,67,3
TKT_005462,CUST_04739,Medium,39,3
TKT_005463,CUST_03540,Low,67,2
TKT_005464,CUST_02867,High,12,5
TKT_005465,CUST_04279,High,57,5
TKT_005466,CUST_02547,Low,63,5
TKT_005467,CUST_03519,Critical,2,5
TKT_005468,CUST_03249,Low,50,4
TKT_005469,CUST_02118,Low,55,2
TKT_005470,CUST_01800,High,53,4
TKT_005471,CUST_00123,Medium,58,1
TKT_005472,CUST_00392,High,65,4
TKT_005473,CUST_03299,Low,50,5
TKT_005474,CUST_02416,High,48,5
TKT_005475,CUST_04554,High,22,3
TKT_005476,CUST_04041,Medium,14,3
TKT_005477,CUST_03144,Medium,40,4
TKT_005478,CUST_02560,Critical,5,2
TKT_005479,CUST_01096,Medium,42,5
TKT_005480,CUST_02772,Medium,22,3
TKT_005481,CUST_04142,Medium,41,5
TKT_005482,CUST_04689,Low,26,5
TKT_005483,CUST_02988,Critical,9,3
TKT_005484,CUST_00773,Low,69,3
TKT_005485,CUST_04578,Medium,43,5
TKT_005486,CUST_01199,Medium,40,3
TKT_005487,CUST_01451,Medium,60,1
TKT_005488,CUST_04751,Low,54,2
TKT_005489,CUST_02285,Medium,39,4
TKT_005490,CUST_03039,High,32,3
TKT_005491,CUST_01164,Medium,49,4
TKT_005492,CUST_00064,Low,50,3
TKT_005493,CUST_02327,Medium,22,5
TKT_005494,CUST_00050,Medium,43,4
TKT_005495,CUST_04311,Medium,38,2
TKT_005496,CUST_01675,Low,35,5
TKT_005497,CUST_02479,Low,48,1
TKT_005498,CUST_00505,Medium,12,5
TKT_005499,CUST_01592,Medium,43,1
TKT_005500,CUST_04345,Medium,64,1
TKT_005501,CUST_00734,Low,12,5
TKT_005502,CUST_02853,Low,56,4
TKT_005503,CUST_00468,Medium,67,3
TKT_005504,CUST_02809,Medium,45,5
TKT_005505,CUST_00510,Low,29,4
TKT_005506,CUST_02774,Low,40,3
TKT_005507,CUST_02858,Low,17,4
TKT_005508,CUST_03230,Medium,68,5
TKT_005509,CUST_03166,Medium,42,3
TKT_005510,CUST_01510,Low,25,5
TKT_005511,CUST_04070,Medium,22,3
TKT_005512,CUST_03511,Low,16,1
TKT_005513,CUST_00166,Low,33,3
TKT_005514,CUST_03527,High,62,1
TKT_005515,CUST_03442,Medium,24,3
TKT_005516,CUST_01402,Medium,23,3
TKT_005517,CUST_04004,Low,52,4
TKT_005518,CUST_01415,Low,15,3
TKT_005519,CUST_01376,Medium,49,5
TKT_005520,CUST_03154,Medium,15,5
TKT_005521,CUST_03060,Medium,41,1
TKT_005522,CUST_00063,Medium,65,4
TKT_005523,CUST_02750,Low,12,3
TKT_005524,CUST_03975,Medium,60,4
TKT_005525,CUST_04651,High,42,5
TKT_005526,CUST_03858,Medium,60,5
TKT_005527,CUST_02196,Low,53,5
TKT_005528,CUST_01543,Medium,61,2
TKT_005529,CUST_04404,Medium,34,4
TKT_005530,CUST_01829,Low,25,3
TKT_005531,CUST_00098,Medium,46,4
TKT_005532,CUST_01326,Critical,16,5
TKT_005533,CUST_04850,Low,71,1
TKT_005534,CUST_03456,Low,43,4
TKT_005535,CUST_03176,Medium,67,3
TKT_005536,CUST_02638,Low,67,5
TKT_005537,CUST_02025,Low,47,3
TKT_005538,CUST_02982,Low,34,3
TKT_005539,CUST_00679,Low,45,1
TKT_005540,CUST_01306,High,58,4
TKT_005541,CUST_03102,Medium,49,4
TKT_005542,CUST_01790,Low,52,2
TKT_005543,CUST_03975,High,50,4
TKT_005544,CUST_02967,Medium,33,5
TKT_005545,CUST_02897,Medium,53,2
TKT_005546,CUST_03221,Low,13,5
TKT_005547,CUST_01100,Medium,31,5
TKT_005548,CUST_04503,Low,25,3
TKT_005549,CUST_03653,Low,49,2
TKT_005550,CUST_04645,Low,48,3
TKT_005551,CUST_01671,Low,48,2
TKT_005552,CUST_03203,Medium,63,5
TKT_005553,CUST_00513,Low,23,2
TKT_005554,CUST_01084,Medium,39,1
TKT_005555,CUST_04998,Low,67,3
TKT_005556,CUST_01863,Medium,19,5
TKT_005557,CUST_03615,Low,40,4
TKT_005558,CUST_01800,Medium,32,4
TKT_005559,CUST_03959,Low,50,4
TKT_005560,CUST_04103,Low,59,4
TKT_005561,CUST_04009,Low,29,4
TKT_005562,CUST_01977,Medium,59,5
TKT_005563,CUST_01159,Low,30,5
TKT_005564,CUST_01458,Medium,21,2
TKT_005565,CUST_00654,Low,20,3
TKT_005566,CUST_03794,High,34,4
TKT_005567,CUST_00483,Medium,41,5
TKT_005568,CUST_01661,Low,33,5
TKT_005569,CUST_02539,Low,70,2
TKT_005570,CUST_03393,Low,66,3
TKT_005571,CUST_00951,High,40,5
TKT_005572,CUST_00412,Low,17,5
TKT_005573,CUST_00354,Medium,61,1
TKT_005574,CUST_02480,Medium,46,4
TKT_005575,CUST_04099,High,25,4
TKT_005576,CUST_04081,High,16,1
TKT_005577,CUST_04227,Critical,6,5
TKT_005578,CUST_01099,Low,29,2
TKT_005579,CUST_01348,Medium,46,5
TKT_005580,CUST_03550,Low,41,1
TKT_005581,CUST_01974,Low,18,5
TKT_005582,CUST_01024,Medium,45,4
TKT_005583,CUST_04256,Medium,49,3
TKT_005584,CUST_03856,Medium,53,4
TKT_005585,CUST_01419,Critical,20,3
TKT_005586,CUST_04452,High,30,2
TKT_005587,CUST_01056,Low,56,3
TKT_005588,CUST_02937,Medium,67,5
TKT_005589,CUST_02531,Low,65,3
TKT_005590,CUST_01910,Medium,22,4
TKT_005591,CUST_01648,Medium,52,4
TKT_005592,CUST_02821,Medium,28,5
TKT_005593,CUST_00857,High,22,1
TKT_005594,CUST_04892,Low,56,5
TKT_005595,CUST_03010,High,39,5
TKT_005596,CUST_00802,Medium,14,3
TKT_005597,CUST_00342,Low,21,5
TKT_005598,CUST_04502,Low,35,1
TKT_005599,CUST_01397,Medium,44,5
TKT_005600,CUST_01310,Low,70,5
TKT_005601,CUST_00577,Low,70,5
TKT_005602,CUST_04317,Medium,67,5
TKT_005603,CUST_04029,Low,70,4
TKT_005604,CUST_02195,High,37,3
TKT_005605,CUST_04051,High,16,4
TKT_005606,CUST_01204,Medium,35,2
TKT_005607,CUST_00491,Low,55,4
TKT_005608,CUST_02129,Medium,37,2
TKT_005609,CUST_04966,Medium,18,5
TKT_005610,CUST_02482,High,23,4
TKT_005611,CUST_03361,Low,68,2
TKT_005612,CUST_00740,Medium,50,1
TKT_005613,CUST_00510,Medium,55,3
TKT_005614,CUST_00594,Low,47,1
TKT_005615,CUST_02528,Low,28,4
TKT_005616,CUST_03668,Medium,27,1
TKT_005617,CUST_00755,Low,42,5
TKT_005618,CUST_01463,Critical,18,4
TKT_005619,CUST_04060,High,43,5
TKT_005620,CUST_04442,Medium,13,3
TKT_005621,CUST_03003,Medium,60,5
TKT_005622,CUST_00105,Low,21,4
TKT_005623,CUST_01593,High,59,4
TKT_005624,CUST_04884,Medium,50,5
TKT_005625,CUST_03753,Medium,25,4
TKT_005626,CUST_03823,High,63,1
TKT_005627,CUST_02843,Low,58,3
TKT_005628,CUST_00393,Medium,21,5
TKT_005629,CUST_02033,Medium,66,5
TKT_005630,CUST_04977,Low,39,4
TKT_005631,CUST_04314,Low,35,5
TKT_005632,CUST_02201,Medium,65,3
TKT_005633,CUST_00690,Medium,51,2
TKT_005634,CUST_04808,Low,45,3
TKT_005635,CUST_01661,High,71,4
TKT_005636,CUST_03747,Low,60,3
TKT_005637,CUST_03963,Medium,52,4
TKT_005638,CUST_01403,Low,20,5
TKT_005639,CUST_02673,Low,58,4
TKT_005640,CUST_03925,Medium,40,5
TKT_005641,CUST_04188,Medium,56,3
TKT_005642,CUST_03253,Medium,52,2
TKT_005643,CUST_03350,Medium,47,1
TKT_005644,CUST_03331,Low,20,5
TKT_005645,CUST_02350,Medium,52,5
TKT_005646,CUST_04584,Low,58,3
TKT_005647,CUST_03826,Low,22,4
TKT_005648,CUST_04580,High,32,1
TKT_005649,CUST_04744,Medium,24,4
TKT_005650,CUST_00551,Low,60,5
TKT_005651,CUST_01945,Medium,35,5
TKT_005652,CUST_00303,High,12,4
TKT_005653,CUST_00418,Medium,46,5
TKT_005654,CUST_02116,Medium,46,4
TKT_005655,CUST_02105,Medium,32,5
TKT_005656,CUST_04297,Medium,58,5
TKT_005657,CUST_02647,Medium,16,4
TKT_005658,CUST_00830,Medium,32,4
TKT_005659,CUST_03111,Medium,15,4
TKT_005660,CUST_01138,Low,44,5
TKT_005661,CUST_01740,Low,47,1
TKT_005662,CUST_02183,High,69,3
TKT_005663,CUST_02911,High,19,1
TKT_005664,CUST_04870,Medium,40,5
TKT_005665,CUST_04055,Low,64,5
TKT_005666,CUST_02643,Low,18,3
TKT_005667,CUST_00787,Low,12,3
TKT_005668,CUST_02550,Medium,16,1
TKT_005669,CUST_03247,Low,24,1
TKT_005670,CUST_04267,Medium,71,4
TKT_005671,CUST_02468,Medium,37,3
TKT_005672,CUST_03609,Medium,23,5
TKT_005673,CUST_02069,High,70,5
TKT_005674,CUST_02338,High,19,4
TKT_005675,CUST_02670,Medium,64,2
TKT_005676,CUST_01817,Low,71,3
TKT_005677,CUST_02155,High,60,1
TKT_005678,CUST_01803,Low,45,4
TKT_005679,CUST_01811,Low,33,5
TKT_005680,CUST_02993,High,61,4
TKT_005681,CUST_01922,Low,20,4
TKT_005682,CUST_04717,Medium,20,5
TKT_005683,CUST_02831,Medium,56,3
TKT_005684,CUST_03403,Medium,29,2
TKT_005685,CUST_00728,Critical,19,1
TKT_005686,CUST_04228,High,18,5
TKT_005687,CUST_04435,Low,50,3
TKT_005688,CUST_00221,Low,62,5
TKT_005689,CUST_04878,Critical,15,5
TKT_005690,CUST_02897,Medium,27,5
TKT_005691,CUST_03848,Low,68,4
TKT_005692,CUST_04173,Medium,39,4
TKT_005693,CUST_02653,Low,36,5
TKT_005694,CUST_03951,Low,33,3
TKT_005695,CUST_04688,Medium,66,4
TKT_005696,CUST_01367,Medium,45,4
TKT_005697,CUST_00332,Low,26,3
TKT_005698,CUST_02726,Medium,27,5
TKT_005699,CUST_01405,High,27,5
TKT_005700,CUST_00958,Medium,49,5
TKT_005701,CUST_03512,Medium,33,1
TKT_005702,CUST_02369,Medium,40,5
TKT_005703,CUST_00529,Medium,43,3
TKT_005704,CUST_00868,Medium,54,4
TKT_005705,CUST_01937,Low,35,5
TKT_005706,CUST_00741,Low,52,2
TKT_005707,CUST_01307,Medium,61,5
TKT_005708,CUST_03417,Low,34,3
TKT_005709,CUST_01758,Medium,68,3
TKT_005710,CUST_01257,Low,49,4
TKT_005711,CUST_03942,Low,34,5
TKT_005712,CUST_01376,Medium,36,4
TKT_005713,CUST_00716,High,37,4
TKT_005714,CUST_00433,Medium,47,3
TKT_005715,CUST_03386,Low,61,3
TKT_005716,CUST_03050,High,45,5
TKT_005717,CUST_02018,Medium,24,5
TKT_005718,CUST_00257,Low,44,5
TKT_005719,CUST_02837,Medium,52,3
TKT_005720,CUST_02305,Low,69,1
TKT_005721,CUST_02207,Low,57,5
TKT_005722,CUST_03843,High,15,4
TKT_005723,CUST_04299,Medium,64,5
TKT_005724,CUST_02038,Medium,47,4
TKT_005725,CUST_04784,Low,31,5
TKT_005726,CUST_04178,Low,40,2
TKT_005727,CUST_01470,Critical,5,5
TKT_005728,CUST_01049,Low,65,5
TKT_005729,CUST_04114,Medium,26,3
TKT_005730,CUST_03569,Medium,24,4
TKT_005731,CUST_00961,Low,71,1
TKT_005732,CUST_04117,High,25,3
TKT_005733,CUST_01172,Low,71,3
TKT_005734,CUST_02686,Medium,71,1
TKT_005735,CUST_02985,High,33,4
TKT_005736,CUST_00736,Medium,12,4
TKT_005737,CUST_00633,High,12,4
TKT_005738,CUST_04542,Medium,42,4
TKT_005739,CUST_00287,Medium,66,2
TKT_005740,CUST_04964,High,44,1
TKT_005741,CUST_04761,High,58,5
TKT_005742,CUST_01349,Medium,12,4
TKT_005743,CUST_04244,Medium,49,5
TKT_005744,CUST_02269,Medium,35,1
TKT_005745,CUST_04324,Low,50,4
TKT_005746,CUST_04402,Low,33,5
TKT_005747,CUST_00179,Low,34,5
TKT_005748,CUST_01912,High,13,5
TKT_005749,CUST_01500,Medium,33,4
TKT_005750,CUST_01998,High,20,5
TKT_005751,CUST_04513,Medium,15,4
TKT_005752,CUST_02658,Low,61,2
TKT_005753,CUST_02676,Low,36,1
TKT_005754,CUST_02171,Medium,26,2
TKT_005755,CUST_02333,High,35,1
TKT_005756,CUST_03990,High,51,4
TKT_005757,CUST_02755,Medium,18,5
TKT_005758,CUST_02051,Medium,19,5
TKT_005759,CUST_00262,Medium,38,5
TKT_005760,CUST_01495,Low,38,5
TKT_005761,CUST_00332,Low,56,5
TKT_005762,CUST_04357,Medium,46,3
TKT_005763,CUST_02820,Low,49,1
TKT_005764,CUST_04543,Medium,41,5
TKT_005765,CUST_04869,Low,50,4
TKT_005766,CUST_02617,Low,40,5
TKT_005767,CUST_02643,Medium,16,5
TKT_005768,CUST_04296,Medium,29,5
TKT_005769,CUST_04764,Low,26,5
TKT_005770,CUST_01159,Critical,8,4
TKT_005771,CUST_00294,Medium,66,5
TKT_005772,CUST_02925,Medium,70,3
TKT_005773,CUST_04181,High,13,1
TKT_005774,CUST_00293,Low,42,4
TKT_005775,CUST_01162,High,36,4
TKT_005776,CUST_00411,Medium,36,5
TKT_005777,CUST_00509,Low,43,1
TKT_005778,CUST_03956,Medium,69,1
TKT_005779,CUST_03290,High,33,5
TKT_005780,CUST_04714,Medium,63,3
TKT_005781,CUST_02140,Medium,21,4
TKT_005782,CUST_04880,Low,47,2
TKT_005783,CUST_01394,Low,23,5
TKT_005784,CUST_02619,Medium,32,5
TKT_005785,CUST_04867,Medium,26,1
TKT_005786,CUST_01977,High,22,3
TKT_005787,CUST_00707,Medium,57,5
TKT_005788,CUST_01299,Low,18,5
TKT_005789,CUST_02952,Low,35,1
TKT_005790,CUST_03859,Low,41,3
TKT_005791,CUST_03108,Low,25,3
TKT_005792,CUST_04720,Medium,69,4
TKT_005793,CUST_00741,Low,51,3
TKT_005794,CUST_04293,High,57,5
TKT_005795,CUST_03900,Medium,66,4
TKT_005796,CUST_02338,High,17,1
TKT_005797,CUST_04862,Medium,61,3
TKT_005798,CUST_01435,Medium,57,4
TKT_005799,CUST_01322,Medium,19,4
TKT_005800,CUST_01011,Critical,20,1
TKT_005801,CUST_04184,Medium,67,4
TKT_005802,CUST_00176,Medium,23,4
TKT_005803,CUST_02326,Medium,16,2
TKT_005804,CUST_01321,Low,24,2
TKT_005805,CUST_02472,Medium,30,5
TKT_005806,CUST_01440,Critical,8,4
TKT_005807,CUST_04129,Low,23,4
TKT_005808,CUST_00209,Medium,43,3
TKT_005809,CUST_00248,Medium,61,5
TKT_005810,CUST_03450,High,49,5
TKT_005811,CUST_02895,Low,49,5
TKT_005812,CUST_03775,Low,28,4
TKT_005813,CUST_00790,Low,37,4
TKT_005814,CUST_04081,Low,27,5
TKT_005815,CUST_04114,Medium,23,5
TKT_005816,CUST_02261,Low,48,5
TKT_005817,CUST_01747,Medium,57,3
TKT_005818,CUST_02562,High,27,4
TKT_005819,CUST_01118,Low,16,4
TKT_005820,CUST_00857,Low,19,3
TKT_005821,CUST_02970,Critical,11,1
TKT_005822,CUST_02855,Medium,68,2
TKT_005823,CUST_01041,Low,38,5
TKT_005824,CUST_03203,Low,37,3
TKT_005825,CUST_00298,Critical,10,5
TKT_005826,CUST_00998,Low,46,3
TKT_005827,CUST_02845,Medium,57,3
TKT_005828,CUST_03202,Low,28,3
TKT_005829,CUST_02664,Low,18,5
TKT_005830,CUST_03342,High,20,4
TKT_005831,CUST_02316,Low,53,2
TKT_005832,CUST_04596,Low,21,5
TKT_005833,CUST_03559,Medium,66,5
TKT_005834,CUST_00914,Medium,56,3
TKT_005835,CUST_04313,Low,53,4
TKT_005836,CUST_03429,Medium,66,3
TKT_005837,CUST_04742,Low,69,5
TKT_005838,CUST_01005,Low,49,3
TKT_005839,CUST_01310,Low,64,5
TKT_005840,CUST_02594,High,25,4
TKT_005841,CUST_02771,Low,48,5
TKT_005842,CUST_03403,Medium,24,5
TKT_005843,CUST_02741,Low,19,4
TKT_005844,CUST_04880,Low,52,3
TKT_005845,CUST_00922,Low,63,5
TKT_005846,CUST_01721,Medium,21,5
TKT_005847,CUST_03069,Low,44,1
TKT_005848,CUST_03184,Medium,48,3
TKT_005849,CUST_01516,High,31,5
TKT_005850,CUST_03610,Low,15,4
TKT_005851,CUST_02310,Medium,12,2
TKT_005852,CUST_04743,Low,62,5
TKT_005853,CUST_03853,Low,30,4
TKT_005854,CUST_02737,Low,35,5
TKT_005855,CUST_01134,Medium,65,5
TKT_005856,CUST_01503,Low,65,5
TKT_005857,CUST_04720,Medium,58,3
TKT_005858,CUST_01637,Low,22,4
TKT_005859,CUST_01810,Medium,33,5
TKT_005860,CUST_00267,Medium,67,5
TKT_005861,CUST_04874,Low,48,2
TKT_005862,CUST_00668,Medium,14,4
TKT_005863,CUST_00054,Low,28,4
TKT_005864,CUST_02822,Low,59,4
TKT_005865,CUST_03946,High,71,4
TKT_005866,CUST_04491,Low,51,1
TKT_005867,CUST_04608,High,69,5
TKT_005868,CUST_00801,Low,31,5
TKT_005869,CUST_04421,Low,46,4
TKT_005870,CUST_04192,Low,55,5
TKT_005871,CUST_02027,Medium,51,4
TKT_005872,CUST_00174,Low,26,1
TKT_005873,CUST_04440,Low,22,4
TKT_005874,CUST_00055,Medium,24,3
TKT_005875,CUST_00710,Low,37,5
TKT_005876,CUST_01641,High,34,2
TKT_005877,CUST_01815,Medium,51,3
TKT_005878,CUST_01714,Medium,24,4
TKT_005879,CUST_02350,High,59,3
TKT_005880,CUST_03277,Low,61,2
TKT_005881,CUST_04316,Low,27,3
TKT_005882,CUST_04524,Low,56,5
TKT_005883,CUST_04237,Low,25,4
TKT_005884,CUST_02503,Low,51,5
TKT_005885,CUST_04254,Medium,63,3
TKT_005886,CUST_00105,Medium,45,5
TKT_005887,CUST_02790,Low,63,4
TKT_005888,CUST_01950,Low,51,3
TKT_005889,CUST_04385,Low,40,4
TKT_005890,CUST_04728,Low,39,4
TKT_005891,CUST_01209,Medium,38,3
TKT_005892,CUST_04375,Medium,49,5
TKT_005893,CUST_02996,Low,24,2
TKT_005894,CUST_04321,Medium,14,4
TKT_005895,CUST_01907,Medium,50,4
TKT_005896,CUST_03894,Medium,49,4
TKT_005897,CUST_01711,Low,16,3
TKT_005898,CUST_03249,Low,70,3
TKT_005899,CUST_04180,Medium,27,4
TKT_005900,CUST_01592,Critical,8,5
TKT_005901,CUST_02140,Medium,33,3
TKT_005902,CUST_00008,Low,14,2
TKT_005903,CUST_03734,Low,16,1
TKT_005904,CUST_03646,Medium,14,4
TKT_005905,CUST_01655,Medium,26,3
TKT_005906,CUST_00479,Low,45,4
TKT_005907,CUST_04204,Medium,26,4
TKT_005908,CUST_03928,Medium,38,5
TKT_005909,CUST_03698,Medium,24,4
TKT_005910,CUST_02285,Medium,45,5
TKT_005911,CUST_02015,Medium,29,5
TKT_005912,CUST_02577,Low,21,3
TKT_005913,CUST_01628,Medium,43,4
TKT_005914,CUST_04725,High,15,3
TKT_005915,CUST_01411,High,13,1
TKT_005916,CUST_01243,Low,41,1
TKT_005917,CUST_01173,Medium,63,5
TKT_005918,CUST_02102,Critical,16,2
TKT_005919,CUST_01882,Medium,68,5
TKT_005920,CUST_03185,Low,57,4
TKT_005921,CUST_00427,High,14,3
TKT_005922,CUST_02546,Low,55,4
TKT_005923,CUST_01316,Low,16,1
TKT_005924,CUST_00511,Medium,45,1
TKT_005925,CUST_00441,Low,25,4
TKT_005926,CUST_01656,Low,66,2
TKT_005927,CUST_03675,Medium,69,1
TKT_005928,CUST_02770,Medium,48,4
TKT_005929,CUST_03045,High,18,4
TKT_005930,CUST_02658,Medium,26,4
TKT_005931,CUST_04886,High,30,5
TKT_005932,CUST_03608,Medium,65,4
TKT_005933,CUST_00396,Low,30,5
TKT_005934,CUST_03147,Medium,28,1
TKT_005935,CUST_00828,Medium,59,1
TKT_005936,CUST_03591,Medium,51,4
TKT_005937,CUST_03005,Low,24,5
TKT_005938,CUST_04661,Low,68,5
TKT_005939,CUST_00792,Medium,32,5
TKT_005940,CUST_00503,Low,54,3
TKT_005941,CUST_03893,High,12,4
TKT_005942,CUST_04877,Medium,29,4
TKT_005943,CUST_04430,Medium,35,4
TKT_005944,CUST_04587,Low,41,3
TKT_005945,CUST_02049,Medium,18,4
TKT_005946,CUST_02675,High,38,4
TKT_005947,CUST_03409,Low,63,3
TKT_005948,CUST_02235,Low,38,4
TKT_005949,CUST_04022,Low,14,3
TKT_005950,CUST_03503,Low,63,1
TKT_005951,CUST_03611,Medium,64,4
TKT_005952,CUST_04045,Low,27,5
TKT_005953,CUST_02171,Medium,15,3
TKT_005954,CUST_04648,Medium,56,4
TKT_005955,CUST_01243,Low,68,5
TKT_005956,CUST_01440,High,12,5
TKT_005957,CUST_03838,Low,44,1
TKT_005958,CUST_01210,Medium,55,5
TKT_005959,CUST_03636,Low,56,3
TKT_005960,CUST_03277,High,37,2
TKT_005961,CUST_04432,High,50,5
TKT_005962,CUST_03874,Low,14,4
TKT_005963,CUST_00390,Low,15,3
TKT_005964,CUST_01703,Medium,44,5
TKT_005965,CUST_01536,Low,61,3
TKT_005966,CUST_01998,Medium,16,4
TKT_005967,CUST_01798,High,40,3
TKT_005968,CUST_04322,Medium,63,3
TKT_005969,CUST_01845,High,22,1
TKT_005970,CUST_02561,Low,14,2
TKT_005971,CUST_00029,High,29,5
TKT_005972,CUST_04700,Low,41,4
TKT_005973,CUST_00981,Low,28,5
TKT_005974,CUST_03055,High,57,5
TKT_005975,CUST_03584,Medium,41,4
TKT_005976,CUST_01659,Medium,41,5
TKT_005977,CUST_04821,High,44,2
TKT_005978,CUST_04785,Medium,28,3
TKT_005979,CUST_02605,Low,50,5
TKT_005980,CUST_03962,Medium,27,4
TKT_005981,CUST_02327,Low,44,5
TKT_005982,CUST_00840,Low,58,4
TKT_005983,CUST_02415,Medium,13,5
TKT_005984,CUST_04427,High,13,4
TKT_005985,CUST_00397,Medium,35,5
TKT_005986,CUST_00385,Low,16,3
TKT_005987,CUST_03583,High,47,1
TKT_005988,CUST_03979,Critical,21,3
TKT_005989,CUST_02606,Low,51,2
TKT_005990,CUST_04359,Low,43,4
TKT_005991,CUST_03167,Low,25,5
TKT_005992,CUST_00944,Medium,69,3
TKT_005993,CUST_01786,Low,49,4
TKT_005994,CUST_00847,Medium,66,5
TKT_005995,CUST_01482,Medium,54,5
TKT_005996,CUST_03116,Medium,16,3
TKT_005997,CUST_01387,Critical,23,4
TKT_005998,CUST_02206,Medium,57,3
TKT_005999,CUST_01281,Low,37,4
TKT_006000,CUST_01599,Medium,67,3
TKT_006001,CUST_01983,High,28,1
TKT_006002,CUST_00313,Low,71,1
TKT_006003,CUST_03860,Low,30,4
TKT_006004,CUST_02165,Medium,22,2
TKT_006005,CUST_01700,Low,18,2
TKT_006006,CUST_03069,Medium,24,3
TKT_006007,CUST_01779,Medium,62,3
TKT_006008,CUST_04270,Medium,36,5
TKT_006009,CUST_03703,Medium,61,4
TKT_006010,CUST_00749,Low,59,5
TKT_006011,CUST_01808,Low,23,4
TKT_006012,CUST_01534,Low,42,1
TKT_006013,CUST_03797,High,39,5
TKT_006014,CUST_02282,Medium,26,2
TKT_006015,CUST_03423,Medium,44,3
TKT_006016,CUST_02210,Low,22,4
TKT_006017,CUST_03663,Medium,50,4
TKT_006018,CUST_02739,Low,43,4
TKT_006019,CUST_00292,Low,27,2
TKT_006020,CUST_04223,Low,20,4
TKT_006021,CUST_02741,Medium,63,4
TKT_006022,CUST_01951,Medium,52,4
TKT_006023,CUST_02436,Medium,23,5
TKT_006024,CUST_02828,High,30,4
TKT_006025,CUST_00181,Medium,25,5
TKT_006026,CUST_01171,Medium,23,5
TKT_006027,CUST_02744,Critical,17,4
TKT_006028,CUST_01136,Medium,20,4
TKT_006029,CUST_01711,Medium,32,1
TKT_006030,CUST_02345,Medium,23,2
TKT_006031,CUST_04787,Low,56,4
TKT_006032,CUST_04658,High,48,1
TKT_006033,CUST_03975,High,16,1
TKT_006034,CUST_03504,Medium,20,2
TKT_006035,CUST_03951,Medium,68,3
TKT_006036,CUST_02359,Medium,62,5
TKT_006037,CUST_00390,Critical,5,2
TKT_006038,CUST_03059,High,17,3
TKT_006039,CUST_04626,Low,51,4
TKT_006040,CUST_00159,Medium,61,4
TKT_006041,CUST_01680,Medium,24,5
TKT_006042,CUST_03551,Low,27,4
TKT_006043,CUST_00230,Medium,31,3
TKT_006044,CUST_01726,Low,16,3
TKT_006045,CUST_03409,High,65,5
TKT_006046,CUST_04788,Low,54,1
TKT_006047,CUST_04229,High,28,4
TKT_006048,CUST_01681,High,65,4
TKT_006049,CUST_01296,Low,21,5
TKT_006050,CUST_02581,Medium,41,5
TKT_006051,CUST_03877,Medium,18,4
TKT_006052,CUST_02985,Critical,2,5
TKT_006053,CUST_04917,Medium,22,5
TKT_006054,CUST_01824,Medium,19,1
TKT_006055,CUST_02329,High,62,4
TKT_006056,CUST_00359,Low,48,5
TKT_006057,CUST_01013,Low,42,5
TKT_006058,CUST_02895,High,59,5
TKT_006059,CUST_02696,Low,12,5
TKT_006060,CUST_04097,High,36,1
TKT_006061,CUST_04042,Medium,69,5
TKT_006062,CUST_02363,Medium,39,5
TKT_006063,CUST_01270,Low,34,4
TKT_006064,CUST_01264,Low,62,3
TKT_006065,CUST_03344,Low,40,3
TKT_006066,CUST_00848,Medium,33,4
TKT_006067,CUST_04885,High,21,3
TKT_006068,CUST_02362,Medium,57,4
TKT_006069,CUST_03641,Medium,28,4
TKT_006070,CUST_02187,Low,24,5
TKT_006071,CUST_00498,Low,27,1
TKT_006072,CUST_02169,Critical,10,1
TKT_006073,CUST_02412,Low,62,5
TKT_006074,CUST_01522,Low,23,5
TKT_006075,CUST_04257,Medium,59,3
TKT_006076,CUST_00664,Medium,60,1
TKT_006077,CUST_00967,Low,26,4
TKT_006078,CUST_00550,Critical,2,3
TKT_006079,CUST_01074,Medium,30,1
TKT_006080,CUST_04843,Low,32,5
TKT_006081,CUST_02137,High,43,5
TKT_006082,CUST_00893,Low,16,5
TKT_006083,CUST_02769,Medium,68,2
TKT_006084,CUST_01249,High,58,3
TKT_006085,CUST_02434,Critical,3,3
TKT_006086,CUST_01191,Low,43,3
TKT_006087,CUST_01738,Low,12,4
TKT_006088,CUST_00654,Medium,26,4
TKT_006089,CUST_00337,High,46,3
TKT_006090,CUST_04686,Medium,31,4
TKT_006091,CUST_00435,Medium,42,4
TKT_006092,CUST_01272,Low,31,5
TKT_006093,CUST_04583,Medium,58,4
TKT_006094,CUST_01832,High,35,3
TKT_006095,CUST_01501,Low,51,5
TKT_006096,CUST_02157,Low,63,2
TKT_006097,CUST_01768,Medium,21,4
TKT_006098,CUST_04639,Low,25,4
TKT_006099,CUST_00805,Medium,68,2
TKT_006100,CUST_01993,Low,68,1
TKT_006101,CUST_04779,Low,46,3
TKT_006102,CUST_03181,High,40,3
TKT_006103,CUST_02312,Medium,20,5
TKT_006104,CUST_04386,Critical,2,4
TKT_006105,CUST_04241,Medium,63,1
TKT_006106,CUST_00529,Low,21,5
TKT_006107,CUST_02386,Low,64,5
TKT_006108,CUST_01589,Medium,13,1
TKT_006109,CUST_03983,Low,34,3
TKT_006110,CUST_01645,High,29,4
TKT_006111,CUST_01593,Low,12,2
TKT_006112,CUST_03732,Low,69,5
TKT_006113,CUST_03609,Low,22,4
TKT_006114,CUST_00078,Medium,48,5
TKT_006115,CUST_04195,High,67,4
TKT_006116,CUST_02694,Low,47,3
TKT_006117,CUST_01339,Medium,44,4
TKT_006118,CUST_03295,Low,47,4
TKT_006119,CUST_03024,Medium,68,4
TKT_006120,CUST_04972,Low,35,3
TKT_006121,CUST_02821,Medium,36,5
TKT_006122,CUST_04875,Medium,34,3
TKT_006123,CUST_03926,Low,65,2
TKT_006124,CUST_02088,Medium,33,1
TKT_006125,CUST_04572,Medium,44,5
TKT_006126,CUST_01138,Medium,58,2
TKT_006127,CUST_00679,Medium,30,3
TKT_006128,CUST_04934,Medium,45,3
TKT_006129,CUST_04628,Medium,34,5
TKT_006130,CUST_00230,High,57,5
TKT_006131,CUST_02829,High,37,5
TKT_006132,CUST_02124,Medium,33,3
TKT_006133,CUST_02313,High,14,1
TKT_006134,CUST_03333,High,15,5
TKT_006135,CUST_01393,Low,44,3
TKT_006136,CUST_03736,Critical,11,1
TKT_006137,CUST_02025,Low,31,3
TKT_006138,CUST_04178,Low,61,3
TKT_006139,CUST_01661,Critical,12,5
TKT_006140,CUST_00230,Low,64,1
TKT_006141,CUST_02694,Medium,59,5
TKT_006142,CUST_01622,Critical,8,4
TKT_006143,CUST_01579,Low,36,3
TKT_006144,CUST_03788,Low,68,5
TKT_006145,CUST_00281,Medium,28,4
TKT_006146,CUST_02516,Medium,33,4
TKT_006147,CUST_04626,High,45,2
TKT_006148,CUST_02456,High,44,5
TKT_006149,CUST_04319,Low,36,5
TKT_006150,CUST_00769,Low,25,5
TKT_006151,CUST_03087,Medium,57,5
TKT_006152,CUST_00546,Medium,61,3
TKT_006153,CUST_03252,Low,41,4
TKT_006154,CUST_04247,Low,33,1
TKT_006155,CUST_04863,Low,33,4
TKT_006156,CUST_00014,High,30,3
TKT_006157,CUST_01402,High,49,3
TKT_006158,CUST_02255,Low,15,5
TKT_006159,CUST_02667,Low,19,5
TKT_006160,CUST_02783,Low,56,3
TKT_006161,CUST_04876,Critical,12,5
TKT_006162,CUST_01099,High,50,2
TKT_006163,CUST_03205,Medium,21,4
TKT_006164,CUST_00431,Low,61,4
TKT_006165,CUST_00795,Low,39,5
TKT_006166,CUST_03967,Medium,65,3
TKT_006167,CUST_03508,Critical,2,1
TKT_006168,CUST_00208,Low,32,3
TKT_006169,CUST_02152,Medium,12,5
TKT_006170,CUST_02512,Low,70,1
TKT_006171,CUST_04566,Medium,48,2
TKT_006172,CUST_00580,Medium,65,1
TKT_006173,CUST_04346,Medium,45,4
TKT_006174,CUST_04699,Medium,22,5
TKT_006175,CUST_02831,High,27,3
TKT_006176,CUST_04499,Low,50,1
TKT_006177,CUST_02767,Low,25,2
TKT_006178,CUST_02989,High,71,1
TKT_006179,CUST_04106,Low,12,4
TKT_006180,CUST_01634,Medium,42,4
TKT_006181,CUST_04095,High,55,3
TKT_006182,CUST_01521,High,54,5
TKT_006183,CUST_03482,High,60,4
TKT_006184,CUST_03349,Low,23,5
TKT_006185,CUST_00096,High,38,3
TKT_006186,CUST_03885,High,28,4
TKT_006187,CUST_03511,Medium,61,5
TKT_006188,CUST_01532,Low,27,2
TKT_006189,CUST_04876,Medium,12,5
TKT_006190,CUST_00615,Medium,66,5
TKT_006191,CUST_04938,High,41,4
TKT_006192,CUST_03487,Low,70,5
TKT_006193,CUST_04227,Low,48,3
TKT_006194,CUST_02146,Medium,34,4
TKT_006195,CUST_01060,Medium,38,1
TKT_006196,CUST_03018,Medium,48,5
TKT_006197,CUST_01773,Medium,27,1
TKT_006198,CUST_01995,Medium,35,3
TKT_006199,CUST_01667,Low,39,4
TKT_006200,CUST_02742,Low,41,4
TKT_006201,CUST_04124,Medium,37,4
TKT_006202,CUST_02717,Low,35,4
TKT_006203,CUST_00522,Medium,42,3
TKT_006204,CUST_00923,Medium,36,3
TKT_006205,CUST_04031,Medium,62,3
TKT_006206,CUST_04205,High,13,3
TKT_006207,CUST_04926,Low,18,4
TKT_006208,CUST_02656,Low,59,5
TKT_006209,CUST_04754,Low,34,3
TKT_006210,CUST_01205,Medium,40,3
TKT_006211,CUST_04306,Medium,46,4
TKT_006212,CUST_03121,Low,41,5
TKT_006213,CUST_01497,Low,40,3
TKT_006214,CUST_04762,High,42,5
TKT_006215,CUST_04869,Medium,61,4
TKT_006216,CUST_00329,Medium,53,4
TKT_006217,CUST_03992,Critical,3,1
TKT_006218,CUST_01465,High,62,3
TKT_006219,CUST_03193,Low,26,3
TKT_006220,CUST_02035,Medium,27,2
TKT_006221,CUST_03591,Medium,19,3
TKT_006222,CUST_00503,High,39,4
TKT_006223,CUST_00489,Low,51,4
TKT_006224,CUST_03838,Medium,28,4
TKT_006225,CUST_01427,Medium,68,2
TKT_006226,CUST_01600,High,64,5
TKT_006227,CUST_01835,High,25,4
TKT_006228,CUST_04761,Medium,32,4
TKT_006229,CUST_01041,Medium,61,1
TKT_006230,CUST_00039,High,38,5
TKT_006231,CUST_02713,Medium,32,4
TKT_006232,CUST_02915,High,43,3
TKT_006233,CUST_00039,High,27,5
TKT_006234,CUST_00187,High,39,5
TKT_006235,CUST_00750,Low,71,3
TKT_006236,CUST_02832,Low,49,3
TKT_006237,CUST_02410,Medium,66,4
TKT_006238,CUST_04558,Medium,40,5
TKT_006239,CUST_00669,Low,60,5
TKT_006240,CUST_02754,Low,62,1
TKT_006241,CUST_04874,Medium,47,5
TKT_006242,CUST_02050,Critical,23,4
TKT_006243,CUST_03547,Medium,35,1
TKT_006244,CUST_04749,Low,32,4
TKT_006245,CUST_00182,Low,50,3
TKT_006246,CUST_03242,Low,61,2
TKT_006247,CUST_00977,High,19,4
TKT_006248,CUST_02355,Critical,6,5
TKT_006249,CUST_02924,Medium,29,5
TKT_006250,CUST_02097,Medium,30,4
TKT_006251,CUST_01446,Medium,30,3
TKT_006252,CUST_01309,Low,49,2
TKT_006253,CUST_00380,Low,55,4
TKT_006254,CUST_01856,Medium,37,3
TKT_006255,CUST_04887,High,17,4
TKT_006256,CUST_04600,Medium,57,5
TKT_006257,CUST_04880,Low,60,4
TKT_006258,CUST_00556,High,37,1
TKT_006259,CUST_04668,Medium,39,5
TKT_006260,CUST_01223,High,55,2
TKT_006261,CUST_00109,Low,43,5
TKT_006262,CUST_00065,Low,45,4
TKT_006263,CUST_03201,Low,56,5
TKT_006264,CUST_02316,High,48,2
TKT_006265,CUST_01433,Low,36,5
TKT_006266,CUST_02135,Medium,33,2
TKT_006267,CUST_04063,Medium,42,5
TKT_006268,CUST_03928,Medium,17,4
TKT_006269,CUST_03466,Medium,42,5
TKT_006270,CUST_02498,Low,12,3
TKT_006271,CUST_02977,Low,51,5
TKT_006272,CUST_00741,Low,20,5
TKT_006273,CUST_00471,Low,71,4
TKT_006274,CUST_01666,Low,23,5
TKT_006275,CUST_03716,Medium,32,4
TKT_006276,CUST_03991,Low,53,3
TKT_006277,CUST_04861,Low,14,5
TKT_006278,CUST_00110,Medium,53,3
TKT_006279,CUST_03881,Low,57,5
TKT_006280,CUST_04390,High,16,4
TKT_006281,CUST_02263,Medium,48,2
TKT_006282,CUST_00960,Critical,17,4
TKT_006283,CUST_01560,Low,40,4
TKT_006284,CUST_01117,Low,39,2
TKT_006285,CUST_00681,Medium,60,1
TKT_006286,CUST_01052,Low,36,4
TKT_006287,CUST_03774,Medium,21,2
TKT_006288,CUST_04362,Medium,45,5
TKT_006289,CUST_04992,Medium,26,5
TKT_006290,CUST_04381,High,41,1
TKT_006291,CUST_01951,Low,24,5
TKT_006292,CUST_04695,Medium,48,5
TKT_006293,CUST_04763,Medium,70,1
TKT_006294,CUST_01929,Medium,60,4
TKT_006295,CUST_02068,Low,66,4
TKT_006296,CUST_03836,Medium,66,4
TKT_006297,CUST_01909,Medium,16,4
TKT_006298,CUST_01372,Critical,5,3
TKT_006299,CUST_04146,Medium,69,3
TKT_006300,CUST_02115,Low,21,5
TKT_006301,CUST_02961,Medium,58,4
TKT_006302,CUST_03171,Medium,45,3
TKT_006303,CUST_04757,Medium,42,4
TKT_006304,CUST_01993,Low,67,5
TKT_006305,CUST_03232,Low,62,3
TKT_006306,CUST_04124,Low,16,4
TKT_006307,CUST_02514,Low,17,2
TKT_006308,CUST_01862,Medium,24,4
TKT_006309,CUST_01222,Medium,65,4
TKT_006310,CUST_02314,Low,51,5
TKT_006311,CUST_00770,Medium,70,5
TKT_006312,CUST_03563,Low,24,2
TKT_006313,CUST_01433,Low,57,1
TKT_006314,CUST_01958,Medium,59,5
TKT_006315,CUST_02305,High,44,4
TKT_006316,CUST_01360,Medium,48,4
TKT_006317,CUST_04954,Medium,34,4
TKT_006318,CUST_01257,Low,32,4
TKT_006319,CUST_00073,Low,19,3
TKT_006320,CUST_01183,Medium,45,4
TKT_006321,CUST_00483,Low,64,1
TKT_006322,CUST_01240,Medium,42,4
TKT_006323,CUST_02243,Low,42,1
TKT_006324,CUST_03384,Medium,31,5
TKT_006325,CUST_00403,Medium,46,5
TKT_006326,CUST_00765,High,13,2
TKT_006327,CUST_01836,High,35,3
TKT_006328,CUST_02590,Low,22,4
TKT_006329,CUST_00804,Low,15,4
TKT_006330,CUST_04202,High,37,5
TKT_006331,CUST_04218,Medium,25,2
TKT_006332,CUST_03003,Medium,57,4
TKT_006333,CUST_02763,Low,53,5
TKT_006334,CUST_02820,Medium,31,4
TKT_006335,CUST_03125,Low,47,3
TKT_006336,CUST_03196,High,36,1
TKT_006337,CUST_00310,Low,50,4
TKT_006338,CUST_03828,Low,21,4
TKT_006339,CUST_04653,Low,46,2
TKT_006340,CUST_02961,Medium,16,4
TKT_006341,CUST_02257,High,15,4
TKT_006342,CUST_00435,Low,60,4
TKT_006343,CUST_03124,Low,31,3
TKT_006344,CUST_00850,Medium,34,5
TKT_006345,CUST_00107,Medium,54,2
TKT_006346,CUST_02672,Critical,7,4
TKT_006347,CUST_00120,Low,40,5
TKT_006348,CUST_03035,Medium,55,3
TKT_006349,CUST_04810,Low,40,3
TKT_006350,CUST_01893,Low,57,4
TKT_006351,CUST_02162,Low,43,4
TKT_006352,CUST_03717,High,33,4
TKT_006353,CUST_00760,High,56,2
TKT_006354,CUST_01647,Low,54,5
TKT_006355,CUST_04550,High,65,3
TKT_006356,CUST_00232,Low,55,3
TKT_006357,CUST_01595,Low,18,5
TKT_006358,CUST_00562,Medium,44,4
TKT_006359,CUST_01807,Critical,2,3
TKT_006360,CUST_00876,Medium,52,5
TKT_006361,CUST_01639,High,69,5
TKT_006362,CUST_00993,High,70,4
TKT_006363,CUST_03736,Low,39,4
TKT_006364,CUST_01557,Low,32,4
TKT_006365,CUST_04354,Low,66,3
TKT_006366,CUST_04819,Medium,62,4
TKT_006367,CUST_02477,Medium,47,1
TKT_006368,CUST_03572,Low,15,3
TKT_006369,CUST_00677,Medium,54,4
TKT_006370,CUST_03757,Medium,17,4
TKT_006371,CUST_00425,Medium,30,1
TKT_006372,CUST_01601,Medium,62,5
TKT_006373,CUST_01341,Low,69,1
TKT_006374,CUST_00630,Medium,64,5
TKT_006375,CUST_04230,Low,22,5
TKT_006376,CUST_03009,Medium,61,5
TKT_006377,CUST_02066,Medium,28,4
TKT_006378,CUST_04464,Medium,57,5
TKT_006379,CUST_00168,Low,29,3
TKT_006380,CUST_04006,Medium,57,3
TKT_006381,CUST_04013,High,24,1
TKT_006382,CUST_00017,Medium,52,5
TKT_006383,CUST_01546,High,62,4
TKT_006384,CUST_01531,Low,22,3
TKT_006385,CUST_03814,Low,62,4
TKT_006386,CUST_01498,Medium,38,5
TKT_006387,CUST_00543,Medium,60,4
TKT_006388,CUST_00727,Low,27,3
TKT_006389,CUST_00379,Low,61,3
TKT_006390,CUST_04436,Medium,26,2
TKT_006391,CUST_04303,Medium,65,2
TKT_006392,CUST_03494,Low,25,4
TKT_006393,CUST_03464,Critical,6,4
TKT_006394,CUST_00846,Medium,29,5
TKT_006395,CUST_03853,Medium,23,4
TKT_006396,CUST_04822,Critical,18,2
TKT_006397,CUST_00674,Low,53,2
TKT_006398,CUST_03521,Medium,51,3
TKT_006399,CUST_03040,High,65,5
TKT_006400,CUST_02058,Low,29,5
TKT_006401,CUST_04446,Medium,37,4
TKT_006402,CUST_00738,High,65,5
TKT_006403,CUST_03959,Low,57,3
TKT_006404,CUST_04313,Low,29,4
TKT_006405,CUST_03450,Low,12,1
TKT_006406,CUST_01725,Medium,27,5
TKT_006407,CUST_02654,Low,48,2
TKT_006408,CUST_01062,Low,32,5
TKT_006409,CUST_04684,High,19,4
TKT_006410,CUST_01319,Medium,63,5
TKT_006411,CUST_00830,Low,13,4
TKT_006412,CUST_03586,High,66,4
TKT_006413,CUST_03222,Medium,30,4
TKT_006414,CUST_03385,Low,40,5
TKT_006415,CUST_02148,Medium,41,3
TKT_006416,CUST_01303,Medium,14,5
TKT_006417,CUST_03076,Medium,19,5
TKT_006418,CUST_04806,Low,71,3
TKT_006419,CUST_01961,Low,46,5
TKT_006420,CUST_01701,Low,29,2
TKT_006421,CUST_03021,Low,37,5
TKT_006422,CUST_01025,Medium,36,2
TKT_006423,CUST_00600,Medium,19,5
TKT_006424,CUST_01442,Low,29,5
TKT_006425,CUST_04106,High,35,1
TKT_006426,CUST_02423,Medium,16,2
TKT_006427,CUST_00646,Medium,37,3
TKT_006428,CUST_01992,Critical,3,3
TKT_006429,CUST_03197,High,22,2
TKT_006430,CUST_03373,Low,15,4
TKT_006431,CUST_04748,Medium,21,5
TKT_006432,CUST_01647,High,48,5
TKT_006433,CUST_03142,Low,23,4
TKT_006434,CUST_04320,Low,21,3
TKT_006435,CUST_01755,Low,23,3
TKT_006436,CUST_00751,Low,16,5
TKT_006437,CUST_00843,Critical,10,1
TKT_006438,CUST_03415,Medium,38,4
TKT_006439,CUST_03429,Low,44,4
TKT_006440,CUST_03511,Medium,43,2
TKT_006441,CUST_02304,Low,16,4
TKT_006442,CUST_02715,Low,34,3
TKT_006443,CUST_01506,Low,67,2
TKT_006444,CUST_01428,Low,35,1
TKT_006445,CUST_03855,Low,57,2
TKT_006446,CUST_02743,Medium,13,4
TKT_006447,CUST_04072,Low,41,5
TKT_006448,CUST_03275,High,21,3
TKT_006449,CUST_02609,Low,12,4
TKT_006450,CUST_02375,Medium,24,3
TKT_006451,CUST_02465,High,71,4
TKT_006452,CUST_03806,Low,47,3
TKT_006453,CUST_03936,Medium,14,1
TKT_006454,CUST_01384,Medium,55,3
TKT_006455,CUST_03621,Low,55,2
TKT_006456,CUST_03277,Low,27,5
TKT_006457,CUST_02951,Medium,25,5
TKT_006458,CUST_00280,Low,51,1
TKT_006459,CUST_03979,Low,65,3
TKT_006460,CUST_02271,Medium,56,1
TKT_006461,CUST_02156,High,59,5
TKT_006462,CUST_00684,Low,58,1
TKT_006463,CUST_00602,Medium,57,4
TKT_006464,CUST_02044,Critical,5,2
TKT_006465,CUST_01533,Low,36,4
TKT_006466,CUST_00961,Medium,49,3
TKT_006467,CUST_03078,Low,65,4
TKT_006468,CUST_00507,High,40,1
TKT_006469,CUST_01823,Low,28,5
TKT_006470,CUST_01195,Low,20,5
TKT_006471,CUST_00875,Medium,29,2
TKT_006472,CUST_02316,Medium,23,4
TKT_006473,CUST_04289,Low,56,4
TKT_006474,CUST_02804,Medium,60,3
TKT_006475,CUST_02808,Critical,7,1
TKT_006476,CUST_02118,High,39,4
TKT_006477,CUST_03191,Medium,64,5
TKT_006478,CUST_03789,High,65,4
TKT_006479,CUST_04606,High,43,4
TKT_006480,CUST_00734,Medium,31,4
TKT_006481,CUST_04556,High,51,4
TKT_006482,CUST_01662,High,66,2
TKT_006483,CUST_04554,Medium,12,3
TKT_006484,CUST_04663,Medium,23,3
TKT_006485,CUST_04135,Low,33,3
TKT_006486,CUST_00970,Low,62,4
TKT_006487,CUST_00262,Medium,19,4
TKT_006488,CUST_04280,Medium,23,4
TKT_006489,CUST_04616,Medium,49,5
TKT_006490,CUST_03600,High,70,1
TKT_006491,CUST_03960,Medium,65,4
TKT_006492,CUST_00386,Low,64,3
TKT_006493,CUST_04349,Medium,35,5
TKT_006494,CUST_01035,Low,49,4
TKT_006495,CUST_01540,Medium,50,5
TKT_006496,CUST_01807,Medium,52,4
TKT_006497,CUST_04164,Medium,39,2
TKT_006498,CUST_02475,Low,23,5
TKT_006499,CUST_02057,Low,42,3
TKT_006500,CUST_04633,Low,49,5
TKT_006501,CUST_01601,Medium,49,4
TKT_006502,CUST_03688,Medium,39,5
TKT_006503,CUST_04791,Medium,20,4
TKT_006504,CUST_00801,Low,33,5
TKT_006505,CUST_02070,High,18,4
TKT_006506,CUST_03276,Critical,4,1
TKT_006507,CUST_04251,Low,40,4
TKT_006508,CUST_03595,Medium,64,5
TKT_006509,CUST_02858,Low,67,5
TKT_006510,CUST_01486,Medium,56,4
TKT_006511,CUST_04174,Medium,21,2
TKT_006512,CUST_04815,Medium,53,2
TKT_006513,CUST_04859,Low,32,5
TKT_006514,CUST_04153,High,15,5
TKT_006515,CUST_00339,Low,35,3
TKT_006516,CUST_00274,High,32,5
TKT_006517,CUST_03962,Low,29,4
TKT_006518,CUST_01893,Low,37,5
TKT_006519,CUST_03757,Medium,67,1
TKT_006520,CUST_04529,High,19,4
TKT_006521,CUST_02439,Medium,34,5
TKT_006522,CUST_01922,Low,58,5
TKT_006523,CUST_03414,High,20,4
TKT_006524,CUST_01284,Medium,36,4
TKT_006525,CUST_04092,Low,47,5
TKT_006526,CUST_02222,Medium,43,1
TKT_006527,CUST_01748,Medium,18,5
TKT_006528,CUST_03267,Medium,44,3
TKT_006529,CUST_03513,Medium,70,5
TKT_006530,CUST_03379,High,70,5
TKT_006531,CUST_04404,High,42,3
TKT_006532,CUST_02643,Medium,28,5
TKT_006533,CUST_00556,Low,46,3
TKT_006534,CUST_02255,Medium,33,5
TKT_006535,CUST_01141,Critical,3,2
TKT_006536,CUST_03805,Low,40,1
TKT_006537,CUST_01786,Medium,67,4
TKT_006538,CUST_01114,Medium,64,2
TKT_006539,CUST_03100,Medium,62,5
TKT_006540,CUST_03616,High,29,2
TKT_006541,CUST_01241,Medium,58,4
TKT_006542,CUST_03893,Medium,21,4
TKT_006543,CUST_00071,Low,26,1
TKT_006544,CUST_04126,High,67,5
TKT_006545,CUST_02869,Low,68,5
TKT_006546,CUST_04767,Critical,12,5
TKT_006547,CUST_01545,Low,49,1
TKT_006548,CUST_02371,Low,25,3
TKT_006549,CUST_02418,Medium,37,4
TKT_006550,CUST_01180,Medium,29,3
TKT_006551,CUST_02714,Medium,29,5
TKT_006552,CUST_01107,Low,17,4
TKT_006553,CUST_02453,Medium,56,5
TKT_006554,CUST_04709,Critical,5,5
TKT_006555,CUST_03352,Critical,1,4
TKT_006556,CUST_00281,Low,68,3
TKT_006557,CUST_01716,Medium,52,3
TKT_006558,CUST_01114,Medium,23,4
TKT_006559,CUST_02177,Medium,62,4
TKT_006560,CUST_04405,Low,41,1
TKT_006561,CUST_01988,Medium,30,1
TKT_006562,CUST_04581,Medium,68,4
TKT_006563,CUST_03179,Low,32,4
TKT_006564,CUST_03022,Low,27,5
TKT_006565,CUST_03071,Low,46,3
TKT_006566,CUST_01529,High,18,5
TKT_006567,CUST_02840,High,65,5
TKT_006568,CUST_04379,Low,53,2
TKT_006569,CUST_01131,Medium,30,1
TKT_006570,CUST_03405,Low,49,2
TKT_006571,CUST_04966,Medium,37,4
TKT_006572,CUST_04357,Medium,52,3
TKT_006573,CUST_03302,Medium,29,4
TKT_006574,CUST_01930,High,23,4
TKT_006575,CUST_04317,Medium,16,4
TKT_006576,CUST_00693,Low,37,3
TKT_006577,CUST_02446,Low,16,4
TKT_006578,CUST_00714,High,49,3
TKT_006579,CUST_02845,Low,29,3
TKT_006580,CUST_04726,Medium,17,3
TKT_006581,CUST_04725,Medium,12,3
TKT_006582,CUST_02757,Low,22,5
TKT_006583,CUST_01730,Medium,27,2
TKT_006584,CUST_01828,High,37,5
TKT_006585,CUST_01522,Low,50,5
TKT_006586,CUST_00301,Low,60,3
TKT_006587,CUST_04093,High,29,5
TKT_006588,CUST_01029,Medium,47,4
TKT_006589,CUST_03919,Medium,48,3
TKT_006590,CUST_01820,Medium,37,3
TKT_006591,CUST_04123,Medium,44,5
TKT_006592,CUST_01711,Low,12,4
TKT_006593,CUST_03187,Medium,38,4
TKT_006594,CUST_04474,Low,48,5
TKT_006595,CUST_04193,Medium,33,3
TKT_006596,CUST_01160,Medium,30,3
TKT_006597,CUST_00388,High,24,3
TKT_006598,CUST_01904,High,48,2
TKT_006599,CUST_04260,High,61,5
TKT_006600,CUST_01899,Medium,67,4
TKT_006601,CUST_01439,Low,14,4
TKT_006602,CUST_04777,Low,38,5
TKT_006603,CUST_01002,Medium,46,4
TKT_006604,CUST_01160,Medium,20,2
TKT_006605,CUST_04254,Low,31,2
TKT_006606,CUST_00813,Critical,12,4
TKT_006607,CUST_01390,Low,57,5
TKT_006608,CUST_03011,Medium,46,3
TKT_006609,CUST_02397,Medium,32,5
TKT_006610,CUST_04490,Medium,43,3
TKT_006611,CUST_01348,Medium,33,4
TKT_006612,CUST_02996,Low,25,1
TKT_006613,CUST_01538,Critical,5,4
TKT_006614,CUST_04939,Critical,11,2
TKT_006615,CUST_01487,Medium,42,5
TKT_006616,CUST_03147,Low,28,5
TKT_006617,CUST_01783,Low,34,1
TKT_006618,CUST_02549,Low,70,4
TKT_006619,CUST_01751,Medium,47,5
TKT_006620,CUST_02014,Medium,36,1
TKT_006621,CUST_02236,Medium,29,4
TKT_006622,CUST_03565,Medium,70,5
TKT_006623,CUST_04461,High,27,4
TKT_006624,CUST_02549,Low,13,4
TKT_006625,CUST_02225,Medium,37,3
TKT_006626,CUST_04725,Medium,45,4
TKT_006627,CUST_00970,Critical,7,5
TKT_006628,CUST_00273,Medium,23,3
TKT_006629,CUST_01587,Medium,59,5
TKT_006630,CUST_02825,Medium,21,4
TKT_006631,CUST_03519,Critical,15,3
TKT_006632,CUST_02389,High,67,3
TKT_006633,CUST_04021,Low,13,3
TKT_006634,CUST_04601,Medium,27,4
TKT_006635,CUST_04957,Medium,47,2
TKT_006636,CUST_03821,Medium,53,2
TKT_006637,CUST_02785,Medium,70,3
TKT_006638,CUST_00629,Low,60,4
TKT_006639,CUST_04346,Medium,47,4
TKT_006640,CUST_04608,Medium,33,5
TKT_006641,CUST_00345,Low,17,4
TKT_006642,CUST_04643,High,46,5
TKT_006643,CUST_00556,Low,71,4
TKT_006644,CUST_04011,Medium,52,4
TKT_006645,CUST_02920,High,48,4
TKT_006646,CUST_00460,Medium,42,4
TKT_006647,CUST_02789,Medium,52,3
TKT_006648,CUST_02812,Low,56,5
TKT_006649,CUST_02536,Medium,13,4
TKT_006650,CUST_03116,Critical,23,3
TKT_006651,CUST_02550,High,39,5
TKT_006652,CUST_00060,Medium,18,2
TKT_006653,CUST_04673,Medium,32,5
TKT_006654,CUST_03186,Low,55,5
TKT_006655,CUST_01795,Medium,36,1
TKT_006656,CUST_04445,Low,29,5
TKT_006657,CUST_01965,High,52,3
TKT_006658,CUST_04770,Low,56,4
TKT_006659,CUST_01494,Low,54,2
TKT_006660,CUST_04772,Low,24,5
TKT_006661,CUST_02597,Medium,19,5
TKT_006662,CUST_04234,Medium,64,5
TKT_006663,CUST_04914,Low,58,4
TKT_006664,CUST_02666,Medium,25,4
TKT_006665,CUST_04177,Medium,28,3
TKT_006666,CUST_04399,Low,24,4
TKT_006667,CUST_03070,Low,22,4
TKT_006668,CUST_02457,High,21,5
TKT_006669,CUST_02768,Low,28,5
TKT_006670,CUST_02413,Medium,40,4
TKT_006671,CUST_03063,Medium,55,1
TKT_006672,CUST_02137,Medium,66,4
TKT_006673,CUST_04341,Medium,13,5
TKT_006674,CUST_01804,Low,12,5
TKT_006675,CUST_01097,Critical,21,5
TKT_006676,CUST_03749,Low,38,4
TKT_006677,CUST_00211,Low,30,5
TKT_006678,CUST_00534,Medium,29,5
TKT_006679,CUST_00941,High,46,4
TKT_006680,CUST_03938,Low,68,4
TKT_006681,CUST_01266,Medium,20,1
TKT_006682,CUST_00012,Medium,36,5
TKT_006683,CUST_02002,Low,33,2
TKT_006684,CUST_00517,Medium,24,3
TKT_006685,CUST_04890,Medium,54,5
TKT_006686,CUST_04443,Medium,40,3
TKT_006687,CUST_02068,Low,62,4
TKT_006688,CUST_01725,High,33,2
TKT_006689,CUST_02184,Low,27,3
TKT_006690,CUST_04542,Medium,70,5
TKT_006691,CUST_00173,High,30,4
TKT_006692,CUST_04255,Low,19,4
TKT_006693,CUST_01815,Low,23,3
TKT_006694,CUST_01676,Low,64,5
TKT_006695,CUST_00004,Medium,13,5
TKT_006696,CUST_01611,Medium,16,2
TKT_006697,CUST_02794,High,25,5
TKT_006698,CUST_02421,Low,27,5
TKT_006699,CUST_04378,Critical,8,2
TKT_006700,CUST_02791,Low,45,1
TKT_006701,CUST_02331,High,53,5
TKT_006702,CUST_01501,Low,21,5
TKT_006703,CUST_04331,Low,19,3
TKT_006704,CUST_01726,Low,55,5
TKT_006705,CUST_03929,Low,36,5
TKT_006706,CUST_04434,Low,62,3
TKT_006707,CUST_00456,Low,38,3
TKT_006708,CUST_03970,Low,21,1
TKT_006709,CUST_01919,Medium,47,3
TKT_006710,CUST_01383,Low,50,4
TKT_006711,CUST_04506,Medium,18,1
TKT_006712,CUST_01989,Critical,19,3
TKT_006713,CUST_00558,Low,61,2
TKT_006714,CUST_04558,Low,24,5
TKT_006715,CUST_04287,Low,44,5
TKT_006716,CUST_03991,Medium,46,5
TKT_006717,CUST_01169,Low,13,5
TKT_006718,CUST_01368,Low,51,1
TKT_006719,CUST_03688,Medium,22,4
TKT_006720,CUST_01600,Low,32,4
TKT_006721,CUST_00157,Medium,25,5
TKT_006722,CUST_03380,Low,36,4
TKT_006723,CUST_04990,Low,34,4
TKT_006724,CUST_04958,Low,55,3
TKT_006725,CUST_01048,Medium,12,4
TKT_006726,CUST_00931,High,17,3
TKT_006727,CUST_01125,Low,47,5
TKT_006728,CUST_01282,Low,69,3
TKT_006729,CUST_04757,Low,60,2
TKT_006730,CUST_01129,Low,29,5
TKT_006731,CUST_03653,Medium,60,5
TKT_006732,CUST_02083,High,53,4
TKT_006733,CUST_04435,Low,48,5
TKT_006734,CUST_04816,Medium,16,2
TKT_006735,CUST_01177,High,63,5
TKT_006736,CUST_00506,Medium,12,4
TKT_006737,CUST_00225,Medium,41,5
TKT_006738,CUST_03839,Medium,12,4
TKT_006739,CUST_04053,Low,59,5
TKT_006740,CUST_00180,Low,25,3
TKT_006741,CUST_04515,Low,39,5
TKT_006742,CUST_01329,Low,42,3
TKT_006743,CUST_04752,Medium,34,5
TKT_006744,CUST_00742,Medium,53,4
TKT_006745,CUST_04410,Medium,42,4
TKT_006746,CUST_03890,Low,68,4
TKT_006747,CUST_00308,High,18,4
TKT_006748,CUST_01267,Low,31,5
TKT_006749,CUST_01269,Low,31,4
TKT_006750,CUST_03681,Medium,42,4
TKT_006751,CUST_03029,High,20,4
TKT_006752,CUST_04048,Medium,22,5
TKT_006753,CUST_01054,Medium,17,4
TKT_006754,CUST_01644,Medium,69,3
TKT_006755,CUST_02029,Medium,54,4
TKT_006756,CUST_02774,Low,70,3
TKT_006757,CUST_02026,Medium,57,1
TKT_006758,CUST_02031,Medium,29,5
TKT_006759,CUST_03009,Medium,40,5
TKT_006760,CUST_02664,Low,12,3
TKT_006761,CUST_02009,Medium,65,3
TKT_006762,CUST_04594,Medium,55,3
TKT_006763,CUST_01663,Low,44,4
TKT_006764,CUST_03415,Medium,14,4
TKT_006765,CUST_00033,Medium,49,5
TKT_006766,CUST_02282,Medium,56,4
TKT_006767,CUST_00530,Low,48,2
TKT_006768,CUST_04983,High,52,5
TKT_006769,CUST_04915,Critical,7,5
TKT_006770,CUST_04524,Low,49,4
TKT_006771,CUST_01290,High,46,5
TKT_006772,CUST_01319,Medium,37,3
TKT_006773,CUST_01464,Medium,47,5
TKT_006774,CUST_01585,High,32,1
TKT_006775,CUST_00570,High,47,5
TKT_006776,CUST_00151,Low,30,3
TKT_006777,CUST_04974,Low,20,1
TKT_006778,CUST_00345,High,38,2
TKT_006779,CUST_01660,Medium,42,5
TKT_006780,CUST_00934,Low,26,3
TKT_006781,CUST_04717,Critical,4,5
TKT_006782,CUST_04246,Low,40,4
TKT_006783,CUST_04841,Medium,20,4
TKT_006784,CUST_04363,Medium,55,4
TKT_006785,CUST_04243,Medium,48,4
TKT_006786,CUST_04999,Low,28,5
TKT_006787,CUST_01509,Low,60,4
TKT_006788,CUST_03576,Low,71,4
TKT_006789,CUST_02552,Medium,25,3
TKT_006790,CUST_01012,Medium,50,3
TKT_006791,CUST_04167,Medium,62,4
TKT_006792,CUST_02309,Medium,51,4
TKT_006793,CUST_04792,Low,65,3
TKT_006794,CUST_00861,Critical,6,4
TKT_006795,CUST_01435,Low,49,5
TKT_006796,CUST_01440,Low,43,4
TKT_006797,CUST_03417,Medium,17,4
TKT_006798,CUST_03954,Low,62,5
TKT_006799,CUST_04579,Low,65,4
TKT_006800,CUST_01462,High,62,3
TKT_006801,CUST_00162,Low,64,4
TKT_006802,CUST_00639,Medium,43,5
TKT_006803,CUST_01058,High,60,2
TKT_006804,CUST_01454,Critical,12,5
TKT_006805,CUST_04827,Low,45,2
TKT_006806,CUST_02785,Low,23,5
TKT_006807,CUST_03368,Medium,20,2
TKT_006808,CUST_04268,Low,16,4
TKT_006809,CUST_03236,Medium,28,5
TKT_006810,CUST_04295,Medium,39,3
TKT_006811,CUST_02098,Medium,61,4
TKT_006812,CUST_01466,Medium,33,5
TKT_006813,CUST_04426,High,17,1
TKT_006814,CUST_04390,Low,61,4
TKT_006815,CUST_02328,Medium,43,5
TKT_006816,CUST_04460,Low,30,5
TKT_006817,CUST_04042,Low,63,2
TKT_006818,CUST_02619,Low,69,5
TKT_006819,CUST_04250,Medium,59,4
TKT_006820,CUST_01755,Critical,20,5
TKT_006821,CUST_00698,Medium,28,5
TKT_006822,CUST_03958,Low,71,5
TKT_006823,CUST_04368,Medium,21,5
TKT_006824,CUST_02491,Low,70,2
TKT_006825,CUST_00513,Medium,26,3
TKT_006826,CUST_00809,High,61,5
TKT_006827,CUST_01039,Low,50,4
TKT_006828,CUST_00544,Low,49,4
TKT_006829,CUST_03777,Low,59,4
TKT_006830,CUST_02302,Low,32,3
TKT_006831,CUST_04842,Medium,51,4
TKT_006832,CUST_00710,Low,14,5
TKT_006833,CUST_01314,Low,41,3
TKT_006834,CUST_04402,Medium,26,3
TKT_006835,CUST_04268,High,38,2
TKT_006836,CUST_04424,Medium,42,4
TKT_006837,CUST_04249,Low,27,1
TKT_006838,CUST_02756,Low,39,1
TKT_006839,CUST_04703,Low,56,5
TKT_006840,CUST_01773,Low,51,4
TKT_006841,CUST_01440,Critical,16,2
TKT_006842,CUST_04407,Low,54,4
TKT_006843,CUST_03316,Low,20,4
TKT_006844,CUST_00409,Low,20,5
TKT_006845,CUST_04815,High,23,4
TKT_006846,CUST_04723,Medium,39,1
TKT_006847,CUST_04334,Medium,18,4
TKT_006848,CUST_02454,Medium,71,4
TKT_006849,CUST_01583,High,71,5
TKT_006850,CUST_01222,Low,46,5
TKT_006851,CUST_00563,Low,47,1
TKT_006852,CUST_03778,Medium,58,3
TKT_006853,CUST_04183,Medium,49,4
TKT_006854,CUST_01756,Medium,12,1
TKT_006855,CUST_02838,Medium,45,4
TKT_006856,CUST_00745,Medium,33,4
TKT_006857,CUST_00370,High,41,4
TKT_006858,CUST_02092,High,68,3
TKT_006859,CUST_01321,Low,31,2
TKT_006860,CUST_00466,Medium,62,5
TKT_006861,CUST_03494,Medium,19,3
TKT_006862,CUST_00473,Low,56,5
TKT_006863,CUST_01297,Low,18,2
TKT_006864,CUST_04269,Medium,13,5
TKT_006865,CUST_00236,Critical,4,3
TKT_006866,CUST_03464,Low,41,5
TKT_006867,CUST_01679,High,23,3
TKT_006868,CUST_04329,Low,47,3
TKT_006869,CUST_00266,Medium,53,4
TKT_006870,CUST_02405,Low,49,1
TKT_006871,CUST_00139,Low,38,3
TKT_006872,CUST_04643,High,45,5
TKT_006873,CUST_01366,Critical,7,3
TKT_006874,CUST_01953,Low,22,5
TKT_006875,CUST_00073,Medium,68,2
TKT_006876,CUST_00163,Medium,31,5
TKT_006877,CUST_00223,Low,41,2
TKT_006878,CUST_00185,Low,54,5
TKT_006879,CUST_00095,Medium,43,3
TKT_006880,CUST_03873,Low,37,5
TKT_006881,CUST_00684,Low,34,4
TKT_006882,CUST_03381,Critical,12,5
TKT_006883,CUST_00976,Low,35,4
TKT_006884,CUST_03220,Low,13,5
TKT_006885,CUST_03694,High,52,5
TKT_006886,CUST_02545,Medium,43,4
TKT_006887,CUST_03233,Medium,67,4
TKT_006888,CUST_00061,Low,64,1
TKT_006889,CUST_01461,High,68,4
TKT_006890,CUST_00482,Low,59,3
TKT_006891,CUST_04211,Low,26,2
TKT_006892,CUST_04079,Low,17,5
TKT_006893,CUST_04650,Medium,27,5
TKT_006894,CUST_03652,High,22,3
TKT_006895,CUST_01175,Low,56,5
TKT_006896,CUST_02596,Low,57,5
TKT_006897,CUST_04236,Medium,20,5
TKT_006898,CUST_03807,Critical,14,3
TKT_006899,CUST_00490,Low,14,5
TKT_006900,CUST_01931,Medium,18,5
TKT_006901,CUST_00897,Medium,63,5
TKT_006902,CUST_04301,High,63,3
TKT_006903,CUST_02343,Medium,41,4
TKT_006904,CUST_02909,Low,66,5
TKT_006905,CUST_02719,Medium,33,5
TKT_006906,CUST_03256,Low,15,2
TKT_006907,CUST_00018,Medium,16,3
TKT_006908,CUST_03907,Low,33,2
TKT_006909,CUST_04717,Low,15,2
TKT_006910,CUST_04739,Low,51,3
TKT_006911,CUST_04077,High,15,5
TKT_006912,CUST_00542,Medium,54,3
TKT_006913,CUST_00198,Low,56,4
TKT_006914,CUST_01266,Low,26,1
TKT_006915,CUST_04884,Low,71,5
TKT_006916,CUST_00977,Low,27,3
TKT_006917,CUST_00609,Medium,53,5
TKT_006918,CUST_00465,Medium,31,2
TKT_006919,CUST_01028,High,69,3
TKT_006920,CUST_01262,High,21,4
TKT_006921,CUST_02600,Low,44,4
TKT_006922,CUST_02957,High,42,2
TKT_006923,CUST_02030,Medium,49,4
TKT_006924,CUST_03401,Medium,55,1
TKT_006925,CUST_01818,Critical,6,2
TKT_006926,CUST_00241,High,36,3
TKT_006927,CUST_02857,High,48,5
TKT_006928,CUST_03882,Low,29,5
TKT_006929,CUST_01762,Low,36,4
TKT_006930,CUST_01183,High,67,4
TKT_006931,CUST_02091,Low,26,3
TKT_006932,CUST_01941,Medium,15,4
TKT_006933,CUST_02923,Medium,46,3
TKT_006934,CUST_00413,Medium,15,1
TKT_006935,CUST_03224,Low,53,5
TKT_006936,CUST_01104,Medium,31,3
TKT_006937,CUST_03209,High,23,4
TKT_006938,CUST_01410,Medium,41,2
TKT_006939,CUST_00165,Medium,52,4
TKT_006940,CUST_04805,Medium,33,5
TKT_006941,CUST_04870,Low,47,5
TKT_006942,CUST_01072,Low,45,4
TKT_006943,CUST_01151,Medium,38,5
TKT_006944,CUST_00368,Low,36,3
TKT_006945,CUST_02555,Low,50,2
TKT_006946,CUST_00613,High,23,4
TKT_006947,CUST_00077,Medium,70,5
TKT_006948,CUST_02755,High,23,5
TKT_006949,CUST_03273,Low,32,3
TKT_006950,CUST_04164,Medium,61,3
TKT_006951,CUST_01052,Low,44,5
TKT_006952,CUST_02984,Low,18,3
TKT_006953,CUST_02105,Critical,4,3
TKT_006954,CUST_01227,Low,35,3
TKT_006955,CUST_04663,Low,56,5
TKT_006956,CUST_03155,High,31,5
TKT_006957,CUST_01275,High,16,3
TKT_006958,CUST_02390,Critical,12,4
TKT_006959,CUST_04535,Low,62,5
TKT_006960,CUST_00872,Low,18,3
TKT_006961,CUST_01962,Medium,31,4
TKT_006962,CUST_02181,Medium,58,4
TKT_006963,CUST_03941,Low,28,4
TKT_006964,CUST_02477,Low,64,3
TKT_006965,CUST_01568,Medium,45,4
TKT_006966,CUST_02316,Medium,18,5
TKT_006967,CUST_02155,Low,22,1
TKT_006968,CUST_04162,High,29,5
TKT_006969,CUST_01076,Low,41,5
TKT_006970,CUST_02036,High,31,2
TKT_006971,CUST_00390,High,13,3
TKT_006972,CUST_04825,Medium,18,3
TKT_006973,CUST_02735,Medium,38,1
TKT_006974,CUST_02957,Low,26,4
TKT_006975,CUST_03863,High,30,2
TKT_006976,CUST_03565,Low,45,2
TKT_006977,CUST_04078,Medium,13,3
TKT_006978,CUST_02569,Medium,39,5
TKT_006979,CUST_00362,Low,13,2
TKT_006980,CUST_00059,Critical,3,4
TKT_006981,CUST_04581,High,17,3
TKT_006982,CUST_01125,Low,67,1
TKT_006983,CUST_01781,Medium,34,5
TKT_006984,CUST_00340,Low,57,4
TKT_006985,CUST_04582,High,21,3
TKT_006986,CUST_02737,Low,44,4
TKT_006987,CUST_01040,Critical,17,3
TKT_006988,CUST_00121,Low,22,2
TKT_006989,CUST_03814,Low,35,5
TKT_006990,CUST_00745,Medium,71,5
TKT_006991,CUST_04482,Low,67,3
TKT_006992,CUST_04544,High,39,5
TKT_006993,CUST_02952,Low,56,2
TKT_006994,CUST_03955,Critical,1,1
TKT_006995,CUST_01023,High,68,4
TKT_006996,CUST_04961,High,39,3
TKT_006997,CUST_03362,Medium,66,1
TKT_006998,CUST_01776,Medium,16,4
TKT_006999,CUST_01909,Medium,30,5
TKT_007000,CUST_03033,Critical,13,4
TKT_007001,CUST_02656,Low,55,1
TKT_007002,CUST_00588,Low,48,3
TKT_007003,CUST_02031,Critical,9,3
TKT_007004,CUST_00383,Low,55,2
TKT_007005,CUST_00690,Low,54,4
TKT_007006,CUST_00204,Medium,16,1
TKT_007007,CUST_04082,High,19,1
TKT_007008,CUST_04122,Low,59,5
TKT_007009,CUST_01877,High,35,4
TKT_007010,CUST_01701,Low,67,5
TKT_007011,CUST_01591,High,31,3
TKT_007012,CUST_00868,Low,46,3
TKT_007013,CUST_04370,Low,17,4
TKT_007014,CUST_02065,High,16,3
TKT_007015,CUST_01488,Medium,21,4
TKT_007016,CUST_02346,Low,64,1
TKT_007017,CUST_02641,Medium,39,4
TKT_007018,CUST_01051,Medium,23,5
TKT_007019,CUST_02044,Low,64,5
TKT_007020,CUST_04279,Low,26,4
TKT_007021,CUST_03588,Medium,14,5
TKT_007022,CUST_03404,Low,34,4
TKT_007023,CUST_01608,Medium,64,5
TKT_007024,CUST_04516,High,63,5
TKT_007025,CUST_04900,Medium,47,4
TKT_007026,CUST_04535,Medium,18,3
TKT_007027,CUST_01021,Medium,12,3
TKT_007028,CUST_00523,Low,19,5
TKT_007029,CUST_00571,High,38,5
TKT_007030,CUST_04810,Medium,60,5
TKT_007031,CUST_03340,Low,33,3
TKT_007032,CUST_04209,Low,63,4
TKT_007033,CUST_02453,Medium,42,5
TKT_007034,CUST_03474,Medium,54,4
TKT_007035,CUST_03186,Low,50,2
TKT_007036,CUST_00847,Medium,22,3
TKT_007037,CUST_03393,Medium,54,4
TKT_007038,CUST_01335,Low,65,2
TKT_007039,CUST_02898,Medium,32,3
TKT_007040,CUST_01912,Low,64,3
TKT_007041,CUST_00300,Low,26,3
TKT_007042,CUST_04959,Low,39,4
TKT_007043,CUST_01086,Medium,49,4
TKT_007044,CUST_00084,Low,70,3
TKT_007045,CUST_04057,Medium,34,3
TKT_007046,CUST_01377,Medium,38,4
TKT_007047,CUST_01693,Medium,30,4
TKT_007048,CUST_03575,Critical,8,4
TKT_007049,CUST_00924,High,27,3
TKT_007050,CUST_04986,Medium,23,5
TKT_007051,CUST_01499,Medium,62,5
TKT_007052,CUST_02027,Low,34,5
TKT_007053,CUST_04599,High,62,3
TKT_007054,CUST_03871,High,18,3
TKT_007055,CUST_04790,Medium,61,5
TKT_007056,CUST_02147,Low,67,5
TKT_007057,CUST_01726,Medium,57,2
TKT_007058,CUST_02811,Low,68,4
TKT_007059,CUST_02295,Low,57,3
TKT_007060,CUST_02313,Medium,65,4
TKT_007061,CUST_01593,Critical,5,4
TKT_007062,CUST_00425,Low,27,4
TKT_007063,CUST_04891,Low,61,5
TKT_007064,CUST_02372,Low,71,5
TKT_007065,CUST_02840,Critical,18,1
TKT_007066,CUST_04944,Medium,52,4
TKT_007067,CUST_00062,Medium,71,4
TKT_007068,CUST_03559,Medium,32,3
TKT_007069,CUST_01785,Medium,15,4
TKT_007070,CUST_02917,Low,18,5
TKT_007071,CUST_03445,Low,38,4
TKT_007072,CUST_00515,Medium,54,5
TKT_007073,CUST_04844,Medium,17,3
TKT_007074,CUST_04713,Low,31,4
TKT_007075,CUST_00099,Medium,55,2
TKT_007076,CUST_00323,Low,55,4
TKT_007077,CUST_02640,Medium,23,5
TKT_007078,CUST_04251,Low,70,4
TKT_007079,CUST_04638,Medium,25,5
TKT_007080,CUST_03683,Low,53,5
TKT_007081,CUST_04242,Medium,45,4
TKT_007082,CUST_02974,Medium,63,4
TKT_007083,CUST_01498,Medium,55,4
TKT_007084,CUST_04960,Low,28,5
TKT_007085,CUST_02750,Low,51,1
TKT_007086,CUST_04885,High,31,5
TKT_007087,CUST_01932,Low,13,1
TKT_007088,CUST_04353,Medium,32,5
TKT_007089,CUST_00439,High,23,4
TKT_007090,CUST_00537,Low,71,3
TKT_007091,CUST_02223,Low,24,5
TKT_007092,CUST_00713,Low,12,5
TKT_007093,CUST_02539,Low,29,5
TKT_007094,CUST_04315,Medium,25,2
TKT_007095,CUST_04153,Medium,42,4
TKT_007096,CUST_04839,Medium,35,4
TKT_007097,CUST_02767,High,23,1
TKT_007098,CUST_00990,Medium,63,3
TKT_007099,CUST_04068,Medium,36,2
TKT_007100,CUST_00302,Low,69,4
TKT_007101,CUST_01013,Low,47,5
TKT_007102,CUST_03651,Low,25,5
TKT_007103,CUST_00247,Medium,29,5
TKT_007104,CUST_02064,High,35,3
TKT_007105,CUST_01359,High,37,2
TKT_007106,CUST_04307,Low,41,5
TKT_007107,CUST_01610,Low,15,5
TKT_007108,CUST_03602,Low,51,5
TKT_007109,CUST_01046,Low,40,3
TKT_007110,CUST_04215,Low,29,4
TKT_007111,CUST_01552,Low,15,5
TKT_007112,CUST_03256,Low,70,5
TKT_007113,CUST_01539,Low,70,3
TKT_007114,CUST_01516,Low,44,5
TKT_007115,CUST_04602,Medium,67,3
TKT_007116,CUST_03707,Medium,49,4
TKT_007117,CUST_01779,High,56,5
TKT_007118,CUST_00437,Medium,13,3
TKT_007119,CUST_00803,Medium,62,3
TKT_007120,CUST_04199,Low,23,5
TKT_007121,CUST_04801,Low,33,1
TKT_007122,CUST_00825,Medium,37,1
TKT_007123,CUST_03806,Low,25,5
TKT_007124,CUST_00304,Medium,20,5
TKT_007125,CUST_00494,Medium,21,5
TKT_007126,CUST_00087,Medium,18,3
TKT_007127,CUST_03298,Medium,52,3
TKT_007128,CUST_03320,Medium,58,5
TKT_007129,CUST_03577,Medium,69,5
TKT_007130,CUST_03821,Medium,31,1
TKT_007131,CUST_01050,Medium,26,4
TKT_007132,CUST_03602,Low,67,4
TKT_007133,CUST_04227,Low,54,5
TKT_007134,CUST_04866,Medium,61,4
TKT_007135,CUST_02984,Low,45,1
TKT_007136,CUST_03121,High,71,2
TKT_007137,CUST_04920,Low,63,3
TKT_007138,CUST_00528,Low,62,5
TKT_007139,CUST_00034,Medium,35,5
TKT_007140,CUST_02080,High,13,5
TKT_007141,CUST_00010,Low,31,5
TKT_007142,CUST_01728,Low,24,4
TKT_007143,CUST_02779,Medium,36,4
TKT_007144,CUST_03421,Medium,68,2
TKT_007145,CUST_03228,Medium,47,3
TKT_007146,CUST_03099,Medium,14,3
TKT_007147,CUST_04045,Medium,58,4
TKT_007148,CUST_01177,Low,23,2
TKT_007149,CUST_04724,Low,71,5
TKT_007150,CUST_01274,Critical,2,4
TKT_007151,CUST_02477,Low,39,4
TKT_007152,CUST_03578,Low,22,1
TKT_007153,CUST_02342,Medium,28,4
TKT_007154,CUST_04540,Medium,51,5
TKT_007155,CUST_04384,Medium,25,3
TKT_007156,CUST_02354,Low,42,3
TKT_007157,CUST_03143,Low,68,5
TKT_007158,CUST_02211,Medium,68,5
TKT_007159,CUST_02636,Low,16,4
TKT_007160,CUST_03415,Medium,58,5
TKT_007161,CUST_02028,Medium,13,1
TKT_007162,CUST_04727,High,71,5
TKT_007163,CUST_04895,High,50,5
TKT_007164,CUST_02000,High,24,1
TKT_007165,CUST_04705,Low,31,5
TKT_007166,CUST_01025,High,22,4
TKT_007167,CUST_01622,Medium,25,4
TKT_007168,CUST_04572,High,53,4
TKT_007169,CUST_03012,Low,15,4
TKT_007170,CUST_00911,Low,63,3
TKT_007171,CUST_00615,Medium,58,1
TKT_007172,CUST_04081,High,69,5
TKT_007173,CUST_04518,Medium,14,4
TKT_007174,CUST_01005,High,22,1
TKT_007175,CUST_03223,Low,63,3
TKT_007176,CUST_01016,Low,61,3
TKT_007177,CUST_03487,Medium,36,5
TKT_007178,CUST_00007,Medium,34,3
TKT_007179,CUST_03766,Medium,28,5
TKT_007180,CUST_03538,High,64,4
TKT_007181,CUST_04200,High,42,2
TKT_007182,CUST_04051,Low,25,3
TKT_007183,CUST_02512,High,58,5
TKT_007184,CUST_03636,Low,29,2
TKT_007185,CUST_02896,Medium,14,4
TKT_007186,CUST_03801,Low,56,5
TKT_007187,CUST_03906,Low,46,3
TKT_007188,CUST_02414,Medium,50,5
TKT_007189,CUST_01917,Low,30,3
TKT_007190,CUST_04278,Low,34,3
TKT_007191,CUST_02291,Medium,42,1
TKT_007192,CUST_04316,Medium,71,4
TKT_007193,CUST_01892,Low,70,4
TKT_007194,CUST_04131,Low,35,4
TKT_007195,CUST_03864,Low,61,4
TKT_007196,CUST_00675,Low,28,3
TKT_007197,CUST_02910,Low,71,2
TKT_007198,CUST_01901,Low,65,4
TKT_007199,CUST_03943,High,38,4
TKT_007200,CUST_04504,Low,20,5
TKT_007201,CUST_04100,Low,43,4
TKT_007202,CUST_04457,Medium,25,5
TKT_007203,CUST_03038,Low,33,4
TKT_007204,CUST_00590,Low,51,2
TKT_007205,CUST_01890,Medium,25,1
TKT_007206,CUST_02383,Medium,48,5
TKT_007207,CUST_03363,Low,67,3
TKT_007208,CUST_02333,Medium,63,3
TKT_007209,CUST_01060,Low,25,1
TKT_007210,CUST_03396,Low,39,3
TKT_007211,CUST_00395,Low,55,5
TKT_007212,CUST_00567,High,65,1
TKT_007213,CUST_01073,Medium,51,5
TKT_007214,CUST_02511,High,44,1
TKT_007215,CUST_02403,Low,59,4
TKT_007216,CUST_02103,Medium,33,4
TKT_007217,CUST_03384,Low,51,5
TKT_007218,CUST_04938,High,48,5
TKT_007219,CUST_04356,Low,46,4
TKT_007220,CUST_04973,Low,56,2
TKT_007221,CUST_00915,Low,39,4
TKT_007222,CUST_01112,Low,48,4
TKT_007223,CUST_05000,Medium,14,5
TKT_007224,CUST_03462,Low,33,2
TKT_007225,CUST_03924,Medium,57,4
TKT_007226,CUST_02318,Medium,49,3
TKT_007227,CUST_00966,Medium,64,4
TKT_007228,CUST_03532,High,50,4
TKT_007229,CUST_01150,Low,34,2
TKT_007230,CUST_02233,Low,17,2
TKT_007231,CUST_00365,Low,25,4
TKT_007232,CUST_03614,Low,33,5
TKT_007233,CUST_04816,High,47,3
TKT_007234,CUST_01032,Medium,31,4
TKT_007235,CUST_00654,Medium,62,5
TKT_007236,CUST_03796,Medium,53,5
TKT_007237,CUST_03868,High,34,5
TKT_007238,CUST_04087,Low,24,4
TKT_007239,CUST_03204,Low,55,2
TKT_007240,CUST_04419,Critical,18,5
TKT_007241,CUST_02150,Low,56,3
TKT_007242,CUST_04891,Medium,62,2
TKT_007243,CUST_01490,Medium,20,5
TKT_007244,CUST_04840,High,59,5
TKT_007245,CUST_03875,Low,52,5
TKT_007246,CUST_04984,Critical,11,4
TKT_007247,CUST_03639,Low,57,3
TKT_007248,CUST_01278,Low,39,5
TKT_007249,CUST_04823,Low,18,5
TKT_007250,CUST_04907,Low,30,1
TKT_007251,CUST_04425,Critical,1,5
TKT_007252,CUST_03371,Medium,46,3
TKT_007253,CUST_02418,Medium,40,5
TKT_007254,CUST_03743,Low,58,5
TKT_007255,CUST_00259,Medium,55,4
TKT_007256,CUST_04473,Low,44,4
TKT_007257,CUST_00145,Low,54,3
TKT_007258,CUST_03111,Medium,33,3
TKT_007259,CUST_02754,Medium,14,4
TKT_007260,CUST_00709,Medium,60,2
TKT_007261,CUST_00246,Medium,24,4
TKT_007262,CUST_04429,Medium,51,1
TKT_007263,CUST_01612,Low,24,1
TKT_007264,CUST_02813,High,51,4
TKT_007265,CUST_04374,High,51,3
TKT_007266,CUST_01388,Medium,67,4
TKT_007267,CUST_03524,Low,24,4
TKT_007268,CUST_01735,Medium,23,3
TKT_007269,CUST_00252,Low,16,5
TKT_007270,CUST_02944,Medium,24,4
TKT_007271,CUST_02006,Low,66,5
TKT_007272,CUST_03314,Low,23,5
TKT_007273,CUST_01277,High,62,5
TKT_007274,CUST_01028,Medium,21,1
TKT_007275,CUST_01397,Medium,26,1
TKT_007276,CUST_01449,Medium,13,4
TKT_007277,CUST_01203,Low,49,4
TKT_007278,CUST_00012,Low,27,5
TKT_007279,CUST_01317,Medium,44,5
TKT_007280,CUST_00770,Medium,45,1
TKT_007281,CUST_02307,Low,66,4
TKT_007282,CUST_04525,Low,36,4
TKT_007283,CUST_01357,Medium,66,5
TKT_007284,CUST_03184,Critical,16,3
TKT_007285,CUST_01974,High,37,4
TKT_007286,CUST_02254,Medium,59,5
TKT_007287,CUST_02270,High,51,5
TKT_007288,CUST_01037,Low,25,4
TKT_007289,CUST_02553,Low,67,3
TKT_007290,CUST_02649,Low,53,5
TKT_007291,CUST_01755,Critical,6,3
TKT_007292,CUST_03287,High,46,5
TKT_007293,CUST_04039,Low,49,5
TKT_007294,CUST_04618,Medium,42,5
TKT_007295,CUST_03801,Low,45,3
TKT_007296,CUST_01145,Medium,20,4
TKT_007297,CUST_01699,Low,18,3
TKT_007298,CUST_02353,High,62,5
TKT_007299,CUST_00220,Low,49,5
TKT_007300,CUST_01633,Medium,69,1
TKT_007301,CUST_00611,Low,12,3
TKT_007302,CUST_04230,Low,34,5
TKT_007303,CUST_04924,Medium,25,4
TKT_007304,CUST_04945,Medium,36,1
TKT_007305,CUST_04243,Low,64,3
TKT_007306,CUST_03185,Medium,68,5
TKT_007307,CUST_00433,Medium,19,3
TKT_007308,CUST_03438,Low,51,3
TKT_007309,CUST_03106,Medium,17,5
TKT_007310,CUST_00062,Medium,26,4
TKT_007311,CUST_04183,Low,62,1
TKT_007312,CUST_00891,Medium,31,5
TKT_007313,CUST_03707,High,28,4
TKT_007314,CUST_03922,High,43,5
TKT_007315,CUST_02973,Low,70,3
TKT_007316,CUST_01340,Medium,17,3
TKT_007317,CUST_04495,Medium,50,2
TKT_007318,CUST_02861,Low,39,5
TKT_007319,CUST_02379,Medium,21,1
TKT_007320,CUST_04859,Low,20,3
TKT_007321,CUST_02083,Low,48,1
TKT_007322,CUST_00778,Medium,45,5
TKT_007323,CUST_01407,Low,24,5
TKT_007324,CUST_03758,Low,66,3
TKT_007325,CUST_02758,Low,22,5
TKT_007326,CUST_01747,Low,22,3
TKT_007327,CUST_03568,Medium,41,3
TKT_007328,CUST_02125,High,39,5
TKT_007329,CUST_02422,Low,34,5
TKT_007330,CUST_00053,Medium,70,5
TKT_007331,CUST_04354,Low,26,2
TKT_007332,CUST_02180,Low,57,2
TKT_007333,CUST_01735,High,64,3
TKT_007334,CUST_03467,Medium,22,2
TKT_007335,CUST_04691,Low,24,4
TKT_007336,CUST_00928,Medium,39,4
TKT_007337,CUST_04345,Low,61,3
TKT_007338,CUST_04017,High,18,4
TKT_007339,CUST_04750,Low,42,1
TKT_007340,CUST_01447,High,60,4
TKT_007341,CUST_02700,Low,54,3
TKT_007342,CUST_00340,Medium,33,5
TKT_007343,CUST_02422,High,49,5
TKT_007344,CUST_04981,Low,25,4
TKT_007345,CUST_03947,Low,17,4
TKT_007346,CUST_02564,Medium,57,3
TKT_007347,CUST_03340,Low,42,5
TKT_007348,CUST_04000,Medium,62,5
TKT_007349,CUST_01381,Medium,14,5
TKT_007350,CUST_04943,Low,28,5
TKT_007351,CUST_02356,Medium,31,5
TKT_007352,CUST_03939,Low,18,4
TKT_007353,CUST_00602,High,28,3
TKT_007354,CUST_01672,Low,69,3
TKT_007355,CUST_02780,Medium,53,4
TKT_007356,CUST_03766,Low,61,5
TKT_007357,CUST_02539,Medium,37,4
TKT_007358,CUST_00639,Low,61,4
TKT_007359,CUST_02686,Low,64,1
TKT_007360,CUST_04076,Low,38,5
TKT_007361,CUST_04803,Medium,24,2
TKT_007362,CUST_01375,Medium,51,5
TKT_007363,CUST_01727,Low,16,2
TKT_007364,CUST_00657,Critical,1,5
TKT_007365,CUST_02963,Low,28,5
TKT_007366,CUST_04914,Medium,48,5
TKT_007367,CUST_02876,Medium,27,4
TKT_007368,CUST_00580,Low,29,4
TKT_007369,CUST_00160,Low,39,1
TKT_007370,CUST_03573,Medium,14,5
TKT_007371,CUST_01490,Low,29,4
TKT_007372,CUST_02896,High,52,5
TKT_007373,CUST_03929,Critical,15,3
TKT_007374,CUST_02546,Low,41,4
TKT_007375,CUST_00464,Low,43,4
TKT_007376,CUST_02390,Low,25,4
TKT_007377,CUST_00508,Medium,28,3
TKT_007378,CUST_01308,Low,30,3
TKT_007379,CUST_01022,Critical,9,4
TKT_007380,CUST_02623,Medium,19,5
TKT_007381,CUST_02934,Critical,23,5
TKT_007382,CUST_02943,Low,35,2
TKT_007383,CUST_04792,Low,40,4
TKT_007384,CUST_03394,Medium,58,4
TKT_007385,CUST_02844,Medium,60,4
TKT_007386,CUST_00666,Medium,67,3
TKT_007387,CUST_03644,High,69,5
TKT_007388,CUST_00768,Medium,68,3
TKT_007389,CUST_02231,Low,22,3
TKT_007390,CUST_00384,Low,23,2
TKT_007391,CUST_04121,Medium,25,2
TKT_007392,CUST_01338,Medium,18,5
TKT_007393,CUST_02086,Medium,14,3
TKT_007394,CUST_04398,Low,43,5
TKT_007395,CUST_04043,High,22,5
TKT_007396,CUST_04060,Medium,13,4
TKT_007397,CUST_01393,Low,28,5
TKT_007398,CUST_02148,Low,53,1
TKT_007399,CUST_01412,Medium,69,2
TKT_007400,CUST_02707,Medium,34,5
TKT_007401,CUST_01816,Low,44,5
TKT_007402,CUST_04151,Medium,33,4
TKT_007403,CUST_02632,Low,56,4
TKT_007404,CUST_02175,Medium,25,2
TKT_007405,CUST_04052,Low,60,4
TKT_007406,CUST_03393,Low,53,4
TKT_007407,CUST_03468,Medium,31,2
TKT_007408,CUST_04249,Low,58,5
TKT_007409,CUST_01173,Low,64,1
TKT_007410,CUST_00226,Medium,28,5
TKT_007411,CUST_04934,Critical,15,5
TKT_007412,CUST_02740,Medium,19,5
TKT_007413,CUST_01334,Low,18,4
TKT_007414,CUST_00419,Low,60,3
TKT_007415,CUST_04611,Medium,48,3
TKT_007416,CUST_04385,Low,47,2
TKT_007417,CUST_02249,Low,60,5
TKT_007418,CUST_04969,Low,15,5
TKT_007419,CUST_02715,Medium,41,3
TKT_007420,CUST_02817,Medium,63,5
TKT_007421,CUST_00168,Medium,65,4
TKT_007422,CUST_01699,Critical,1,2
TKT_007423,CUST_01319,Low,32,5
TKT_007424,CUST_03083,Critical,11,5
TKT_007425,CUST_02405,Medium,53,3
TKT_007426,CUST_01995,Low,38,5
TKT_007427,CUST_02179,High,14,4
TKT_007428,CUST_04700,Medium,42,1
TKT_007429,CUST_03386,Low,27,3
TKT_007430,CUST_00111,Low,24,5
TKT_007431,CUST_00247,Low,18,2
TKT_007432,CUST_04508,Critical,18,2
TKT_007433,CUST_02621,Low,62,4
TKT_007434,CUST_04546,Critical,9,3
TKT_007435,CUST_01986,Low,45,4
TKT_007436,CUST_01445,Low,53,3
TKT_007437,CUST_01480,Low,22,5
TKT_007438,CUST_02792,Medium,69,4
TKT_007439,CUST_04221,Low,43,5
TKT_007440,CUST_02989,Medium,67,3
TKT_007441,CUST_02308,Low,56,2
TKT_007442,CUST_00535,High,63,4
TKT_007443,CUST_00080,High,44,5
TKT_007444,CUST_04368,Low,40,3
TKT_007445,CUST_03637,Medium,61,5
TKT_007446,CUST_00402,High,42,3
TKT_007447,CUST_03125,Medium,38,1
TKT_007448,CUST_04368,Low,50,1
TKT_007449,CUST_00896,Medium,50,4
TKT_007450,CUST_03764,Medium,13,5
TKT_007451,CUST_04467,Low,19,4
TKT_007452,CUST_03897,Low,54,4
TKT_007453,CUST_02760,Low,60,5
TKT_007454,CUST_02240,Low,58,5
TKT_007455,CUST_00980,Low,23,2
TKT_007456,CUST_03095,Low,31,2
TKT_007457,CUST_01576,Low,51,4
TKT_007458,CUST_03982,Low,16,4
TKT_007459,CUST_01360,Low,67,3
TKT_007460,CUST_01554,Medium,51,5
TKT_007461,CUST_02536,High,68,4
TKT_007462,CUST_01188,Low,24,2
TKT_007463,CUST_04068,Low,57,3
TKT_007464,CUST_01384,Low,57,5
TKT_007465,CUST_03241,High,12,1
TKT_007466,CUST_02396,Medium,44,5
TKT_007467,CUST_04862,Low,71,5
TKT_007468,CUST_03284,Medium,20,3
TKT_007469,CUST_01909,Low,50,3
TKT_007470,CUST_02625,Low,52,2
TKT_007471,CUST_02578,Low,45,1
TKT_007472,CUST_03162,Low,19,4
TKT_007473,CUST_01038,Medium,44,2
TKT_007474,CUST_00019,Medium,47,5
TKT_007475,CUST_00621,Medium,67,4
TKT_007476,CUST_03612,Medium,23,5
TKT_007477,CUST_03932,Medium,47,5
TKT_007478,CUST_01514,Medium,30,5
TKT_007479,CUST_02385,Medium,50,4
TKT_007480,CUST_02334,Low,32,4
TKT_007481,CUST_04350,Medium,44,5
TKT_007482,CUST_02645,Critical,7,5
TKT_007483,CUST_03557,Medium,15,4
TKT_007484,CUST_01302,Medium,15,5
TKT_007485,CUST_03407,Low,55,3
TKT_007486,CUST_03282,High,60,5
TKT_007487,CUST_00638,High,22,3
TKT_007488,CUST_01264,High,70,5
TKT_007489,CUST_00919,Low,37,4
TKT_007490,CUST_04916,High,16,4
TKT_007491,CUST_00681,Low,71,4
TKT_007492,CUST_02864,Medium,41,4
TKT_007493,CUST_04933,Medium,13,4
TKT_007494,CUST_00473,High,35,4
TKT_007495,CUST_01793,Medium,52,3
TKT_007496,CUST_02744,Medium,27,3
TKT_007497,CUST_04325,High,29,4
TKT_007498,CUST_03480,Medium,23,2
TKT_007499,CUST_03471,Medium,37,5
TKT_007500,CUST_01708,Low,23,5
TKT_007501,CUST_03665,Medium,37,4
TKT_007502,CUST_04145,Low,15,4
TKT_007503,CUST_04823,High,70,3
TKT_007504,CUST_03012,Critical,18,2
TKT_007505,CUST_03167,Low,38,4
TKT_007506,CUST_02166,Medium,64,5
TKT_007507,CUST_04706,Low,34,2
TKT_007508,CUST_01098,Low,32,4
TKT_007509,CUST_04133,Medium,59,5
TKT_007510,CUST_03402,Low,48,5
TKT_007511,CUST_01450,Low,45,4
TKT_007512,CUST_04283,Medium,56,1
TKT_007513,CUST_02507,Low,22,3
TKT_007514,CUST_03039,Medium,14,5
TKT_007515,CUST_00778,Low,17,1
TKT_007516,CUST_01333,High,25,4
TKT_007517,CUST_01450,Medium,17,4
TKT_007518,CUST_03464,Medium,24,2
TKT_007519,CUST_02900,Low,40,1
TKT_007520,CUST_04504,Low,44,4
TKT_007521,CUST_04167,Critical,3,2
TKT_007522,CUST_02197,Medium,69,4
TKT_007523,CUST_01461,Low,68,4
TKT_007524,CUST_03871,High,22,4
TKT_007525,CUST_01381,Low,70,4
TKT_007526,CUST_02957,Medium,13,5
TKT_007527,CUST_01329,Low,45,5
TKT_007528,CUST_01140,Low,42,5
TKT_007529,CUST_04817,Low,27,3
TKT_007530,CUST_03123,Low,55,5
TKT_007531,CUST_01096,Medium,52,4
TKT_007532,CUST_03995,Medium,71,5
TKT_007533,CUST_01664,Critical,3,5
TKT_007534,CUST_02809,Medium,33,5
TKT_007535,CUST_02874,Low,57,5
TKT_007536,CUST_04239,Medium,46,2
TKT_007537,CUST_01191,Medium,18,5
TKT_007538,CUST_03142,Low,61,4
TKT_007539,CUST_03592,Low,64,5
TKT_007540,CUST_01187,Medium,26,5
TKT_007541,CUST_01599,Medium,15,5
TKT_007542,CUST_03359,Critical,9,1
TKT_007543,CUST_03325,High,24,4
TKT_007544,CUST_00706,Medium,40,3
TKT_007545,CUST_03881,Medium,61,5
TKT_007546,CUST_04353,Medium,27,5
TKT_007547,CUST_02890,Low,12,4
TKT_007548,CUST_01530,Medium,45,5
TKT_007549,CUST_04716,High,45,3
TKT_007550,CUST_03964,High,27,2
TKT_007551,CUST_01849,Medium,43,3
TKT_007552,CUST_03577,Low,51,2
TKT_007553,CUST_01547,Low,44,3
TKT_007554,CUST_03802,Low,26,4
TKT_007555,CUST_02607,Critical,15,4
TKT_007556,CUST_04034,Medium,69,5
TKT_007557,CUST_00345,Medium,28,4
TKT_007558,CUST_02427,Medium,46,2
TKT_007559,CUST_04228,Medium,64,5
TKT_007560,CUST_01235,Medium,67,3
TKT_007561,CUST_04813,Medium,40,2
TKT_007562,CUST_01619,Medium,67,4
TKT_007563,CUST_04173,High,23,3
TKT_007564,CUST_01164,Low,69,1
TKT_007565,CUST_03200,High,48,4
TKT_007566,CUST_00754,High,24,1
TKT_007567,CUST_01591,Medium,32,1
TKT_007568,CUST_04163,Low,50,4
TKT_007569,CUST_04568,Low,12,4
TKT_007570,CUST_04247,Low,60,5
TKT_007571,CUST_04100,High,24,2
TKT_007572,CUST_03090,High,54,4
TKT_007573,CUST_02572,Low,60,2
TKT_007574,CUST_04352,Low,35,4
TKT_007575,CUST_03107,High,35,3
TKT_007576,CUST_04686,Low,24,4
TKT_007577,CUST_01887,Critical,9,4
TKT_007578,CUST_04419,Medium,16,3
TKT_007579,CUST_04549,High,66,1
TKT_007580,CUST_03904,Medium,25,2
TKT_007581,CUST_02909,Low,27,5
TKT_007582,CUST_04455,Low,17,5
TKT_007583,CUST_04129,High,13,5
TKT_007584,CUST_01352,Low,56,4
TKT_007585,CUST_00436,Medium,66,5
TKT_007586,CUST_03491,Medium,61,5
TKT_007587,CUST_03988,High,15,3
TKT_007588,CUST_04945,Low,27,5
TKT_007589,CUST_02861,Medium,47,4
TKT_007590,CUST_04173,Low,70,2
TKT_007591,CUST_01074,Medium,59,1
TKT_007592,CUST_02490,Medium,32,3
TKT_007593,CUST_00670,Low,28,4
TKT_007594,CUST_00463,High,14,4
TKT_007595,CUST_00377,Low,35,4
TKT_007596,CUST_02594,Medium,17,4
TKT_007597,CUST_00436,Medium,30,1
TKT_007598,CUST_01021,Medium,45,1
TKT_007599,CUST_00724,Low,70,4
TKT_007600,CUST_02940,High,33,4
TKT_007601,CUST_02203,Low,57,4
TKT_007602,CUST_04365,Medium,14,4
TKT_007603,CUST_03624,Low,50,5
TKT_007604,CUST_02208,Medium,34,3
TKT_007605,CUST_04216,High,22,2
TKT_007606,CUST_03386,Low,43,3
TKT_007607,CUST_02094,Low,58,5
TKT_007608,CUST_02517,Low,41,3
TKT_007609,CUST_03454,High,61,5
TKT_007610,CUST_02670,Low,47,5
TKT_007611,CUST_04027,Critical,7,4
TKT_007612,CUST_01145,Low,59,5
TKT_007613,CUST_03009,Medium,51,5
TKT_007614,CUST_01313,Medium,51,5
TKT_007615,CUST_02560,Low,47,3
TKT_007616,CUST_03630,Medium,27,2
TKT_007617,CUST_04662,Medium,43,2
TKT_007618,CUST_01028,Medium,47,5
TKT_007619,CUST_04087,Medium,49,1
TKT_007620,CUST_01937,High,33,4
TKT_007621,CUST_04848,Medium,49,2
TKT_007622,CUST_01616,Low,61,5
TKT_007623,CUST_04297,Medium,23,4
TKT_007624,CUST_04352,Low,51,2
TKT_007625,CUST_00199,Low,25,5
TKT_007626,CUST_02121,Medium,18,5
TKT_007627,CUST_00951,Medium,13,2
TKT_007628,CUST_02736,Medium,51,5
TKT_007629,CUST_02267,Medium,22,5
TKT_007630,CUST_01760,Low,60,5
TKT_007631,CUST_01457,Medium,21,3
TKT_007632,CUST_00407,Medium,50,3
TKT_007633,CUST_00795,Low,17,4
TKT_007634,CUST_02841,High,20,4
TKT_007635,CUST_01117,Low,30,4
TKT_007636,CUST_01104,Medium,36,4
TKT_007637,CUST_04188,Critical,22,3
TKT_007638,CUST_02580,Medium,16,4
TKT_007639,CUST_02131,Low,65,4
TKT_007640,CUST_04506,Low,14,5
TKT_007641,CUST_02492,Low,15,4
TKT_007642,CUST_02178,Medium,23,5
TKT_007643,CUST_04867,Low,37,4
TKT_007644,CUST_03943,Low,17,5
TKT_007645,CUST_04280,Medium,64,3
TKT_007646,CUST_02713,Low,21,5
TKT_007647,CUST_00365,Medium,38,5
TKT_007648,CUST_00196,Medium,51,1
TKT_007649,CUST_04306,Low,34,5
TKT_007650,CUST_04231,Medium,60,4
TKT_007651,CUST_04690,Low,49,4
TKT_007652,CUST_03655,High,41,5
TKT_007653,CUST_04600,Low,48,5
TKT_007654,CUST_04573,Low,71,2
TKT_007655,CUST_04540,Medium,53,5
TKT_007656,CUST_02732,Low,36,2
TKT_007657,CUST_02171,Medium,55,5
TKT_007658,CUST_01986,Low,71,3
TKT_007659,CUST_02542,Low,25,4
TKT_007660,CUST_03991,Low,14,5
TKT_007661,CUST_04486,Low,63,5
TKT_007662,CUST_02111,Low,15,2
TKT_007663,CUST_03966,Medium,47,1
TKT_007664,CUST_03481,High,36,5
TKT_007665,CUST_02568,Low,19,5
TKT_007666,CUST_04341,Low,36,4
TKT_007667,CUST_04380,Medium,47,2
TKT_007668,CUST_03893,Low,41,2
TKT_007669,CUST_01912,Low,62,4
TKT_007670,CUST_00711,Medium,26,2
TKT_007671,CUST_04091,Medium,71,3
TKT_007672,CUST_01591,Low,56,5
TKT_007673,CUST_04751,Medium,48,2
TKT_007674,CUST_01341,Medium,58,3
TKT_007675,CUST_00822,Medium,61,3
TKT_007676,CUST_02245,Medium,16,3
TKT_007677,CUST_04381,Medium,29,5
TKT_007678,CUST_01617,Low,43,4
TKT_007679,CUST_03181,Low,53,5
TKT_007680,CUST_03867,Low,61,3
TKT_007681,CUST_04211,High,18,5
TKT_007682,CUST_00753,Medium,53,4
TKT_007683,CUST_01932,Medium,15,4
TKT_007684,CUST_02554,High,65,3
TKT_007685,CUST_00331,Medium,52,5
TKT_007686,CUST_03044,Medium,56,3
TKT_007687,CUST_04050,Medium,42,4
TKT_007688,CUST_00667,Low,27,5
TKT_007689,CUST_03387,Critical,8,5
TKT_007690,CUST_04678,Medium,69,3
TKT_007691,CUST_00691,Low,14,5
TKT_007692,CUST_01704,Low,58,4
TKT_007693,CUST_03078,High,60,1
TKT_007694,CUST_04867,Low,14,4
TKT_007695,CUST_04378,Low,14,4
TKT_007696,CUST_02338,Medium,40,4
TKT_007697,CUST_02253,High,30,5
TKT_007698,CUST_02952,Medium,15,5
TKT_007699,CUST_02380,High,70,4
TKT_007700,CUST_01257,High,46,5
TKT_007701,CUST_00032,High,64,1
TKT_007702,CUST_00192,Medium,27,4
TKT_007703,CUST_04503,Medium,67,4
TKT_007704,CUST_02651,Low,62,3
TKT_007705,CUST_02083,Low,37,2
TKT_007706,CUST_03970,Medium,49,4
TKT_007707,CUST_02380,Low,60,3
TKT_007708,CUST_04113,Medium,15,3
TKT_007709,CUST_00854,Low,60,1
TKT_007710,CUST_02057,Low,45,3
TKT_007711,CUST_01302,High,62,5
TKT_007712,CUST_01828,Medium,32,4
TKT_007713,CUST_04263,Medium,52,3
TKT_007714,CUST_01617,Medium,70,5
TKT_007715,CUST_04123,Medium,36,4
TKT_007716,CUST_00118,Low,14,4
TKT_007717,CUST_02787,Medium,56,5
TKT_007718,CUST_02400,Medium,67,5
TKT_007719,CUST_01297,Low,29,4
TKT_007720,CUST_00317,Low,36,1
TKT_007721,CUST_03601,Medium,43,4
TKT_007722,CUST_01720,Low,31,5
TKT_007723,CUST_01072,High,26,3
TKT_007724,CUST_01040,High,13,1
TKT_007725,CUST_01494,Low,64,4
TKT_007726,CUST_03777,Medium,41,5
TKT_007727,CUST_01307,Critical,5,5
TKT_007728,CUST_02062,High,50,2
TKT_007729,CUST_01372,Low,54,5
TKT_007730,CUST_00367,Low,65,3
TKT_007731,CUST_04324,Low,68,5
TKT_007732,CUST_01652,Medium,58,3
TKT_007733,CUST_03445,Low,18,4
TKT_007734,CUST_03890,Medium,33,4
TKT_007735,CUST_00736,Medium,19,3
TKT_007736,CUST_03613,High,34,4
TKT_007737,CUST_04049,Low,34,4
TKT_007738,CUST_03477,Low,67,4
TKT_007739,CUST_03132,High,23,5
TKT_007740,CUST_00867,Low,17,4
TKT_007741,CUST_00660,High,69,4
TKT_007742,CUST_03124,Low,25,3
TKT_007743,CUST_01860,High,39,4
TKT_007744,CUST_02366,Medium,16,5
TKT_007745,CUST_03733,Low,15,1
TKT_007746,CUST_04712,Medium,67,3
TKT_007747,CUST_00489,High,68,4
TKT_007748,CUST_04747,Low,36,1
TKT_007749,CUST_01980,Low,38,3
TKT_007750,CUST_02732,Medium,71,4
TKT_007751,CUST_02172,High,15,5
TKT_007752,CUST_00706,Low,40,4
TKT_007753,CUST_04555,Low,52,3
TKT_007754,CUST_04773,Low,58,2
TKT_007755,CUST_03999,Low,61,3
TKT_007756,CUST_01412,Low,38,4
TKT_007757,CUST_02694,Medium,18,5
TKT_007758,CUST_00178,Medium,43,3
TKT_007759,CUST_01359,Medium,31,3
TKT_007760,CUST_04632,Medium,59,3
TKT_007761,CUST_03602,Low,54,1
TKT_007762,CUST_03933,Medium,47,4
TKT_007763,CUST_01696,Medium,41,1
TKT_007764,CUST_03294,High,71,5
TKT_007765,CUST_01638,Medium,40,5
TKT_007766,CUST_02906,Low,39,5
TKT_007767,CUST_02376,Medium,51,5
TKT_007768,CUST_04697,Low,14,5
TKT_007769,CUST_04766,Critical,11,1
TKT_007770,CUST_03486,Medium,32,5
TKT_007771,CUST_02820,Medium,48,4
TKT_007772,CUST_04919,Medium,46,4
TKT_007773,CUST_02337,Low,70,3
TKT_007774,CUST_03421,Medium,31,2
TKT_007775,CUST_01090,Medium,20,5
TKT_007776,CUST_02162,Low,46,3
TKT_007777,CUST_03925,Medium,69,4
TKT_007778,CUST_01828,High,68,5
TKT_007779,CUST_01620,Low,21,5
TKT_007780,CUST_02324,Low,60,4
TKT_007781,CUST_02933,High,70,4
TKT_007782,CUST_00786,Low,64,1
TKT_007783,CUST_03937,Low,32,4
TKT_007784,CUST_02962,Medium,54,5
TKT_007785,CUST_03059,Medium,52,1
TKT_007786,CUST_03663,Critical,17,3
TKT_007787,CUST_03715,Low,35,3
TKT_007788,CUST_04851,High,50,4
TKT_007789,CUST_04576,Low,12,1
TKT_007790,CUST_03498,Medium,57,5
TKT_007791,CUST_00017,Low,54,5
TKT_007792,CUST_04143,Medium,42,2
TKT_007793,CUST_04488,High,57,5
TKT_007794,CUST_01064,Low,34,5
TKT_007795,CUST_00916,Low,29,5
TKT_007796,CUST_03916,Medium,38,3
TKT_007797,CUST_01692,Medium,52,5
TKT_007798,CUST_00284,Low,55,2
TKT_007799,CUST_03006,High,57,4
TKT_007800,CUST_03402,Medium,23,1
TKT_007801,CUST_01750,Low,46,5
TKT_007802,CUST_01378,Critical,16,2
TKT_007803,CUST_01833,Low,27,5
TKT_007804,CUST_04847,High,32,4
TKT_007805,CUST_03126,Low,38,2
TKT_007806,CUST_03854,Low,47,4
TKT_007807,CUST_03377,Medium,64,1
TKT_007808,CUST_02367,Medium,70,3
TKT_007809,CUST_04817,Medium,24,3
TKT_007810,CUST_01069,Low,61,5
TKT_007811,CUST_02410,Low,19,5
TKT_007812,CUST_04103,Medium,67,3
TKT_007813,CUST_04056,High,67,3
TKT_007814,CUST_03261,Medium,19,4
TKT_007815,CUST_02503,Low,27,5
TKT_007816,CUST_04638,Medium,34,4
TKT_007817,CUST_00369,Medium,56,4
TKT_007818,CUST_04775,Low,45,4
TKT_007819,CUST_02434,Medium,35,3
TKT_007820,CUST_04779,Medium,65,4
TKT_007821,CUST_00396,Low,32,5
TKT_007822,CUST_00540,Medium,24,4
TKT_007823,CUST_02668,Medium,61,4
TKT_007824,CUST_01171,Critical,21,3
TKT_007825,CUST_01308,Medium,15,4
TKT_007826,CUST_03676,Medium,40,5
TKT_007827,CUST_01531,Low,71,5
TKT_007828,CUST_01498,Medium,15,4
TKT_007829,CUST_03814,Low,32,2
TKT_007830,CUST_02758,Low,45,5
TKT_007831,CUST_04672,Low,20,5
TKT_007832,CUST_02907,Medium,36,4
TKT_007833,CUST_00885,Medium,52,4
TKT_007834,CUST_00503,Medium,32,3
TKT_007835,CUST_02985,Medium,15,5
TKT_007836,CUST_04146,Medium,27,5
TKT_007837,CUST_03594,Low,36,4
TKT_007838,CUST_01994,Medium,51,2
TKT_007839,CUST_00225,Low,18,3
TKT_007840,CUST_02130,Medium,56,3
TKT_007841,CUST_02230,Low,16,4
TKT_007842,CUST_00522,Medium,51,5
TKT_007843,CUST_04999,Medium,32,3
TKT_007844,CUST_03432,Medium,45,5
TKT_007845,CUST_02976,Low,59,1
TKT_007846,CUST_04331,Medium,33,5
TKT_007847,CUST_01491,Medium,38,1
TKT_007848,CUST_04843,Low,61,5
TKT_007849,CUST_02594,Low,71,5
TKT_007850,CUST_04139,Low,21,4
TKT_007851,CUST_04478,Medium,52,1
TKT_007852,CUST_01157,Low,26,4
TKT_007853,CUST_04499,Low,66,2
TKT_007854,CUST_03442,Low,14,4
TKT_007855,CUST_04150,Medium,58,2
TKT_007856,CUST_00654,Low,24,2
TKT_007857,CUST_02609,High,37,4
TKT_007858,CUST_04875,Low,67,3
TKT_007859,CUST_00159,Low,12,5
TKT_007860,CUST_00138,Medium,58,3
TKT_007861,CUST_00533,High,20,3
TKT_007862,CUST_04993,High,50,4
TKT_007863,CUST_03374,Low,37,1
TKT_007864,CUST_00715,Low,29,5
TKT_007865,CUST_03691,Medium,19,1
TKT_007866,CUST_03146,Low,26,1
TKT_007867,CUST_02325,Medium,57,5
TKT_007868,CUST_00421,Medium,33,5
TKT_007869,CUST_03045,Medium,49,4
TKT_007870,CUST_02105,High,57,5
TKT_007871,CUST_04665,Low,15,5
TKT_007872,CUST_04165,Medium,32,3
TKT_007873,CUST_03270,Medium,27,4
TKT_007874,CUST_01176,Medium,57,4
TKT_007875,CUST_00720,Medium,36,2
TKT_007876,CUST_04284,Critical,1,3
TKT_007877,CUST_01687,High,71,4
TKT_007878,CUST_03119,Medium,28,2
TKT_007879,CUST_03572,Medium,43,5
TKT_007880,CUST_00180,Medium,59,4
TKT_007881,CUST_01773,Medium,13,5
TKT_007882,CUST_00008,Low,12,1
TKT_007883,CUST_04256,Medium,58,4
TKT_007884,CUST_02518,Medium,20,5
TKT_007885,CUST_04101,Medium,56,4
TKT_007886,CUST_02888,Low,37,5
TKT_007887,CUST_04477,Medium,60,1
TKT_007888,CUST_02003,Medium,46,4
TKT_007889,CUST_03756,Low,71,3
TKT_007890,CUST_00973,Medium,17,5
TKT_007891,CUST_04400,Medium,65,5
TKT_007892,CUST_02821,High,52,1
TKT_007893,CUST_03036,Low,20,3
TKT_007894,CUST_03743,Low,31,3
TKT_007895,CUST_04368,Low,60,5
TKT_007896,CUST_04219,Critical,18,5
TKT_007897,CUST_04607,Medium,52,5
TKT_007898,CUST_02327,Medium,45,3
TKT_007899,CUST_03439,Low,58,3
TKT_007900,CUST_02839,Medium,21,4
TKT_007901,CUST_04816,Medium,53,5
TKT_007902,CUST_01874,High,41,1
TKT_007903,CUST_00397,Low,15,1
TKT_007904,CUST_02349,Critical,7,4
TKT_007905,CUST_03466,Low,45,4
TKT_007906,CUST_04699,Low,20,4
TKT_007907,CUST_04312,High,16,4
TKT_007908,CUST_00001,Medium,53,4
TKT_007909,CUST_01195,High,20,5
TKT_007910,CUST_03041,High,36,5
TKT_007911,CUST_01100,Medium,51,5
TKT_007912,CUST_03552,Low,14,3
TKT_007913,CUST_02672,Medium,36,1
TKT_007914,CUST_00762,Medium,62,5
TKT_007915,CUST_04363,Medium,68,5
TKT_007916,CUST_00096,Medium,29,4
TKT_007917,CUST_04017,High,57,2
TKT_007918,CUST_02801,High,70,2
TKT_007919,CUST_01574,Medium,22,5
TKT_007920,CUST_04408,Medium,34,4
TKT_007921,CUST_00267,Medium,70,3
TKT_007922,CUST_03665,Medium,45,2
TKT_007923,CUST_01122,Critical,16,3
TKT_007924,CUST_02605,Medium,45,3
TKT_007925,CUST_03206,High,58,5
TKT_007926,CUST_04651,Medium,35,5
TKT_007927,CUST_01118,Medium,61,3
TKT_007928,CUST_03252,Medium,59,2
TKT_007929,CUST_01895,Medium,68,4
TKT_007930,CUST_02304,Medium,13,4
TKT_007931,CUST_03006,Low,24,3
TKT_007932,CUST_02802,Low,31,5
TKT_007933,CUST_03917,Medium,18,5
TKT_007934,CUST_01653,Low,20,1
TKT_007935,CUST_04654,Medium,62,5
TKT_007936,CUST_04777,High,45,4
TKT_007937,CUST_02438,Critical,22,2
TKT_007938,CUST_02774,Medium,12,4
TKT_007939,CUST_04833,Low,64,4
TKT_007940,CUST_04046,Medium,19,4
TKT_007941,CUST_02096,Medium,62,1
TKT_007942,CUST_02659,Low,64,4
TKT_007943,CUST_02843,Low,52,4
TKT_007944,CUST_03334,Low,12,4
TKT_007945,CUST_02301,Medium,36,5
TKT_007946,CUST_01727,Low,60,4
TKT_007947,CUST_00513,Low,40,5
TKT_007948,CUST_00796,High,63,5
TKT_007949,CUST_04960,Medium,28,4
TKT_007950,CUST_04252,Low,67,4
TKT_007951,CUST_01627,Low,18,4
TKT_007952,CUST_03282,Medium,46,5
TKT_007953,CUST_04420,Low,27,4
TKT_007954,CUST_01065,Medium,32,1
TKT_007955,CUST_00362,Low,13,1
TKT_007956,CUST_02420,Low,37,5
TKT_007957,CUST_02999,Low,16,2
TKT_007958,CUST_02683,Low,16,5
TKT_007959,CUST_03734,High,20,5
TKT_007960,CUST_00752,Medium,58,4
TKT_007961,CUST_01337,High,64,5
TKT_007962,CUST_01302,Medium,70,2
TKT_007963,CUST_04418,Medium,59,5
TKT_007964,CUST_01961,Low,29,4
TKT_007965,CUST_04651,Medium,30,5
TKT_007966,CUST_03106,High,17,3
TKT_007967,CUST_04210,Low,38,3
TKT_007968,CUST_00002,Medium,60,2
TKT_007969,CUST_00750,Low,65,5
TKT_007970,CUST_03080,High,42,1
TKT_007971,CUST_02849,Medium,32,2
TKT_007972,CUST_03602,High,25,2
TKT_007973,CUST_04669,Low,27,4
TKT_007974,CUST_04179,High,13,4
TKT_007975,CUST_01034,Low,29,4
TKT_007976,CUST_00434,Low,29,4
TKT_007977,CUST_00618,Low,46,5
TKT_007978,CUST_00790,Low,25,5
TKT_007979,CUST_03623,Low,69,3
TKT_007980,CUST_02918,Medium,29,4
TKT_007981,CUST_04417,Medium,30,4
TKT_007982,CUST_00798,High,36,3
TKT_007983,CUST_01779,Medium,46,5
TKT_007984,CUST_02927,Low,18,5
TKT_007985,CUST_03758,Low,14,4
TKT_007986,CUST_03241,Medium,49,4
TKT_007987,CUST_00652,Medium,68,4
TKT_007988,CUST_01297,Medium,23,1
TKT_007989,CUST_02754,Medium,65,5
TKT_007990,CUST_04465,Low,27,5
TKT_007991,CUST_00472,Medium,31,4
TKT_007992,CUST_04852,Medium,16,1
TKT_007993,CUST_01319,Medium,42,3
TKT_007994,CUST_04975,Low,35,4
TKT_007995,CUST_00984,Low,54,5
TKT_007996,CUST_04744,High,56,1
TKT_007997,CUST_02651,Medium,55,4
TKT_007998,CUST_03610,Medium,35,4
TKT_007999,CUST_01612,Low,27,3
TKT_008000,CUST_02595,Medium,58,3
TKT_008001,CUST_00207,Low,50,4
TKT_008002,CUST_04885,Low,39,5
TKT_008003,CUST_03237,Medium,71,5
TKT_008004,CUST_00124,Medium,70,4
TKT_008005,CUST_04369,Low,16,4
TKT_008006,CUST_00474,Low,24,4
TKT_008007,CUST_00354,Medium,26,5
TKT_008008,CUST_02145,Low,52,3
TKT_008009,CUST_00537,Low,60,4
TKT_008010,CUST_01085,Medium,15,3
TKT_008011,CUST_01118,Medium,25,5
TKT_008012,CUST_03028,High,38,5
TKT_008013,CUST_00962,Medium,21,4
TKT_008014,CUST_00758,Low,34,1
TKT_008015,CUST_02937,High,48,5
TKT_008016,CUST_01789,Low,39,5
TKT_008017,CUST_01320,Medium,55,5
TKT_008018,CUST_00682,Low,24,5
TKT_008019,CUST_00852,Medium,47,4
TKT_008020,CUST_03910,High,70,5
TKT_008021,CUST_00750,Medium,43,3
TKT_008022,CUST_04266,Medium,56,2
TKT_008023,CUST_00863,Critical,19,4
TKT_008024,CUST_02347,Low,12,1
TKT_008025,CUST_00708,Low,15,1
TKT_008026,CUST_03968,High,12,4
TKT_008027,CUST_04953,Medium,71,5
TKT_008028,CUST_02716,Medium,29,2
TKT_008029,CUST_00920,Medium,24,3
TKT_008030,CUST_02857,Low,36,5
TKT_008031,CUST_01341,Low,32,3
TKT_008032,CUST_01675,Low,26,5
TKT_008033,CUST_00264,Low,52,4
TKT_008034,CUST_03733,Medium,52,4
TKT_008035,CUST_00480,Low,21,2
TKT_008036,CUST_02854,Medium,64,1
TKT_008037,CUST_01120,Low,46,3
TKT_008038,CUST_01418,Low,15,1
TKT_008039,CUST_04620,Low,16,1
TKT_008040,CUST_03427,Medium,55,5
TKT_008041,CUST_00402,Low,70,1
TKT_008042,CUST_01495,Medium,49,4
TKT_008043,CUST_02700,Low,49,5
TKT_008044,CUST_03851,Low,35,3
TKT_008045,CUST_03938,High,35,4
TKT_008046,CUST_04629,Low,51,3
TKT_008047,CUST_03759,Critical,2,5
TKT_008048,CUST_03149,Critical,7,4
TKT_008049,CUST_00710,Medium,63,3
TKT_008050,CUST_03427,Medium,39,4
TKT_008051,CUST_01940,Medium,54,1
TKT_008052,CUST_00980,High,22,4
TKT_008053,CUST_00425,Medium,70,5
TKT_008054,CUST_04180,Low,34,1
TKT_008055,CUST_00792,Low,26,4
TKT_008056,CUST_04753,Low,32,4
TKT_008057,CUST_02949,Low,47,3
TKT_008058,CUST_04153,Low,24,2
TKT_008059,CUST_01636,Medium,43,5
TKT_008060,CUST_03784,Medium,21,4
TKT_008061,CUST_00969,Medium,70,4
TKT_008062,CUST_04497,Low,57,5
TKT_008063,CUST_00952,Low,48,3
TKT_008064,CUST_00522,Medium,70,5
TKT_008065,CUST_01975,Medium,43,4
TKT_008066,CUST_01883,Medium,60,3
TKT_008067,CUST_04613,Low,31,3
TKT_008068,CUST_04545,Medium,50,1
TKT_008069,CUST_03132,Medium,58,4
TKT_008070,CUST_03152,Medium,62,5
TKT_008071,CUST_04096,Low,27,4
TKT_008072,CUST_02654,High,50,4
TKT_008073,CUST_02475,Low,71,5
TKT_008074,CUST_03625,Low,16,2
TKT_008075,CUST_00522,Medium,28,5
TKT_008076,CUST_04322,Medium,47,4
TKT_008077,CUST_04197,Low,59,4
TKT_008078,CUST_04652,Medium,37,3
TKT_008079,CUST_00223,Medium,62,1
TKT_008080,CUST_01750,Medium,15,4
TKT_008081,CUST_02799,Medium,49,4
TKT_008082,CUST_02476,Low,57,3
TKT_008083,CUST_03137,Medium,37,3
TKT_008084,CUST_03326,Low,31,3
TKT_008085,CUST_00882,Medium,24,4
TKT_008086,CUST_02342,Low,57,5
TKT_008087,CUST_00221,Medium,18,4
TKT_008088,CUST_02361,Medium,35,2
TKT_008089,CUST_04678,Critical,16,5
TKT_008090,CUST_03649,Low,14,4
TKT_008091,CUST_00252,Low,61,5
TKT_008092,CUST_01788,Low,65,4
TKT_008093,CUST_00280,Low,65,4
TKT_008094,CUST_04390,Medium,27,3
TKT_008095,CUST_04275,High,42,5
TKT_008096,CUST_02237,Low,44,5
TKT_008097,CUST_02102,Medium,25,3
TKT_008098,CUST_03650,Medium,68,5
TKT_008099,CUST_01651,Low,61,3
TKT_008100,CUST_02364,Low,63,4
TKT_008101,CUST_02231,High,59,4
TKT_008102,CUST_03332,Low,36,5
TKT_008103,CUST_00024,Medium,66,3
TKT_008104,CUST_04947,Low,62,5
TKT_008105,CUST_00256,Medium,69,3
TKT_008106,CUST_01238,Low,13,1
TKT_008107,CUST_03943,Low,70,3
TKT_008108,CUST_03568,Low,52,5
TKT_008109,CUST_01064,Low,24,5
TKT_008110,CUST_00795,Critical,2,1
TKT_008111,CUST_01487,Medium,31,2
TKT_008112,CUST_02484,Medium,13,3
TKT_008113,CUST_01235,High,18,4
TKT_008114,CUST_03986,Low,65,5
TKT_008115,CUST_02855,High,24,1
TKT_008116,CUST_01995,Medium,19,5
TKT_008117,CUST_02334,Medium,14,4
TKT_008118,CUST_02292,High,25,3
TKT_008119,CUST_00762,Low,34,2
TKT_008120,CUST_04239,Low,19,1
TKT_008121,CUST_01785,Low,44,3
TKT_008122,CUST_00320,High,67,5
TKT_008123,CUST_03993,Low,38,5
TKT_008124,CUST_04529,Critical,23,5
TKT_008125,CUST_03651,Low,44,2
TKT_008126,CUST_04218,Medium,22,4
TKT_008127,CUST_04890,Medium,49,5
TKT_008128,CUST_02780,High,54,4
TKT_008129,CUST_04846,Low,29,1
TKT_008130,CUST_03616,Low,39,1
TKT_008131,CUST_01997,High,52,4
TKT_008132,CUST_01297,Critical,16,3
TKT_008133,CUST_03246,Low,41,5
TKT_008134,CUST_02286,Medium,56,5
TKT_008135,CUST_00110,Low,21,2
TKT_008136,CUST_00412,Medium,53,1
TKT_008137,CUST_00071,Medium,14,5
TKT_008138,CUST_03728,Medium,43,4
TKT_008139,CUST_00718,Medium,47,2
TKT_008140,CUST_02471,Low,21,5
TKT_008141,CUST_02289,Medium,32,5
TKT_008142,CUST_03675,Medium,62,2
TKT_008143,CUST_00719,High,66,4
TKT_008144,CUST_00127,Medium,61,4
TKT_008145,CUST_00426,Low,18,3
TKT_008146,CUST_02326,Low,64,4
TKT_008147,CUST_02542,Medium,36,4
TKT_008148,CUST_02436,Medium,45,4
TKT_008149,CUST_02819,Medium,36,3
TKT_008150,CUST_00536,Low,20,5
TKT_008151,CUST_03534,Low,19,4
TKT_008152,CUST_02335,Critical,18,5
TKT_008153,CUST_02493,High,46,4
TKT_008154,CUST_01145,Medium,55,3
TKT_008155,CUST_01722,Medium,39,3
TKT_008156,CUST_03491,High,21,3
TKT_008157,CUST_03871,Low,25,3
TKT_008158,CUST_01780,High,40,2
TKT_008159,CUST_03148,Low,12,4
TKT_008160,CUST_00906,High,69,1
TKT_008161,CUST_02132,Medium,30,3
TKT_008162,CUST_02924,Medium,25,4
TKT_008163,CUST_01848,Medium,65,5
TKT_008164,CUST_00307,Low,31,5
TKT_008165,CUST_03517,Low,49,5
TKT_008166,CUST_03731,Medium,59,1
TKT_008167,CUST_04433,Medium,47,4
TKT_008168,CUST_00517,Low,52,5
TKT_008169,CUST_00101,Low,19,4
TKT_008170,CUST_02148,Low,69,5
TKT_008171,CUST_02221,Medium,49,5
TKT_008172,CUST_02830,High,53,5
TKT_008173,CUST_01909,Low,71,5
TKT_008174,CUST_00028,Low,35,5
TKT_008175,CUST_04853,Medium,18,4
TKT_008176,CUST_03337,Medium,54,5
TKT_008177,CUST_02363,Medium,16,3
TKT_008178,CUST_04134,Low,25,1
TKT_008179,CUST_03677,Medium,20,1
TKT_008180,CUST_03225,Low,31,5
TKT_008181,CUST_02376,Low,63,4
TKT_008182,CUST_00048,Medium,37,3
TKT_008183,CUST_03714,Medium,36,4
TKT_008184,CUST_00006,Low,63,2
TKT_008185,CUST_00770,Medium,31,4
TKT_008186,CUST_01363,Low,67,5
TKT_008187,CUST_03341,Medium,17,4
TKT_008188,CUST_00817,Low,18,4
TKT_008189,CUST_03829,Low,47,2
TKT_008190,CUST_00008,High,60,5
TKT_008191,CUST_04873,Medium,47,4
TKT_008192,CUST_04759,Medium,31,4
TKT_008193,CUST_02533,High,57,3
TKT_008194,CUST_02760,Medium,29,5
TKT_008195,CUST_00329,Medium,19,3
TKT_008196,CUST_04496,Low,38,5
TKT_008197,CUST_04876,High,16,3
TKT_008198,CUST_01913,Low,42,5
TKT_008199,CUST_02386,High,57,4
TKT_008200,CUST_03981,Medium,52,1
TKT_008201,CUST_02467,Medium,32,5
TKT_008202,CUST_03038,Low,63,3
TKT_008203,CUST_01195,Low,14,5
TKT_008204,CUST_00101,Medium,69,4
TKT_008205,CUST_02462,Medium,37,3
TKT_008206,CUST_00323,Medium,28,2
TKT_008207,CUST_04125,Medium,70,3
TKT_008208,CUST_03650,Critical,4,4
TKT_008209,CUST_04847,Critical,10,4
TKT_008210,CUST_03077,Medium,36,3
TKT_008211,CUST_00607,Low,61,2
TKT_008212,CUST_00517,Medium,15,3
TKT_008213,CUST_01109,High,67,2
TKT_008214,CUST_04336,Medium,52,4
TKT_008215,CUST_00839,Low,22,4
TKT_008216,CUST_01122,Medium,52,4
TKT_008217,CUST_03966,Medium,49,3
TKT_008218,CUST_03342,Critical,8,1
TKT_008219,CUST_01337,Medium,44,4
TKT_008220,CUST_01260,Critical,19,5
TKT_008221,CUST_03281,Low,49,4
TKT_008222,CUST_01862,High,29,5
TKT_008223,CUST_00645,Low,65,1
TKT_008224,CUST_02229,High,60,1
TKT_008225,CUST_00597,High,27,5
TKT_008226,CUST_02811,Medium,33,4
TKT_008227,CUST_04537,Medium,32,5
TKT_008228,CUST_00468,Critical,5,4
TKT_008229,CUST_00965,Low,55,1
TKT_008230,CUST_01638,Medium,42,4
TKT_008231,CUST_02787,High,42,4
TKT_008232,CUST_02814,Medium,38,4
TKT_008233,CUST_00227,High,63,3
TKT_008234,CUST_02809,Medium,52,5
TKT_008235,CUST_01305,Medium,61,4
TKT_008236,CUST_00514,Low,48,4
TKT_008237,CUST_00212,Low,14,4
TKT_008238,CUST_00770,Medium,42,4
TKT_008239,CUST_03312,Medium,45,4
TKT_008240,CUST_00431,Low,37,3
TKT_008241,CUST_03259,Critical,6,3
TKT_008242,CUST_00260,Medium,21,2
TKT_008243,CUST_01755,Low,68,5
TKT_008244,CUST_02398,Medium,40,5
TKT_008245,CUST_04803,Medium,49,5
TKT_008246,CUST_00046,Critical,9,4
TKT_008247,CUST_00877,Medium,48,3
TKT_008248,CUST_02918,Medium,50,5
TKT_008249,CUST_01956,Medium,62,5
TKT_008250,CUST_01601,High,17,5
TKT_008251,CUST_02275,Medium,25,4
TKT_008252,CUST_01740,Low,41,3
TKT_008253,CUST_03191,Medium,50,2
TKT_008254,CUST_00334,Low,60,2
TKT_008255,CUST_01531,Critical,7,4
TKT_008256,CUST_00556,Medium,56,2
TKT_008257,CUST_02049,Low,39,3
TKT_008258,CUST_00731,Low,50,5
TKT_008259,CUST_04824,Low,21,3
TKT_008260,CUST_04034,Medium,65,3
TKT_008261,CUST_01164,Medium,37,5
TKT_008262,CUST_01300,Medium,45,4
TKT_008263,CUST_04463,High,40,4
TKT_008264,CUST_04720,Critical,21,2
TKT_008265,CUST_02021,Low,50,3
TKT_008266,CUST_03687,Low,29,3
TKT_008267,CUST_01941,Medium,20,5
TKT_008268,CUST_04397,Medium,33,1
TKT_008269,CUST_03072,Low,29,5
TKT_008270,CUST_03500,Low,48,2
TKT_008271,CUST_01211,Low,58,5
TKT_008272,CUST_04254,Low,44,2
TKT_008273,CUST_01355,High,59,3
TKT_008274,CUST_03329,Medium,56,5
TKT_008275,CUST_02131,Low,59,3
TKT_008276,CUST_04110,Low,13,4
TKT_008277,CUST_03268,Low,68,4
TKT_008278,CUST_01236,Medium,37,4
TKT_008279,CUST_04204,Medium,28,5
TKT_008280,CUST_04727,Low,15,3
TKT_008281,CUST_02779,Critical,12,5
TKT_008282,CUST_04261,Medium,63,5
TKT_008283,CUST_02909,High,21,4
TKT_008284,CUST_04443,Low,60,4
TKT_008285,CUST_01049,Low,16,5
TKT_008286,CUST_01960,Medium,49,1
TKT_008287,CUST_01579,Medium,60,3
TKT_008288,CUST_03699,Low,51,3
TKT_008289,CUST_00350,Critical,18,1
TKT_008290,CUST_01479,High,33,5
TKT_008291,CUST_01821,Low,52,3
TKT_008292,CUST_01242,High,30,2
TKT_008293,CUST_03931,Medium,48,3
TKT_008294,CUST_00876,Low,44,3
TKT_008295,CUST_03721,Low,60,2
TKT_008296,CUST_01542,Low,61,4
TKT_008297,CUST_03706,Low,17,2
TKT_008298,CUST_03702,Low,34,3
TKT_008299,CUST_03539,Medium,25,5
TKT_008300,CUST_00820,Low,42,3
TKT_008301,CUST_03910,Low,64,4
TKT_008302,CUST_04017,Low,44,3
TKT_008303,CUST_00209,Low,28,4
TKT_008304,CUST_01885,Medium,12,2
TKT_008305,CUST_04503,Low,23,1
TKT_008306,CUST_02129,Medium,14,4
TKT_008307,CUST_03989,Low,56,5
TKT_008308,CUST_00107,Low,47,5
TKT_008309,CUST_02696,High,35,5
TKT_008310,CUST_02486,Medium,52,4
TKT_008311,CUST_03086,Medium,59,4
TKT_008312,CUST_04787,Low,25,1
TKT_008313,CUST_04030,Medium,48,5
TKT_008314,CUST_01426,High,39,3
TKT_008315,CUST_04606,Low,38,5
TKT_008316,CUST_01118,Low,31,4
TKT_008317,CUST_02130,Medium,26,2
TKT_008318,CUST_04057,Low,53,4
TKT_008319,CUST_00241,Critical,7,5
TKT_008320,CUST_00165,Medium,55,3
TKT_008321,CUST_01497,Low,17,2
TKT_008322,CUST_03102,Low,62,1
TKT_008323,CUST_02507,Low,57,4
TKT_008324,CUST_00304,Low,25,3
TKT_008325,CUST_04775,Medium,50,2
TKT_008326,CUST_04891,Low,68,4
TKT_008327,CUST_00912,Low,53,2
TKT_008328,CUST_02973,Low,41,5
TKT_008329,CUST_04020,Medium,58,4
TKT_008330,CUST_02762,Low,58,3
TKT_008331,CUST_00606,Low,61,5
TKT_008332,CUST_01039,Low,39,4
TKT_008333,CUST_00407,Low,42,2
TKT_008334,CUST_01072,High,20,5
TKT_008335,CUST_04210,Medium,71,3
TKT_008336,CUST_04622,Low,59,5
TKT_008337,CUST_04918,Critical,7,4
TKT_008338,CUST_04444,Low,64,1
TKT_008339,CUST_01453,Medium,71,4
TKT_008340,CUST_02454,Medium,58,3
TKT_008341,CUST_02988,Medium,56,5
TKT_008342,CUST_02790,Medium,12,5
TKT_008343,CUST_03670,High,13,3
TKT_008344,CUST_00201,Medium,59,1
TKT_008345,CUST_00783,Low,66,4
TKT_008346,CUST_02761,Low,39,4
TKT_008347,CUST_04922,Low,47,4
TKT_008348,CUST_03714,Medium,34,3
TKT_008349,CUST_00939,Low,31,2
TKT_008350,CUST_03117,Low,44,4
TKT_008351,CUST_03618,Medium,41,4
TKT_008352,CUST_02421,Medium,49,5
TKT_008353,CUST_00764,Low,36,4
TKT_008354,CUST_02895,Low,59,2
TKT_008355,CUST_01255,Low,27,3
TKT_008356,CUST_04620,Low,49,4
TKT_008357,CUST_01799,Medium,58,5
TKT_008358,CUST_04967,Low,70,4
TKT_008359,CUST_01270,Medium,50,5
TKT_008360,CUST_04194,Low,18,2
TKT_008361,CUST_02841,Low,55,3
TKT_008362,CUST_00713,Critical,3,4
TKT_008363,CUST_00674,Medium,45,1
TKT_008364,CUST_04605,Low,28,5
TKT_008365,CUST_00942,High,60,5
TKT_008366,CUST_00943,Low,51,3
TKT_008367,CUST_04472,High,15,5
TKT_008368,CUST_03744,Low,24,5
TKT_008369,CUST_01917,High,37,5
TKT_008370,CUST_03837,Low,24,4
TKT_008371,CUST_02429,High,43,5
TKT_008372,CUST_03375,Medium,54,5
TKT_008373,CUST_01190,Low,23,5
TKT_008374,CUST_04857,High,67,4
TKT_008375,CUST_02954,Low,25,4
TKT_008376,CUST_02314,Medium,32,4
TKT_008377,CUST_03625,Medium,44,4
TKT_008378,CUST_01253,Medium,52,5
TKT_008379,CUST_01910,Low,14,4
TKT_008380,CUST_02247,High,18,3
TKT_008381,CUST_02675,Medium,26,1
TKT_008382,CUST_03325,Low,18,1
TKT_008383,CUST_02603,Low,54,3
TKT_008384,CUST_00155,Medium,59,2
TKT_008385,CUST_02848,High,37,1
TKT_008386,CUST_02675,Medium,37,4
TKT_008387,CUST_03866,Low,23,5
TKT_008388,CUST_04054,Low,70,3
TKT_008389,CUST_03642,Medium,63,5
TKT_008390,CUST_02380,Low,67,4
TKT_008391,CUST_04504,Low,51,2
TKT_008392,CUST_01528,Medium,56,3
TKT_008393,CUST_00626,Low,13,4
TKT_008394,CUST_00686,Low,51,5
TKT_008395,CUST_01466,Low,26,4
TKT_008396,CUST_02464,Medium,55,1
TKT_008397,CUST_03472,Medium,42,4
TKT_008398,CUST_04237,Medium,70,4
TKT_008399,CUST_00870,Medium,48,5
TKT_008400,CUST_03078,Low,45,2
TKT_008401,CUST_03814,High,23,5
TKT_008402,CUST_01932,Medium,17,5
TKT_008403,CUST_00905,High,70,5
TKT_008404,CUST_01851,Critical,19,4
TKT_008405,CUST_02023,Medium,43,4
TKT_008406,CUST_01243,High,47,5
TKT_008407,CUST_02627,Low,21,5
TKT_008408,CUST_02712,Low,27,3
TKT_008409,CUST_01295,Low,36,3
TKT_008410,CUST_02786,Medium,41,5
TKT_008411,CUST_04159,Medium,51,1
TKT_008412,CUST_00864,Critical,4,4
TKT_008413,CUST_01557,Medium,59,5
TKT_008414,CUST_02561,Medium,34,3
TKT_008415,CUST_02303,High,50,3
TKT_008416,CUST_00737,Medium,67,5
TKT_008417,CUST_00779,Low,71,4
TKT_008418,CUST_03523,High,55,2
TKT_008419,CUST_04716,Medium,18,1
TKT_008420,CUST_04184,Medium,60,4
TKT_008421,CUST_01415,Medium,58,1
TKT_008422,CUST_04785,Low,71,3
TKT_008423,CUST_04737,Low,25,4
TKT_008424,CUST_04369,Low,48,1
TKT_008425,CUST_04733,Low,13,5
TKT_008426,CUST_00522,High,48,5
TKT_008427,CUST_02848,Medium,16,4
TKT_008428,CUST_04112,Low,49,1
TKT_008429,CUST_02416,Low,57,3
TKT_008430,CUST_04890,Medium,33,4
TKT_008431,CUST_04456,Low,17,1
TKT_008432,CUST_00231,Low,56,5
TKT_008433,CUST_04708,Low,18,5
TKT_008434,CUST_03465,Medium,61,4
TKT_008435,CUST_02565,High,47,5
TKT_008436,CUST_00519,High,16,2
TKT_008437,CUST_00484,Medium,37,5
TKT_008438,CUST_02113,Medium,39,4
TKT_008439,CUST_02267,Medium,58,5
TKT_008440,CUST_03852,Low,34,4
TKT_008441,CUST_04272,Low,13,5
TKT_008442,CUST_03865,Low,51,5
TKT_008443,CUST_01034,Low,61,5
TKT_008444,CUST_00766,Low,32,5
TKT_008445,CUST_03361,Medium,68,2
TKT_008446,CUST_00988,Low,13,4
TKT_008447,CUST_00016,Low,13,4
TKT_008448,CUST_01571,Medium,29,5
TKT_008449,CUST_04428,Medium,50,3
TKT_008450,CUST_00079,Low,38,4
TKT_008451,CUST_03089,Medium,57,4
TKT_008452,CUST_01819,Medium,16,5
TKT_008453,CUST_01045,Low,20,1
TKT_008454,CUST_01612,Critical,19,5
TKT_008455,CUST_00432,Low,15,5
TKT_008456,CUST_02604,Medium,12,1
TKT_008457,CUST_02076,Low,51,4
TKT_008458,CUST_00613,Low,33,3
TKT_008459,CUST_04351,Low,26,4
TKT_008460,CUST_00272,Medium,36,5
TKT_008461,CUST_03708,Medium,62,5
TKT_008462,CUST_04658,Critical,14,4
TKT_008463,CUST_04432,Medium,42,1
TKT_008464,CUST_00758,High,53,4
TKT_008465,CUST_04304,Low,34,3
TKT_008466,CUST_04131,Low,28,2
TKT_008467,CUST_00114,Low,45,3
TKT_008468,CUST_01963,High,16,4
TKT_008469,CUST_03066,Low,58,5
TKT_008470,CUST_03949,High,53,3
TKT_008471,CUST_00834,Low,41,5
TKT_008472,CUST_00929,High,61,5
TKT_008473,CUST_02083,Medium,67,2
TKT_008474,CUST_02916,Medium,56,1
TKT_008475,CUST_01344,Critical,16,5
TKT_008476,CUST_04314,High,41,1
TKT_008477,CUST_02092,High,25,2
TKT_008478,CUST_01198,Medium,36,4
TKT_008479,CUST_03851,Critical,8,3
TKT_008480,CUST_00198,Medium,49,5
TKT_008481,CUST_00857,High,31,5
TKT_008482,CUST_04398,Medium,34,4
TKT_008483,CUST_01979,Medium,34,1
TKT_008484,CUST_03171,Medium,32,3
TKT_008485,CUST_04501,Medium,55,2
TKT_008486,CUST_00994,Medium,69,3
TKT_008487,CUST_00846,Medium,16,5
TKT_008488,CUST_01748,Low,63,4
TKT_008489,CUST_04966,Medium,20,5
TKT_008490,CUST_01568,Medium,50,4
TKT_008491,CUST_00346,High,33,4
TKT_008492,CUST_00156,Medium,30,5
TKT_008493,CUST_03811,Medium,16,4
TKT_008494,CUST_00142,Low,15,3
TKT_008495,CUST_00104,High,32,4
TKT_008496,CUST_01239,Low,29,4
TKT_008497,CUST_04050,High,16,5
TKT_008498,CUST_04204,Medium,50,3
TKT_008499,CUST_03532,Low,69,1
TKT_008500,CUST_03876,High,24,4
TKT_008501,CUST_01253,Low,37,5
TKT_008502,CUST_04723,Low,27,4
TKT_008503,CUST_00208,Low,71,2
TKT_008504,CUST_04823,Critical,17,2
TKT_008505,CUST_03691,Medium,14,5
TKT_008506,CUST_01763,High,15,1
TKT_008507,CUST_00718,Low,60,4
TKT_008508,CUST_03909,Low,20,3
TKT_008509,CUST_01429,Medium,41,3
TKT_008510,CUST_04277,Medium,62,2
TKT_008511,CUST_00641,Medium,71,3
TKT_008512,CUST_01823,Medium,56,5
TKT_008513,CUST_03049,Low,71,4
TKT_008514,CUST_03228,Low,69,1
TKT_008515,CUST_01920,Medium,23,5
TKT_008516,CUST_01411,Low,65,3
TKT_008517,CUST_00471,High,60,3
TKT_008518,CUST_04100,High,24,5
TKT_008519,CUST_02252,High,32,4
TKT_008520,CUST_01402,Low,54,5
TKT_008521,CUST_04679,Low,53,3
TKT_008522,CUST_04700,Medium,32,5
TKT_008523,CUST_01498,Medium,38,3
TKT_008524,CUST_03463,High,16,4
TKT_008525,CUST_01721,High,28,3
TKT_008526,CUST_00579,Low,66,4
TKT_008527,CUST_02484,Critical,23,4
TKT_008528,CUST_02111,Low,12,2
TKT_008529,CUST_02601,High,27,4
TKT_008530,CUST_00743,Medium,51,1
TKT_008531,CUST_04271,Medium,33,4
TKT_008532,CUST_03905,Medium,34,5
TKT_008533,CUST_02031,High,31,5
TKT_008534,CUST_03108,Medium,60,5
TKT_008535,CUST_04261,High,19,4
TKT_008536,CUST_02229,Low,57,5
TKT_008537,CUST_03265,High,60,2
TKT_008538,CUST_04399,Critical,19,1
TKT_008539,CUST_01735,Medium,49,2
TKT_008540,CUST_04944,Critical,3,4
TKT_008541,CUST_02456,Low,41,2
TKT_008542,CUST_04110,High,13,4
TKT_008543,CUST_01455,Low,67,3
TKT_008544,CUST_02127,Medium,68,3
TKT_008545,CUST_03956,Medium,43,5
TKT_008546,CUST_00001,Medium,30,4
TKT_008547,CUST_00647,Medium,24,4
TKT_008548,CUST_02543,Low,53,3
TKT_008549,CUST_01869,Critical,17,2
TKT_008550,CUST_03187,Low,21,5
TKT_008551,CUST_02624,Medium,58,4
TKT_008552,CUST_03346,High,16,5
TKT_008553,CUST_00708,High,38,1
TKT_008554,CUST_03396,Medium,71,3
TKT_008555,CUST_00603,Medium,69,2
TKT_008556,CUST_02832,Medium,63,4
TKT_008557,CUST_04494,Medium,69,3
TKT_008558,CUST_03662,Medium,36,4
TKT_008559,CUST_04845,Medium,18,3
TKT_008560,CUST_03384,Medium,71,5
TKT_008561,CUST_04110,Medium,56,4
TKT_008562,CUST_02157,Medium,38,5
TKT_008563,CUST_03910,Medium,63,5
TKT_008564,CUST_02091,Low,70,5
TKT_008565,CUST_02873,High,32,5
TKT_008566,CUST_02406,High,54,4
TKT_008567,CUST_04571,Low,39,4
TKT_008568,CUST_01099,Medium,32,5
TKT_008569,CUST_01951,Medium,45,1
TKT_008570,CUST_03379,Low,32,1
TKT_008571,CUST_03825,Low,58,3
TKT_008572,CUST_02553,Low,38,2
TKT_008573,CUST_02883,Medium,26,2
TKT_008574,CUST_04993,Low,62,4
TKT_008575,CUST_02011,Low,16,2
TKT_008576,CUST_00494,Low,28,5
TKT_008577,CUST_01852,Low,19,2
TKT_008578,CUST_04944,Medium,68,2
TKT_008579,CUST_02159,Medium,68,4
TKT_008580,CUST_04637,Low,59,2
TKT_008581,CUST_02295,Medium,58,4
TKT_008582,CUST_04842,Low,35,5
TKT_008583,CUST_03387,Medium,29,4
TKT_008584,CUST_01419,Low,61,3
TKT_008585,CUST_03827,Medium,58,4
TKT_008586,CUST_03923,Low,53,5
TKT_008587,CUST_02890,Medium,16,3
TKT_008588,CUST_04790,Medium,65,5
TKT_008589,CUST_00241,Low,27,5
TKT_008590,CUST_04792,Medium,32,4
TKT_008591,CUST_02903,Medium,23,4
TKT_008592,CUST_02401,Medium,28,2
TKT_008593,CUST_00094,Low,55,1
TKT_008594,CUST_03399,Medium,44,5
TKT_008595,CUST_01744,Low,22,4
TKT_008596,CUST_04011,Medium,51,4
TKT_008597,CUST_04149,Low,71,1
TKT_008598,CUST_04466,Medium,48,1
TKT_008599,CUST_03969,Low,51,5
TKT_008600,CUST_02658,High,22,4
TKT_008601,CUST_01469,High,39,3
TKT_008602,CUST_02678,Critical,7,5
TKT_008603,CUST_03362,High,41,3
TKT_008604,CUST_02406,Critical,2,4
TKT_008605,CUST_02109,High,25,4
TKT_008606,CUST_01276,Low,62,1
TKT_008607,CUST_04856,Medium,54,5
TKT_008608,CUST_04872,Low,32,3
TKT_008609,CUST_04662,Medium,43,5
TKT_008610,CUST_01070,Medium,38,4
TKT_008611,CUST_01142,High,45,5
TKT_008612,CUST_01567,Critical,3,1
TKT_008613,CUST_02527,Low,54,5
TKT_008614,CUST_00916,Medium,44,4
TKT_008615,CUST_04374,Medium,48,2
TKT_008616,CUST_04537,Medium,66,4
TKT_008617,CUST_03857,Medium,69,5
TKT_008618,CUST_02905,High,32,4
TKT_008619,CUST_01816,High,58,4
TKT_008620,CUST_02930,Low,62,5
TKT_008621,CUST_01802,Low,40,4
TKT_008622,CUST_02852,Medium,27,4
TKT_008623,CUST_03818,Medium,15,3
TKT_008624,CUST_03794,Medium,55,5
TKT_008625,CUST_01661,Critical,11,4
TKT_008626,CUST_01619,Low,16,5
TKT_008627,CUST_00594,Medium,30,4
TKT_008628,CUST_02071,Critical,7,5
TKT_008629,CUST_00648,Medium,50,5
TKT_008630,CUST_01330,Medium,17,4
TKT_008631,CUST_01424,Low,41,5
TKT_008632,CUST_00881,Low,39,4
TKT_008633,CUST_01235,Low,24,5
TKT_008634,CUST_01618,Medium,58,4
TKT_008635,CUST_02144,Medium,14,5
TKT_008636,CUST_01457,High,69,5
TKT_008637,CUST_02831,Low,46,1
TKT_008638,CUST_01073,Low,15,3
TKT_008639,CUST_03733,Low,21,2
TKT_008640,CUST_01079,Medium,62,3
TKT_008641,CUST_04947,Critical,9,4
TKT_008642,CUST_04619,High,12,5
TKT_008643,CUST_04915,Medium,12,3
TKT_008644,CUST_01969,Low,18,4
TKT_008645,CUST_00088,Low,27,5
TKT_008646,CUST_04452,High,35,4
TKT_008647,CUST_01089,Medium,15,4
TKT_008648,CUST_02239,Low,27,5
TKT_008649,CUST_00654,Medium,18,5
TKT_008650,CUST_03110,Low,61,2
TKT_008651,CUST_01398,Medium,36,2
TKT_008652,CUST_04761,High,26,1
TKT_008653,CUST_02428,Low,20,3
TKT_008654,CUST_02085,Medium,22,1
TKT_008655,CUST_00739,Low,18,4
TKT_008656,CUST_03000,Critical,16,1
TKT_008657,CUST_03951,Low,50,4
TKT_008658,CUST_03207,Medium,34,4
TKT_008659,CUST_04107,Low,14,4
TKT_008660,CUST_04430,High,18,3
TKT_008661,CUST_02467,Low,14,5
TKT_008662,CUST_00881,Medium,23,4
TKT_008663,CUST_02356,Low,14,4
TKT_008664,CUST_04677,Medium,18,3
TKT_008665,CUST_04266,Low,34,3
TKT_008666,CUST_03221,Low,49,4
TKT_008667,CUST_01537,Medium,26,5
TKT_008668,CUST_03979,High,34,5
TKT_008669,CUST_04618,Medium,69,4
TKT_008670,CUST_00440,Low,53,4
TKT_008671,CUST_02047,Medium,16,1
TKT_008672,CUST_02195,Medium,52,5
TKT_008673,CUST_00886,Medium,60,3
TKT_008674,CUST_00298,Low,64,4
TKT_008675,CUST_02857,High,40,2
TKT_008676,CUST_00894,Low,30,5
TKT_008677,CUST_00660,Low,35,1
TKT_008678,CUST_00124,Low,34,4
TKT_008679,CUST_03483,High,39,1
TKT_008680,CUST_03852,High,28,5
TKT_008681,CUST_00248,High,20,1
TKT_008682,CUST_01486,Low,64,5
TKT_008683,CUST_01406,Medium,28,3
TKT_008684,CUST_01130,Low,12,4
TKT_008685,CUST_02930,Critical,13,4
TKT_008686,CUST_04774,Medium,62,5
TKT_008687,CUST_01474,Medium,20,4
TKT_008688,CUST_02528,Low,51,4
TKT_008689,CUST_00469,Medium,17,3
TKT_008690,CUST_02827,Medium,26,4
TKT_008691,CUST_01919,Medium,58,3
TKT_008692,CUST_00339,Medium,17,4
TKT_008693,CUST_03698,Medium,64,5
TKT_008694,CUST_03834,Medium,58,2
TKT_008695,CUST_04451,High,29,3
TKT_008696,CUST_02053,Low,65,1
TKT_008697,CUST_00246,Low,35,1
TKT_008698,CUST_00987,Medium,49,1
TKT_008699,CUST_00647,Low,66,5
TKT_008700,CUST_00444,Low,61,5
TKT_008701,CUST_00287,Low,61,4
TKT_008702,CUST_04308,Medium,41,3
TKT_008703,CUST_03609,Low,30,5
TKT_008704,CUST_00849,Medium,69,4
TKT_008705,CUST_01509,Critical,12,2
TKT_008706,CUST_00335,Medium,34,5
TKT_008707,CUST_00887,Medium,35,2
TKT_008708,CUST_04042,Low,63,5
TKT_008709,CUST_04268,Low,38,3
TKT_008710,CUST_00875,Low,69,5
TKT_008711,CUST_02567,Critical,19,5
TKT_008712,CUST_03687,Medium,22,4
TKT_008713,CUST_01331,Low,26,5
TKT_008714,CUST_02201,Medium,41,2
TKT_008715,CUST_04583,Low,17,1
TKT_008716,CUST_01774,Medium,36,4
TKT_008717,CUST_02028,Low,66,2
TKT_008718,CUST_03754,Low,42,4
TKT_008719,CUST_04507,Low,22,5
TKT_008720,CUST_01445,Low,15,5
TKT_008721,CUST_04596,Medium,26,4
TKT_008722,CUST_00568,Medium,59,4
TKT_008723,CUST_01698,Low,35,1
TKT_008724,CUST_04765,Medium,25,4
TKT_008725,CUST_03144,Low,35,5
TKT_008726,CUST_01101,Medium,34,3
TKT_008727,CUST_00046,Low,16,4
TKT_008728,CUST_02853,Low,58,3
TKT_008729,CUST_02807,Low,37,3
TKT_008730,CUST_01539,Medium,41,4
TKT_008731,CUST_02784,Critical,15,5
TKT_008732,CUST_00761,Low,53,1
TKT_008733,CUST_01513,Low,49,4
TKT_008734,CUST_00661,Low,59,1
TKT_008735,CUST_00698,Low,59,5
TKT_008736,CUST_01031,Low,69,4
TKT_008737,CUST_00825,Low,62,4
TKT_008738,CUST_02340,High,14,1
TKT_008739,CUST_00979,Low,63,4
TKT_008740,CUST_01304,Medium,29,4
TKT_008741,CUST_02584,Low,33,4
TKT_008742,CUST_04408,Low,62,3
TKT_008743,CUST_03797,Medium,39,5
TKT_008744,CUST_01725,Medium,41,3
TKT_008745,CUST_02539,Low,13,5
TKT_008746,CUST_02332,Low,20,1
TKT_008747,CUST_03830,Low,12,4
TKT_008748,CUST_00557,Low,47,3
TKT_008749,CUST_01123,High,68,3
TKT_008750,CUST_02116,Medium,32,3
TKT_008751,CUST_02126,Critical,17,4
TKT_008752,CUST_03218,Low,39,4
TKT_008753,CUST_00075,Medium,47,2
TKT_008754,CUST_00514,Low,43,4
TKT_008755,CUST_04862,High,69,5
TKT_008756,CUST_04230,Low,17,5
TKT_008757,CUST_03091,Medium,34,5
TKT_008758,CUST_02740,Low,17,2
TKT_008759,CUST_02877,Medium,71,3
TKT_008760,CUST_02032,Medium,33,1
TKT_008761,CUST_03192,Medium,42,5
TKT_008762,CUST_03407,Low,30,2
TKT_008763,CUST_03991,Medium,19,5
TKT_008764,CUST_00531,Medium,19,4
TKT_008765,CUST_04166,Low,31,1
TKT_008766,CUST_00434,Medium,35,4
TKT_008767,CUST_01630,Critical,22,2
TKT_008768,CUST_03734,High,71,4
TKT_008769,CUST_03708,Low,52,4
TKT_008770,CUST_03294,High,64,1
TKT_008771,CUST_00067,High,62,5
TKT_008772,CUST_02855,Low,18,3
TKT_008773,CUST_02279,Medium,63,3
TKT_008774,CUST_00668,High,19,4
TKT_008775,CUST_03969,Medium,38,5
TKT_008776,CUST_00150,Low,54,5
TKT_008777,CUST_01133,Medium,14,5
TKT_008778,CUST_04915,Low,28,5
TKT_008779,CUST_04711,Low,16,4
TKT_008780,CUST_00540,High,49,4
TKT_008781,CUST_01822,Low,71,4
TKT_008782,CUST_00475,High,58,5
TKT_008783,CUST_02302,Low,20,1
TKT_008784,CUST_03625,Medium,62,4
TKT_008785,CUST_02541,Medium,17,3
TKT_008786,CUST_02713,Medium,19,4
TKT_008787,CUST_02619,High,55,4
TKT_008788,CUST_02850,High,37,5
TKT_008789,CUST_03239,Medium,59,3
TKT_008790,CUST_02157,Low,31,5
TKT_008791,CUST_03489,Medium,37,5
TKT_008792,CUST_02804,Low,69,4
TKT_008793,CUST_04374,Low,65,4
TKT_008794,CUST_03483,Low,14,4
TKT_008795,CUST_02715,Low,59,5
TKT_008796,CUST_00250,Low,69,2
TKT_008797,CUST_00559,Low,36,4
TKT_008798,CUST_01586,Medium,26,3
TKT_008799,CUST_03447,Low,22,1
TKT_008800,CUST_03695,Low,43,3
TKT_008801,CUST_02332,Medium,43,4
TKT_008802,CUST_04840,Low,17,5
TKT_008803,CUST_01725,Low,13,4
TKT_008804,CUST_01587,Medium,34,4
TKT_008805,CUST_04837,Medium,40,4
TKT_008806,CUST_01906,High,18,2
TKT_008807,CUST_02793,Low,41,2
TKT_008808,CUST_00417,Medium,27,5
TKT_008809,CUST_02579,Low,12,5
TKT_008810,CUST_03614,Low,24,5
TKT_008811,CUST_00804,Low,47,5
TKT_008812,CUST_02951,Medium,12,1
TKT_008813,CUST_04212,Low,33,3
TKT_008814,CUST_03179,Medium,48,4
TKT_008815,CUST_01570,High,40,2
TKT_008816,CUST_03250,Low,27,1
TKT_008817,CUST_00298,Low,62,3
TKT_008818,CUST_03233,Medium,55,5
TKT_008819,CUST_00782,Low,20,5
TKT_008820,CUST_03033,High,36,3
TKT_008821,CUST_04508,Critical,18,5
TKT_008822,CUST_04722,Low,33,3
TKT_008823,CUST_00423,Medium,52,5
TKT_008824,CUST_01118,Medium,13,3
TKT_008825,CUST_04639,Medium,12,1
TKT_008826,CUST_04851,Low,21,5
TKT_008827,CUST_03972,Low,46,3
TKT_008828,CUST_02886,Medium,35,1
TKT_008829,CUST_00536,Medium,61,5
TKT_008830,CUST_02266,Critical,1,4
TKT_008831,CUST_01378,Medium,55,4
TKT_008832,CUST_03649,Medium,58,5
TKT_008833,CUST_01124,Critical,1,5
TKT_008834,CUST_00421,Low,21,4
TKT_008835,CUST_02363,Low,49,2
TKT_008836,CUST_00315,Medium,31,4
TKT_008837,CUST_02487,Low,63,5
TKT_008838,CUST_01601,High,23,4
TKT_008839,CUST_03149,Medium,71,4
TKT_008840,CUST_02618,Low,34,5
TKT_008841,CUST_00100,Low,34,5
TKT_008842,CUST_00891,Medium,20,4
TKT_008843,CUST_00812,Low,15,1
TKT_008844,CUST_03533,Low,40,2
TKT_008845,CUST_01422,Medium,38,5
TKT_008846,CUST_04044,Low,40,5
TKT_008847,CUST_00245,Low,68,4
TKT_008848,CUST_03453,Medium,15,4
TKT_008849,CUST_02100,Low,13,4
TKT_008850,CUST_03263,High,18,1
TKT_008851,CUST_02170,Low,68,5
TKT_008852,CUST_03483,Medium,54,3
TKT_008853,CUST_01014,Low,59,4
TKT_008854,CUST_04390,Low,53,4
TKT_008855,CUST_00246,High,58,5
TKT_008856,CUST_04068,Medium,45,2
TKT_008857,CUST_01208,Low,23,4
TKT_008858,CUST_03521,Low,38,5
TKT_008859,CUST_02394,Low,65,5
TKT_008860,CUST_03240,Medium,33,3
TKT_008861,CUST_01640,Medium,26,4
TKT_008862,CUST_03477,Low,54,4
TKT_008863,CUST_02649,Low,21,4
TKT_008864,CUST_03596,Medium,46,4
TKT_008865,CUST_02084,Medium,51,5
TKT_008866,CUST_01040,Low,64,5
TKT_008867,CUST_02722,Low,31,4
TKT_008868,CUST_02760,High,43,5
TKT_008869,CUST_00987,Medium,31,4
TKT_008870,CUST_02471,Low,16,4
TKT_008871,CUST_00960,Low,40,3
TKT_008872,CUST_02253,Critical,23,5
TKT_008873,CUST_04253,Medium,37,3
TKT_008874,CUST_04927,Medium,22,3
TKT_008875,CUST_00299,Low,40,3
TKT_008876,CUST_00019,High,71,1
TKT_008877,CUST_01523,Medium,55,3
TKT_008878,CUST_02186,Low,31,4
TKT_008879,CUST_00700,Low,54,1
TKT_008880,CUST_04139,Low,17,2
TKT_008881,CUST_00625,Medium,19,3
TKT_008882,CUST_02417,Medium,56,2
TKT_008883,CUST_04075,Medium,58,2
TKT_008884,CUST_01153,Medium,13,2
TKT_008885,CUST_01299,Medium,66,5
TKT_008886,CUST_00376,Low,38,5
TKT_008887,CUST_03993,Low,49,5
TKT_008888,CUST_01383,Low,31,5
TKT_008889,CUST_00852,Low,41,4
TKT_008890,CUST_01308,Critical,3,3
TKT_008891,CUST_03179,Low,13,5
TKT_008892,CUST_00483,Medium,26,5
TKT_008893,CUST_01048,High,44,5
TKT_008894,CUST_00919,Medium,22,4
TKT_008895,CUST_02529,Medium,51,4
TKT_008896,CUST_04084,Low,35,4
TKT_008897,CUST_02366,Low,52,4
TKT_008898,CUST_02191,Medium,26,1
TKT_008899,CUST_04612,Low,16,3
TKT_008900,CUST_02048,Low,20,2
TKT_008901,CUST_01735,Medium,15,4
TKT_008902,CUST_01537,High,38,3
TKT_008903,CUST_02373,Low,53,3
TKT_008904,CUST_01550,Low,15,5
TKT_008905,CUST_01246,Low,48,5
TKT_008906,CUST_02534,Medium,62,2
TKT_008907,CUST_01815,Medium,64,5
TKT_008908,CUST_03527,Low,24,4
TKT_008909,CUST_01132,High,32,5
TKT_008910,CUST_04466,Medium,22,5
TKT_008911,CUST_02960,Medium,23,4
TKT_008912,CUST_04489,Low,25,5
TKT_008913,CUST_04215,Low,56,5
TKT_008914,CUST_01774,High,69,4
TKT_008915,CUST_04450,High,47,2
TKT_008916,CUST_00766,Medium,24,4
TKT_008917,CUST_03005,Medium,70,1
TKT_008918,CUST_01581,Low,16,4
TKT_008919,CUST_01662,Critical,17,3
TKT_008920,CUST_01671,Medium,20,4
TKT_008921,CUST_01088,Low,44,3
TKT_008922,CUST_03948,High,55,4
TKT_008923,CUST_03490,Low,66,5
TKT_008924,CUST_04378,Low,28,4
TKT_008925,CUST_02601,Medium,38,5
TKT_008926,CUST_02490,Medium,12,2
TKT_008927,CUST_03382,Medium,62,5
TKT_008928,CUST_01437,Medium,16,3
TKT_008929,CUST_00816,Low,23,5
TKT_008930,CUST_00232,Low,36,4
TKT_008931,CUST_01485,Medium,36,4
TKT_008932,CUST_03656,Low,23,4
TKT_008933,CUST_01479,Medium,22,3
TKT_008934,CUST_04485,Medium,41,1
TKT_008935,CUST_01332,High,59,4
TKT_008936,CUST_01281,Low,38,1
TKT_008937,CUST_02422,Medium,28,5
TKT_008938,CUST_03624,Critical,13,3
TKT_008939,CUST_02240,Low,14,3
TKT_008940,CUST_03595,Medium,22,5
TKT_008941,CUST_01406,Low,60,2
TKT_008942,CUST_01888,High,44,4
TKT_008943,CUST_02183,Medium,58,4
TKT_008944,CUST_00179,Critical,22,4
TKT_008945,CUST_00551,Low,29,4
TKT_008946,CUST_04652,Medium,12,3
TKT_008947,CUST_04075,Medium,17,3
TKT_008948,CUST_04905,Medium,45,1
TKT_008949,CUST_03367,Low,16,4
TKT_008950,CUST_04253,Low,14,5
TKT_008951,CUST_00201,Low,37,5
TKT_008952,CUST_03896,Low,48,1
TKT_008953,CUST_01347,Medium,51,3
TKT_008954,CUST_04441,Low,17,4
TKT_008955,CUST_02464,Medium,22,1
TKT_008956,CUST_02145,Medium,22,4
TKT_008957,CUST_00621,Low,54,5
TKT_008958,CUST_01778,Low,51,3
TKT_008959,CUST_03881,Low,49,5
TKT_008960,CUST_04975,Medium,27,2
TKT_008961,CUST_01133,Medium,31,1
TKT_008962,CUST_00955,Medium,31,3
TKT_008963,CUST_00132,Critical,1,4
TKT_008964,CUST_00605,Low,69,5
TKT_008965,CUST_04662,Medium,46,2
TKT_008966,CUST_01401,Medium,51,3
TKT_008967,CUST_03267,Low,56,4
TKT_008968,CUST_04354,High,53,3
TKT_008969,CUST_04076,High,36,1
TKT_008970,CUST_03940,Low,41,3
TKT_008971,CUST_02894,Medium,51,3
TKT_008972,CUST_02549,High,36,4
TKT_008973,CUST_03884,Medium,21,2
TKT_008974,CUST_01886,Medium,56,4
TKT_008975,CUST_00339,Low,68,3
TKT_008976,CUST_02067,Low,46,3
TKT_008977,CUST_00911,Low,38,3
TKT_008978,CUST_03997,Medium,71,4
TKT_008979,CUST_04819,High,15,5
TKT_008980,CUST_00854,Medium,71,4
TKT_008981,CUST_04271,Medium,27,2
TKT_008982,CUST_04087,Low,40,4
TKT_008983,CUST_04615,Low,46,2
TKT_008984,CUST_00897,Medium,32,3
TKT_008985,CUST_00233,Medium,52,4
TKT_008986,CUST_02759,High,42,4
TKT_008987,CUST_04630,Medium,30,4
TKT_008988,CUST_00825,Medium,55,4
TKT_008989,CUST_00125,Critical,12,4
TKT_008990,CUST_03657,Low,43,5
TKT_008991,CUST_00698,Low,15,5
TKT_008992,CUST_01062,Medium,25,4
TKT_008993,CUST_00248,Medium,12,5
TKT_008994,CUST_04096,Medium,51,4
TKT_008995,CUST_02007,Low,30,5
TKT_008996,CUST_01920,High,59,1
TKT_008997,CUST_01612,Medium,43,3
TKT_008998,CUST_00141,Low,19,3
TKT_008999,CUST_04193,Low,16,3
TKT_009000,CUST_03664,High,19,3
TKT_009001,CUST_03328,Low,60,4
TKT_009002,CUST_01378,Medium,17,5
TKT_009003,CUST_04041,Low,46,1
TKT_009004,CUST_02864,Low,64,5
TKT_009005,CUST_01551,Medium,63,3
TKT_009006,CUST_02018,Medium,71,4
TKT_009007,CUST_00808,Low,22,4
TKT_009008,CUST_02846,Critical,8,4
TKT_009009,CUST_03440,Low,36,1
TKT_009010,CUST_04631,Medium,62,4
TKT_009011,CUST_02313,Low,40,1
TKT_009012,CUST_00672,High,66,1
TKT_009013,CUST_00305,High,31,3
TKT_009014,CUST_02477,Low,46,3
TKT_009015,CUST_04880,Medium,37,4
TKT_009016,CUST_01312,Low,62,3
TKT_009017,CUST_02841,Medium,31,4
TKT_009018,CUST_03934,High,50,4
TKT_009019,CUST_04133,Low,54,1
TKT_009020,CUST_04397,Low,52,3
TKT_009021,CUST_00136,Low,58,4
TKT_009022,CUST_03313,Low,55,3
TKT_009023,CUST_04271,Low,55,3
TKT_009024,CUST_02852,Low,17,4
TKT_009025,CUST_03033,Low,28,4
TKT_009026,CUST_02407,High,67,3
TKT_009027,CUST_03978,Low,61,4
TKT_009028,CUST_02305,Low,38,5
TKT_009029,CUST_03066,Low,52,2
TKT_009030,CUST_01242,Critical,5,3
TKT_009031,CUST_03168,Medium,30,3
TKT_009032,CUST_03671,Low,53,2
TKT_009033,CUST_00131,Medium,43,4
TKT_009034,CUST_00627,Medium,54,3
TKT_009035,CUST_00288,Critical,23,5
TKT_009036,CUST_02708,High,49,2
TKT_009037,CUST_02104,Low,52,5
TKT_009038,CUST_02048,Medium,42,4
TKT_009039,CUST_02382,Medium,27,4
TKT_009040,CUST_01635,Critical,4,4
TKT_009041,CUST_01596,Low,14,2
TKT_009042,CUST_03256,Low,27,1
TKT_009043,CUST_00687,Medium,61,5
TKT_009044,CUST_02712,Medium,62,1
TKT_009045,CUST_04905,Medium,27,4
TKT_009046,CUST_04100,Low,15,5
TKT_009047,CUST_01612,Critical,13,1
TKT_009048,CUST_02483,High,65,3
TKT_009049,CUST_04878,Medium,39,3
TKT_009050,CUST_04063,Medium,34,3
TKT_009051,CUST_00995,High,53,2
TKT_009052,CUST_01402,Low,30,3
TKT_009053,CUST_01554,Low,36,2
TKT_009054,CUST_02876,Critical,21,2
TKT_009055,CUST_03228,Medium,14,4
TKT_009056,CUST_03571,Low,19,3
TKT_009057,CUST_00660,High,37,1
TKT_009058,CUST_00965,Critical,9,5
TKT_009059,CUST_02075,High,30,4
TKT_009060,CUST_00988,Low,66,5
TKT_009061,CUST_00613,Low,28,1
TKT_009062,CUST_02131,Medium,12,4
TKT_009063,CUST_03215,Medium,64,5
TKT_009064,CUST_01277,Critical,9,4
TKT_009065,CUST_02145,Critical,18,5
TKT_009066,CUST_04967,High,68,2
TKT_009067,CUST_03507,Low,54,2
TKT_009068,CUST_00229,Medium,23,2
TKT_009069,CUST_01019,High,43,4
TKT_009070,CUST_01221,Low,35,5
TKT_009071,CUST_02880,Low,45,4
TKT_009072,CUST_03358,Medium,35,5
TKT_009073,CUST_03105,Low,53,5
TKT_009074,CUST_04873,High,20,5
TKT_009075,CUST_01547,Low,59,4
TKT_009076,CUST_01612,Medium,15,3
TKT_009077,CUST_03978,Critical,12,1
TKT_009078,CUST_04150,Critical,21,4
TKT_009079,CUST_02379,Medium,47,5
TKT_009080,CUST_04601,High,35,4
TKT_009081,CUST_04244,Critical,12,1
TKT_009082,CUST_04613,High,50,5
TKT_009083,CUST_02328,Medium,26,2
TKT_009084,CUST_04512,Medium,36,2
TKT_009085,CUST_00556,Medium,67,3
TKT_009086,CUST_00206,Medium,54,2
TKT_009087,CUST_01002,High,21,5
TKT_009088,CUST_03864,Medium,21,5
TKT_009089,CUST_00118,High,17,2
TKT_009090,CUST_02528,Low,63,3
TKT_009091,CUST_03852,Medium,16,4
TKT_009092,CUST_03762,Low,71,4
TKT_009093,CUST_02901,Medium,40,3
TKT_009094,CUST_01459,Medium,31,3
TKT_009095,CUST_02702,High,12,4
TKT_009096,CUST_04637,Low,33,4
TKT_009097,CUST_01049,Low,68,5
TKT_009098,CUST_03001,High,58,4
TKT_009099,CUST_02226,Critical,3,5
TKT_009100,CUST_02188,Low,37,5
TKT_009101,CUST_01106,Low,25,3
TKT_009102,CUST_04528,Low,47,3
TKT_009103,CUST_02994,Medium,23,5
TKT_009104,CUST_00531,Medium,26,4
TKT_009105,CUST_04464,Medium,60,2
TKT_009106,CUST_04863,Medium,27,3
TKT_009107,CUST_02101,Medium,26,1
TKT_009108,CUST_04643,Low,19,3
TKT_009109,CUST_03441,Medium,55,4
TKT_009110,CUST_04763,Medium,61,3
TKT_009111,CUST_03651,High,25,3
TKT_009112,CUST_01997,Critical,14,1
TKT_009113,CUST_00742,Medium,66,5
TKT_009114,CUST_01075,Low,23,4
TKT_009115,CUST_02963,Low,35,5
TKT_009116,CUST_02704,Medium,13,1
TKT_009117,CUST_00867,Low,29,5
TKT_009118,CUST_03783,Low,15,4
TKT_009119,CUST_02133,Low,39,2
TKT_009120,CUST_01193,Critical,16,3
TKT_009121,CUST_04022,Low,52,2
TKT_009122,CUST_02078,Low,51,3
TKT_009123,CUST_01171,High,18,3
TKT_009124,CUST_04184,Medium,56,4
TKT_009125,CUST_04924,Low,67,3
TKT_009126,CUST_00591,High,23,4
TKT_009127,CUST_03492,Low,55,4
TKT_009128,CUST_02225,High,66,5
TKT_009129,CUST_04878,Medium,56,5
TKT_009130,CUST_02640,Low,30,2
TKT_009131,CUST_04846,Medium,15,4
TKT_009132,CUST_01617,Medium,13,2
TKT_009133,CUST_03269,Medium,35,3
TKT_009134,CUST_04905,High,56,4
TKT_009135,CUST_04899,Low,22,5
TKT_009136,CUST_02496,Low,35,4
TKT_009137,CUST_01205,Critical,13,5
TKT_009138,CUST_00165,Medium,50,4
TKT_009139,CUST_02484,Medium,20,5
TKT_009140,CUST_03602,Low,70,3
TKT_009141,CUST_03861,Medium,18,4
TKT_009142,CUST_03328,Medium,40,5
TKT_009143,CUST_01857,Low,46,4
TKT_009144,CUST_02001,Low,35,1
TKT_009145,CUST_04573,Medium,14,4
TKT_009146,CUST_04453,Low,12,2
TKT_009147,CUST_02365,Medium,44,5
TKT_009148,CUST_01211,Medium,63,5
TKT_009149,CUST_03014,Low,57,5
TKT_009150,CUST_01799,Medium,45,2
TKT_009151,CUST_00547,Low,54,2
TKT_009152,CUST_04955,Critical,21,5
TKT_009153,CUST_00042,Critical,11,4
TKT_009154,CUST_01749,Medium,22,5
TKT_009155,CUST_03227,Low,51,5
TKT_009156,CUST_01561,High,44,5
TKT_009157,CUST_03778,Critical,20,3
TKT_009158,CUST_02567,Medium,49,4
TKT_009159,CUST_04292,Medium,31,5
TKT_009160,CUST_01768,Low,43,3
TKT_009161,CUST_01321,Low,19,4
TKT_009162,CUST_04531,Medium,62,3
TKT_009163,CUST_03945,Medium,64,3
TKT_009164,CUST_01756,Low,66,5
TKT_009165,CUST_03864,Low,28,2
TKT_009166,CUST_04944,Medium,57,2
TKT_009167,CUST_04577,Medium,47,3
TKT_009168,CUST_00283,Medium,13,4
TKT_009169,CUST_04693,Medium,59,5
TKT_009170,CUST_03811,Medium,63,3
TKT_009171,CUST_00827,Low,45,5
TKT_009172,CUST_04004,Medium,22,4
TKT_009173,CUST_00290,Low,25,5
TKT_009174,CUST_00564,High,29,3
TKT_009175,CUST_04598,Low,21,5
TKT_009176,CUST_00654,Low,34,1
TKT_009177,CUST_03131,Medium,35,3
TKT_009178,CUST_01081,Medium,55,5
TKT_009179,CUST_01656,Medium,22,1
TKT_009180,CUST_03109,Low,66,4
TKT_009181,CUST_03770,Medium,52,5
TKT_009182,CUST_00467,Low,67,4
TKT_009183,CUST_04896,Medium,39,2
TKT_009184,CUST_03860,Low,38,4
TKT_009185,CUST_03535,High,59,4
TKT_009186,CUST_02028,High,19,4
TKT_009187,CUST_03257,Critical,12,3
TKT_009188,CUST_03693,High,48,3
TKT_009189,CUST_03416,Low,58,1
TKT_009190,CUST_02901,Medium,58,1
TKT_009191,CUST_01968,Low,60,5
TKT_009192,CUST_02661,Low,13,4
TKT_009193,CUST_02253,Low,56,2
TKT_009194,CUST_02027,Medium,69,1
TKT_009195,CUST_04554,Medium,54,1
TKT_009196,CUST_02735,High,12,2
TKT_009197,CUST_01255,Medium,52,1
TKT_009198,CUST_01292,Medium,15,5
TKT_009199,CUST_00946,Medium,59,3
TKT_009200,CUST_01787,High,59,3
TKT_009201,CUST_00489,High,14,4
TKT_009202,CUST_04136,Medium,37,3
TKT_009203,CUST_04826,Low,61,4
TKT_009204,CUST_00748,Low,18,3
TKT_009205,CUST_01623,Medium,33,4
TKT_009206,CUST_00356,Low,21,3
TKT_009207,CUST_02740,Medium,21,4
TKT_009208,CUST_01616,Medium,50,5
TKT_009209,CUST_03591,Medium,12,4
TKT_009210,CUST_02811,High,60,4
TKT_009211,CUST_03149,Medium,69,3
TKT_009212,CUST_00716,Medium,63,4
TKT_009213,CUST_03931,Low,48,4
TKT_009214,CUST_04767,Medium,22,1
TKT_009215,CUST_04497,Medium,45,4
TKT_009216,CUST_04326,Critical,1,4
TKT_009217,CUST_03394,Medium,21,5
TKT_009218,CUST_04163,Medium,25,4
TKT_009219,CUST_01683,Medium,49,5
TKT_009220,CUST_03294,Low,71,5
TKT_009221,CUST_01447,Medium,13,5
TKT_009222,CUST_01520,Low,50,3
TKT_009223,CUST_04311,Low,21,3
TKT_009224,CUST_02538,Low,43,4
TKT_009225,CUST_04999,Medium,40,1
TKT_009226,CUST_00340,High,61,5
TKT_009227,CUST_00112,High,12,3
TKT_009228,CUST_04478,Low,55,2
TKT_009229,CUST_03738,Low,68,1
TKT_009230,CUST_04182,Medium,15,4
TKT_009231,CUST_04457,Low,44,2
TKT_009232,CUST_00484,Low,57,4
TKT_009233,CUST_04570,Medium,35,4
TKT_009234,CUST_00881,Low,52,5
TKT_009235,CUST_03103,Low,33,1
TKT_009236,CUST_00168,Medium,21,5
TKT_009237,CUST_03292,Medium,55,5
TKT_009238,CUST_01736,Medium,71,4
TKT_009239,CUST_04463,Low,37,5
TKT_009240,CUST_01549,Low,25,1
TKT_009241,CUST_04668,Low,23,4
TKT_009242,CUST_00847,Low,31,5
TKT_009243,CUST_02953,Low,45,4
TKT_009244,CUST_00888,Low,67,3
TKT_009245,CUST_01917,Medium,46,1
TKT_009246,CUST_01312,Medium,56,4
TKT_009247,CUST_04054,Low,33,5
TKT_009248,CUST_03127,Low,49,5
TKT_009249,CUST_03315,Medium,28,1
TKT_009250,CUST_02201,Medium,39,5
TKT_009251,CUST_04265,Low,34,5
TKT_009252,CUST_01818,Low,27,4
TKT_009253,CUST_03181,Medium,34,4
TKT_009254,CUST_02944,Low,48,5
TKT_009255,CUST_03937,Medium,61,4
TKT_009256,CUST_03746,Medium,47,4
TKT_009257,CUST_03846,Medium,34,4
TKT_009258,CUST_03743,Low,42,1
TKT_009259,CUST_01763,High,26,4
TKT_009260,CUST_01184,High,24,5
TKT_009261,CUST_02858,Low,25,4
TKT_009262,CUST_03897,Low,33,4
TKT_009263,CUST_02377,Medium,20,5
TKT_009264,CUST_02606,Medium,19,2
TKT_009265,CUST_00344,Medium,25,5
TKT_009266,CUST_00635,High,64,3
TKT_009267,CUST_01238,Low,18,5
TKT_009268,CUST_03230,Medium,14,3
TKT_009269,CUST_04260,Low,47,5
TKT_009270,CUST_04378,Low,34,5
TKT_009271,CUST_02178,Low,28,3
TKT_009272,CUST_02924,Medium,52,5
TKT_009273,CUST_01329,Medium,66,2
TKT_009274,CUST_02094,Low,36,5
TKT_009275,CUST_01237,Medium,34,2
TKT_009276,CUST_01434,Medium,22,5
TKT_009277,CUST_04088,Low,43,4
TKT_009278,CUST_02002,Low,64,5
TKT_009279,CUST_01857,Low,12,4
TKT_009280,CUST_01533,Medium,38,4
TKT_009281,CUST_02050,Medium,55,4
TKT_009282,CUST_04838,Medium,39,2
TKT_009283,CUST_01871,Low,50,3
TKT_009284,CUST_01728,High,37,5
TKT_009285,CUST_04964,Medium,70,3
TKT_009286,CUST_02301,Medium,20,1
TKT_009287,CUST_01496,Low,41,5
TKT_009288,CUST_02876,Medium,14,5
TKT_009289,CUST_00089,Medium,54,3
TKT_009290,CUST_01929,Medium,42,3
TKT_009291,CUST_01039,Medium,64,4
TKT_009292,CUST_03237,Low,21,2
TKT_009293,CUST_01868,Low,62,5
TKT_009294,CUST_03996,Critical,2,3
TKT_009295,CUST_04714,Low,12,5
TKT_009296,CUST_01443,Low,57,5
TKT_009297,CUST_03906,Low,19,3
TKT_009298,CUST_03774,Low,50,1
TKT_009299,CUST_00469,Low,21,4
TKT_009300,CUST_00641,Medium,35,3
TKT_009301,CUST_03932,Medium,55,3
TKT_009302,CUST_00437,Low,30,5
TKT_009303,CUST_04301,Critical,19,4
TKT_009304,CUST_00956,Medium,18,4
TKT_009305,CUST_04618,Medium,20,4
TKT_009306,CUST_03693,Medium,65,2
TKT_009307,CUST_01686,Medium,43,5
TKT_009308,CUST_00285,Low,30,4
TKT_009309,CUST_04933,Medium,50,5
TKT_009310,CUST_02485,High,40,3
TKT_009311,CUST_01163,Low,27,2
TKT_009312,CUST_04755,Medium,50,2
TKT_009313,CUST_02963,Medium,55,5
TKT_009314,CUST_01438,Low,14,4
TKT_009315,CUST_01572,High,16,3
TKT_009316,CUST_04010,Low,17,5
TKT_009317,CUST_04873,Low,28,5
TKT_009318,CUST_04743,High,28,5
TKT_009319,CUST_00390,Medium,47,5
TKT_009320,CUST_02246,Medium,53,1
TKT_009321,CUST_00557,Medium,43,2
TKT_009322,CUST_02001,Low,66,4
TKT_009323,CUST_02505,Low,66,5
TKT_009324,CUST_03526,Critical,9,5
TKT_009325,CUST_01111,Low,25,2
TKT_009326,CUST_04320,Medium,43,2
TKT_009327,CUST_01277,Low,54,4
TKT_009328,CUST_03267,High,49,4
TKT_009329,CUST_01401,Critical,19,2
TKT_009330,CUST_04226,Low,58,1
TKT_009331,CUST_02036,Medium,34,1
TKT_009332,CUST_01457,High,71,2
TKT_009333,CUST_04635,High,23,4
TKT_009334,CUST_01353,Medium,33,5
TKT_009335,CUST_00932,Low,41,1
TKT_009336,CUST_01885,Low,64,4
TKT_009337,CUST_02948,Medium,69,2
TKT_009338,CUST_04181,Critical,22,4
TKT_009339,CUST_04965,Medium,21,3
TKT_009340,CUST_04303,Low,23,5
TKT_009341,CUST_00412,Low,47,4
TKT_009342,CUST_03994,High,39,3
TKT_009343,CUST_00121,Medium,34,4
TKT_009344,CUST_01481,Medium,35,5
TKT_009345,CUST_00009,Medium,39,5
TKT_009346,CUST_04408,High,19,4
TKT_009347,CUST_03276,Low,31,4
TKT_009348,CUST_04925,Medium,14,2
TKT_009349,CUST_00500,High,18,4
TKT_009350,CUST_02698,Medium,34,5
TKT_009351,CUST_04241,Low,70,4
TKT_009352,CUST_04497,Low,46,1
TKT_009353,CUST_02975,Low,44,4
TKT_009354,CUST_00686,Critical,19,4
TKT_009355,CUST_00755,Low,57,4
TKT_009356,CUST_04579,High,46,5
TKT_009357,CUST_02148,Low,33,2
TKT_009358,CUST_02653,Low,45,5
TKT_009359,CUST_04882,High,47,2
TKT_009360,CUST_02315,High,48,3
TKT_009361,CUST_04602,Low,49,4
TKT_009362,CUST_04057,Low,37,5
TKT_009363,CUST_02298,Medium,52,4
TKT_009364,CUST_04535,Low,21,2
TKT_009365,CUST_03680,High,48,5
TKT_009366,CUST_00387,Low,61,3
TKT_009367,CUST_01486,Medium,18,5
TKT_009368,CUST_02544,Low,53,5
TKT_009369,CUST_04712,Low,22,3
TKT_009370,CUST_04752,Medium,28,5
TKT_009371,CUST_00137,Low,19,3
TKT_009372,CUST_02628,Medium,18,1
TKT_009373,CUST_04269,Medium,57,3
TKT_009374,CUST_02050,Low,54,2
TKT_009375,CUST_00857,Medium,19,3
TKT_009376,CUST_04594,High,44,4
TKT_009377,CUST_01144,Medium,17,2
TKT_009378,CUST_02838,Critical,4,1
TKT_009379,CUST_00149,Low,16,4
TKT_009380,CUST_04951,Low,27,3
TKT_009381,CUST_02267,Low,56,4
TKT_009382,CUST_02564,Critical,11,5
TKT_009383,CUST_00570,Low,25,3
TKT_009384,CUST_00198,Low,45,4
TKT_009385,CUST_03446,High,67,4
TKT_009386,CUST_03098,High,69,5
TKT_009387,CUST_02506,High,61,5
TKT_009388,CUST_02757,Medium,45,4
TKT_009389,CUST_04007,Medium,36,3
TKT_009390,CUST_00712,Low,33,2
TKT_009391,CUST_00927,Medium,14,5
TKT_009392,CUST_03770,Low,52,1
TKT_009393,CUST_04271,Medium,29,4
TKT_009394,CUST_04375,Low,67,5
TKT_009395,CUST_00208,High,31,2
TKT_009396,CUST_04871,Low,24,4
TKT_009397,CUST_02353,Medium,53,3
TKT_009398,CUST_02776,Medium,45,3
TKT_009399,CUST_00992,Low,32,5
TKT_009400,CUST_03427,Low,40,4
TKT_009401,CUST_02079,Low,62,5
TKT_009402,CUST_00125,Critical,4,5
TKT_009403,CUST_04527,High,51,5
TKT_009404,CUST_00861,Low,33,5
TKT_009405,CUST_00708,Low,42,5
TKT_009406,CUST_01315,Medium,56,4
TKT_009407,CUST_04555,Medium,42,2
TKT_009408,CUST_01058,Low,17,4
TKT_009409,CUST_03599,High,52,4
TKT_009410,CUST_04437,High,57,1
TKT_009411,CUST_02887,Low,13,2
TKT_009412,CUST_01361,Medium,71,4
TKT_009413,CUST_01170,Low,18,2
TKT_009414,CUST_01574,Medium,23,3
TKT_009415,CUST_00320,High,54,1
TKT_009416,CUST_04470,Medium,62,2
TKT_009417,CUST_00371,Medium,30,4
TKT_009418,CUST_01809,Critical,3,4
TKT_009419,CUST_02464,Medium,31,2
TKT_009420,CUST_01617,Low,24,3
TKT_009421,CUST_04014,Low,58,3
TKT_009422,CUST_04679,Medium,32,4
TKT_009423,CUST_04979,Low,48,1
TKT_009424,CUST_03901,Low,37,4
TKT_009425,CUST_00871,High,44,5
TKT_009426,CUST_00300,Low,69,2
TKT_009427,CUST_02270,Medium,59,4
TKT_009428,CUST_00934,Low,33,4
TKT_009429,CUST_03688,High,70,3
TKT_009430,CUST_04329,High,22,5
TKT_009431,CUST_02226,Critical,9,3
TKT_009432,CUST_00074,Low,56,4
TKT_009433,CUST_01370,Medium,58,1
TKT_009434,CUST_04149,Medium,29,3
TKT_009435,CUST_01456,High,42,4
TKT_009436,CUST_02513,Low,58,1
TKT_009437,CUST_02817,Low,45,1
TKT_009438,CUST_01895,Low,40,3
TKT_009439,CUST_04214,Medium,52,5
TKT_009440,CUST_02266,Medium,28,5
TKT_009441,CUST_01801,Medium,29,5
TKT_009442,CUST_02849,Low,43,4
TKT_009443,CUST_00282,Medium,21,5
TKT_009444,CUST_03370,Medium,20,2
TKT_009445,CUST_00714,Medium,63,5
TKT_009446,CUST_00938,Medium,63,5
TKT_009447,CUST_00816,Medium,38,4
TKT_009448,CUST_01776,Low,37,4
TKT_009449,CUST_02228,High,68,2
TKT_009450,CUST_01179,Low,32,5
TKT_009451,CUST_01963,High,40,4
TKT_009452,CUST_03794,Medium,31,5
TKT_009453,CUST_02432,Medium,20,3
TKT_009454,CUST_02915,Low,15,1
TKT_009455,CUST_02332,High,26,4
TKT_009456,CUST_01802,Low,63,5
TKT_009457,CUST_02499,Medium,34,1
TKT_009458,CUST_04573,High,53,4
TKT_009459,CUST_01168,Low,53,5
TKT_009460,CUST_00257,High,27,3
TKT_009461,CUST_02436,Medium,12,3
TKT_009462,CUST_01749,Medium,30,4
TKT_009463,CUST_00132,High,37,5
TKT_009464,CUST_02675,Medium,70,4
TKT_009465,CUST_02452,Medium,15,2
TKT_009466,CUST_04415,Medium,39,5
TKT_009467,CUST_04563,Medium,51,4
TKT_009468,CUST_00803,Low,68,3
TKT_009469,CUST_02164,Low,60,5
TKT_009470,CUST_00813,Low,71,4
TKT_009471,CUST_04760,Low,46,3
TKT_009472,CUST_00498,Medium,46,5
TKT_009473,CUST_02553,Low,55,1
TKT_009474,CUST_00152,Low,51,5
TKT_009475,CUST_03284,Medium,32,2
TKT_009476,CUST_01350,High,48,1
TKT_009477,CUST_01126,Low,38,5
TKT_009478,CUST_01398,Medium,58,1
TKT_009479,CUST_02813,Medium,51,5
TKT_009480,CUST_00281,Low,24,1
TKT_009481,CUST_04561,Low,65,5
TKT_009482,CUST_01477,Medium,17,5
TKT_009483,CUST_00273,Low,42,4
TKT_009484,CUST_03988,Medium,34,2
TKT_009485,CUST_00521,Medium,53,2
TKT_009486,CUST_01727,Medium,44,5
TKT_009487,CUST_04200,Low,20,1
TKT_009488,CUST_01107,Medium,16,4
TKT_009489,CUST_01476,Low,67,3
TKT_009490,CUST_04998,Medium,55,5
TKT_009491,CUST_00917,Low,69,4
TKT_009492,CUST_01983,Medium,56,3
TKT_009493,CUST_04313,High,49,5
TKT_009494,CUST_02334,Medium,59,5
TKT_009495,CUST_03922,Low,55,5
TKT_009496,CUST_00661,High,65,4
TKT_009497,CUST_03735,Low,15,5
TKT_009498,CUST_02046,Medium,43,1
TKT_009499,CUST_00670,Low,14,5
TKT_009500,CUST_01980,Low,45,3
TKT_009501,CUST_02322,Medium,53,4
TKT_009502,CUST_03828,Low,70,4
TKT_009503,CUST_02733,High,23,4
TKT_009504,CUST_01853,Low,47,4
TKT_009505,CUST_02107,Low,58,4
TKT_009506,CUST_01646,Low,57,4
TKT_009507,CUST_01430,Medium,43,3
TKT_009508,CUST_03442,High,42,5
TKT_009509,CUST_00920,Medium,24,5
TKT_009510,CUST_02113,Low,60,2
TKT_009511,CUST_03952,Medium,33,4
TKT_009512,CUST_04096,High,38,4
TKT_009513,CUST_00412,Low,66,3
TKT_009514,CUST_04394,Low,16,5
TKT_009515,CUST_03300,Medium,53,3
TKT_009516,CUST_02859,High,53,4
TKT_009517,CUST_01221,Medium,37,5
TKT_009518,CUST_02291,Low,60,4
TKT_009519,CUST_02751,Low,30,1
TKT_009520,CUST_00754,Low,65,3
TKT_009521,CUST_01487,Critical,19,5
TKT_009522,CUST_04354,High,68,4
TKT_009523,CUST_04247,Medium,55,4
TKT_009524,CUST_01441,Medium,39,5
TKT_009525,CUST_03372,Medium,13,3
TKT_009526,CUST_02207,Low,14,5
TKT_009527,CUST_01931,Medium,58,5
TKT_009528,CUST_02370,High,24,1
TKT_009529,CUST_01772,Low,47,4
TKT_009530,CUST_03771,Low,32,3
TKT_009531,CUST_02253,Low,57,4
TKT_009532,CUST_02163,Low,56,2
TKT_009533,CUST_01092,Medium,50,5
TKT_009534,CUST_02470,Low,25,1
TKT_009535,CUST_01411,Medium,49,4
TKT_009536,CUST_00844,Medium,39,2
TKT_009537,CUST_01663,High,16,3
TKT_009538,CUST_04766,High,56,2
TKT_009539,CUST_00878,Medium,49,4
TKT_009540,CUST_04043,Low,28,4
TKT_009541,CUST_04696,Low,51,4
TKT_009542,CUST_03632,Medium,50,4
TKT_009543,CUST_02851,Low,57,5
TKT_009544,CUST_03908,High,46,5
TKT_009545,CUST_01562,Medium,29,5
TKT_009546,CUST_01112,High,68,2
TKT_009547,CUST_02155,Medium,32,4
TKT_009548,CUST_04333,High,36,3
TKT_009549,CUST_00204,High,42,5
TKT_009550,CUST_04677,Low,26,4
TKT_009551,CUST_02640,Medium,58,2
TKT_009552,CUST_00864,Low,68,1
TKT_009553,CUST_03710,Critical,4,4
TKT_009554,CUST_04969,Medium,62,3
TKT_009555,CUST_03022,Low,24,4
TKT_009556,CUST_04633,High,43,3
TKT_009557,CUST_00534,Low,42,3
TKT_009558,CUST_00740,Medium,25,5
TKT_009559,CUST_01839,Medium,36,3
TKT_009560,CUST_04407,High,30,1
TKT_009561,CUST_02313,High,34,5
TKT_009562,CUST_02930,Medium,30,5
TKT_009563,CUST_00374,Low,28,4
TKT_009564,CUST_03949,Low,70,4
TKT_009565,CUST_02659,Low,55,3
TKT_009566,CUST_03495,Low,27,2
TKT_009567,CUST_04316,Medium,43,3
TKT_009568,CUST_01501,Medium,42,3
TKT_009569,CUST_00520,Medium,62,4
TKT_009570,CUST_00363,Low,64,3
TKT_009571,CUST_01477,Low,56,3
TKT_009572,CUST_04720,Low,21,4
TKT_009573,CUST_02013,Medium,19,3
TKT_009574,CUST_03325,Medium,66,5
TKT_009575,CUST_01953,Medium,69,4
TKT_009576,CUST_04309,Low,60,5
TKT_009577,CUST_04970,Medium,56,4
TKT_009578,CUST_00531,Medium,13,2
TKT_009579,CUST_04544,Low,36,5
TKT_009580,CUST_04148,Medium,69,3
TKT_009581,CUST_02703,Medium,38,5
TKT_009582,CUST_01578,Low,55,5
TKT_009583,CUST_01632,Low,35,5
TKT_009584,CUST_02387,Low,61,3
TKT_009585,CUST_00847,Low,62,3
TKT_009586,CUST_00896,Low,35,5
TKT_009587,CUST_01841,Low,59,3
TKT_009588,CUST_01357,Low,31,4
TKT_009589,CUST_01620,High,43,4
TKT_009590,CUST_01871,Low,45,3
TKT_009591,CUST_02247,Low,40,5
TKT_009592,CUST_01463,Low,63,3
TKT_009593,CUST_02198,Critical,16,1
TKT_009594,CUST_01963,Medium,25,5
TKT_009595,CUST_01364,Medium,35,3
TKT_009596,CUST_04732,Medium,46,5
TKT_009597,CUST_03603,Low,64,4
TKT_009598,CUST_00859,Critical,4,5
TKT_009599,CUST_03218,Low,19,3
TKT_009600,CUST_00778,Medium,19,4
TKT_009601,CUST_00050,Low,17,1
TKT_009602,CUST_02609,Medium,53,3
TKT_009603,CUST_03683,Low,22,5
TKT_009604,CUST_00376,Medium,60,4
TKT_009605,CUST_00023,Low,54,4
TKT_009606,CUST_02673,Medium,62,3
TKT_009607,CUST_04379,Low,66,5
TKT_009608,CUST_01030,High,24,4
TKT_009609,CUST_04376,Low,38,5
TKT_009610,CUST_02646,Medium,35,3
TKT_009611,CUST_00393,Medium,39,5
TKT_009612,CUST_03518,High,14,1
TKT_009613,CUST_01094,High,17,4
TKT_009614,CUST_01498,Critical,10,3
TKT_009615,CUST_00484,Low,44,2
TKT_009616,CUST_02858,Low,27,4
TKT_009617,CUST_04924,Low,68,1
TKT_009618,CUST_03923,Medium,38,2
TKT_009619,CUST_02224,Low,52,3
TKT_009620,CUST_00231,Medium,32,4
TKT_009621,CUST_00087,Low,12,5
TKT_009622,CUST_04485,Low,29,3
TKT_009623,CUST_01644,Medium,70,1
TKT_009624,CUST_00719,High,60,5
TKT_009625,CUST_04833,Medium,27,5
TKT_009626,CUST_02230,Low,49,3
TKT_009627,CUST_02470,High,29,4
TKT_009628,CUST_02249,Medium,25,2
TKT_009629,CUST_00583,Medium,60,5
TKT_009630,CUST_04120,Low,37,4
TKT_009631,CUST_00873,Medium,17,4
TKT_009632,CUST_02384,Low,22,5
TKT_009633,CUST_03722,Critical,17,2
TKT_009634,CUST_01493,Medium,36,3
TKT_009635,CUST_04237,Medium,69,5
TKT_009636,CUST_03319,Medium,14,4
TKT_009637,CUST_01095,Low,69,2
TKT_009638,CUST_04008,Medium,51,3
TKT_009639,CUST_04488,Medium,41,5
TKT_009640,CUST_02296,Medium,20,5
TKT_009641,CUST_01129,Low,41,1
TKT_009642,CUST_02306,High,53,5
TKT_009643,CUST_00406,Medium,32,4
TKT_009644,CUST_01655,Low,33,4
TKT_009645,CUST_04982,Medium,56,3
TKT_009646,CUST_03076,High,23,3
TKT_009647,CUST_01588,Medium,53,4
TKT_009648,CUST_02055,Low,71,3
TKT_009649,CUST_04097,Medium,64,2
TKT_009650,CUST_04435,Low,41,4
TKT_009651,CUST_03770,Medium,57,4
TKT_009652,CUST_03774,Medium,17,4
TKT_009653,CUST_04446,Low,38,4
TKT_009654,CUST_02103,Low,45,3
TKT_009655,CUST_03853,Low,26,3
TKT_009656,CUST_00796,Low,71,4
TKT_009657,CUST_02947,Low,68,3
TKT_009658,CUST_02320,High,66,5
TKT_009659,CUST_02905,Medium,65,5
TKT_009660,CUST_01454,Medium,41,4
TKT_009661,CUST_00879,Low,26,3
TKT_009662,CUST_04473,Low,70,4
TKT_009663,CUST_00387,Low,47,4
TKT_009664,CUST_03682,Medium,69,4
TKT_009665,CUST_02435,Medium,68,3
TKT_009666,CUST_01181,Medium,54,4
TKT_009667,CUST_04520,Low,40,5
TKT_009668,CUST_00787,Low,18,2
TKT_009669,CUST_04373,Medium,26,2
TKT_009670,CUST_03220,Low,63,5
TKT_009671,CUST_01839,Low,62,4
TKT_009672,CUST_01774,Low,40,4
TKT_009673,CUST_03186,Medium,25,2
TKT_009674,CUST_02043,Critical,4,4
TKT_009675,CUST_01625,Low,35,5
TKT_009676,CUST_03573,Medium,49,4
TKT_009677,CUST_01249,Medium,13,1
TKT_009678,CUST_04243,High,18,4
TKT_009679,CUST_01626,Medium,67,2
TKT_009680,CUST_01472,High,64,4
TKT_009681,CUST_03753,Medium,46,3
TKT_009682,CUST_01347,Medium,39,2
TKT_009683,CUST_01115,Medium,51,1
TKT_009684,CUST_00014,High,61,4
TKT_009685,CUST_01172,Medium,37,4
TKT_009686,CUST_01827,Medium,43,2
TKT_009687,CUST_03543,Low,26,5
TKT_009688,CUST_00409,Medium,54,5
TKT_009689,CUST_04480,Medium,33,3
TKT_009690,CUST_04153,Medium,34,4
TKT_009691,CUST_02562,Medium,21,4
TKT_009692,CUST_03650,Low,36,2
TKT_009693,CUST_02393,Medium,64,3
TKT_009694,CUST_01903,Low,71,4
TKT_009695,CUST_03159,Low,38,4
TKT_009696,CUST_00405,High,60,3
TKT_009697,CUST_04341,Low,37,4
TKT_009698,CUST_00859,Medium,29,4
TKT_009699,CUST_01998,Critical,17,5
TKT_009700,CUST_00209,Low,12,5
TKT_009701,CUST_02191,Low,13,5
TKT_009702,CUST_01823,Medium,43,4
TKT_009703,CUST_00546,Low,48,5
TKT_009704,CUST_00804,High,42,2
TKT_009705,CUST_01128,Low,53,4
TKT_009706,CUST_04093,High,23,4
TKT_009707,CUST_00247,Low,24,5
TKT_009708,CUST_02578,High,59,4
TKT_009709,CUST_00465,High,70,4
TKT_009710,CUST_00620,Medium,40,3
TKT_009711,CUST_01959,Medium,70,4
TKT_009712,CUST_03036,Low,14,4
TKT_009713,CUST_02416,Low,15,3
TKT_009714,CUST_01230,Low,27,4
TKT_009715,CUST_00357,Medium,21,4
TKT_009716,CUST_02379,High,25,3
TKT_009717,CUST_03352,Medium,64,4
TKT_009718,CUST_00885,Medium,62,5
TKT_009719,CUST_04597,Medium,48,4
TKT_009720,CUST_01759,High,30,3
TKT_009721,CUST_04840,Medium,54,3
TKT_009722,CUST_02921,Critical,9,5
TKT_009723,CUST_01458,Low,41,3
TKT_009724,CUST_00551,Low,50,1
TKT_009725,CUST_00200,High,15,5
TKT_009726,CUST_01391,Medium,58,1
TKT_009727,CUST_03743,Low,67,4
TKT_009728,CUST_04435,Critical,17,3
TKT_009729,CUST_01444,High,59,5
TKT_009730,CUST_04775,Low,43,2
TKT_009731,CUST_00277,High,38,5
TKT_009732,CUST_00054,Medium,34,4
TKT_009733,CUST_00164,Low,30,2
TKT_009734,CUST_02124,Medium,45,4
TKT_009735,CUST_02790,Critical,1,1
TKT_009736,CUST_04518,Medium,30,4
TKT_009737,CUST_04673,High,34,5
TKT_009738,CUST_01254,Low,57,4
TKT_009739,CUST_01330,Medium,55,2
TKT_009740,CUST_00986,Low,62,2
TKT_009741,CUST_03189,Low,53,2
TKT_009742,CUST_01081,Medium,51,4
TKT_009743,CUST_00659,Medium,67,2
TKT_009744,CUST_02266,Medium,60,3
TKT_009745,CUST_04642,High,66,2
TKT_009746,CUST_02035,Medium,19,2
TKT_009747,CUST_00849,Low,20,5
TKT_009748,CUST_00466,High,67,1
TKT_009749,CUST_04662,Low,25,4
TKT_009750,CUST_04600,Medium,58,4
TKT_009751,CUST_01375,Low,59,3
TKT_009752,CUST_04637,Critical,18,5
TKT_009753,CUST_01807,Low,65,3
TKT_009754,CUST_02127,Medium,51,5
TKT_009755,CUST_00419,Medium,46,4
TKT_009756,CUST_01460,Low,45,4
TKT_009757,CUST_04533,Medium,12,5
TKT_009758,CUST_02214,Low,43,5
TKT_009759,CUST_00598,High,19,4
TKT_009760,CUST_01190,Critical,18,4
TKT_009761,CUST_03907,High,43,5
TKT_009762,CUST_04046,Medium,49,3
TKT_009763,CUST_00446,Low,71,4
TKT_009764,CUST_04750,Low,54,3
TKT_009765,CUST_00047,Medium,46,1
TKT_009766,CUST_03929,Medium,57,5
TKT_009767,CUST_01513,High,33,5
TKT_009768,CUST_01287,Medium,48,5
TKT_009769,CUST_02702,Critical,4,4
TKT_009770,CUST_01949,Medium,32,2
TKT_009771,CUST_00943,Medium,63,5
TKT_009772,CUST_02702,Low,40,4
TKT_009773,CUST_02291,Low,24,3
TKT_009774,CUST_03726,Medium,64,2
TKT_009775,CUST_04951,Medium,48,5
TKT_009776,CUST_00904,Low,48,2
TKT_009777,CUST_02660,Low,53,3
TKT_009778,CUST_01132,Low,56,2
TKT_009779,CUST_02369,Low,53,5
TKT_009780,CUST_04570,Medium,51,4
TKT_009781,CUST_02756,Low,45,4
TKT_009782,CUST_03545,Low,45,2
TKT_009783,CUST_00467,Medium,65,4
TKT_009784,CUST_04058,Medium,62,4
TKT_009785,CUST_04851,Medium,21,3
TKT_009786,CUST_04035,Medium,26,3
TKT_009787,CUST_01136,Medium,38,3
TKT_009788,CUST_01479,High,27,3
TKT_009789,CUST_04384,Medium,53,3
TKT_009790,CUST_00341,Medium,53,4
TKT_009791,CUST_00660,Critical,18,5
TKT_009792,CUST_00186,Low,63,3
TKT_009793,CUST_02077,Medium,38,4
TKT_009794,CUST_01432,Medium,62,3
TKT_009795,CUST_04993,High,15,2
TKT_009796,CUST_00747,Medium,45,5
TKT_009797,CUST_03835,Low,52,4
TKT_009798,CUST_00533,Low,22,4
TKT_009799,CUST_02976,High,14,2
TKT_009800,CUST_04210,Medium,50,5
TKT_009801,CUST_01122,Low,36,5
TKT_009802,CUST_03094,Medium,36,4
TKT_009803,CUST_01145,Low,49,3
TKT_009804,CUST_00211,Low,12,3
TKT_009805,CUST_03774,Medium,23,1
TKT_009806,CUST_02864,Medium,69,4
TKT_009807,CUST_02434,High,29,4
TKT_009808,CUST_04997,Medium,52,4
TKT_009809,CUST_01924,Critical,15,4
TKT_009810,CUST_03125,High,69,5
TKT_009811,CUST_01892,Low,24,3
TKT_009812,CUST_00641,High,29,4
TKT_009813,CUST_01615,High,26,2
TKT_009814,CUST_01485,Critical,2,4
TKT_009815,CUST_03793,Low,17,1
TKT_009816,CUST_01926,High,50,2
TKT_009817,CUST_01880,Low,24,2
TKT_009818,CUST_02999,Medium,23,4
TKT_009819,CUST_01332,Medium,69,4
TKT_009820,CUST_02261,High,21,1
TKT_009821,CUST_04280,Medium,70,5
TKT_009822,CUST_02141,Medium,37,5
TKT_009823,CUST_01644,Medium,38,3
TKT_009824,CUST_02293,Low,33,1
TKT_009825,CUST_03711,Medium,44,4
TKT_009826,CUST_01796,Medium,54,5
TKT_009827,CUST_01678,Medium,27,3
TKT_009828,CUST_02753,Low,12,5
TKT_009829,CUST_01404,Low,61,5
TKT_009830,CUST_00239,Low,54,1
TKT_009831,CUST_00319,High,52,4
TKT_009832,CUST_00562,Low,57,3
TKT_009833,CUST_02808,Medium,54,2
TKT_009834,CUST_02378,Low,12,5
TKT_009835,CUST_03414,Medium,22,5
TKT_009836,CUST_04705,Low,52,1
TKT_009837,CUST_04039,Low,33,2
TKT_009838,CUST_02660,Low,40,1
TKT_009839,CUST_01508,Medium,45,4
TKT_009840,CUST_04962,High,53,3
TKT_009841,CUST_02021,Low,14,4
TKT_009842,CUST_00155,High,42,4
TKT_009843,CUST_00542,Low,68,3
TKT_009844,CUST_04256,Low,24,3
TKT_009845,CUST_04886,Low,69,5
TKT_009846,CUST_01605,High,22,3
TKT_009847,CUST_01685,Medium,61,3
TKT_009848,CUST_02537,Low,57,4
TKT_009849,CUST_01280,Low,48,1
TKT_009850,CUST_04152,Medium,19,3
TKT_009851,CUST_02900,Low,21,2
TKT_009852,CUST_00869,Low,49,5
TKT_009853,CUST_03014,High,26,3
TKT_009854,CUST_03167,Low,19,4
TKT_009855,CUST_03311,Medium,65,1
TKT_009856,CUST_00683,Low,41,4
TKT_009857,CUST_02264,Low,47,4
TKT_009858,CUST_01462,High,41,1
TKT_009859,CUST_03830,High,67,3
TKT_009860,CUST_00146,Medium,42,4
TKT_009861,CUST_01975,Medium,52,5
TKT_009862,CUST_01821,Medium,16,5
TKT_009863,CUST_00605,Medium,30,4
TKT_009864,CUST_01607,Medium,60,3
TKT_009865,CUST_04240,Medium,45,5
TKT_009866,CUST_03200,High,24,3
TKT_009867,CUST_01548,Medium,60,2
TKT_009868,CUST_02773,High,69,4
TKT_009869,CUST_01988,Low,36,5
TKT_009870,CUST_01386,Low,25,1
TKT_009871,CUST_03644,Medium,22,2
TKT_009872,CUST_02897,Low,41,4
TKT_009873,CUST_01820,Medium,18,1
TKT_009874,CUST_02655,Medium,69,4
TKT_009875,CUST_02120,Medium,13,1
TKT_009876,CUST_04718,Low,46,3
TKT_009877,CUST_00946,High,54,4
TKT_009878,CUST_01306,Low,14,4
TKT_009879,CUST_01902,High,44,3
TKT_009880,CUST_03696,Low,62,1
TKT_009881,CUST_00159,Medium,57,2
TKT_009882,CUST_03795,High,71,4
TKT_009883,CUST_03323,High,43,4
TKT_009884,CUST_01351,High,28,5
TKT_009885,CUST_04721,High,62,4
TKT_009886,CUST_04434,Medium,62,5
TKT_009887,CUST_01655,Medium,39,2
TKT_009888,CUST_03031,Medium,32,5
TKT_009889,CUST_00676,High,62,2
TKT_009890,CUST_00369,High,69,4
TKT_009891,CUST_03176,Medium,30,5
TKT_009892,CUST_01204,Medium,44,4
TKT_009893,CUST_03361,Medium,68,5
TKT_009894,CUST_01472,High,22,4
TKT_009895,CUST_01349,Low,44,5
TKT_009896,CUST_03424,Low,34,5
TKT_009897,CUST_03017,Critical,16,4
TKT_009898,CUST_00670,Medium,19,2
TKT_009899,CUST_01255,Medium,41,3
TKT_009900,CUST_04420,High,18,2
TKT_009901,CUST_02009,High,58,4
TKT_009902,CUST_00827,Low,69,4
TKT_009903,CUST_02312,Low,59,4
TKT_009904,CUST_00450,Medium,33,3
TKT_009905,CUST_00549,Medium,38,5
TKT_009906,CUST_01635,Low,51,4
TKT_009907,CUST_03670,High,53,3
TKT_009908,CUST_02113,Medium,47,3
TKT_009909,CUST_01639,Medium,56,3
TKT_009910,CUST_04720,Critical,18,5
TKT_009911,CUST_04449,Medium,30,3
TKT_009912,CUST_01008,Low,38,3
TKT_009913,CUST_04232,Low,67,5
TKT_009914,CUST_03386,Low,17,5
TKT_009915,CUST_01011,Critical,11,4
TKT_009916,CUST_02774,Low,35,5
TKT_009917,CUST_02801,Medium,35,5
TKT_009918,CUST_00310,Medium,41,4
TKT_009919,CUST_00156,Low,50,4
TKT_009920,CUST_01637,Medium,56,5
TKT_009921,CUST_04462,Low,46,3
TKT_009922,CUST_03153,Low,64,5
TKT_009923,CUST_03131,Critical,18,3
TKT_009924,CUST_01261,Low,60,4
TKT_009925,CUST_04434,Medium,46,5
TKT_009926,CUST_04568,High,31,5
TKT_009927,CUST_04385,Low,47,5
TKT_009928,CUST_04470,Low,22,4
TKT_009929,CUST_03381,Medium,61,5
TKT_009930,CUST_01631,Medium,30,3
TKT_009931,CUST_01146,Low,51,5
TKT_009932,CUST_02395,Medium,56,1
TKT_009933,CUST_00036,High,36,4
TKT_009934,CUST_00725,Low,61,4
TKT_009935,CUST_01477,Low,33,3
TKT_009936,CUST_02507,Low,12,5
TKT_009937,CUST_03298,Medium,31,2
TKT_009938,CUST_00891,High,68,4
TKT_009939,CUST_02850,High,60,5
TKT_009940,CUST_01401,Low,46,3
TKT_009941,CUST_01027,High,34,5
TKT_009942,CUST_04102,High,35,1
TKT_009943,CUST_02661,Medium,50,2
TKT_009944,CUST_04405,Medium,34,2
TKT_009945,CUST_02407,High,49,2
TKT_009946,CUST_03006,High,58,5
TKT_009947,CUST_03750,High,18,2
TKT_009948,CUST_00676,Low,50,2
TKT_009949,CUST_02850,Medium,55,2
TKT_009950,CUST_00518,High,20,4
TKT_009951,CUST_04480,Low,40,4
TKT_009952,CUST_03986,Low,52,5
TKT_009953,CUST_02587,Medium,54,3
TKT_009954,CUST_04704,Low,53,1
TKT_009955,CUST_00162,Low,21,3
TKT_009956,CUST_00601,Low,26,5
TKT_009957,CUST_01560,Low,59,5
TKT_009958,CUST_00665,High,69,5
TKT_009959,CUST_04958,High,19,4
TKT_009960,CUST_03782,Low,56,4
TKT_009961,CUST_02040,Low,52,2
TKT_009962,CUST_04577,Low,57,3
TKT_009963,CUST_03791,Medium,33,3
TKT_009964,CUST_04317,Low,31,1
TKT_009965,CUST_01773,High,68,5
TKT_009966,CUST_04606,High,29,4
TKT_009967,CUST_01391,High,67,5
TKT_009968,CUST_04287,High,45,3
TKT_009969,CUST_01718,Medium,34,5
TKT_009970,CUST_01958,Medium,39,5
TKT_009971,CUST_01660,Critical,11,1
TKT_009972,CUST_03089,Medium,21,1
TKT_009973,CUST_02079,Medium,63,5
TKT_009974,CUST_02945,Medium,54,4
TKT_009975,CUST_01828,Low,67,3
TKT_009976,CUST_02440,Critical,9,2
TKT_009977,CUST_01117,Low,21,5
TKT_009978,CUST_02006,Medium,62,2
TKT_009979,CUST_01162,Low,12,5
TKT_009980,CUST_04120,High,67,4
TKT_009981,CUST_00168,Critical,12,4
TKT_009982,CUST_02001,Medium,57,4
TKT_009983,CUST_00289,High,52,1
TKT_009984,CUST_01038,Low,16,4
TKT_009985,CUST_02486,Low,55,5
TKT_009986,CUST_03365,Low,40,1
TKT_009987,CUST_04824,Low,63,1
TKT_009988,CUST_02132,Medium,61,5
TKT_009989,CUST_04465,Medium,60,4
TKT_009990,CUST_03974,Low,31,5
TKT_009991,CUST_01185,Low,19,1
TKT_009992,CUST_04992,Low,36,4
TKT_009993,CUST_02354,Low,12,5
TKT_009994,CUST_01483,Low,47,1
TKT_009995,CUST_03668,Low,55,2
TKT_009996,CUST_04806,Medium,27,4
TKT_009997,CUST_00200,High,16,5
TKT_009998,CUST_00335,Low,61,3
TKT_009999,CUST_03414,High,61,5
TKT_010000,CUST_00179,Medium,62,1
TKT_010001,CUST_00450,Medium,24,2
TKT_010002,CUST_01725,High,12,3
TKT_010003,CUST_01180,Low,19,5
TKT_010004,CUST_04836,Critical,6,4
TKT_010005,CUST_00868,Low,31,3
TKT_010006,CUST_00978,Medium,50,4
TKT_010007,CUST_03641,Low,62,5
TKT_010008,CUST_00666,Medium,36,4
TKT_010009,CUST_02073,Medium,40,4
TKT_010010,CUST_02524,High,14,3
TKT_010011,CUST_00783,Medium,64,5
TKT_010012,CUST_04298,Medium,40,5
TKT_010013,CUST_04706,Critical,3,4
TKT_010014,CUST_01488,Medium,64,3
TKT_010015,CUST_04533,Medium,29,5
TKT_010016,CUST_04968,Critical,15,5
TKT_010017,CUST_03551,High,68,1
TKT_010018,CUST_03451,High,64,4
TKT_010019,CUST_02159,Low,17,2
TKT_010020,CUST_00123,Medium,39,3
TKT_010021,CUST_02483,Low,63,4
TKT_010022,CUST_04074,High,25,5
TKT_010023,CUST_00960,High,37,5
TKT_010024,CUST_01407,Low,18,3
TKT_010025,CUST_03546,Low,69,1
TKT_010026,CUST_04605,Low,22,4
TKT_010027,CUST_00564,Medium,32,4
TKT_010028,CUST_00725,Low,16,4
TKT_010029,CUST_00247,Medium,42,4
TKT_010030,CUST_02629,Low,56,4
TKT_010031,CUST_04967,High,56,3
TKT_010032,CUST_00405,Medium,38,2
TKT_010033,CUST_02554,Medium,44,3
TKT_010034,CUST_01248,Low,45,1
TKT_010035,CUST_02395,Low,61,1
TKT_010036,CUST_04959,Medium,47,5
TKT_010037,CUST_01228,Medium,57,2
TKT_010038,CUST_00633,Critical,6,1
TKT_010039,CUST_03381,Low,37,5
TKT_010040,CUST_04350,Medium,59,5
TKT_010041,CUST_00659,Low,63,3
TKT_010042,CUST_02051,High,46,5
TKT_010043,CUST_03422,Low,31,2
TKT_010044,CUST_01124,Low,25,4
TKT_010045,CUST_04553,Medium,16,4
TKT_010046,CUST_00884,High,23,4
TKT_010047,CUST_00697,Low,24,5
TKT_010048,CUST_04425,Low,59,2
TKT_010049,CUST_00715,High,38,4
TKT_010050,CUST_03990,Medium,38,4
TKT_010051,CUST_00242,High,27,5
TKT_010052,CUST_04275,Low,62,2
TKT_010053,CUST_02228,High,65,4
TKT_010054,CUST_03006,Medium,15,4
TKT_010055,CUST_04847,High,24,4
TKT_010056,CUST_01340,Low,29,3
TKT_010057,CUST_01744,High,56,5
TKT_010058,CUST_02679,Medium,23,2
TKT_010059,CUST_01461,Medium,30,5
TKT_010060,CUST_04445,Low,28,3
TKT_010061,CUST_04615,Medium,53,4
TKT_010062,CUST_00387,Medium,18,5
TKT_010063,CUST_01442,Medium,32,4
TKT_010064,CUST_00801,Medium,57,5
TKT_010065,CUST_00607,Medium,50,1
TKT_010066,CUST_04440,Low,64,4
TKT_010067,CUST_01918,High,12,3
TKT_010068,CUST_03110,High,25,4
TKT_010069,CUST_00366,Low,14,1
TKT_010070,CUST_04477,Medium,43,4
TKT_010071,CUST_04042,Low,20,4
TKT_010072,CUST_00985,High,22,5
TKT_010073,CUST_01125,Low,34,3
TKT_010074,CUST_00491,Critical,13,3
TKT_010075,CUST_04974,Medium,58,3
TKT_010076,CUST_03645,Low,66,4
TKT_010077,CUST_04225,High,16,3
TKT_010078,CUST_04071,Medium,41,1
TKT_010079,CUST_02027,Medium,62,5
TKT_010080,CUST_00021,Low,37,5
TKT_010081,CUST_00028,Low,15,5
TKT_010082,CUST_02498,High,63,4
TKT_010083,CUST_03564,Medium,38,5
TKT_010084,CUST_04748,Low,40,4
TKT_010085,CUST_04929,Low,56,3
TKT_010086,CUST_01454,Medium,49,5
TKT_010087,CUST_02283,Low,65,2
TKT_010088,CUST_02472,Low,70,3
TKT_010089,CUST_02130,Low,18,4
TKT_010090,CUST_02413,Medium,27,3
TKT_010091,CUST_04861,Low,19,4
TKT_010092,CUST_04836,Low,36,5
TKT_010093,CUST_04496,Low,35,3
TKT_010094,CUST_01476,Medium,52,4
TKT_010095,CUST_00936,Medium,52,5
TKT_010096,CUST_00235,High,62,1
TKT_010097,CUST_00035,Medium,66,1
TKT_010098,CUST_04735,Medium,62,5
TKT_010099,CUST_00339,Medium,32,5
TKT_010100,CUST_04028,Medium,54,4
TKT_010101,CUST_03526,Low,69,1
TKT_010102,CUST_01503,Low,27,4
TKT_010103,CUST_03125,Low,52,5
TKT_010104,CUST_03684,Medium,58,4
TKT_010105,CUST_02491,High,22,2
TKT_010106,CUST_04516,Low,19,1
TKT_010107,CUST_00706,Medium,46,5
TKT_010108,CUST_04848,Medium,57,3
TKT_010109,CUST_04345,Medium,17,5
TKT_010110,CUST_02341,Low,48,2
TKT_010111,CUST_04303,Low,22,2
TKT_010112,CUST_01125,Low,39,4
TKT_010113,CUST_01600,High,53,3
TKT_010114,CUST_04531,Low,63,5
TKT_010115,CUST_00239,Medium,22,3
TKT_010116,CUST_01148,High,17,4
TKT_010117,CUST_04614,Medium,51,4
TKT_010118,CUST_03909,Medium,41,1
TKT_010119,CUST_04245,Low,67,5
TKT_010120,CUST_02105,Medium,25,5
TKT_010121,CUST_02204,Medium,24,5
TKT_010122,CUST_03669,Medium,46,4
TKT_010123,CUST_04632,Medium,17,5
TKT_010124,CUST_02163,Medium,60,5
TKT_010125,CUST_03606,Critical,1,4
TKT_010126,CUST_04462,High,22,1
TKT_010127,CUST_03566,Medium,12,3
TKT_010128,CUST_03618,Medium,38,5
TKT_010129,CUST_02934,Medium,41,5
TKT_010130,CUST_03109,High,68,4
TKT_010131,CUST_00465,Low,57,3
TKT_010132,CUST_02035,Medium,37,3
TKT_010133,CUST_02895,Low,39,3
TKT_010134,CUST_02786,Medium,52,4
TKT_010135,CUST_02921,High,43,5
TKT_010136,CUST_00811,Low,21,2
TKT_010137,CUST_00399,Low,23,1
TKT_010138,CUST_01076,Low,64,1
TKT_010139,CUST_02820,Low,71,4
TKT_010140,CUST_01863,Low,66,5
TKT_010141,CUST_03280,Medium,47,4
TKT_010142,CUST_00886,Medium,61,3
TKT_010143,CUST_02567,High,54,1
TKT_010144,CUST_03241,Low,33,1
TKT_010145,CUST_01674,Medium,27,5
TKT_010146,CUST_02750,Low,29,1
TKT_010147,CUST_01985,Low,18,5
TKT_010148,CUST_01692,Critical,6,5
TKT_010149,CUST_04154,Low,47,5
TKT_010150,CUST_03768,Low,13,4
TKT_010151,CUST_00658,Low,20,1
TKT_010152,CUST_03257,Critical,11,4
TKT_010153,CUST_04055,Low,41,2
TKT_010154,CUST_01511,Low,39,3
TKT_010155,CUST_01069,Medium,40,4
TKT_010156,CUST_01386,Low,30,5
TKT_010157,CUST_02615,Low,65,3
TKT_010158,CUST_00772,Low,69,3
TKT_010159,CUST_02575,Medium,39,3
TKT_010160,CUST_02197,Medium,52,5
TKT_010161,CUST_04716,Medium,67,5
TKT_010162,CUST_01998,Low,36,4
TKT_010163,CUST_02083,Medium,40,5
TKT_010164,CUST_02429,Medium,34,5
TKT_010165,CUST_00772,Low,68,5
TKT_010166,CUST_02275,Medium,21,5
TKT_010167,CUST_01164,Medium,52,5
TKT_010168,CUST_03638,Critical,4,4
TKT_010169,CUST_04883,Medium,66,5
TKT_010170,CUST_04432,High,64,4
TKT_010171,CUST_03694,High,44,2
TKT_010172,CUST_03351,High,59,3
TKT_010173,CUST_02380,Medium,66,4
TKT_010174,CUST_00773,Low,71,3
TKT_010175,CUST_00724,Low,52,2
TKT_010176,CUST_01219,Medium,16,3
TKT_010177,CUST_04727,Medium,15,4
TKT_010178,CUST_00706,Low,48,5
TKT_010179,CUST_01282,Medium,15,4
TKT_010180,CUST_02736,High,36,5
TKT_010181,CUST_04538,Low,43,4
TKT_010182,CUST_00611,Medium,25,3
TKT_010183,CUST_01732,Medium,38,2
TKT_010184,CUST_01653,Low,37,3
TKT_010185,CUST_00902,Low,71,5
TKT_010186,CUST_04047,High,19,2
TKT_010187,CUST_03197,High,41,1
TKT_010188,CUST_04897,High,24,5
TKT_010189,CUST_03532,Low,43,4
TKT_010190,CUST_00171,Low,64,4
TKT_010191,CUST_04406,High,54,5
TKT_010192,CUST_02400,High,64,3
TKT_010193,CUST_04956,High,64,5
TKT_010194,CUST_03964,Low,40,4
TKT_010195,CUST_01375,Medium,34,1
TKT_010196,CUST_01597,Medium,39,5
TKT_010197,CUST_00996,Medium,71,3
TKT_010198,CUST_03297,Medium,25,3
TKT_010199,CUST_00746,Medium,21,5
TKT_010200,CUST_01810,Medium,18,5
TKT_010201,CUST_00743,Low,62,1
TKT_010202,CUST_03321,Low,60,5
TKT_010203,CUST_01494,Medium,67,5
TKT_010204,CUST_03521,Low,70,3
TKT_010205,CUST_03423,High,37,3
TKT_010206,CUST_03156,High,47,4
TKT_010207,CUST_02724,High,63,4
TKT_010208,CUST_02001,Low,38,3
TKT_010209,CUST_04269,Low,68,4
TKT_010210,CUST_01929,Low,39,5
TKT_010211,CUST_04241,Medium,57,1
TKT_010212,CUST_04858,Low,41,5
TKT_010213,CUST_03523,Low,66,5
TKT_010214,CUST_02369,Low,55,5
TKT_010215,CUST_01172,Medium,54,4
TKT_010216,CUST_02754,Medium,66,1
TKT_010217,CUST_02960,Medium,70,4
TKT_010218,CUST_01665,Low,35,5
TKT_010219,CUST_02723,High,12,4
TKT_010220,CUST_03201,Medium,52,1
TKT_010221,CUST_00683,Low,38,1
TKT_010222,CUST_03909,Low,12,2
TKT_010223,CUST_01510,Low,21,4
TKT_010224,CUST_02264,Low,54,5
TKT_010225,CUST_02285,Medium,16,5
TKT_010226,CUST_02144,Critical,18,2
TKT_010227,CUST_02960,Low,14,5
TKT_010228,CUST_01657,Medium,40,4
TKT_010229,CUST_03267,High,13,3
TKT_010230,CUST_01274,Low,29,4
TKT_010231,CUST_03519,Low,71,4
TKT_010232,CUST_02016,Medium,25,5
TKT_010233,CUST_00918,High,66,5
TKT_010234,CUST_00952,Low,40,2
TKT_010235,CUST_03025,Medium,16,2
TKT_010236,CUST_00155,Medium,67,1
TKT_010237,CUST_04416,Medium,57,3
TKT_010238,CUST_00301,Medium,16,5
TKT_010239,CUST_00195,Medium,13,5
TKT_010240,CUST_01438,Medium,50,4
TKT_010241,CUST_00733,Medium,34,4
TKT_010242,CUST_04942,Low,42,3
TKT_010243,CUST_03045,Medium,71,1
TKT_010244,CUST_01452,Low,61,3
TKT_010245,CUST_04710,Critical,18,2
TKT_010246,CUST_01289,Low,33,1
TKT_010247,CUST_03248,Low,38,5
TKT_010248,CUST_01376,Low,40,1
TKT_010249,CUST_04280,High,16,5
TKT_010250,CUST_03974,Medium,63,5
TKT_010251,CUST_04595,Medium,23,2
TKT_010252,CUST_03265,High,24,3
TKT_010253,CUST_01000,High,69,3
TKT_010254,CUST_02043,Medium,19,1
TKT_010255,CUST_01045,Medium,57,5
TKT_010256,CUST_03406,High,35,5
TKT_010257,CUST_04894,Low,39,3
TKT_010258,CUST_01079,Medium,48,5
TKT_010259,CUST_04400,Medium,38,4
TKT_010260,CUST_01558,Medium,47,4
TKT_010261,CUST_02137,Low,20,4
TKT_010262,CUST_02928,Low,26,5
TKT_010263,CUST_01835,High,70,5
TKT_010264,CUST_04401,Low,57,5
TKT_010265,CUST_03820,High,16,5
TKT_010266,CUST_04380,Low,39,4
TKT_010267,CUST_02044,Medium,26,3
TKT_010268,CUST_00441,Medium,47,3
TKT_010269,CUST_03955,Low,29,1
TKT_010270,CUST_01469,Low,33,3
TKT_010271,CUST_01963,Low,16,4
TKT_010272,CUST_03449,Medium,33,5
TKT_010273,CUST_03568,Medium,28,2
TKT_010274,CUST_02895,Medium,33,4
TKT_010275,CUST_03936,Low,32,5
TKT_010276,CUST_03011,Low,57,5
TKT_010277,CUST_03864,Medium,34,2
TKT_010278,CUST_03456,Low,39,2
TKT_010279,CUST_00745,Low,39,4
TKT_010280,CUST_00557,Medium,28,5
TKT_010281,CUST_03801,Medium,30,5
TKT_010282,CUST_04726,Low,24,3
TKT_010283,CUST_01852,Low,56,4
TKT_010284,CUST_02420,Medium,56,3
TKT_010285,CUST_02357,High,45,4
TKT_010286,CUST_03865,Low,58,4
TKT_010287,CUST_04198,Low,65,4
TKT_010288,CUST_01884,High,44,4
TKT_010289,CUST_04298,Critical,19,1
TKT_010290,CUST_03844,Low,27,5
TKT_010291,CUST_04129,Medium,54,5
TKT_010292,CUST_00018,Medium,41,4
TKT_010293,CUST_04968,Low,14,3
TKT_010294,CUST_00672,Medium,38,4
TKT_010295,CUST_01139,Medium,70,3
TKT_010296,CUST_00208,Low,31,4
TKT_010297,CUST_00161,Low,65,3
TKT_010298,CUST_03362,High,43,4
TKT_010299,CUST_04415,High,32,1
TKT_010300,CUST_04558,Low,57,5
TKT_010301,CUST_01583,Medium,64,4
TKT_010302,CUST_01986,Low,16,5
TKT_010303,CUST_02957,Medium,60,5
TKT_010304,CUST_00052,High,67,4
TKT_010305,CUST_02666,Low,69,5
TKT_010306,CUST_04706,Low,13,4
TKT_010307,CUST_01745,Medium,33,5
TKT_010308,CUST_00964,Medium,18,5
TKT_010309,CUST_04319,Medium,53,2
TKT_010310,CUST_03711,High,21,5
TKT_010311,CUST_04933,High,63,4
TKT_010312,CUST_01150,Medium,51,4
TKT_010313,CUST_02560,Low,12,5
TKT_010314,CUST_02178,Medium,27,3
TKT_010315,CUST_02756,Medium,52,5
TKT_010316,CUST_01068,Low,39,2
TKT_010317,CUST_01830,Low,59,3
TKT_010318,CUST_04284,Low,31,5
TKT_010319,CUST_04340,Low,37,4
TKT_010320,CUST_00923,Medium,26,5
TKT_010321,CUST_01551,Low,52,2
TKT_010322,CUST_02983,Medium,41,5
TKT_010323,CUST_02045,Low,23,2
TKT_010324,CUST_02982,Critical,5,5
TKT_010325,CUST_04415,Medium,21,2
TKT_010326,CUST_01598,Low,38,3
TKT_010327,CUST_02322,Medium,67,4
TKT_010328,CUST_04859,Medium,32,5
TKT_010329,CUST_02022,Medium,66,5
TKT_010330,CUST_01318,Critical,6,3
TKT_010331,CUST_03476,Medium,48,4
TKT_010332,CUST_03556,High,56,3
TKT_010333,CUST_04298,Low,33,5
TKT_010334,CUST_01558,Medium,50,2
TKT_010335,CUST_03799,Low,52,5
TKT_010336,CUST_01070,High,33,5
TKT_010337,CUST_00498,Low,60,2
TKT_010338,CUST_00105,Low,28,3
TKT_010339,CUST_03754,Critical,18,5
TKT_010340,CUST_04036,Low,37,5
TKT_010341,CUST_01848,Low,48,3
TKT_010342,CUST_03149,Medium,49,4
TKT_010343,CUST_01578,Critical,1,4
TKT_010344,CUST_02573,Medium,52,1
TKT_010345,CUST_00984,Low,53,3
TKT_010346,CUST_02061,Medium,60,5
TKT_010347,CUST_04630,Medium,14,5
TKT_010348,CUST_04648,Critical,4,4
TKT_010349,CUST_01500,Medium,20,4
TKT_010350,CUST_00127,Medium,12,5
TKT_010351,CUST_01758,Medium,67,3
TKT_010352,CUST_04919,Medium,30,1
TKT_010353,CUST_02270,Medium,25,5
TKT_010354,CUST_01615,Low,51,3
TKT_010355,CUST_02445,Low,61,4
TKT_010356,CUST_00099,Low,71,4
TKT_010357,CUST_01507,Medium,49,2
TKT_010358,CUST_03476,Low,13,4
TKT_010359,CUST_03258,Low,18,3
TKT_010360,CUST_04375,High,49,1
TKT_010361,CUST_00376,Low,54,4
TKT_010362,CUST_03475,High,66,4
TKT_010363,CUST_00236,High,68,3
TKT_010364,CUST_04754,Medium,39,3
TKT_010365,CUST_04164,Low,21,4
TKT_010366,CUST_01981,Low,36,4
TKT_010367,CUST_01200,Critical,18,5
TKT_010368,CUST_00617,High,22,4
TKT_010369,CUST_01954,Critical,8,5
TKT_010370,CUST_00818,Critical,8,5
TKT_010371,CUST_00053,Low,56,4
TKT_010372,CUST_03030,Medium,49,4
TKT_010373,CUST_04812,High,21,1
TKT_010374,CUST_04488,Low,29,3
TKT_010375,CUST_03104,Medium,58,5
TKT_010376,CUST_00191,Low,16,5
TKT_010377,CUST_01719,Low,22,4
TKT_010378,CUST_00831,Low,38,4
TKT_010379,CUST_03473,Low,64,4
TKT_010380,CUST_02099,Medium,38,4
TKT_010381,CUST_03361,Medium,71,3
TKT_010382,CUST_02586,Low,47,5
TKT_010383,CUST_02326,High,68,4
TKT_010384,CUST_00451,High,24,5
TKT_010385,CUST_04430,Low,58,3
TKT_010386,CUST_00765,Low,39,4
TKT_010387,CUST_02554,Low,13,5
TKT_010388,CUST_00482,Medium,18,4
TKT_010389,CUST_02408,Medium,43,4
TKT_010390,CUST_04649,Medium,17,2
TKT_010391,CUST_00076,Low,30,4
TKT_010392,CUST_04769,Low,26,3
TKT_010393,CUST_02336,Critical,8,3
TKT_010394,CUST_01461,Low,35,5
TKT_010395,CUST_03249,Medium,57,1
TKT_010396,CUST_01999,Low,59,3
TKT_010397,CUST_02591,Low,63,5
TKT_010398,CUST_01884,Medium,39,5
TKT_010399,CUST_00199,Medium,35,3
TKT_010400,CUST_02468,Low,65,2
TKT_010401,CUST_01098,Low,64,5
TKT_010402,CUST_03495,Medium,67,5
TKT_010403,CUST_04207,Low,33,4
TKT_010404,CUST_03966,Medium,53,4
TKT_010405,CUST_02142,Critical,5,5
TKT_010406,CUST_00297,Medium,17,3
TKT_010407,CUST_02309,Low,58,4
TKT_010408,CUST_02773,High,15,5
TKT_010409,CUST_03846,Medium,45,2
TKT_010410,CUST_00318,High,62,2
TKT_010411,CUST_00272,Medium,50,2
TKT_010412,CUST_01368,Medium,38,3
TKT_010413,CUST_02451,Medium,54,4
TKT_010414,CUST_03312,Low,33,3
TKT_010415,CUST_01659,Low,58,4
TKT_010416,CUST_00443,Medium,65,4
TKT_010417,CUST_00609,Medium,27,4
TKT_010418,CUST_01093,Medium,43,5
TKT_010419,CUST_03785,Medium,68,3
TKT_010420,CUST_02858,Low,16,4
TKT_010421,CUST_01945,Low,70,4
TKT_010422,CUST_02872,Low,52,4
TKT_010423,CUST_00943,Medium,44,4
TKT_010424,CUST_01458,Low,56,5
TKT_010425,CUST_01365,Low,46,4
TKT_010426,CUST_02139,Low,16,5
TKT_010427,CUST_00289,Medium,34,5
TKT_010428,CUST_03345,Medium,57,2
TKT_010429,CUST_04687,Low,48,5
TKT_010430,CUST_02631,Medium,43,5
TKT_010431,CUST_04644,Medium,63,1
TKT_010432,CUST_04654,Medium,25,5
TKT_010433,CUST_00224,Low,64,2
TKT_010434,CUST_03651,Medium,44,4
TKT_010435,CUST_02819,Low,54,3
TKT_010436,CUST_01522,Medium,16,4
TKT_010437,CUST_01655,Medium,68,5
TKT_010438,CUST_03629,Medium,46,5
TKT_010439,CUST_04773,Low,53,5
TKT_010440,CUST_03859,Medium,65,5
TKT_010441,CUST_02093,Low,52,4
TKT_010442,CUST_04464,High,58,5
TKT_010443,CUST_00737,Medium,49,4
TKT_010444,CUST_00146,Medium,69,3
TKT_010445,CUST_02398,Medium,33,5
TKT_010446,CUST_04895,Low,17,4
TKT_010447,CUST_03478,Critical,22,4
TKT_010448,CUST_01034,High,65,4
TKT_010449,CUST_02282,Medium,51,1
TKT_010450,CUST_04620,Medium,45,3
TKT_010451,CUST_01728,Medium,67,3
TKT_010452,CUST_03001,High,15,5
TKT_010453,CUST_00386,Low,13,4
TKT_010454,CUST_02321,Low,20,5
TKT_010455,CUST_04020,Medium,41,5
TKT_010456,CUST_04940,Medium,48,3
TKT_010457,CUST_02375,Medium,30,3
TKT_010458,CUST_00514,Low,71,2
TKT_010459,CUST_00027,Critical,6,5
TKT_010460,CUST_00665,Medium,20,5
TKT_010461,CUST_02188,Medium,16,5
TKT_010462,CUST_03985,Medium,27,4
TKT_010463,CUST_01541,Low,37,3
TKT_010464,CUST_01756,Medium,18,5
TKT_010465,CUST_04124,High,13,3
TKT_010466,CUST_03833,Critical,16,3
TKT_010467,CUST_02632,Low,42,1
TKT_010468,CUST_00308,High,33,4
TKT_010469,CUST_03470,Medium,44,4
TKT_010470,CUST_04230,Low,51,4
TKT_010471,CUST_02834,Medium,60,5
TKT_010472,CUST_03365,Low,70,1
TKT_010473,CUST_01994,High,42,1
TKT_010474,CUST_00704,Low,30,4
TKT_010475,CUST_00355,Medium,17,5
TKT_010476,CUST_00547,Low,57,3
TKT_010477,CUST_00110,Low,51,4
TKT_010478,CUST_01499,Low,54,3
TKT_010479,CUST_03672,Medium,57,4
TKT_010480,CUST_00563,Low,21,2
TKT_010481,CUST_03184,Low,60,2
TKT_010482,CUST_01588,Low,23,3
TKT_010483,CUST_00466,Medium,37,5
TKT_010484,CUST_00177,High,15,4
TKT_010485,CUST_03199,High,62,3
TKT_010486,CUST_04081,Medium,70,4
TKT_010487,CUST_02928,Medium,60,2
TKT_010488,CUST_00895,Critical,14,4
TKT_010489,CUST_01483,Critical,22,5
TKT_010490,CUST_04121,Low,35,5
TKT_010491,CUST_01209,Medium,57,4
TKT_010492,CUST_00427,High,50,5
TKT_010493,CUST_01528,High,46,3
TKT_010494,CUST_02795,Medium,16,5
TKT_010495,CUST_03185,Medium,16,3
TKT_010496,CUST_01907,Medium,19,5
TKT_010497,CUST_02620,High,65,5
TKT_010498,CUST_02574,Low,46,4
TKT_010499,CUST_00087,Medium,66,3
TKT_010500,CUST_03568,Medium,12,4
TKT_010501,CUST_00393,High,13,2
TKT_010502,CUST_00756,Low,18,3
TKT_010503,CUST_04314,Medium,26,5
TKT_010504,CUST_01445,Low,25,5
TKT_010505,CUST_00783,High,24,1
TKT_010506,CUST_04642,Medium,55,4
TKT_010507,CUST_02074,High,40,3
TKT_010508,CUST_00491,Low,61,1
TKT_010509,CUST_03990,Medium,13,3
TKT_010510,CUST_03469,Low,69,5
TKT_010511,CUST_01049,Medium,18,4
TKT_010512,CUST_00199,Low,21,3
TKT_010513,CUST_00371,Medium,31,5
TKT_010514,CUST_04187,Low,36,4
TKT_010515,CUST_00399,Medium,66,3
TKT_010516,CUST_00460,Low,37,3
TKT_010517,CUST_02605,Medium,53,2
TKT_010518,CUST_03247,Medium,17,4
TKT_010519,CUST_04669,Medium,15,5
TKT_010520,CUST_01294,Low,19,5
TKT_010521,CUST_02760,Low,24,5
TKT_010522,CUST_02392,Medium,48,1
TKT_010523,CUST_03660,High,19,4
TKT_010524,CUST_01199,Medium,71,5
TKT_010525,CUST_00470,High,51,5
TKT_010526,CUST_04935,High,40,3
TKT_010527,CUST_01965,Medium,38,4
TKT_010528,CUST_02586,Medium,20,1
TKT_010529,CUST_02278,Low,25,3
TKT_010530,CUST_01730,High,71,5
TKT_010531,CUST_01174,Medium,22,4
TKT_010532,CUST_02675,Medium,36,5
TKT_010533,CUST_00166,Low,34,1
TKT_010534,CUST_02730,Medium,21,5
TKT_010535,CUST_01692,Medium,18,3
TKT_010536,CUST_02623,Low,24,1
TKT_010537,CUST_04339,Low,33,1
TKT_010538,CUST_02416,Medium,52,3
TKT_010539,CUST_00627,Low,51,4
TKT_010540,CUST_02306,Medium,60,1
TKT_010541,CUST_03407,Medium,67,5
TKT_010542,CUST_01132,Low,57,4
TKT_010543,CUST_03956,Low,29,3
TKT_010544,CUST_01645,Critical,23,4
TKT_010545,CUST_02295,Low,33,4
TKT_010546,CUST_04274,Low,64,2
TKT_010547,CUST_03218,Low,66,1
TKT_010548,CUST_02086,Low,70,4
TKT_010549,CUST_04488,Medium,58,4
TKT_010550,CUST_04688,Low,59,1
TKT_010551,CUST_02842,Medium,63,4
TKT_010552,CUST_00931,Medium,20,5
TKT_010553,CUST_04217,Medium,53,5
TKT_010554,CUST_00337,Medium,25,4
TKT_010555,CUST_02732,High,23,3
TKT_010556,CUST_02183,High,51,3
TKT_010557,CUST_01260,Medium,28,4
TKT_010558,CUST_01059,Low,28,1
TKT_010559,CUST_03449,Medium,62,4
TKT_010560,CUST_02417,Medium,67,3
TKT_010561,CUST_00054,Low,35,5
TKT_010562,CUST_01153,Low,61,4
TKT_010563,CUST_04377,High,24,3
TKT_010564,CUST_04345,Medium,60,4
TKT_010565,CUST_01807,Low,47,5
TKT_010566,CUST_00587,Medium,29,2
TKT_010567,CUST_04453,Low,64,5
TKT_010568,CUST_00487,Low,41,1
TKT_010569,CUST_01709,Low,71,5
TKT_010570,CUST_04007,Medium,66,1
TKT_010571,CUST_04628,Critical,4,4
TKT_010572,CUST_03031,Medium,70,3
TKT_010573,CUST_04303,Low,71,5
TKT_010574,CUST_01891,Low,53,5
TKT_010575,CUST_04381,Medium,48,5
TKT_010576,CUST_01812,Low,12,4
TKT_010577,CUST_00938,High,25,2
TKT_010578,CUST_01871,Low,21,3
TKT_010579,CUST_02032,Low,71,4
TKT_010580,CUST_02872,Medium,16,3
TKT_010581,CUST_00883,Low,33,3
TKT_010582,CUST_02009,Medium,52,3
TKT_010583,CUST_03637,High,40,3
TKT_010584,CUST_02558,Medium,60,4
TKT_010585,CUST_04922,High,62,4
TKT_010586,CUST_03864,Medium,43,4
TKT_010587,CUST_00061,Low,70,1
TKT_010588,CUST_02137,Low,42,1
TKT_010589,CUST_02018,Medium,48,1
TKT_010590,CUST_03150,Medium,44,1
TKT_010591,CUST_03812,Medium,41,4
TKT_010592,CUST_00070,Low,50,1
TKT_010593,CUST_04781,Medium,44,4
TKT_010594,CUST_02672,Medium,21,3
TKT_010595,CUST_01596,Low,69,1
TKT_010596,CUST_01255,Medium,46,1
TKT_010597,CUST_02514,High,70,5
TKT_010598,CUST_01022,Low,60,5
TKT_010599,CUST_04528,Medium,68,3
TKT_010600,CUST_04370,High,39,2
TKT_010601,CUST_03177,Medium,66,3
TKT_010602,CUST_00233,High,53,4
TKT_010603,CUST_01188,Low,20,4
TKT_010604,CUST_04981,Low,52,1
TKT_010605,CUST_04899,Low,22,4
TKT_010606,CUST_04806,Critical,9,4
TKT_010607,CUST_00849,Low,38,4
TKT_010608,CUST_01630,High,43,4
TKT_010609,CUST_01651,Low,52,5
TKT_010610,CUST_01872,Low,69,5
TKT_010611,CUST_02302,Low,32,3
TKT_010612,CUST_00692,Medium,23,5
TKT_010613,CUST_00008,Low,18,4
TKT_010614,CUST_02083,High,33,1
TKT_010615,CUST_04898,High,43,4
TKT_010616,CUST_01162,Low,65,3
TKT_010617,CUST_01704,Medium,14,5
TKT_010618,CUST_03380,Medium,23,3
TKT_010619,CUST_00140,Critical,1,1
TKT_010620,CUST_03433,Low,24,5
TKT_010621,CUST_02203,Medium,33,5
TKT_010622,CUST_00659,Low,53,5
TKT_010623,CUST_04409,Medium,49,2
TKT_010624,CUST_04662,Low,64,1
TKT_010625,CUST_03438,Medium,39,5
TKT_010626,CUST_02749,High,63,5
TKT_010627,CUST_00402,Medium,69,5
TKT_010628,CUST_00852,Medium,16,1
TKT_010629,CUST_02709,Medium,41,4
TKT_010630,CUST_03869,Medium,66,5
TKT_010631,CUST_03179,Medium,43,3
TKT_010632,CUST_00783,Medium,71,4
TKT_010633,CUST_00343,Critical,6,2
TKT_010634,CUST_01787,Low,31,1
TKT_010635,CUST_02904,Low,68,5
TKT_010636,CUST_04672,Low,31,5
TKT_010637,CUST_00782,Medium,52,3
TKT_010638,CUST_03749,Low,69,5
TKT_010639,CUST_01339,High,20,3
TKT_010640,CUST_03797,Medium,18,3
TKT_010641,CUST_02871,High,18,5
TKT_010642,CUST_00692,Low,37,5
TKT_010643,CUST_03879,Low,44,4
TKT_010644,CUST_03917,Low,61,5
TKT_010645,CUST_00659,Medium,42,5
TKT_010646,CUST_00184,Low,55,5
TKT_010647,CUST_01204,Medium,25,4
TKT_010648,CUST_02145,Medium,58,1
TKT_010649,CUST_01704,Medium,46,3
TKT_010650,CUST_04432,High,41,2
TKT_010651,CUST_03253,Medium,46,2
TKT_010652,CUST_00403,Medium,30,5
TKT_010653,CUST_00236,Medium,20,2
TKT_010654,CUST_00606,Low,70,5
TKT_010655,CUST_00223,Medium,29,5
TKT_010656,CUST_04011,Medium,12,4
TKT_010657,CUST_00623,Medium,28,1
TKT_010658,CUST_03335,Low,33,5
TKT_010659,CUST_01834,Low,23,5
TKT_010660,CUST_02110,Medium,66,5
TKT_010661,CUST_01253,Medium,29,4
TKT_010662,CUST_00239,Critical,17,4
TKT_010663,CUST_03842,Low,35,2
TKT_010664,CUST_01574,Medium,50,5
TKT_010665,CUST_04703,Medium,15,4
TKT_010666,CUST_02433,Low,34,3
TKT_010667,CUST_01165,Medium,15,2
TKT_010668,CUST_04668,Low,32,3
TKT_010669,CUST_00977,Medium,38,5
TKT_010670,CUST_00960,Medium,22,5
TKT_010671,CUST_03179,Medium,35,3
TKT_010672,CUST_02335,Low,38,3
TKT_010673,CUST_04087,High,70,5
TKT_010674,CUST_03425,High,47,5
TKT_010675,CUST_03285,High,38,2
TKT_010676,CUST_00887,Low,66,5
TKT_010677,CUST_00694,Medium,39,3
TKT_010678,CUST_00181,Low,58,5
TKT_010679,CUST_01189,Low,45,4
TKT_010680,CUST_03168,Low,13,4
TKT_010681,CUST_03075,Medium,52,1
TKT_010682,CUST_01513,Low,37,5
TKT_010683,CUST_03277,Medium,56,4
TKT_010684,CUST_02443,Medium,26,2
TKT_010685,CUST_04394,High,35,4
TKT_010686,CUST_01190,High,30,2
TKT_010687,CUST_03736,Medium,18,3
TKT_010688,CUST_03977,High,28,2
TKT_010689,CUST_03474,Low,59,3
TKT_010690,CUST_04079,Low,15,5
TKT_010691,CUST_02188,Medium,47,3
TKT_010692,CUST_03375,Medium,51,4
TKT_010693,CUST_02798,Medium,41,3
TKT_010694,CUST_01235,Medium,63,4
TKT_010695,CUST_01653,High,54,5
TKT_010696,CUST_00010,High,52,2
TKT_010697,CUST_03572,Low,69,5
TKT_010698,CUST_04167,Medium,66,5
TKT_010699,CUST_03703,Critical,9,3
TKT_010700,CUST_02308,Medium,53,5
TKT_010701,CUST_04324,Low,70,2
TKT_010702,CUST_00778,Low,59,4
TKT_010703,CUST_04476,Medium,57,2
TKT_010704,CUST_02380,Medium,64,5
TKT_010705,CUST_00926,Low,67,5
TKT_010706,CUST_03641,High,31,4
TKT_010707,CUST_02465,High,40,1
TKT_010708,CUST_00165,Medium,53,2
TKT_010709,CUST_02898,High,70,3
TKT_010710,CUST_03268,Low,65,3
TKT_010711,CUST_04335,Medium,64,3
TKT_010712,CUST_02327,Low,37,5
TKT_010713,CUST_04090,High,30,5
TKT_010714,CUST_02118,Critical,9,1
TKT_010715,CUST_01799,Low,49,1
TKT_010716,CUST_04115,Medium,31,1
TKT_010717,CUST_02286,Low,12,5
TKT_010718,CUST_03445,Low,27,4
TKT_010719,CUST_03387,Medium,69,2
TKT_010720,CUST_02118,Medium,12,5
TKT_010721,CUST_00198,Low,46,3
TKT_010722,CUST_03334,Low,19,5
TKT_010723,CUST_02892,Low,19,5
TKT_010724,CUST_00194,Low,13,5
TKT_010725,CUST_00132,Medium,39,4
TKT_010726,CUST_01094,Low,42,2
TKT_010727,CUST_00767,Medium,55,5
TKT_010728,CUST_03769,Medium,27,5
TKT_010729,CUST_02794,Medium,22,5
TKT_010730,CUST_01469,High,60,5
TKT_010731,CUST_02419,Medium,25,3
TKT_010732,CUST_00230,Low,48,3
TKT_010733,CUST_04851,Low,71,3
TKT_010734,CUST_03645,High,44,5
TKT_010735,CUST_03400,Low,19,4
TKT_010736,CUST_03285,Low,52,3
TKT_010737,CUST_02231,High,45,3
TKT_010738,CUST_02403,Low,24,4
TKT_010739,CUST_04661,Medium,54,4
TKT_010740,CUST_01619,Medium,27,2
TKT_010741,CUST_00814,High,47,5
TKT_010742,CUST_03249,High,65,5
TKT_010743,CUST_04547,Medium,50,5
TKT_010744,CUST_00487,High,32,4
TKT_010745,CUST_01691,Low,28,4
TKT_010746,CUST_03321,Low,50,5
TKT_010747,CUST_02001,Low,66,4
TKT_010748,CUST_04303,Low,64,5
TKT_010749,CUST_01268,Medium,45,4
TKT_010750,CUST_00679,Low,29,3
TKT_010751,CUST_02262,Medium,52,5
TKT_010752,CUST_01108,Medium,52,4
TKT_010753,CUST_03107,Low,54,5
TKT_010754,CUST_02863,Medium,47,4
TKT_010755,CUST_04165,Medium,47,3
TKT_010756,CUST_02242,Medium,66,2
TKT_010757,CUST_02345,Medium,16,5
TKT_010758,CUST_00557,Low,39,3
TKT_010759,CUST_03348,Critical,5,3
TKT_010760,CUST_01656,Low,16,5
TKT_010761,CUST_00967,Medium,15,4
TKT_010762,CUST_00292,Critical,18,4
TKT_010763,CUST_04699,Low,44,2
TKT_010764,CUST_04422,Low,68,3
TKT_010765,CUST_01176,Medium,63,4
TKT_010766,CUST_00676,Medium,14,5
TKT_010767,CUST_03284,Low,19,4
TKT_010768,CUST_00181,High,34,2
TKT_010769,CUST_00361,Low,17,4
TKT_010770,CUST_02472,High,38,3
TKT_010771,CUST_00610,Low,33,5
TKT_010772,CUST_00330,Medium,45,3
TKT_010773,CUST_01250,Low,68,4
TKT_010774,CUST_04259,Low,12,4
TKT_010775,CUST_01856,Low,63,2
TKT_010776,CUST_00813,Medium,47,2
TKT_010777,CUST_00493,High,38,1
TKT_010778,CUST_01830,Medium,20,2
TKT_010779,CUST_00471,Medium,55,5
TKT_010780,CUST_01381,Low,62,4
TKT_010781,CUST_04437,High,36,3
TKT_010782,CUST_02203,High,25,3
TKT_010783,CUST_04856,Medium,29,1
TKT_010784,CUST_03265,Medium,60,3
TKT_010785,CUST_02633,Low,66,3
TKT_010786,CUST_03331,Low,29,5
TKT_010787,CUST_03302,Low,60,1
TKT_010788,CUST_04322,Medium,38,3
TKT_010789,CUST_03294,Medium,20,5
TKT_010790,CUST_01040,High,23,5
TKT_010791,CUST_03869,Low,67,5
TKT_010792,CUST_01990,Medium,62,1
TKT_010793,CUST_02766,Low,58,3
TKT_010794,CUST_02506,Medium,29,4
TKT_010795,CUST_02264,Low,60,2
TKT_010796,CUST_00612,Medium,25,1
TKT_010797,CUST_02584,Medium,21,3
TKT_010798,CUST_01799,Medium,31,5
TKT_010799,CUST_04529,Low,33,4
TKT_010800,CUST_04336,Low,70,5
TKT_010801,CUST_04072,Low,45,4
TKT_010802,CUST_04912,Medium,59,5
TKT_010803,CUST_00102,Low,49,3
TKT_010804,CUST_00665,Low,16,2
TKT_010805,CUST_03115,Critical,12,2
TKT_010806,CUST_01591,Low,12,2
TKT_010807,CUST_02369,Medium,37,5
TKT_010808,CUST_04509,Low,18,4
TKT_010809,CUST_00928,Medium,18,4
TKT_010810,CUST_04037,Low,56,2
TKT_010811,CUST_04130,Medium,16,2
TKT_010812,CUST_01851,Medium,31,3
TKT_010813,CUST_00445,Critical,1,5
TKT_010814,CUST_04276,Low,39,4
TKT_010815,CUST_01855,Medium,34,4
TKT_010816,CUST_01690,Low,19,2
TKT_010817,CUST_00717,Medium,58,2
TKT_010818,CUST_00969,Low,27,3
TKT_010819,CUST_04408,Medium,52,5
TKT_010820,CUST_04102,Low,59,5
TKT_010821,CUST_02596,Medium,17,5
TKT_010822,CUST_00638,Medium,22,1
TKT_010823,CUST_04554,Medium,24,5
TKT_010824,CUST_01765,Low,13,1
TKT_010825,CUST_02619,Low,60,4
TKT_010826,CUST_03552,Medium,13,4
TKT_010827,CUST_02116,Low,24,3
TKT_010828,CUST_00120,Low,30,5
TKT_010829,CUST_00848,Medium,44,4
TKT_010830,CUST_00875,High,48,4
TKT_010831,CUST_02995,Medium,66,4
TKT_010832,CUST_03058,Medium,36,5
TKT_010833,CUST_03317,High,59,4
TKT_010834,CUST_03652,Low,49,4
TKT_010835,CUST_01865,Medium,57,4
TKT_010836,CUST_01321,Low,51,2
TKT_010837,CUST_01739,Medium,29,3
TKT_010838,CUST_04021,Medium,40,4
TKT_010839,CUST_00934,High,48,3
TKT_010840,CUST_02676,Medium,22,2
TKT_010841,CUST_03677,Medium,56,4
TKT_010842,CUST_02662,Medium,52,5
TKT_010843,CUST_01372,Low,58,4
TKT_010844,CUST_00275,Medium,56,4
TKT_010845,CUST_02678,Medium,34,2
TKT_010846,CUST_03137,Low,34,5
TKT_010847,CUST_00069,Critical,1,2
TKT_010848,CUST_02775,Critical,9,3
TKT_010849,CUST_04405,Low,58,5
TKT_010850,CUST_02195,Medium,29,5
TKT_010851,CUST_00578,Low,68,1
TKT_010852,CUST_04272,Medium,63,2
TKT_010853,CUST_02249,Medium,20,3
TKT_010854,CUST_03408,High,59,5
TKT_010855,CUST_03199,Low,31,2
TKT_010856,CUST_01175,High,35,2
TKT_010857,CUST_01185,High,28,4
TKT_010858,CUST_00230,Medium,56,4
TKT_010859,CUST_01946,Medium,23,1
TKT_010860,CUST_03985,Medium,44,4
TKT_010861,CUST_01205,Medium,17,5
TKT_010862,CUST_00846,Critical,10,3
TKT_010863,CUST_03789,Low,17,3
TKT_010864,CUST_00427,Low,59,2
TKT_010865,CUST_03154,Medium,34,4
TKT_010866,CUST_01428,Medium,57,5
TKT_010867,CUST_00478,Medium,18,4
TKT_010868,CUST_01955,Low,37,1
TKT_010869,CUST_01057,Medium,14,3
TKT_010870,CUST_04846,Medium,68,5
TKT_010871,CUST_02641,Medium,36,5
TKT_010872,CUST_02915,Medium,14,3
TKT_010873,CUST_03532,High,26,1
TKT_010874,CUST_00514,High,71,4
TKT_010875,CUST_03490,Low,50,5
TKT_010876,CUST_04428,Medium,15,3
TKT_010877,CUST_01440,Medium,49,5
TKT_010878,CUST_00533,Low,56,3
TKT_010879,CUST_02053,High,65,2
TKT_010880,CUST_03927,Medium,32,5
TKT_010881,CUST_04400,Medium,65,2
TKT_010882,CUST_02912,Medium,41,3
TKT_010883,CUST_03269,Medium,18,5
TKT_010884,CUST_01278,High,24,4
TKT_010885,CUST_00867,Low,61,2
TKT_010886,CUST_02886,Medium,54,4
TKT_010887,CUST_02054,Low,18,4
TKT_010888,CUST_04238,Low,34,4
TKT_010889,CUST_04471,Low,55,3
TKT_010890,CUST_01707,Low,18,4
TKT_010891,CUST_02157,Medium,21,5
TKT_010892,CUST_02258,Medium,25,5
TKT_010893,CUST_01226,Low,16,4
TKT_010894,CUST_01434,Low,30,5
TKT_010895,CUST_02050,Low,48,2
TKT_010896,CUST_01822,Medium,44,3
TKT_010897,CUST_02791,Low,64,5
TKT_010898,CUST_02814,Low,25,5
TKT_010899,CUST_01135,High,14,5
TKT_010900,CUST_01977,High,18,4
TKT_010901,CUST_01257,Low,41,5
TKT_010902,CUST_02235,Low,71,3
TKT_010903,CUST_03014,Medium,38,3
TKT_010904,CUST_04984,High,47,5
TKT_010905,CUST_04307,Low,49,2
TKT_010906,CUST_02370,High,65,3
TKT_010907,CUST_00207,Low,22,5
TKT_010908,CUST_03979,Medium,54,4
TKT_010909,CUST_01114,Low,47,5
TKT_010910,CUST_04161,High,27,5
TKT_010911,CUST_01023,Low,28,2
TKT_010912,CUST_02525,Medium,30,4
TKT_010913,CUST_01465,Low,46,3
TKT_010914,CUST_00370,Low,49,3
TKT_010915,CUST_02721,Medium,69,3
TKT_010916,CUST_02702,Critical,4,5
TKT_010917,CUST_04528,Critical,6,5
TKT_010918,CUST_02287,High,56,4
TKT_010919,CUST_04389,High,13,5
TKT_010920,CUST_01842,Critical,8,3
TKT_010921,CUST_04797,Low,50,3
TKT_010922,CUST_00325,Low,38,4
TKT_010923,CUST_04526,Low,70,4
TKT_010924,CUST_04450,Medium,62,5
TKT_010925,CUST_01679,Critical,20,5
TKT_010926,CUST_01520,Medium,13,5
TKT_010927,CUST_04389,Medium,64,5
TKT_010928,CUST_02843,High,60,3
TKT_010929,CUST_02672,High,63,5
TKT_010930,CUST_01281,Medium,26,3
TKT_010931,CUST_04477,High,65,1
TKT_010932,CUST_00225,Low,70,4
TKT_010933,CUST_00903,Medium,12,3
TKT_010934,CUST_04767,Low,17,4
TKT_010935,CUST_00607,Low,41,3
TKT_010936,CUST_04539,Low,55,3
TKT_010937,CUST_04278,High,67,5
TKT_010938,CUST_03572,Medium,38,4
TKT_010939,CUST_00442,Medium,28,1
TKT_010940,CUST_02656,Low,51,3
TKT_010941,CUST_04363,Critical,10,4
TKT_010942,CUST_03607,Medium,70,5
TKT_010943,CUST_02978,Low,61,4
TKT_010944,CUST_00801,Low,62,3
TKT_010945,CUST_02513,Critical,5,4
TKT_010946,CUST_00993,Critical,22,1
TKT_010947,CUST_02180,Medium,67,5
TKT_010948,CUST_00925,Medium,56,5
TKT_010949,CUST_02026,High,32,3
TKT_010950,CUST_01775,Medium,38,1
TKT_010951,CUST_04971,High,27,1
TKT_010952,CUST_02151,Medium,68,4
TKT_010953,CUST_04778,Critical,12,2
TKT_010954,CUST_03027,Medium,25,4
TKT_010955,CUST_03257,Medium,15,1
TKT_010956,CUST_02114,Low,63,4
TKT_010957,CUST_02183,Medium,35,5
TKT_010958,CUST_04153,Medium,24,4
TKT_010959,CUST_00790,Medium,16,1
TKT_010960,CUST_00694,Medium,51,1
TKT_010961,CUST_01684,Low,44,4
TKT_010962,CUST_03908,Critical,8,3
TKT_010963,CUST_02947,Medium,56,4
TKT_010964,CUST_04562,Low,48,5
TKT_010965,CUST_01024,Low,19,3
TKT_010966,CUST_01466,Medium,67,3
TKT_010967,CUST_00027,Medium,50,5
TKT_010968,CUST_00772,Low,30,5
TKT_010969,CUST_04315,Low,21,4
TKT_010970,CUST_03804,High,53,1
TKT_010971,CUST_01878,High,50,4
TKT_010972,CUST_01194,Low,30,5
TKT_010973,CUST_01437,Low,42,5
TKT_010974,CUST_01616,Low,65,1
TKT_010975,CUST_02467,High,25,5
TKT_010976,CUST_03859,Low,36,5
TKT_010977,CUST_03188,Low,19,3
TKT_010978,CUST_01999,Low,15,4
TKT_010979,CUST_03017,High,58,5
TKT_010980,CUST_02509,Medium,16,5
TKT_010981,CUST_01003,Medium,47,4
TKT_010982,CUST_00149,Medium,55,4
TKT_010983,CUST_01902,Medium,17,2
TKT_010984,CUST_02241,Medium,71,4
TKT_010985,CUST_03305,Low,41,5
TKT_010986,CUST_01741,Medium,51,2
TKT_010987,CUST_04258,Medium,49,4
TKT_010988,CUST_03024,Medium,48,4
TKT_010989,CUST_04649,Low,52,1
TKT_010990,CUST_04417,Low,66,1
TKT_010991,CUST_00380,Critical,17,5
TKT_010992,CUST_02811,Medium,30,5
TKT_010993,CUST_01814,Medium,53,5
TKT_010994,CUST_00701,Medium,54,5
TKT_010995,CUST_01150,Low,29,2
TKT_010996,CUST_00581,Low,32,5
TKT_010997,CUST_01546,Medium,48,5
TKT_010998,CUST_04035,Medium,71,3
TKT_010999,CUST_01270,High,54,4
TKT_011000,CUST_00412,Low,65,3
TKT_011001,CUST_01797,Low,28,2
TKT_011002,CUST_02604,Low,42,5
TKT_011003,CUST_04445,Low,32,5
TKT_011004,CUST_01821,Low,66,2
TKT_011005,CUST_01486,Low,22,4
TKT_011006,CUST_01316,Low,27,5
TKT_011007,CUST_03363,Low,20,3
TKT_011008,CUST_04465,Low,62,5
TKT_011009,CUST_01296,Medium,34,4
TKT_011010,CUST_02192,Medium,50,1
TKT_011011,CUST_01577,Low,34,4
TKT_011012,CUST_04616,Medium,63,3
TKT_011013,CUST_01334,High,14,4
TKT_011014,CUST_02424,Low,60,1
TKT_011015,CUST_02825,High,17,2
TKT_011016,CUST_03046,Low,31,1
TKT_011017,CUST_03266,Low,26,3
TKT_011018,CUST_00511,Low,57,2
TKT_011019,CUST_02369,Low,41,3
TKT_011020,CUST_01500,Medium,43,3
TKT_011021,CUST_00856,Low,67,3
TKT_011022,CUST_01951,High,17,2
TKT_011023,CUST_04028,Medium,42,2
TKT_011024,CUST_03317,Medium,27,3
TKT_011025,CUST_00587,Medium,40,4
TKT_011026,CUST_00362,Medium,33,3
TKT_011027,CUST_01673,Low,51,2
TKT_011028,CUST_04812,Low,39,4
TKT_011029,CUST_01007,Low,26,3
TKT_011030,CUST_04669,Low,32,4
TKT_011031,CUST_04048,Low,19,3
TKT_011032,CUST_03334,Medium,12,4
TKT_011033,CUST_04397,Medium,41,3
TKT_011034,CUST_02597,Low,69,5
TKT_011035,CUST_01882,Low,13,3
TKT_011036,CUST_03273,Low,35,4
TKT_011037,CUST_04710,Low,60,4
TKT_011038,CUST_04067,Medium,16,4
TKT_011039,CUST_03993,Low,23,2
TKT_011040,CUST_02610,Low,16,2
TKT_011041,CUST_04604,Low,45,4
TKT_011042,CUST_00891,Low,25,5
TKT_011043,CUST_02847,Low,23,3
TKT_011044,CUST_01696,Low,38,1
TKT_011045,CUST_04979,Medium,13,5
TKT_011046,CUST_00816,Low,60,2
TKT_011047,CUST_00499,High,47,5
TKT_011048,CUST_01681,Medium,56,4
TKT_011049,CUST_03261,Low,49,2
TKT_011050,CUST_01337,Low,14,2
TKT_011051,CUST_04550,Low,69,4
TKT_011052,CUST_00249,Low,47,5
TKT_011053,CUST_01697,Low,19,5
TKT_011054,CUST_00659,Medium,13,3
TKT_011055,CUST_04771,Low,52,5
TKT_011056,CUST_00689,High,53,4
TKT_011057,CUST_02278,Critical,13,4
TKT_011058,CUST_01700,Medium,40,2
TKT_011059,CUST_00224,High,56,4
TKT_011060,CUST_01760,Low,36,2
TKT_011061,CUST_03816,Medium,60,4
TKT_011062,CUST_00054,Low,70,1
TKT_011063,CUST_00700,Critical,18,2
TKT_011064,CUST_00586,Medium,66,3
TKT_011065,CUST_03372,Low,21,4
TKT_011066,CUST_04385,Medium,68,2
TKT_011067,CUST_01452,Low,55,5
TKT_011068,CUST_00311,Low,28,3
TKT_011069,CUST_02506,High,12,4
TKT_011070,CUST_01123,Low,14,2
TKT_011071,CUST_00342,Medium,49,5
TKT_011072,CUST_04659,Low,41,4
TKT_011073,CUST_00983,Low,16,5
TKT_011074,CUST_03719,Medium,55,4
TKT_011075,CUST_03797,High,22,5
TKT_011076,CUST_01409,Low,64,5
TKT_011077,CUST_00457,Low,20,4
TKT_011078,CUST_01650,Medium,58,3
TKT_011079,CUST_01711,Medium,25,3
TKT_011080,CUST_01583,Medium,30,3
TKT_011081,CUST_00365,High,24,5
TKT_011082,CUST_01169,Medium,32,3
TKT_011083,CUST_00145,Medium,50,5
TKT_011084,CUST_01067,Low,54,4
TKT_011085,CUST_00972,Low,13,2
TKT_011086,CUST_01577,Medium,41,3
TKT_011087,CUST_04225,High,34,3
TKT_011088,CUST_04154,Medium,38,2
TKT_011089,CUST_04150,Medium,12,5
TKT_011090,CUST_01248,Medium,18,3
TKT_011091,CUST_03787,Low,13,4
TKT_011092,CUST_00133,Low,34,5
TKT_011093,CUST_03646,Low,42,5
TKT_011094,CUST_01267,Critical,4,5
TKT_011095,CUST_00210,High,40,3
TKT_011096,CUST_04338,Medium,25,5
TKT_011097,CUST_03282,Low,71,5
TKT_011098,CUST_03316,Medium,54,1
TKT_011099,CUST_00814,Low,16,5
TKT_011100,CUST_03521,Medium,22,4
TKT_011101,CUST_03450,Medium,57,2
TKT_011102,CUST_02132,Low,52,5
TKT_011103,CUST_01449,Low,44,3
TKT_011104,CUST_01696,Medium,40,2
TKT_011105,CUST_01510,Medium,17,2
TKT_011106,CUST_01959,Low,18,4
TKT_011107,CUST_02137,High,56,2
TKT_011108,CUST_03056,High,21,4
TKT_011109,CUST_04275,Medium,68,5
TKT_011110,CUST_01229,Medium,31,5
TKT_011111,CUST_01555,Low,20,3
TKT_011112,CUST_02563,High,28,5
TKT_011113,CUST_04212,Low,47,5
TKT_011114,CUST_03419,Low,57,4
TKT_011115,CUST_02449,Medium,17,3
TKT_011116,CUST_04395,Low,66,5
TKT_011117,CUST_04765,High,12,1
TKT_011118,CUST_04606,Medium,22,4
TKT_011119,CUST_03180,Low,54,4
TKT_011120,CUST_03884,Critical,23,5
TKT_011121,CUST_01008,Medium,68,4
TKT_011122,CUST_00540,Medium,71,3
TKT_011123,CUST_00212,Low,50,5
TKT_011124,CUST_04071,High,20,4
TKT_011125,CUST_03894,Low,27,5
TKT_011126,CUST_01394,Low,64,4
TKT_011127,CUST_02780,Medium,38,3
TKT_011128,CUST_02577,High,52,2
TKT_011129,CUST_01264,Low,16,4
TKT_011130,CUST_03474,Low,49,3
TKT_011131,CUST_01013,Medium,19,1
TKT_011132,CUST_00796,Medium,20,3
TKT_011133,CUST_01204,Medium,69,3
TKT_011134,CUST_03344,High,24,5
TKT_011135,CUST_04181,Low,14,4
TKT_011136,CUST_03373,Low,38,5
TKT_011137,CUST_00421,Medium,61,5
TKT_011138,CUST_02258,Low,48,4
TKT_011139,CUST_00062,Low,65,3
TKT_011140,CUST_04101,Low,67,3
TKT_011141,CUST_04592,Low,31,3
TKT_011142,CUST_03179,Medium,44,5
TKT_011143,CUST_01547,Medium,24,3
TKT_011144,CUST_01751,Medium,63,4
TKT_011145,CUST_00731,Low,69,4
TKT_011146,CUST_00179,Medium,35,1
TKT_011147,CUST_00529,High,61,4
TKT_011148,CUST_01411,Medium,53,1
TKT_011149,CUST_02600,Medium,35,5
TKT_011150,CUST_00336,Low,31,1
TKT_011151,CUST_02636,Low,38,5
TKT_011152,CUST_04854,Low,29,3
TKT_011153,CUST_01075,Medium,39,5
TKT_011154,CUST_04737,Medium,47,3
TKT_011155,CUST_04817,Medium,44,5
TKT_011156,CUST_00211,Medium,69,5
TKT_011157,CUST_01668,High,43,3
TKT_011158,CUST_01455,Low,18,5
TKT_011159,CUST_04145,High,26,1
TKT_011160,CUST_00441,Medium,25,4
TKT_011161,CUST_00551,Low,46,5
TKT_011162,CUST_00452,Medium,63,2
TKT_011163,CUST_03217,Medium,62,1
TKT_011164,CUST_00655,Low,51,5
TKT_011165,CUST_04343,Low,42,3
TKT_011166,CUST_00668,Medium,62,4
TKT_011167,CUST_02438,Low,66,5
TKT_011168,CUST_02001,Low,61,2
TKT_011169,CUST_04377,High,42,3
TKT_011170,CUST_03623,Medium,37,5
TKT_011171,CUST_04241,Low,36,1
TKT_011172,CUST_02511,Medium,57,5
TKT_011173,CUST_04917,High,17,5
TKT_011174,CUST_01394,Low,62,5
TKT_011175,CUST_01556,Low,38,3
TKT_011176,CUST_03415,Medium,43,5
TKT_011177,CUST_03390,Low,23,4
TKT_011178,CUST_01895,Medium,71,5
TKT_011179,CUST_04364,Medium,58,5
TKT_011180,CUST_03027,Medium,41,4
TKT_011181,CUST_00912,Medium,35,5
TKT_011182,CUST_04098,Critical,8,2
TKT_011183,CUST_00972,High,33,5
TKT_011184,CUST_00117,Low,15,1
TKT_011185,CUST_03848,Low,30,5
TKT_011186,CUST_00437,Medium,36,2
TKT_011187,CUST_03288,Medium,16,1
TKT_011188,CUST_01585,Medium,15,4
TKT_011189,CUST_04313,High,40,4
TKT_011190,CUST_04667,Low,20,4
TKT_011191,CUST_01596,Low,66,4
TKT_011192,CUST_02126,Low,62,1
TKT_011193,CUST_03191,Medium,49,3
TKT_011194,CUST_03940,Medium,51,5
TKT_011195,CUST_01343,Low,64,5
TKT_011196,CUST_01663,Medium,45,5
TKT_011197,CUST_03279,Low,19,5
TKT_011198,CUST_03744,Low,22,2
TKT_011199,CUST_02645,Low,45,5
TKT_011200,CUST_03076,High,57,3
TKT_011201,CUST_00669,High,43,4
TKT_011202,CUST_02358,Low,43,5
TKT_011203,CUST_01941,Low,60,4
TKT_011204,CUST_03152,Medium,16,3
TKT_011205,CUST_04140,Medium,43,5
TKT_011206,CUST_00453,Medium,16,5
TKT_011207,CUST_01008,Medium,43,1
TKT_011208,CUST_04826,Medium,12,4
TKT_011209,CUST_01223,Critical,6,5
TKT_011210,CUST_03280,Medium,50,4
TKT_011211,CUST_00194,Low,36,4
TKT_011212,CUST_01036,Medium,38,4
TKT_011213,CUST_01150,Low,57,4
TKT_011214,CUST_00440,Medium,25,3
TKT_011215,CUST_00732,Medium,59,3
TKT_011216,CUST_04398,Medium,20,3
TKT_011217,CUST_03656,Low,39,3
TKT_011218,CUST_04217,High,61,5
TKT_011219,CUST_00786,Medium,35,2
TKT_011220,CUST_02603,Low,20,3
TKT_011221,CUST_04304,Low,47,5
TKT_011222,CUST_04310,Low,50,2
TKT_011223,CUST_01359,Medium,48,5
TKT_011224,CUST_02125,Low,60,4
TKT_011225,CUST_01174,Low,53,4
TKT_011226,CUST_02620,Low,67,5
TKT_011227,CUST_00213,Medium,45,3
TKT_011228,CUST_04594,Medium,14,3
TKT_011229,CUST_04801,Low,32,4
TKT_011230,CUST_00029,High,50,4
TKT_011231,CUST_02945,High,48,2
TKT_011232,CUST_03964,Low,53,5
TKT_011233,CUST_00789,Medium,47,3
TKT_011234,CUST_02254,Medium,13,2
TKT_011235,CUST_03740,Medium,28,1
TKT_011236,CUST_01003,Medium,62,4
TKT_011237,CUST_02675,Medium,65,3
TKT_011238,CUST_01250,Medium,52,3
TKT_011239,CUST_01624,Medium,40,4
TKT_011240,CUST_04407,Medium,36,5
TKT_011241,CUST_02639,High,32,2
TKT_011242,CUST_03513,Low,30,2
TKT_011243,CUST_02704,High,40,5
TKT_011244,CUST_00085,High,14,5
TKT_011245,CUST_04867,High,50,2
TKT_011246,CUST_04501,Low,23,4
TKT_011247,CUST_03115,Low,66,4
TKT_011248,CUST_03673,Critical,22,5
TKT_011249,CUST_04329,Critical,2,3
TKT_011250,CUST_04604,Low,37,1
TKT_011251,CUST_01374,Medium,50,2
TKT_011252,CUST_01464,Low,42,3
TKT_011253,CUST_01575,Low,19,4
TKT_011254,CUST_03034,Low,46,4
TKT_011255,CUST_04117,Low,16,3
TKT_011256,CUST_02093,Medium,71,3
TKT_011257,CUST_02653,Low,71,5
TKT_011258,CUST_02091,Critical,11,1
TKT_011259,CUST_03252,Medium,37,5
TKT_011260,CUST_00297,Low,38,5
TKT_011261,CUST_01131,High,24,5
TKT_011262,CUST_02985,Medium,67,5
TKT_011263,CUST_00717,Low,34,3
TKT_011264,CUST_03984,Medium,12,4
TKT_011265,CUST_04732,Medium,61,4
TKT_011266,CUST_03185,Medium,39,3
TKT_011267,CUST_04143,Medium,65,1
TKT_011268,CUST_01308,Low,26,5
TKT_011269,CUST_04427,Medium,24,5
TKT_011270,CUST_04332,Medium,51,4
TKT_011271,CUST_00862,Medium,16,5
TKT_011272,CUST_04812,Low,50,5
TKT_011273,CUST_02485,High,37,4
TKT_011274,CUST_01098,Medium,58,5
TKT_011275,CUST_00571,Medium,18,4
TKT_011276,CUST_01315,Medium,46,5
TKT_011277,CUST_00948,Low,60,4
TKT_011278,CUST_04154,Medium,33,5
TKT_011279,CUST_04596,Medium,64,4
TKT_011280,CUST_00731,Medium,20,4
TKT_011281,CUST_02844,Medium,71,2
TKT_011282,CUST_04578,Medium,12,4
TKT_011283,CUST_00326,Medium,26,5
TKT_011284,CUST_04327,Medium,64,5
TKT_011285,CUST_03930,Medium,41,5
TKT_011286,CUST_03236,Low,14,1
TKT_011287,CUST_01384,Medium,17,5
TKT_011288,CUST_03282,Medium,42,1
TKT_011289,CUST_04074,Medium,16,5
TKT_011290,CUST_00555,Medium,15,5
TKT_011291,CUST_02471,High,67,5
TKT_011292,CUST_03205,Low,36,5
TKT_011293,CUST_00203,Low,22,3
TKT_011294,CUST_04786,Medium,54,1
TKT_011295,CUST_04880,Low,25,4
TKT_011296,CUST_01588,High,36,4
TKT_011297,CUST_00453,Low,60,5
TKT_011298,CUST_03075,Low,68,3
TKT_011299,CUST_01113,Critical,13,5
TKT_011300,CUST_01075,Low,38,4
TKT_011301,CUST_03525,Medium,40,5
TKT_011302,CUST_04768,Low,63,3
TKT_011303,CUST_00480,High,52,5
TKT_011304,CUST_03205,Low,12,3
TKT_011305,CUST_03319,Low,57,1
TKT_011306,CUST_02934,High,16,5
TKT_011307,CUST_03795,Low,67,5
TKT_011308,CUST_02444,Medium,32,2
TKT_011309,CUST_04255,Low,51,4
TKT_011310,CUST_02513,Low,48,1
TKT_011311,CUST_01174,High,45,5
TKT_011312,CUST_03062,Low,71,5
TKT_011313,CUST_04655,Low,13,4
TKT_011314,CUST_01897,Medium,67,4
TKT_011315,CUST_02295,Medium,56,2
TKT_011316,CUST_02747,Medium,62,5
TKT_011317,CUST_01356,Low,71,3
TKT_011318,CUST_01195,Medium,29,5
TKT_011319,CUST_01499,Low,26,1
TKT_011320,CUST_02890,High,57,2
TKT_011321,CUST_01029,Medium,44,4
TKT_011322,CUST_00516,Medium,63,1
TKT_011323,CUST_04583,Low,22,1
TKT_011324,CUST_00898,Low,62,4
TKT_011325,CUST_04408,High,40,4
TKT_011326,CUST_01672,High,40,5
TKT_011327,CUST_02772,Low,19,5
TKT_011328,CUST_04859,Medium,12,3
TKT_011329,CUST_03043,Low,41,1
TKT_011330,CUST_00694,Medium,54,3
TKT_011331,CUST_04846,High,64,3
TKT_011332,CUST_00159,High,21,5
TKT_011333,CUST_03604,Low,17,3
TKT_011334,CUST_04489,Low,56,4
TKT_011335,CUST_00244,Low,12,5
TKT_011336,CUST_03746,Medium,20,4
TKT_011337,CUST_04840,Low,61,1
TKT_011338,CUST_02950,Low,63,5
TKT_011339,CUST_00291,Low,66,2
TKT_011340,CUST_00131,Low,54,2
TKT_011341,CUST_01415,High,68,5
TKT_011342,CUST_03406,Medium,27,4
TKT_011343,CUST_04374,Low,14,5
TKT_011344,CUST_02190,Medium,53,2
TKT_011345,CUST_03929,Critical,3,5
TKT_011346,CUST_03781,Medium,71,3
TKT_011347,CUST_00393,Medium,19,4
TKT_011348,CUST_02557,High,41,2
TKT_011349,CUST_04073,Medium,68,3
TKT_011350,CUST_03174,Medium,29,3
TKT_011351,CUST_02085,Medium,70,5
TKT_011352,CUST_00597,Critical,14,5
TKT_011353,CUST_02482,Medium,17,1
TKT_011354,CUST_02544,High,56,3
TKT_011355,CUST_01560,Medium,62,3
TKT_011356,CUST_04988,Medium,57,3
TKT_011357,CUST_03054,Low,65,1
TKT_011358,CUST_03198,High,24,5
TKT_011359,CUST_02353,Medium,26,2
TKT_011360,CUST_04352,Low,33,3
TKT_011361,CUST_01416,Low,30,4
TKT_011362,CUST_04683,Medium,61,4
TKT_011363,CUST_02670,Low,55,5
TKT_011364,CUST_01030,Medium,19,2
TKT_011365,CUST_00849,Low,25,3
TKT_011366,CUST_02998,Medium,34,5
TKT_011367,CUST_01331,Low,36,4
TKT_011368,CUST_01026,Low,44,1
TKT_011369,CUST_03230,Medium,12,1
TKT_011370,CUST_00818,Medium,12,4
TKT_011371,CUST_01223,Low,28,5
TKT_011372,CUST_01424,Low,64,4
TKT_011373,CUST_04179,Low,29,4
TKT_011374,CUST_03023,High,63,4
TKT_011375,CUST_03511,Medium,36,5
TKT_011376,CUST_03534,Medium,26,5
TKT_011377,CUST_03117,High,62,4
TKT_011378,CUST_04271,Medium,38,5
TKT_011379,CUST_01569,High,71,4
TKT_011380,CUST_04480,Medium,67,3
TKT_011381,CUST_03938,Low,41,4
TKT_011382,CUST_00408,Medium,20,5
TKT_011383,CUST_01109,Low,36,3
TKT_011384,CUST_02904,Low,45,4
TKT_011385,CUST_03685,Medium,51,4
TKT_011386,CUST_02512,Low,51,5
TKT_011387,CUST_04817,Low,58,5
TKT_011388,CUST_03346,Low,22,5
TKT_011389,CUST_03258,High,26,4
TKT_011390,CUST_01072,Low,62,5
TKT_011391,CUST_04363,Low,40,3
TKT_011392,CUST_03218,High,41,4
TKT_011393,CUST_01040,Low,22,4
TKT_011394,CUST_03369,High,12,5
TKT_011395,CUST_02497,Low,28,2
TKT_011396,CUST_03627,Medium,22,3
TKT_011397,CUST_03499,Low,40,5
TKT_011398,CUST_00347,Low,57,4
TKT_011399,CUST_03356,High,23,4
TKT_011400,CUST_03635,High,41,4
TKT_011401,CUST_00377,Medium,70,5
TKT_011402,CUST_03452,Medium,55,3
TKT_011403,CUST_02470,Low,38,5
TKT_011404,CUST_00932,Medium,47,3
TKT_011405,CUST_01852,Medium,26,3
TKT_011406,CUST_00764,Medium,20,4
TKT_011407,CUST_04841,Medium,42,3
TKT_011408,CUST_02267,Low,36,4
TKT_011409,CUST_04153,Medium,71,3
TKT_011410,CUST_04783,Low,26,5
TKT_011411,CUST_04210,Medium,45,4
TKT_011412,CUST_03318,Low,27,1
TKT_011413,CUST_02352,Medium,34,1
TKT_011414,CUST_03046,Low,44,3
TKT_011415,CUST_03387,Low,40,4
TKT_011416,CUST_01100,Low,43,1
TKT_011417,CUST_02351,Low,43,5
TKT_011418,CUST_02959,Low,27,4
TKT_011419,CUST_01648,Low,26,4
TKT_011420,CUST_02782,Low,32,4
TKT_011421,CUST_03656,Low,39,3
TKT_011422,CUST_01500,High,25,4
TKT_011423,CUST_00002,Low,69,3
TKT_011424,CUST_02105,Medium,32,4
TKT_011425,CUST_00458,Medium,35,4
TKT_011426,CUST_04787,Medium,68,3
TKT_011427,CUST_00541,Low,46,5
TKT_011428,CUST_03164,Low,49,3
TKT_011429,CUST_01821,Medium,54,3
TKT_011430,CUST_02387,Medium,18,5
TKT_011431,CUST_03443,Medium,42,3
TKT_011432,CUST_02807,Medium,33,2
TKT_011433,CUST_04352,Medium,36,4
TKT_011434,CUST_03981,High,57,3
TKT_011435,CUST_01083,Medium,53,4
TKT_011436,CUST_00376,Low,15,4
TKT_011437,CUST_01537,High,44,3
TKT_011438,CUST_00387,Medium,70,5
TKT_011439,CUST_00812,Medium,47,3
TKT_011440,CUST_00183,High,37,5
TKT_011441,CUST_02364,Medium,65,5
TKT_011442,CUST_01471,Medium,40,1
TKT_011443,CUST_03743,Medium,58,2
TKT_011444,CUST_01784,Medium,17,4
TKT_011445,CUST_03300,Medium,30,4
TKT_011446,CUST_02877,Low,61,5
TKT_011447,CUST_02860,Medium,67,4
TKT_011448,CUST_01823,Low,36,5
TKT_011449,CUST_02993,Low,69,4
TKT_011450,CUST_04398,Medium,21,4
TKT_011451,CUST_04820,Low,47,5
TKT_011452,CUST_02699,Low,59,4
TKT_011453,CUST_01089,Critical,6,4
TKT_011454,CUST_01493,Low,54,4
TKT_011455,CUST_02420,Medium,21,4
TKT_011456,CUST_01354,Medium,27,2
TKT_011457,CUST_02057,Low,26,5
TKT_011458,CUST_01428,Medium,60,4
TKT_011459,CUST_00643,Medium,45,1
TKT_011460,CUST_04924,Low,57,5
TKT_011461,CUST_04961,Low,51,5
TKT_011462,CUST_00648,Low,65,2
TKT_011463,CUST_00914,High,65,4
TKT_011464,CUST_03870,Low,26,4
TKT_011465,CUST_04617,Low,12,3
TKT_011466,CUST_02326,Low,67,5
TKT_011467,CUST_00906,High,17,4
TKT_011468,CUST_02550,Medium,63,4
TKT_011469,CUST_00993,High,70,3
TKT_011470,CUST_04592,High,30,3
TKT_011471,CUST_03559,High,54,5
TKT_011472,CUST_02371,Medium,17,4
TKT_011473,CUST_01233,Medium,62,3
TKT_011474,CUST_01327,High,15,4
TKT_011475,CUST_03364,Low,21,4
TKT_011476,CUST_04013,Low,67,4
TKT_011477,CUST_03923,Low,54,4
TKT_011478,CUST_02721,Medium,66,2
TKT_011479,CUST_02112,Low,66,4
TKT_011480,CUST_01791,Medium,65,3
TKT_011481,CUST_00410,High,51,4
TKT_011482,CUST_01655,Low,20,4
TKT_011483,CUST_04188,Low,12,3
TKT_011484,CUST_03590,Low,62,2
TKT_011485,CUST_03979,Low,67,4
TKT_011486,CUST_01070,Medium,28,4
TKT_011487,CUST_02673,Medium,52,5
TKT_011488,CUST_04552,High,39,3
TKT_011489,CUST_00941,Low,60,2
TKT_011490,CUST_02658,Medium,23,5
TKT_011491,CUST_02004,Medium,57,1
TKT_011492,CUST_04973,Medium,52,4
TKT_011493,CUST_02755,Low,50,4
TKT_011494,CUST_03484,Medium,27,5
TKT_011495,CUST_03486,Low,25,5
TKT_011496,CUST_00661,Low,17,4
TKT_011497,CUST_02944,Low,58,1
TKT_011498,CUST_00306,Medium,71,5
TKT_011499,CUST_00857,Low,68,4
TKT_011500,CUST_02942,High,41,5
TKT_011501,CUST_00449,High,56,4
TKT_011502,CUST_02923,Medium,37,1
TKT_011503,CUST_04869,Low,31,1
TKT_011504,CUST_02851,Medium,16,5
TKT_011505,CUST_02795,Low,26,3
TKT_011506,CUST_01231,Medium,69,5
TKT_011507,CUST_02776,Medium,42,3
TKT_011508,CUST_00482,Low,29,3
TKT_011509,CUST_03069,Low,24,1
TKT_011510,CUST_03428,Medium,54,2
TKT_011511,CUST_01161,Medium,22,2
TKT_011512,CUST_01193,Low,55,1
TKT_011513,CUST_04326,Low,62,3
TKT_011514,CUST_01518,Low,23,1
TKT_011515,CUST_02025,Medium,66,5
TKT_011516,CUST_00489,Medium,64,4
TKT_011517,CUST_01709,High,67,2
TKT_011518,CUST_01300,Medium,30,5
TKT_011519,CUST_04093,Medium,30,3
TKT_011520,CUST_03724,Low,12,4
TKT_011521,CUST_04988,Low,25,5
TKT_011522,CUST_02720,Medium,28,3
TKT_011523,CUST_01086,Low,13,3
TKT_011524,CUST_03205,High,50,5
TKT_011525,CUST_02168,Medium,68,1
TKT_011526,CUST_02860,Low,49,4
TKT_011527,CUST_01181,High,32,5
TKT_011528,CUST_03531,Low,31,5
TKT_011529,CUST_02460,Low,63,3
TKT_011530,CUST_03579,Low,34,5
TKT_011531,CUST_04327,Medium,41,2
TKT_011532,CUST_01602,Medium,12,5
TKT_011533,CUST_02276,Low,17,5
TKT_011534,CUST_04526,Medium,26,4
TKT_011535,CUST_00145,Low,28,4
TKT_011536,CUST_02209,Critical,13,5
TKT_011537,CUST_00289,High,37,4
TKT_011538,CUST_04180,Medium,65,3
TKT_011539,CUST_00534,Medium,70,4
TKT_011540,CUST_00181,Low,13,5
TKT_011541,CUST_03033,Low,59,2
TKT_011542,CUST_03565,Medium,64,3
TKT_011543,CUST_01068,Medium,56,4
TKT_011544,CUST_02891,Medium,22,5
TKT_011545,CUST_04466,Low,54,4
TKT_011546,CUST_00930,Medium,59,4
TKT_011547,CUST_04515,Medium,21,2
TKT_011548,CUST_00964,Low,15,1
TKT_011549,CUST_03350,Medium,30,3
TKT_011550,CUST_03517,Medium,37,4
TKT_011551,CUST_03157,Low,65,3
TKT_011552,CUST_02841,Low,50,5
TKT_011553,CUST_02127,Low,29,5
TKT_011554,CUST_03899,Low,55,3
TKT_011555,CUST_01760,Medium,33,2
TKT_011556,CUST_01480,High,53,4
TKT_011557,CUST_04803,High,40,5
TKT_011558,CUST_00977,Low,26,2
TKT_011559,CUST_00961,High,55,1
TKT_011560,CUST_03428,Critical,15,3
TKT_011561,CUST_04968,Low,53,4
TKT_011562,CUST_03900,High,22,3
TKT_011563,CUST_00081,Critical,14,5
TKT_011564,CUST_04666,Medium,31,4
TKT_011565,CUST_02860,Low,38,1
TKT_011566,CUST_01657,Medium,65,5
TKT_011567,CUST_02550,Low,62,4
TKT_011568,CUST_01072,Critical,21,4
TKT_011569,CUST_01661,Low,68,4
TKT_011570,CUST_02713,High,14,1
TKT_011571,CUST_02457,Low,27,5
TKT_011572,CUST_00825,Low,39,4
TKT_011573,CUST_03085,High,63,1
TKT_011574,CUST_01869,High,64,3
TKT_011575,CUST_03852,Low,59,1
TKT_011576,CUST_04323,Critical,10,4
TKT_011577,CUST_00988,High,26,5
TKT_011578,CUST_00191,High,51,5
TKT_011579,CUST_01024,Medium,37,5
TKT_011580,CUST_04564,Critical,14,3
TKT_011581,CUST_04124,High,47,3
TKT_011582,CUST_03295,High,38,4
TKT_011583,CUST_03114,Low,25,4
TKT_011584,CUST_03664,Medium,61,5
TKT_011585,CUST_02086,High,14,5
TKT_011586,CUST_01157,Medium,14,3
TKT_011587,CUST_01712,High,34,2
TKT_011588,CUST_04606,Critical,21,2
TKT_011589,CUST_00163,High,13,5
TKT_011590,CUST_04400,Low,71,2
TKT_011591,CUST_02795,Low,49,3
TKT_011592,CUST_04878,Low,47,2
TKT_011593,CUST_00054,Medium,13,2
TKT_011594,CUST_00374,Low,62,4
TKT_011595,CUST_00877,Low,26,3
TKT_011596,CUST_02776,Low,13,5
TKT_011597,CUST_03730,High,47,3
TKT_011598,CUST_02866,Low,39,4
TKT_011599,CUST_02685,Low,25,5
TKT_011600,CUST_02709,Medium,23,4
TKT_011601,CUST_03289,Low,41,4
TKT_011602,CUST_00040,Low,46,2
TKT_011603,CUST_01655,Low,19,4
TKT_011604,CUST_00798,Medium,43,1
TKT_011605,CUST_00710,Low,31,2
TKT_011606,CUST_04725,High,53,4
TKT_011607,CUST_00025,Low,62,4
TKT_011608,CUST_04054,Critical,13,5
TKT_011609,CUST_02115,Medium,25,4
TKT_011610,CUST_02745,High,37,4
TKT_011611,CUST_02351,Low,36,5
TKT_011612,CUST_04574,Medium,68,5
TKT_011613,CUST_04201,High,30,3
TKT_011614,CUST_02705,Medium,71,4
TKT_011615,CUST_01457,Medium,31,4
TKT_011616,CUST_01074,Low,66,4
TKT_011617,CUST_01236,Medium,62,5
TKT_011618,CUST_04698,Low,37,3
TKT_011619,CUST_04485,Critical,11,4
TKT_011620,CUST_03367,Medium,43,2
TKT_011621,CUST_04525,Low,34,4
TKT_011622,CUST_02065,Medium,25,3
TKT_011623,CUST_04539,Medium,33,5
TKT_011624,CUST_03427,Low,41,2
TKT_011625,CUST_01017,Medium,39,5
TKT_011626,CUST_02018,Low,71,4
TKT_011627,CUST_03424,Medium,49,4
TKT_011628,CUST_02426,Medium,51,5
TKT_011629,CUST_04488,Low,68,3
TKT_011630,CUST_04126,Low,41,5
TKT_011631,CUST_04227,High,62,3
TKT_011632,CUST_04497,Low,14,5
TKT_011633,CUST_04219,Medium,67,1
TKT_011634,CUST_00920,High,46,5
TKT_011635,CUST_03835,Low,15,3
TKT_011636,CUST_04052,Low,66,5
TKT_011637,CUST_04170,High,50,5
TKT_011638,CUST_03544,Medium,45,2
TKT_011639,CUST_00111,High,56,2
TKT_011640,CUST_03783,Low,22,5
TKT_011641,CUST_02225,High,24,2
TKT_011642,CUST_03092,Low,13,1
TKT_011643,CUST_02253,High,47,1
TKT_011644,CUST_03594,High,64,1
TKT_011645,CUST_03081,Medium,41,5
TKT_011646,CUST_01991,Medium,27,5
TKT_011647,CUST_03948,Low,65,4
TKT_011648,CUST_03647,Low,43,4
TKT_011649,CUST_02128,Medium,26,3
TKT_011650,CUST_01568,Medium,34,4
TKT_011651,CUST_03588,Critical,10,5
TKT_011652,CUST_02174,High,46,4
TKT_011653,CUST_04604,Medium,56,1
TKT_011654,CUST_02423,Medium,28,1
TKT_011655,CUST_04630,Low,29,5
TKT_011656,CUST_04247,Medium,43,3
TKT_011657,CUST_04314,Medium,27,1
TKT_011658,CUST_04378,Critical,13,5
TKT_011659,CUST_04401,Low,25,5
TKT_011660,CUST_03756,Low,13,3
TKT_011661,CUST_04758,Low,17,5
TKT_011662,CUST_01219,Medium,37,5
TKT_011663,CUST_01450,Low,66,4
TKT_011664,CUST_01588,High,55,5
TKT_011665,CUST_03985,Medium,19,5
TKT_011666,CUST_04750,Low,35,1
TKT_011667,CUST_03136,Medium,69,5
TKT_011668,CUST_02221,Medium,50,4
TKT_011669,CUST_00397,Medium,61,4
TKT_011670,CUST_03738,Medium,54,5
TKT_011671,CUST_00744,Medium,42,3
TKT_011672,CUST_01454,High,68,4
TKT_011673,CUST_02018,High,32,2
TKT_011674,CUST_04147,Medium,31,5
TKT_011675,CUST_03287,Critical,15,1
TKT_011676,CUST_01826,Low,54,1
TKT_011677,CUST_02668,High,51,2
TKT_011678,CUST_04980,Low,69,4
TKT_011679,CUST_03612,Low,31,2
TKT_011680,CUST_02323,High,60,5
TKT_011681,CUST_04784,Medium,33,4
TKT_011682,CUST_02632,Medium,24,4
TKT_011683,CUST_01954,Low,70,5
TKT_011684,CUST_00362,Low,31,1
TKT_011685,CUST_00400,Low,55,4
TKT_011686,CUST_03655,Low,66,5
TKT_011687,CUST_00795,Medium,42,4
TKT_011688,CUST_00563,Medium,34,4
TKT_011689,CUST_03156,Medium,37,1
TKT_011690,CUST_02275,Low,54,2
TKT_011691,CUST_02065,High,64,5
TKT_011692,CUST_00220,Low,41,5
TKT_011693,CUST_02632,Low,71,4
TKT_011694,CUST_02500,High,56,5
TKT_011695,CUST_02017,Medium,20,4
TKT_011696,CUST_00626,Critical,14,2
TKT_011697,CUST_01665,Low,53,1
TKT_011698,CUST_03342,Medium,64,5
TKT_011699,CUST_00903,Low,43,5
TKT_011700,CUST_00064,High,55,4
TKT_011701,CUST_01992,Low,51,2
TKT_011702,CUST_01928,Low,23,5
TKT_011703,CUST_00950,Low,71,3
TKT_011704,CUST_00439,Medium,23,4
TKT_011705,CUST_00897,Low,38,5
TKT_011706,CUST_04677,Critical,12,4
TKT_011707,CUST_02080,High,37,5
TKT_011708,CUST_00001,High,54,3
TKT_011709,CUST_04802,High,25,3
TKT_011710,CUST_04010,High,25,3
TKT_011711,CUST_03054,High,22,4
TKT_011712,CUST_02764,High,45,5
TKT_011713,CUST_02634,High,65,4
TKT_011714,CUST_04248,Low,19,3
TKT_011715,CUST_03433,Low,50,4
TKT_011716,CUST_02418,Medium,26,2
TKT_011717,CUST_01683,Low,15,4
TKT_011718,CUST_00563,Low,12,5
TKT_011719,CUST_00258,Medium,46,3
TKT_011720,CUST_00965,Medium,64,4
TKT_011721,CUST_04742,Medium,17,1
TKT_011722,CUST_04286,Critical,19,1
TKT_011723,CUST_04674,Medium,13,1
TKT_011724,CUST_04932,Medium,58,3
TKT_011725,CUST_01842,Low,30,4
TKT_011726,CUST_03876,Low,42,5
TKT_011727,CUST_04094,Low,64,3
TKT_011728,CUST_02655,Low,30,4
TKT_011729,CUST_03985,Low,67,4
TKT_011730,CUST_04601,High,34,2
TKT_011731,CUST_02030,Medium,20,4
TKT_011732,CUST_03816,Medium,30,2
TKT_011733,CUST_01870,High,24,3
TKT_011734,CUST_00378,Low,71,2
TKT_011735,CUST_02393,Medium,19,3
TKT_011736,CUST_02859,Low,68,3
TKT_011737,CUST_00849,High,39,4
TKT_011738,CUST_00780,Medium,38,2
TKT_011739,CUST_03412,Low,67,4
TKT_011740,CUST_00866,Low,64,3
TKT_011741,CUST_03640,High,49,1
TKT_011742,CUST_01931,Low,53,5
TKT_011743,CUST_00539,High,20,1
TKT_011744,CUST_04030,Low,26,5
TKT_011745,CUST_01106,Low,57,5
TKT_011746,CUST_01766,Low,45,3
TKT_011747,CUST_01756,Medium,36,5
TKT_011748,CUST_00234,Medium,12,3
TKT_011749,CUST_03264,Medium,22,5
TKT_011750,CUST_03736,Medium,26,2
TKT_011751,CUST_03685,Medium,37,1
TKT_011752,CUST_04886,Low,58,2
TKT_011753,CUST_04625,Low,49,5
TKT_011754,CUST_00897,Medium,44,5
TKT_011755,CUST_03596,Medium,60,4
TKT_011756,CUST_00276,Low,46,5
TKT_011757,CUST_00403,Medium,57,1
TKT_011758,CUST_02302,Medium,38,4
TKT_011759,CUST_03049,Low,63,4
TKT_011760,CUST_02585,Medium,23,4
TKT_011761,CUST_04259,High,31,5
TKT_011762,CUST_02111,Low,23,3
TKT_011763,CUST_00243,High,69,3
TKT_011764,CUST_02351,Medium,69,4
TKT_011765,CUST_00963,Medium,48,4
TKT_011766,CUST_01140,Medium,17,2
TKT_011767,CUST_02368,Medium,31,3
TKT_011768,CUST_01046,Low,34,3
TKT_011769,CUST_01487,High,26,4
TKT_011770,CUST_00965,Medium,39,5
TKT_011771,CUST_02666,Medium,45,3
TKT_011772,CUST_02012,Medium,19,5
TKT_011773,CUST_04938,Medium,31,4
TKT_011774,CUST_03408,High,17,3
TKT_011775,CUST_00370,Low,71,1
TKT_011776,CUST_01395,High,37,5
TKT_011777,CUST_00829,Low,60,3
TKT_011778,CUST_02076,Medium,29,5
TKT_011779,CUST_02897,Low,25,3
TKT_011780,CUST_04546,Medium,31,1
TKT_011781,CUST_04623,Low,53,2
TKT_011782,CUST_00183,Medium,56,5
TKT_011783,CUST_00376,High,68,3
TKT_011784,CUST_01830,Medium,60,3
TKT_011785,CUST_03991,Low,12,3
TKT_011786,CUST_00210,Low,34,2
TKT_011787,CUST_04128,Medium,69,4
TKT_011788,CUST_02092,Low,51,4
TKT_011789,CUST_00886,Low,27,4
TKT_011790,CUST_03707,Medium,56,5
TKT_011791,CUST_04468,Low,50,2
TKT_011792,CUST_00995,Low,30,3
TKT_011793,CUST_02490,Medium,19,4
TKT_011794,CUST_02662,Low,35,5
TKT_011795,CUST_03516,Low,64,4
TKT_011796,CUST_04063,Medium,55,4
TKT_011797,CUST_04334,Low,67,1
TKT_011798,CUST_01355,Low,27,5
TKT_011799,CUST_02820,Medium,24,4
TKT_011800,CUST_04399,Medium,61,4
TKT_011801,CUST_01927,Low,68,3
TKT_011802,CUST_00229,Medium,41,3
TKT_011803,CUST_03212,Critical,13,4
TKT_011804,CUST_03911,Critical,16,4
TKT_011805,CUST_04150,Medium,30,3
TKT_011806,CUST_02640,Low,38,3
TKT_011807,CUST_01295,Medium,49,4
TKT_011808,CUST_04226,Low,55,5
TKT_011809,CUST_01549,Medium,49,2
TKT_011810,CUST_00517,High,62,2
TKT_011811,CUST_03489,Medium,34,4
TKT_011812,CUST_03056,Medium,27,3
TKT_011813,CUST_04608,Low,57,5
TKT_011814,CUST_03010,Low,35,5
TKT_011815,CUST_01981,Critical,3,4
TKT_011816,CUST_00225,Low,61,4
TKT_011817,CUST_02251,Low,27,5
TKT_011818,CUST_02903,Medium,60,3
TKT_011819,CUST_02982,Medium,27,3
TKT_011820,CUST_00136,Low,22,1
TKT_011821,CUST_03876,Medium,37,3
TKT_011822,CUST_01053,Low,27,4
TKT_011823,CUST_01375,Medium,52,4
TKT_011824,CUST_03038,Low,26,4
TKT_011825,CUST_01352,Medium,69,3
TKT_011826,CUST_03930,Low,29,4
TKT_011827,CUST_01394,High,51,3
TKT_011828,CUST_00371,Medium,29,5
TKT_011829,CUST_04734,High,69,2
TKT_011830,CUST_01660,Medium,46,3
TKT_011831,CUST_00922,Low,16,3
TKT_011832,CUST_03444,Medium,13,1
TKT_011833,CUST_01277,Medium,41,5
TKT_011834,CUST_03943,Low,42,1
TKT_011835,CUST_02487,Medium,36,4
TKT_011836,CUST_00602,Low,54,3
TKT_011837,CUST_02066,Medium,42,2
TKT_011838,CUST_00219,High,30,4
TKT_011839,CUST_04608,Low,66,4
TKT_011840,CUST_01202,Medium,45,3
TKT_011841,CUST_00209,Low,29,4
TKT_011842,CUST_01837,Low,50,4
TKT_011843,CUST_03207,Medium,59,4
TKT_011844,CUST_00211,Low,44,5
TKT_011845,CUST_03739,Medium,56,2
TKT_011846,CUST_03624,Medium,14,5
TKT_011847,CUST_00273,Low,29,2
TKT_011848,CUST_01727,Low,47,4
TKT_011849,CUST_03580,Low,63,2
TKT_011850,CUST_02782,Critical,13,4
TKT_011851,CUST_00502,Medium,39,3
TKT_011852,CUST_03826,High,43,4
TKT_011853,CUST_03945,Medium,60,2
TKT_011854,CUST_01874,Low,48,4
TKT_011855,CUST_01110,Medium,18,5
TKT_011856,CUST_02228,Medium,39,5
TKT_011857,CUST_03065,Medium,43,3
TKT_011858,CUST_03152,Low,52,4
TKT_011859,CUST_01350,Medium,47,5
TKT_011860,CUST_04851,Medium,33,4
TKT_011861,CUST_00009,Low,20,5
TKT_011862,CUST_03500,High,28,5
TKT_011863,CUST_04288,Medium,21,5
TKT_011864,CUST_01114,Medium,38,5
TKT_011865,CUST_03492,Medium,28,5
TKT_011866,CUST_03477,Low,43,2
TKT_011867,CUST_04588,High,67,5
TKT_011868,CUST_00677,Low,55,1
TKT_011869,CUST_02773,Low,53,3
TKT_011870,CUST_01384,High,22,3
TKT_011871,CUST_02243,Low,56,2
TKT_011872,CUST_00499,High,36,2
TKT_011873,CUST_01641,Low,28,3
TKT_011874,CUST_01855,Medium,38,4
TKT_011875,CUST_04250,Low,69,3
TKT_011876,CUST_01070,Medium,66,5
TKT_011877,CUST_04277,Low,26,1
TKT_011878,CUST_01596,High,16,4
TKT_011879,CUST_03828,Low,54,4
TKT_011880,CUST_04322,Medium,67,3
TKT_011881,CUST_03104,Low,24,4
TKT_011882,CUST_00347,Critical,20,4
TKT_011883,CUST_02223,High,17,4
TKT_011884,CUST_00829,Medium,53,5
TKT_011885,CUST_01630,High,31,2
TKT_011886,CUST_03202,High,14,5
TKT_011887,CUST_01687,Medium,39,1
TKT_011888,CUST_04348,Low,14,1
TKT_011889,CUST_01476,Medium,44,5
TKT_011890,CUST_01445,Low,13,5
TKT_011891,CUST_02699,Medium,68,4
TKT_011892,CUST_03429,High,48,4
TKT_011893,CUST_03907,Low,71,5
TKT_011894,CUST_00624,High,40,5
TKT_011895,CUST_00158,High,25,3
TKT_011896,CUST_00569,High,18,4
TKT_011897,CUST_04055,Medium,55,4
TKT_011898,CUST_03617,Medium,15,4
TKT_011899,CUST_03905,High,61,4
TKT_011900,CUST_04105,Low,32,5
TKT_011901,CUST_04605,Medium,36,5
TKT_011902,CUST_04640,Medium,20,4
TKT_011903,CUST_02637,Low,71,4
TKT_011904,CUST_02040,Medium,23,4
TKT_011905,CUST_02861,Low,23,2
TKT_011906,CUST_04191,High,67,3
TKT_011907,CUST_01301,Medium,16,5
TKT_011908,CUST_02970,Medium,40,5
TKT_011909,CUST_03033,Medium,38,5
TKT_011910,CUST_04213,Low,50,1
TKT_011911,CUST_01480,Medium,60,5
TKT_011912,CUST_04456,Medium,31,4
TKT_011913,CUST_03955,Low,40,4
TKT_011914,CUST_02373,Low,66,5
TKT_011915,CUST_01944,High,30,2
TKT_011916,CUST_00074,Medium,47,3
TKT_011917,CUST_03904,Medium,44,5
TKT_011918,CUST_01443,Low,19,3
TKT_011919,CUST_03990,Medium,41,3
TKT_011920,CUST_04903,Medium,71,3
TKT_011921,CUST_03895,Medium,45,4
TKT_011922,CUST_03814,Low,42,5
TKT_011923,CUST_01287,Low,69,5
TKT_011924,CUST_00551,Medium,12,3
TKT_011925,CUST_02452,Medium,46,1
TKT_011926,CUST_02152,Low,30,2
TKT_011927,CUST_03512,Medium,66,5
TKT_011928,CUST_01888,Medium,57,4
TKT_011929,CUST_02191,Low,29,5
TKT_011930,CUST_02762,Low,66,1
TKT_011931,CUST_04303,Medium,57,1
TKT_011932,CUST_02594,Medium,28,3
TKT_011933,CUST_00824,Medium,53,3
TKT_011934,CUST_01107,Medium,42,4
TKT_011935,CUST_02220,Medium,31,4
TKT_011936,CUST_03770,High,67,5
TKT_011937,CUST_00362,High,40,5
TKT_011938,CUST_04138,Medium,50,2
TKT_011939,CUST_01764,Medium,54,5
TKT_011940,CUST_04596,Critical,23,2
TKT_011941,CUST_04228,Low,66,2
TKT_011942,CUST_02958,Low,20,4
TKT_011943,CUST_02473,High,41,2
TKT_011944,CUST_01077,High,44,3
TKT_011945,CUST_01421,High,29,4
TKT_011946,CUST_00464,High,60,3
TKT_011947,CUST_01379,Medium,64,5
TKT_011948,CUST_02241,High,62,2
TKT_011949,CUST_04090,Low,21,4
TKT_011950,CUST_02435,High,12,4
TKT_011951,CUST_04753,Medium,39,4
TKT_011952,CUST_01796,Low,44,3
TKT_011953,CUST_03897,Medium,50,2
TKT_011954,CUST_00795,Low,70,3
TKT_011955,CUST_03068,Low,29,4
TKT_011956,CUST_03288,Low,54,4
TKT_011957,CUST_01300,Low,56,5
TKT_011958,CUST_04204,Medium,20,3
TKT_011959,CUST_04352,Medium,39,5
TKT_011960,CUST_02438,Critical,5,5
TKT_011961,CUST_00725,Medium,34,5
TKT_011962,CUST_01233,High,37,4
TKT_011963,CUST_03083,Critical,23,4
TKT_011964,CUST_03218,Low,54,5
TKT_011965,CUST_03107,Low,44,2
TKT_011966,CUST_01591,Low,31,5
TKT_011967,CUST_00540,High,27,4
TKT_011968,CUST_00109,High,30,3
TKT_011969,CUST_02072,Low,43,4
TKT_011970,CUST_01697,Low,65,5
TKT_011971,CUST_04595,High,22,5
TKT_011972,CUST_03038,Medium,57,3
TKT_011973,CUST_02420,Low,55,3
TKT_011974,CUST_01189,High,51,5
TKT_011975,CUST_00050,Critical,2,5
TKT_011976,CUST_03695,Low,37,4
TKT_011977,CUST_03597,Low,66,4
TKT_011978,CUST_00071,High,12,3
TKT_011979,CUST_01955,Medium,49,5
TKT_011980,CUST_00492,Critical,8,5
TKT_011981,CUST_00474,High,68,5
TKT_011982,CUST_04082,Low,20,2
TKT_011983,CUST_04120,Medium,61,5
TKT_011984,CUST_00469,Medium,19,4
TKT_011985,CUST_01461,Low,70,4
TKT_011986,CUST_04310,Low,42,5
TKT_011987,CUST_04243,Medium,31,2
TKT_011988,CUST_01710,Medium,30,3
TKT_011989,CUST_03501,Medium,43,3
TKT_011990,CUST_01440,Low,66,5
TKT_011991,CUST_01029,Medium,16,3
TKT_011992,CUST_00844,Low,42,3
TKT_011993,CUST_00872,High,33,3
TKT_011994,CUST_02898,Low,31,5
TKT_011995,CUST_00723,High,68,1
TKT_011996,CUST_02831,Low,23,2
TKT_011997,CUST_03401,Medium,30,5
TKT_011998,CUST_03312,Low,48,4
TKT_011999,CUST_02875,High,13,1
TKT_012000,CUST_02004,High,15,4
